category,pair_id,query,intent,score,best_rank,judgement,top_1,top_2,top_3
possessive,fermat,fermat last theorem,Fermat's Last Theorem: x^n+y^n=z^n has no positive integer solutions for n>2,2,1,"Top-1 is a clear, on-target match for Fermat's Last Theorem.","Fermat's Last Theorem states that for any integer n greater than or equal to three, there are no nonzero integer solutions to the equation X to the n plus Y to the n equals Z to the n. The only exceptions occur when at least one of the variables X, Y, or Z is zero. This result wa","Fermat's Last Theorem states that for natural numbers n greater than two, there are no solutions to the equation x raised to the n plus y raised to the n equals z raised to the n. This holds for all positive integers x, y, and z. The theorem was famously proven by Andrew Wiles in",Fermat's Last Theorem holds for all odd integers greater than two.
possessive,fermat,fermat's last theorem,Fermat's Last Theorem,2,1,"Top-1 is a clear, on-target match for Fermat's Last Theorem.","Fermat's Last Theorem states that for any integer n greater than or equal to three, there are no nonzero integer solutions to the equation X to the n plus Y to the n equals Z to the n. The only exceptions occur when at least one of the variables X, Y, or Z is zero. This result wa","Fermat's Last Theorem states that for natural numbers n greater than two, there are no solutions to the equation x raised to the n plus y raised to the n equals z raised to the n. This holds for all positive integers x, y, and z. The theorem was famously proven by Andrew Wiles in","For any natural number n greater than two, the equation X to the n plus Y to the n equals Z to the n has no solutions in nonzero integers."
possessive,fermat,fermats last theorem,Fermat's Last Theorem,2,1,"Top-1 is a clear, on-target match for Fermat's Last Theorem.","Fermat's Last Theorem states that for any integer n greater than or equal to three, there are no nonzero integer solutions to the equation X to the n plus Y to the n equals Z to the n. The only exceptions occur when at least one of the variables X, Y, or Z is zero. This result wa","For any natural number n greater than two, the equation X to the n plus Y to the n equals Z to the n has no solutions in nonzero integers.",Fermat's Last Theorem holds for all odd integers greater than two.
possessive,fermat,Fermat's Last Theorem,Fermat's Last Theorem,2,1,"Top-1 is a clear, on-target match for Fermat's Last Theorem.","Fermat's Last Theorem states that for any integer n greater than or equal to three, there are no nonzero integer solutions to the equation X to the n plus Y to the n equals Z to the n. The only exceptions occur when at least one of the variables X, Y, or Z is zero. This result wa","Fermat's Last Theorem states that for natural numbers n greater than two, there are no solutions to the equation x raised to the n plus y raised to the n equals z raised to the n. This holds for all positive integers x, y, and z. The theorem was famously proven by Andrew Wiles in","For any natural number n greater than two, the equation X to the n plus Y to the n equals Z to the n has no solutions in nonzero integers."
misspelling,fermat_typo,fermat lasttheorem,Fermat's Last Theorem,2,1,"Top-1 is a clear, on-target match for Fermat's Last Theorem.",Fermat's Last Theorem holds for all odd integers greater than two.,"Fermat's Last Theorem states that for any integer n greater than or equal to three, there are no nonzero integer solutions to the equation X to the n plus Y to the n equals Z to the n. The only exceptions occur when at least one of the variables X, Y, or Z is zero. This result wa",Fermat's Last Theorem states that no three positive integers can satisfy the equation x to the n plus y to the n equals z to the n for any integer n greater than two. This holds specifically for any odd prime exponent. The theorem asserts there are no non-trivial solutions in int
misspelling,fermat_typo,fermat's lasttheorem,Fermat's Last Theorem,2,1,Top-1 provides a clear and accurate explanation of Fermat's Last Theorem.,"Fermat's Last Theorem states that for any integer n greater than or equal to three, there are no nonzero integer solutions to the equation X to the n plus Y to the n equals Z to the n. The only exceptions occur when at least one of the variables X, Y, or Z is zero. This result wa",Fermat's Last Theorem holds for all odd integers greater than two.,"Fermat's Last Theorem states that for natural numbers n greater than two, there are no solutions to the equation x raised to the n plus y raised to the n equals z raised to the n. This holds for all positive integers x, y, and z. The theorem was famously proven by Andrew Wiles in"
possessive,stokes,stokes theorem,Stokes' theorem on integration of differential forms,2,1,"Top-1 is a clear, on-target match for Stokes' theorem on differential forms.",Stokes' theorem relates the integral of a differential form over a manifold to the integral of the form over its boundary. It applies to an oriented manifold with boundary and a compactly supported differential form. The theorem states that the integral of the exterior derivative,Stokes' theorem relates the integral of a differential form over a manifold to the integral of the form over its boundary. It states that the integral of the exterior derivative of an (n-1)-form over an n-dimensional manifold equals the integral of the form over the boundary of t,Stokes' theorem relates the integral of a differential form over the boundary of a manifold to the integral of its exterior derivative over the entire manifold. It states that the integral of omega over the boundary of V equals the integral of d omega over V. This holds for a smo
possessive,stokes,stokes' theorem,Stokes' theorem,2,1,"Top-1 is a clear, on-target match for Stokes' theorem.",Stokes' theorem relates the integral of a differential form over a manifold to the integral of the form over its boundary. It applies to an oriented manifold with boundary and a compactly supported differential form. The theorem states that the integral of the exterior derivative,Stokes' theorem relates the integral of a differential form over a manifold to the integral of the form over its boundary. It states that the integral of the exterior derivative of an (n-1)-form over an n-dimensional manifold equals the integral of the form over the boundary of t,Stokes' theorem relates the integral of a differential form over the boundary of a manifold to the integral of its exterior derivative over the entire manifold. It states that the integral of omega over the boundary of V equals the integral of d omega over V. This holds for a smo
possessive,stokes,stokes's theorem,Stokes' theorem,2,1,"Top-1 is a clear, on-target match for Stokes' theorem.",Stokes' theorem relates the integral of a differential form over a manifold to the integral of the form over its boundary. It applies to an oriented manifold with boundary and a compactly supported differential form. The theorem states that the integral of the exterior derivative,Stokes' theorem relates the integral of a differential form over a manifold to the integral of the form over its boundary. It states that the integral of the exterior derivative of an (n-1)-form over an n-dimensional manifold equals the integral of the form over the boundary of t,Stokes' theorem relates the integral of a differential form over the boundary of a manifold to the integral of its exterior derivative over the entire manifold. It states that the integral of omega over the boundary of V equals the integral of d omega over V. This holds for a smo
possessive,green,green theorem,Green's theorem in vector calculus,2,1,Top-1 provides a clear and accurate explanation of Green's theorem in vector calculus.,Green's theorem relates a line integral around a simple closed curve to a double integral over the plane region it encloses. It states that the line integral of a vector field around the boundary equals the double integral of the curl of the field over the region. The vector fiel,"Green's theorem relates a double integral over a region to a line integral around its boundary. The double integral of the divergence of a vector field over a region equals the line integral of the field's flux across the boundary. The boundary must be a closed Jordan curve, and ",Green's theorem relates a line integral around a simple closed curve to a double integral over the region inside the curve. The curve must be piecewise smooth and positively oriented. The functions involved must have continuous partial derivatives on an open region containing the
possessive,green,green's theorem,Green's theorem,1,1,A clear match appears in top-3 but not at rank 1.,Green's theorem relates a line integral around a simple closed curve to a double integral over the plane region it encloses. It states that the line integral of a vector field around the boundary equals the double integral of the curl of the field over the region. The vector fiel,"Green's theorem relates a double integral over a region to a line integral around its boundary. The double integral of the divergence of a vector field over a region equals the line integral of the field's flux across the boundary. The boundary must be a closed Jordan curve, and ",Green's theorem relates a line integral around a simple closed curve to a double integral over the region inside the curve. The curve must be piecewise smooth and positively oriented. The functions involved must have continuous partial derivatives on an open region containing the
possessive,picard,picard theorem,Picard's theorem in complex analysis or Picard-Lindelöf in ODE,2,1,"Top-1 directly addresses Picard's theorem in complex analysis, clearly matching the search intent.",A non-constant entire function can omit at most one complex value. Every other complex number is attained by the function. This holds over the entire complex plane. The result is known as Picard's theorem.,Picard's theorem states that an entire function omitting two distinct complex values must be constant. This result is also known as Picard's little theorem. It is a fundamental result in complex analysis. The theorem highlights the rigidity of entire functions.,"Picard's Theorem states that a meromorphic function from the complex plane to the extended complex plane must be constant if it avoids three distinct values. This means if the function never takes on three specific different extended complex numbers, it cannot vary and is fixed. "
possessive,picard,picard's theorem,Picard's theorem,2,1,"Top-1 directly defines Picard's theorem, clearly addressing the search intent.",A non-constant entire function can omit at most one complex value. Every other complex number is attained by the function. This holds over the entire complex plane. The result is known as Picard's theorem.,Picard's theorem states that an entire function omitting two distinct complex values must be constant. This result is also known as Picard's little theorem. It is a fundamental result in complex analysis. The theorem highlights the rigidity of entire functions.,"Picard's Theorem states that a meromorphic function from the complex plane to the extended complex plane must be constant if it avoids three distinct values. This means if the function never takes on three specific different extended complex numbers, it cannot vary and is fixed. "
possessive,tychonoff,tychonoff theorem,Tychonoff's theorem: product of compacts is compact,2,1,"Top-1 is a clear, on-target match for Tychonoff's theorem.",A product of compact spaces is compact. This holds for any collection of compact topological spaces. The result is known as Tychonoff's theorem. It is a fundamental result in topology.,The Tychonoff Theorem states that the product of any family of quasi-compact topological spaces is quasi-compact under the product topology.,The Cartesian product of any collection of compact topological spaces is itself compact when equipped with the product topology. This result holds regardless of the size of the collection. It is a fundamental theorem in topology with broad applications. The statement is known as 
possessive,tychonoff,tychonoff's theorem,Tychonoff's theorem,2,1,"Top-1 is a clear, on-target match for Tychonoff's theorem.",A product of compact spaces is compact. This holds for any collection of compact topological spaces. The result is known as Tychonoff's theorem. It is a fundamental result in topology.,The Tychonoff Theorem states that the product of any family of quasi-compact topological spaces is quasi-compact under the product topology.,The Cartesian product of any collection of compact topological spaces is itself compact when equipped with the product topology. This result holds regardless of the size of the collection. It is a fundamental theorem in topology with broad applications. The statement is known as 
possessive,burnside,burnside lemma,Burnside's lemma for counting orbits,2,1,Top-1 directly explains Burnside's lemma for counting orbits clearly and accurately.,Burnside's lemma states that the number of orbits of a finite group acting on a finite set equals the average number of fixed points of the group elements. The formula sums the number of fixed points for each group element and divides by the group's order. This result is a fundam,"Burnside's lemma states that for a finite group acting on a finite set, the number of orbits equals the average number of fixed points across all group elements. The formula sums the fixed points of each group element and divides by the group's order. This provides a method to co","Burnside's lemma states that for a finite group acting on a set, the number of orbits equals the average number of fixed points of the group elements. Each element's fixed points are summed over all group elements. This sum is then divided by the order of the group. The result gi"
possessive,burnside,burnside's lemma,Burnside's lemma,2,1,"Top-1 is a clear, on-target match for Burnside's lemma.",Burnside's lemma states that the number of orbits of a finite group acting on a finite set equals the average number of fixed points of the group elements. The formula sums the number of fixed points for each group element and divides by the group's order. This result is a fundam,"Burnside's lemma states that for a finite group acting on a finite set, the number of orbits equals the average number of fixed points across all group elements. The formula sums the fixed points of each group element and divides by the group's order. This provides a method to co","Burnside's lemma states that for a finite group acting on a set, the number of orbits equals the average number of fixed points of the group elements. Each element's fixed points are summed over all group elements. This sum is then divided by the order of the group. The result gi"
possessive,zorn,zorn lemma,Zorn's lemma: every chain has upper bound implies maximal element,2,1,"Top-1 is a clear, on-target match explaining Zorn's lemma and its implications.",Zorn's Lemma is valid under the given assumption.,Every chain in a partially ordered set has an upper bound in the set. The set must contain at least one maximal element. This is known as Zorn's Lemma. It is equivalent to the axiom of choice.,A semi-ordered set where every totally ordered subset has an upper bound must contain a maximal element. This is known as Zorn's lemma. It is equivalent to the axiom of choice. The result is fundamental in set theory and algebra.
possessive,zorn,zorn's lemma,Zorn's lemma,2,1,Top-1 provides a clear and accurate definition of Zorn's lemma.,Zorn's Lemma is valid under the given assumption.,A semi-ordered set where every totally ordered subset has an upper bound must contain a maximal element. This is known as Zorn's lemma. It is equivalent to the axiom of choice. The result is fundamental in set theory and algebra.,Every chain in a partially ordered set has an upper bound in the set. The set must contain at least one maximal element. This is known as Zorn's Lemma. It is equivalent to the axiom of choice.
abbreviation,flt_abbr,FLT,Fermat's Last Theorem,1,3,"A clear match appears in top-3, specifically about Fermat's Last Theorem.",A theorem is stated with a specific number and a formal name.,The theorem presents a mathematical statement with a formal designation.,Fermat's Last Theorem holds for all odd integers greater than two.
abbreviation,flt_abbr,Fermat's Last Theorem,Fermat's Last Theorem,2,1,"Top-1 is a clear, on-target match for Fermat's Last Theorem.","Fermat's Last Theorem states that for any integer n greater than or equal to three, there are no nonzero integer solutions to the equation X to the n plus Y to the n equals Z to the n. The only exceptions occur when at least one of the variables X, Y, or Z is zero. This result wa","Fermat's Last Theorem states that for natural numbers n greater than two, there are no solutions to the equation x raised to the n plus y raised to the n equals z raised to the n. This holds for all positive integers x, y, and z. The theorem was famously proven by Andrew Wiles in","For any natural number n greater than two, the equation X to the n plus Y to the n equals Z to the n has no solutions in nonzero integers."
abbreviation,rh_abbr,RH,Riemann hypothesis,2,1,"Top-1 directly addresses the Riemann hypothesis, clearly matching the searcher's intent.",The Riemann hypothesis is true.,The conjecture is equivalent to the Riemann hypothesis.,The conjecture is equivalent to the Riemann hypothesis.
abbreviation,rh_abbr,Riemann hypothesis,Riemann hypothesis,1,2,A clear match appears in top-3 but not at rank 1.,The Riemann hypothesis is true.,The conjecture is equivalent to the Riemann hypothesis.,The conjecture is equivalent to the Riemann hypothesis.
abbreviation,clt_abbr,CLT,Central limit theorem,2,1,Top-1 directly addresses the central limit theorem clearly and accurately.,The integral central limit theorem holds under the stated conditions.,"Under certain assumptions, the central limit theorem holds as the sample size increases.",The central limit theorem holds under the stated conditions. The result involves the sequences defined in the given notation. The distribution converges to a standard normal.
abbreviation,clt_abbr,central limit theorem,Central limit theorem,2,1,"Top-1 provides a clear, accurate definition of the central limit theorem.",The integral central limit theorem holds under the stated conditions.,"Under certain assumptions, the central limit theorem holds as the sample size increases.","The central limit theorem states that the sum of independent and identically distributed random variables with finite mean and variance, when standardized, converges in distribution to the standard normal distribution. Specifically, the probability that the sum is less than the m"
abbreviation,lln_abbr,LLN,Law of large numbers,2,1,"Top-1 directly defines the Law of Large Numbers, clearly addressing the searcher's intent.","Under the given assumptions, the conclusions of the law of large numbers hold.",The law of large numbers states that the strong operator limit of the average of a sequence of operators equals a specific operator. This average is taken over the first n terms as n approaches infinity. The result holds under the conditions specified in a prior proposition. The ,"Under certain assumptions, the average of a sequence converges almost surely to a limit as the sample size goes to infinity."
abbreviation,lln_abbr,law of large numbers,Law of large numbers,2,1,"Top-1 directly defines the law of large numbers, clearly addressing the searcher's intent.","Under the given assumptions, the conclusions of the law of large numbers hold.",The strong law of large numbers states that the sample average of independent and identically distributed random variables with finite mean converges almost surely to the expected value.,The strong law of large numbers states that the sample average converges almost surely to the expected value as the sample size increases. This holds for a sequence of independent and identically distributed random variables with finite mean. The convergence is with probability o
abbreviation,pnt_abbr,PNT,Prime number theorem,2,1,"Top-1 is a clear, on-target match for the prime number theorem.",The prime number theorem is equivalent to the statement that the remainder term in the prime-counting function is zero.,"The theorem gives an upper bound for the count of primes in an arithmetic progression within an interval. It applies when the modulus and integer are coprime, and the interval length is sufficiently large relative to the modulus. The bound is expressed in terms of the Euler totie",The Prime Number Theorem states that the ratio of the prime-counting function to the logarithmic integral approaches one as x tends to infinity. The prime-counting function counts the number of primes less than or equal to x. The logarithmic integral is defined as the integral fr
abbreviation,pnt_abbr,prime number theorem,Prime number theorem,2,1,"Top-1 is a clear, on-target match for the prime number theorem.","The prime number theorem states that the ratio of the prime-counting function pi of x to x divided by the natural logarithm of x tends to 1 as x goes to infinity. This means that for large x, the number of primes less than or equal to x is approximately x over log x. The converge",The prime number theorem states that the number of primes less than or equal to x is approximately x divided by the natural logarithm of x. The ratio of the prime counting function pi of x to x over log x approaches 1 as x goes to infinity. This is known as the asymptotic law of ,The prime number theorem is equivalent to the statement that the remainder term in the prime-counting function is zero.
abbreviation,fta_abbr,FTA,Fundamental theorem of algebra,-1,,Top-3 results are off-topic and do not address the fundamental theorem of algebra.,Theorem 1 implies Theorem FPT.,This theorem states a fundamental result.,The theorem presents a mathematical statement with a formal designation.
abbreviation,fta_abbr,fundamental theorem of algebra,Fundamental theorem of algebra,2,1,"Top-1 is a clear, on-target match for the fundamental theorem of algebra.",Every complex polynomial of degree at least one has at least one complex root.,Every complex polynomial of degree at least one has at least one complex root.,The field of complex numbers is algebraically closed. Every non-constant polynomial with complex coefficients has at least one complex root. This result holds for polynomials of any positive degree. It is a foundational statement in algebra.
abbreviation,ftc_abbr,FTC,Fundamental theorem of calculus,2,1,"Top-1 directly addresses the fundamental theorem of calculus, providing a clear and relevant explanation.","Under certain conditions, the integral of a function with respect to a measure is well defined. The result expresses this integral as the difference of a function evaluated at the endpoints minus an integral of a partial derivative. The function F is defined as the integral of f ",A function f with an integrable derivative on an interval is absolutely continuous on that interval. The difference in the function's values at any two points equals the integral of its derivative between those points. This result connects differentiation and integration for func,A real-valued differentiable function with an integrable derivative equals its starting value plus the integral of its derivative from the starting point to any point in the interval. This holds for all points within the closed interval. The function's value at any point is deter
abbreviation,ftc_abbr,fundamental theorem of calculus,Fundamental theorem of calculus,2,1,"Top-1 is a clear, on-target match for the fundamental theorem of calculus.",A continuous function on a closed interval has a definite integral equal to the difference of its antiderivative evaluated at the endpoints. This result connects integration with differentiation. It is known as the fundamental theorem of calculus. The formula holds for any antide,The integral of the derivative of a function over an interval equals the difference in the function's values at the endpoints. This result holds under appropriate conditions on the function and its derivative. It connects differentiation and integration as inverse processes. This,"A continuous real function on a closed interval has a primitive function. If F is any primitive of f on that interval, then the definite integral of f from a to b equals F evaluated at b minus F evaluated at a. This result connects integration with differentiation. It is known as"
abbreviation,ac_abbr,AC,Axiom of choice,-1,,"Top-3 results are off-topic, discussing lemmas and theorems unrelated to the Axiom of Choice.",The ACC Lemma and the Upper Bounds Lemma together imply the Local Finiteness Theorem. This result is derived directly from the proof of a referenced theorem.,The ACC lemma implies the irreducible factorization theorem. This result follows from abstract order theory.,The lemma states a specific mathematical result.
abbreviation,ac_abbr,axiom of choice,Axiom of choice,2,1,Top-1 provides a clear and accurate definition of the Axiom of Choice.,"The axiom of choice is equivalent to the statement that for every regular cardinal, the forcing axiom for the class of forcing notions with the kappa chain condition holds. This equivalence is established within the framework of Zermelo-Fraenkel set theory without the axiom of ch","The Axiom of Choice states that for any collection of non-empty sets, there exists a function that selects one element from each set. This function is called a choice function. The axiom is independent of the standard axioms of set theory. It is equivalent to several other import","The Axiom of Choice is equivalent to the principle that for every cardinal kappa, the axiom of dependent choice for sequences of length kappa holds. This equivalence is established within the framework of Zermelo-Fraenkel set theory without the Axiom of Choice."
abbreviation,zfc_abbr,ZFC,Zermelo-Fraenkel set theory with choice,1,2,"Top-3 includes relevant information about ZFC, but top-1 is not a clear match.","In ZFC set theory, several statements are equivalent. One such statement involves a specific property of sets. The equivalence holds under the axioms of ZFC. The theorem lists these equivalent conditions.",Such a space and logic exist within the ZFC framework.,Lemma follows from a given equation. It is consistent with ZFC.
abbreviation,zfc_abbr,Zermelo-Fraenkel set theory with choice,ZFC,1,3,"A clear match appears in top-3, specifically about models of ZFC.",C of aa is a model of Zermelo-Fraenkel set theory with the axiom of choice.,The axioms are consistent with Zermelo-Fraenkel set theory with the axiom of choice. This means no contradictions arise from these axioms within that system.,N is a model of Zermelo-Fraenkel set theory with the axiom of choice. This means that all axioms of ZFC hold within the set N. The structure N satisfies the principles of set theory including choice.
abbreviation,pmi_abbr,PMI,Principle of mathematical induction,0,,Slogans are tangentially related to mathematical induction but do not directly address the principle itself.,"The theorem states that if P of n and m holds, then P prime of n and m also holds.",Proposition implies the main theorem.,"The theorem states that for a fixed n greater than or equal to two, if a property P holds for all j from one to n and for all nonnegative m, then P also holds for n plus one and all nonnegative m."
abbreviation,pmi_abbr,principle of mathematical induction,Principle of mathematical induction,2,1,Top-1 provides a clear and accurate definition of the principle of mathematical induction.,"The principle of mathematical induction states that if a proposition is true for the number one, and if whenever it is true for a natural number k it is also true for k plus one, then the proposition is true for every positive natural number.","The principle of mathematical induction states that if a proposition holds for zero, and if whenever it holds for a natural number k it also holds for k plus one, then the proposition is true for every natural number. This method relies on establishing a base case and an inductiv",The second principle of induction holds for all positive integers n.
abbreviation,mvt_abbr,MVT,Mean value theorem,2,1,"Top-1 provides a clear, accurate definition of the Mean Value Theorem.",A continuous function on a closed interval that is differentiable on the open interval has at least one point where the derivative equals the average rate of change over the interval. The derivative at that point is exactly the slope of the secant line connecting the endpoints. T,A continuous and differentiable function on a closed interval has at least one point inside the interval where the derivative equals the average slope between the endpoints. This point is where the instantaneous rate of change matches the overall change over the interval. The res,A function continuous on a closed interval and differentiable on the open interval has at least one point inside the interval where the derivative equals the average rate of change over the entire interval. This point's derivative is exactly the slope of the secant line connectin
abbreviation,mvt_abbr,mean value theorem,Mean value theorem,2,1,"Top-1 provides a clear, accurate definition of the mean value theorem.",A continuous function on a closed interval that is differentiable on the open interval has at least one point where the derivative equals the average rate of change over the interval. The derivative at that point is exactly the slope of the secant line connecting the endpoints. T,A continuous and differentiable function on a closed interval has at least one point inside the interval where the derivative equals the average slope between the endpoints. This point is where the instantaneous rate of change matches the overall change over the interval. The res,"The mean value theorem states that for a continuous function on a closed interval that is differentiable on the open interval, there exists a point in the open interval where the derivative equals the average rate of change over the entire interval."
abbreviation,ivt_abbr,IVT,Intermediate value theorem,2,1,"Top-1 is a clear, on-target match for the Intermediate Value Theorem.","The theorem establishes an inverse function result for continuous functions on a closed interval. If a function is continuous and takes on two distinct values, it must also take on every value between them. This is known as the intermediate value property for continuous functions",The Intermediate Value Theorem is strongly Weihrauch equivalent to the constant function on the unit interval.,"A continuous real function on a closed interval takes on every value between its values at the endpoints. If the function at the left endpoint is less than a number, and at the right endpoint is greater, then the function equals that number at some interior point. This holds for "
abbreviation,ivt_abbr,intermediate value theorem,Intermediate value theorem,2,1,"Top-1 is a clear, on-target match for the intermediate value theorem.","A continuous function on a closed interval takes every value between its values at the endpoints. For any value between the function's values at the endpoints, there is some point in the interval where the function equals that value. This holds for continuous functions defined on","The theorem establishes an inverse function result for continuous functions on a closed interval. If a function is continuous and takes on two distinct values, it must also take on every value between them. This is known as the intermediate value property for continuous functions","A continuous real function on a closed interval takes on every value between its values at the endpoints. If the function at the left endpoint is less than a number, and at the right endpoint is greater, then the function equals that number at some interior point. This holds for "
hyphen,cauchy_schwarz,Cauchy-Schwarz inequality,Cauchy-Schwarz inequality,2,1,"Top-1 is a clear, on-target match for the Cauchy-Schwarz inequality.","The Cauchy-Schwarz inequality states that for any two vectors in an inner product space, the absolute value of their inner product is at most the product of their norms. This inequality holds for all vectors in the space. It provides a fundamental bound on the inner product in te","The Cauchy-Schwarz inequality states that for any two vectors in a real inner product space, the square of their inner product is at most the product of their inner products with themselves. This inequality provides an upper bound on the absolute value of the inner product. It im","The Cauchy-Schwarz inequality states that for any two vectors x and y in an inner product space, the square of the inner product of x and y is less than or equal to the product of the squared norms of x and y. This implies that the absolute value of the inner product is at most t"
hyphen,cauchy_schwarz,Cauchy Schwarz inequality,Cauchy-Schwarz inequality,2,1,Top-1 provides a clear and accurate explanation of the Cauchy-Schwarz inequality.,"The Cauchy-Schwarz inequality states that for any two vectors in an inner product space, the absolute value of their inner product is at most the product of their norms. This inequality holds for all vectors in the space. It provides a fundamental bound on the inner product in te","The Cauchy-Schwarz inequality states that for any two vectors in a real inner product space, the square of their inner product is at most the product of their inner products with themselves. This inequality provides an upper bound on the absolute value of the inner product. It im","The Cauchy-Schwarz inequality states that for any two vectors x and y in an inner product space, the square of the inner product of x and y is less than or equal to the product of the squared norms of x and y. This implies that the absolute value of the inner product is at most t"
hyphen,cauchy_schwarz,CauchySchwarz inequality,Cauchy-Schwarz inequality,2,1,"Top-1 is a clear, on-target match for the Cauchy-Schwarz inequality.","The Cauchy-Schwarz inequality states that for any two vectors in an inner product space, the absolute value of their inner product is at most the product of their norms. This inequality holds for all vectors in the space. It provides a fundamental bound on the inner product in te","The Cauchy-Schwarz inequality states that for any two vectors in a real inner product space, the square of their inner product is at most the product of their inner products with themselves. This inequality provides an upper bound on the absolute value of the inner product. It im","The Cauchy-Schwarz inequality states that for any two vectors x and y in an inner product space, the square of the inner product of x and y is less than or equal to the product of the squared norms of x and y. This implies that the absolute value of the inner product is at most t"
word_order,cauchy_schwarz_order,Schwarz Cauchy inequality,Cauchy-Schwarz inequality (reversed names),2,1,"Top-1 directly defines the Cauchy-Schwarz inequality, matching the search intent perfectly.","The Cauchy-Schwarz inequality states that for any two vectors in an inner product space, the absolute value of their inner product is at most the product of their norms. This inequality holds for all vectors in the space. It provides a fundamental bound on the inner product in te","The Cauchy-Schwarz inequality states that for any two vectors in a real inner product space, the square of their inner product is at most the product of their inner products with themselves. This inequality provides an upper bound on the absolute value of the inner product. It im",Cauchy-Schwarz inequality states that the squared magnitude of the inner product of two nonzero vectors is at most the product of their inner products with themselves. Equality occurs exactly when one vector is a scalar multiple of the other. This holds for complex inner product 
word_order,cauchy_schwarz_order,Cauchy Schwarz inequality,Cauchy-Schwarz inequality,2,1,Top-1 provides a clear and accurate definition of the Cauchy-Schwarz inequality.,"The Cauchy-Schwarz inequality states that for any two vectors in an inner product space, the absolute value of their inner product is at most the product of their norms. This inequality holds for all vectors in the space. It provides a fundamental bound on the inner product in te","The Cauchy-Schwarz inequality states that for any two vectors in a real inner product space, the square of their inner product is at most the product of their inner products with themselves. This inequality provides an upper bound on the absolute value of the inner product. It im","The Cauchy-Schwarz inequality states that for any two vectors x and y in an inner product space, the square of the inner product of x and y is less than or equal to the product of the squared norms of x and y. This implies that the absolute value of the inner product is at most t"
hyphen,bolzano_weierstrass,Bolzano-Weierstrass theorem,Bolzano-Weierstrass theorem,2,1,"Top-1 is a clear, on-target match for the Bolzano-Weierstrass theorem.",A sequence has a convergent subsequence. This holds in any metric space where closed and bounded sets are compact. The result is known as the Bolzano-Weierstrass theorem. It applies specifically to the real numbers with the usual metric.,Every bounded sequence contains a convergent subsequence. This holds in the real numbers and other complete metric spaces. The subsequence converges to a limit point within the bounds of the original sequence. This result is known as the Bolzano-Weierstrass theorem.,Every bounded sequence of real numbers contains a subsequence that converges to a limit. This holds regardless of whether the original sequence itself converges. The result is a fundamental property of the real numbers. It is known as the Bolzano-Weierstrass theorem.
hyphen,bolzano_weierstrass,Bolzano Weierstrass theorem,Bolzano-Weierstrass theorem,2,1,"Top-1 is a clear, on-target match for the Bolzano-Weierstrass theorem.",A sequence has a convergent subsequence. This holds in any metric space where closed and bounded sets are compact. The result is known as the Bolzano-Weierstrass theorem. It applies specifically to the real numbers with the usual metric.,Every bounded sequence contains a convergent subsequence. This holds in the real numbers and other complete metric spaces. The subsequence converges to a limit point within the bounds of the original sequence. This result is known as the Bolzano-Weierstrass theorem.,Every bounded sequence of real numbers contains a subsequence that converges to a limit. This holds regardless of whether the original sequence itself converges. The result is a fundamental property of the real numbers. It is known as the Bolzano-Weierstrass theorem.
hyphen,fokker_planck,Fokker-Planck equation,Fokker-Planck PDE for probability density,2,1,Top-1 directly describes the Fokker-Planck equation for probability density functions.,The Fokker-Planck equation matches the given stochastic differential equation.,A function phi from d-dimensional to n-dimensional real space has continuous partial time and second partial space derivatives. The density of phi that satisfies a given condition leads to the Fokker-Planck equation. This equation describes the time evolution of the probability d,A function with continuous time and second-order space derivatives leads to the Fokker-Planck equation. This equation describes the time evolution of a probability density. It includes a drift term involving first partial derivatives. It also includes a diffusion term with second
hyphen,fokker_planck,Fokker Planck equation,Fokker-Planck equation,2,1,Top-1 provides a clear and direct explanation of the Fokker-Planck equation.,The Fokker-Planck equation matches the given stochastic differential equation.,A function phi from d-dimensional to n-dimensional real space has continuous partial time and second partial space derivatives. The density of phi that satisfies a given condition leads to the Fokker-Planck equation. This equation describes the time evolution of the probability d,A function with continuous time and second-order space derivatives leads to the Fokker-Planck equation. This equation describes the time evolution of a probability density. It includes a drift term involving first partial derivatives. It also includes a diffusion term with second
hyphen,fokker_planck,FokkerPlanck equation,Fokker-Planck equation,2,1,"Top-1 directly addresses the Fokker-Planck equation, providing a clear and relevant match.",The Fokker-Planck equation matches the given stochastic differential equation.,A function with continuous time and second-order space derivatives leads to the Fokker-Planck equation. This equation describes the time evolution of a probability density. It includes a drift term involving first partial derivatives. It also includes a diffusion term with second,A function phi from d-dimensional to n-dimensional real space has continuous partial time and second partial space derivatives. The density of phi that satisfies a given condition leads to the Fokker-Planck equation. This equation describes the time evolution of the probability d
hyphen,riemann_roch,Riemann-Roch theorem,Riemann-Roch theorem on curves,2,1,"Top-1 directly addresses the Riemann-Roch theorem for curves, providing a clear and relevant explanation.","The Riemann-Roch theorem states that for any divisor on a compact Riemann surface, the difference between the dimension of the space of meromorphic functions with poles bounded by the divisor and the dimension of the space of meromorphic differentials with zeros bounded by the di",The Riemann-Roch theorem relates the dimension of a space of functions with prescribed zeros and poles to the degree of a divisor and the genus of a curve. It states that the dimension of the space of meromorphic functions with poles bounded by a divisor D equals the degree of D ,The Riemann-Roch theorem relates the dimensions of certain function spaces on a compact Riemann surface. It states that the difference between the dimension of the space of meromorphic functions with poles bounded by a divisor and the dimension of the space of meromorphic differe
hyphen,riemann_roch,Riemann Roch theorem,Riemann-Roch theorem,2,1,"Top-1 is a clear, on-target match for the Riemann-Roch theorem.","The Riemann-Roch theorem states that for any divisor on a compact Riemann surface, the difference between the dimension of the space of meromorphic functions with poles bounded by the divisor and the dimension of the space of meromorphic differentials with zeros bounded by the di",The Riemann-Roch theorem relates the dimensions of certain function spaces on a compact Riemann surface. It states that the difference between the dimension of the space of meromorphic functions with poles bounded by a divisor and the dimension of the space of meromorphic differe,The Riemann-Roch theorem relates the dimension of a space of functions with prescribed zeros and poles to the degree of a divisor and the genus of a curve. It states that the dimension of the space of meromorphic functions with poles bounded by a divisor D equals the degree of D 
hyphen,nonlinear,non-linear PDE,nonlinear partial differential equations,1,2,"A clear match appears in top-3, specifically regarding nonlinear partial differential equations.",The main result applies to the nonlinear Schrödinger equation under the stated conditions.,The theorem analyzes a nonlinear fractional partial differential equation. It establishes conditions for the existence and uniqueness of solutions. The result applies to equations of a specific form.,The results from the main theorem also apply to solutions of the initial value problem for a specific partial differential equation. This equation involves a complex-valued function with a second-order spatial derivative and a nonlinear term. The nonlinearity includes the absolut
hyphen,nonlinear,nonlinear PDE,nonlinear PDE,1,2,A clear match appears in top-3 but not at rank 1.,The main result applies to the nonlinear Schrödinger equation under the stated conditions.,The theorem analyzes a nonlinear fractional partial differential equation. It establishes conditions for the existence and uniqueness of solutions. The result applies to equations of a specific form.,The results from the main theorem also apply to solutions of the initial value problem for a specific partial differential equation. This equation involves a complex-valued function with a second-order spatial derivative and a nonlinear term. The nonlinearity includes the absolut
hyphen,nonlinear,non linear PDE,nonlinear PDE,1,2,A clear match appears in top-3 but not at rank 1.,The theorem analyzes a nonlinear fractional partial differential equation. It establishes conditions for the existence and uniqueness of solutions. The result applies to equations of a specific form.,The main result applies to the nonlinear Schrödinger equation under the stated conditions.,The results from the main theorem also apply to solutions of the initial value problem for a specific partial differential equation. This equation involves a complex-valued function with a second-order spatial derivative and a nonlinear term. The nonlinearity includes the absolut
misspelling,riemann_spell,Reimann hypothesis,Riemann hypothesis (common misspelling),1,1,"A clear match appears in top-3, but the top result is not directly informative.",The Riemann hypothesis is true.,The conjecture is equivalent to the Riemann hypothesis.,The conjecture is equivalent to the Riemann hypothesis.
misspelling,riemann_spell,Riemann hypothesis,Riemann hypothesis,1,2,"A clear match appears in top-3, but not at rank 1.",The Riemann hypothesis is true.,The conjecture is equivalent to the Riemann hypothesis.,The conjecture is equivalent to the Riemann hypothesis.
misspelling,lebesgue_spell,Lebesque integral,Lebesgue integral,1,3,"A clear match appears in top-3 but not at rank 1, specifically regarding Lebesgue integrability.",The ideal is Lebesgue.,The function f is Lebesgue measurable.,A function defined on a metric space with a sigma-finite regular measure is integrable if and only if it is Lebesgue integrable. The integral of the function over any measurable set equals its Lebesgue integral. This equivalence holds for all measurable subsets of the space. The 
misspelling,lebesgue_spell,Lebesgue integral,Lebesgue integral,1,3,A clear match appears in top-3 but not at rank 1.,The ideal is Lebesgue.,The function f is Lebesgue measurable.,A function defined on a metric space with a sigma-finite regular measure is integrable if and only if it is Lebesgue integrable. The integral of the function over any measurable set equals its Lebesgue integral. This equivalence holds for all measurable subsets of the space. The 
misspelling,weierstrass_spell,Weirstrass approximation theorem,Stone-Weierstrass / Weierstrass approximation theorem,2,1,"Top-1 is a clear, on-target match for the Weierstrass approximation theorem.","Weierstrass's theorem states that any continuous real-valued function on a closed interval can be uniformly approximated by an algebraic polynomial. For any given positive tolerance, there exists a polynomial that stays within that tolerance of the function at every point in the ","Weierstrass's theorem states that any continuous real-valued function on a closed interval can be uniformly approximated by an algebraic polynomial. For any given positive tolerance, there exists a polynomial such that the difference between the function and the polynomial is les",Polynomials can approximate any continuous function on a closed interval arbitrarily closely. This holds for any finite interval with real endpoints. The result is known as the Weierstrass approximation theorem. It applies to real-valued functions that are continuous on that inte
misspelling,weierstrass_spell,Weierstrass approximation theorem,Weierstrass approximation theorem,2,1,"Top-1 is a clear, on-target match for the Weierstrass approximation theorem.","Weierstrass's theorem states that any continuous real-valued function on a closed interval can be uniformly approximated by an algebraic polynomial. For any given positive tolerance, there exists a polynomial that stays within that tolerance of the function at every point in the ","Weierstrass's theorem states that any continuous real-valued function on a closed interval can be uniformly approximated by an algebraic polynomial. For any given positive tolerance, there exists a polynomial such that the difference between the function and the polynomial is les",Polynomials can approximate any continuous function on a closed interval arbitrarily closely. This holds for any finite interval with real endpoints. The result is known as the Weierstrass approximation theorem. It applies to real-valued functions that are continuous on that inte
misspelling,pyth_spell,Pythagoras theorem,Pythagorean theorem,2,1,"Top-1 is a clear, on-target match for the Pythagorean theorem.","In a right triangle, the square of the hypotenuse equals the sum of the squares of the other two sides. This relationship holds for all right triangles. It is a fundamental principle in geometry. The theorem is named after the ancient Greek mathematician Pythagoras.","The Pythagorean theorem states that in a right triangle, the square of the length of the hypotenuse equals the sum of the squares of the lengths of the other two sides. This relationship is expressed as a squared plus b squared equals c squared. It applies to all right triangles.","In a right triangle, the sum of the squares of the two shorter sides equals the square of the hypotenuse."
misspelling,pyth_spell,Pythagorean theorem,Pythagorean theorem,2,1,"Top-1 is a clear, on-target match for the Pythagorean theorem.","In a right triangle, the sum of the squares of the two shorter sides equals the square of the hypotenuse.","The Pythagorean theorem states that in a right triangle, the square of the length of the hypotenuse equals the sum of the squares of the lengths of the other two sides. This relationship is expressed as a squared plus b squared equals c squared. It applies to all right triangles.","In a right triangle, the square of the length of the hypotenuse equals the sum of the squares of the lengths of the other two sides. This holds when the angle at vertex a is a right angle. The distances between points a and b, a and c, and b and c are considered. The squared dist"
misspelling,pyth_spell,Pythogoras theorem,Pythagorean theorem (typo),1,1,A clear match appears in top-3 but not at rank 1.,"In a right triangle, the square of the hypotenuse equals the sum of the squares of the other two sides. This relationship holds for all right triangles. It is a fundamental principle in geometry. The theorem is named after the ancient Greek mathematician Pythagoras.",The theorem is stated.,The theorem is stated.
misspelling,jones_typo,the jones polynomail is link invariant,Jones polynomial is a link invariant (typo: polynomail),2,1,"Top-1 directly confirms the Jones polynomial is a link invariant, addressing the searcher's intent clearly.",The Jones polynomial is defined for any link and is independent of the framing. It is an isotopy invariant for directed links. The invariant does not depend on the framing choice.,The Kauffman polynomial is a link invariant. This implies that the Jones polynomial is also a link invariant. Both polynomials remain unchanged under ambient isotopy of the link.,The polynomial J(L) is an invariant of an oriented link.
misspelling,jones_typo,the Jones polynomial is link invariant,Jones polynomial is a link invariant,1,2,"A clear match appears in top-3 but not at rank 1, confirming the Jones polynomial as a link invariant.",The Jones polynomial is defined for any link and is independent of the framing. It is an isotopy invariant for directed links. The invariant does not depend on the framing choice.,The Kauffman polynomial is a link invariant. This implies that the Jones polynomial is also a link invariant. Both polynomials remain unchanged under ambient isotopy of the link.,The Jones polynomial of a link-type linkoid equals that of its corresponding link. This holds for any number of components. The corresponding link is formed by connecting each component's endpoints without introducing new crossings. The equality is exact.
case,rh_case,riemann hypothesis,Riemann hypothesis,1,2,"A clear match appears in top-3, but not at rank 1. Relevant to the Riemann hypothesis.",The Riemann hypothesis is true.,The conjecture is equivalent to the Riemann hypothesis.,The conjecture is equivalent to the Riemann hypothesis.
case,rh_case,RIEMANN HYPOTHESIS,Riemann hypothesis,1,2,"A clear match appears in top-3, but the top result is not directly addressing the hypothesis itself.",The Riemann hypothesis is true.,The conjecture is equivalent to the Riemann hypothesis.,The conjecture is equivalent to the Riemann hypothesis.
case,rh_case,Riemann Hypothesis,Riemann hypothesis,1,2,"A clear match appears in top-3, specifically the definition of the Riemann Hypothesis.",The Riemann hypothesis is true.,The Riemann Hypothesis states that all nontrivial zeros of the Riemann zeta function have a real part equal to one half.,The conjecture is equivalent to the Riemann hypothesis.
plural,compact_plural,compact set,definition of compact set / properties of compact sets,0,,Only tangentially related; nothing in top-3 directly answers the definition or properties of compact sets.,The theorem applies to compact sets.,"Under a given assumption, the set is compact.","A closed set K is compact if and only if there exists a positive value r0 such that for all rho greater than r0, the upper sections of K at rho are empty, and for all rho between zero and r0, these sections are compact. The upper sections consist of all x in X for which there is "
plural,compact_plural,compact sets,compact sets,1,2,A clear match appears in top-3 but not at rank 1.,The theorem applies to compact sets.,"A closed set K is compact if and only if there exists a positive value r0 such that for all rho greater than r0, the upper sections of K at rho are empty, and for all rho between zero and r0, these sections are compact. The upper sections consist of all x in X for which there is ","Under a given assumption, the set is compact."
plural,ts_plural,topological space,topological space,1,3,A clear match appears in top-3 but not at rank 1.,The theorem describes the properties of a topological space. It characterizes the space using specific mathematical conditions. The result establishes fundamental relationships within the space.,The theorem states properties for topological spaces A and B. It lists assertions regarding these spaces. The first assertion is provided. The theorem is from a cited source.,The theorem considers a topological space defined by a set and its topology. It also introduces a subset of that set.
plural,ts_plural,topological spaces,topological spaces,1,2,"A clear match appears in top-3 but not at rank 1, focusing on properties of topological spaces.",The theorem states properties for topological spaces A and B. It lists assertions regarding these spaces. The first assertion is provided. The theorem is from a cited source.,The theorem describes the properties of a topological space. It characterizes the space using specific mathematical conditions. The result establishes fundamental relationships within the space.,The conclusion of a prior theorem holds for the class of all topological spaces.
article,rh_article,the Riemann hypothesis,Riemann hypothesis,1,2,"A clear match appears in top-3, but not at rank 1.",The Riemann hypothesis is true.,The conjecture is equivalent to the Riemann hypothesis.,The conjecture is equivalent to the Riemann hypothesis.
article,rh_article,Riemann hypothesis,Riemann hypothesis,1,2,"A clear match appears in top-3, but not at rank 1. Relevant information is present.",The Riemann hypothesis is true.,The conjecture is equivalent to the Riemann hypothesis.,The conjecture is equivalent to the Riemann hypothesis.
article,cf_article,a continuous function,definition or property of a continuous function,1,4,A clear match appears in top-3 but not at rank 1.,The function defined earlier is continuous.,The function is continuous.,The theorem applies to continuous functions. It states that a necessary condition is met under continuity.
article,cf_article,continuous function,continuous function,2,1,"Top-1 is a clear, on-target match for the query about continuous functions.",The function defined earlier is continuous.,The function is continuous.,The theorem applies to continuous functions. It states that a necessary condition is met under continuity.
question_form,banach_q,What is a Banach space?,Banach space definition,2,1,Top-1 provides a clear and accurate definition of a Banach space.,"The space is a Banach space, meaning it is a complete normed vector space.","The space is a Banach space, meaning it is a complete normed vector space.","The space is a Banach space, meaning it is a complete normed vector space."
question_form,banach_q,Banach space,Banach space,2,1,"Top-1 is a clear, on-target match defining a Banach space.","The space is a Banach space, meaning it is a complete normed vector space.","The space is a Banach space, meaning it is a complete normed vector space.","The space is a Banach space, meaning it is a complete normed vector space."
question_form,pnt_q,How does the prime number theorem work?,prime number theorem,2,1,"Top-1 provides a clear, accurate explanation of the prime number theorem.","The prime number theorem states that the ratio of the prime-counting function pi of x to x divided by the natural logarithm of x tends to 1 as x goes to infinity. This means that for large x, the number of primes less than or equal to x is approximately x over log x. The converge",The prime number theorem states that the number of primes less than or equal to x is asymptotically equivalent to x divided by the natural logarithm of x. This means the ratio of pi of x times log x over x approaches 1 as x tends to infinity.,"The prime number theorem states that the number of primes less than or equal to a real number x is asymptotically equivalent to x divided by the natural logarithm of x. This means that as x grows large, the ratio of the prime-counting function to x over log x approaches 1. It des"
question_form,pnt_q,prime number theorem,prime number theorem,2,1,"Top-1 is a clear, on-target match for the prime number theorem.","The prime number theorem states that the ratio of the prime-counting function pi of x to x divided by the natural logarithm of x tends to 1 as x goes to infinity. This means that for large x, the number of primes less than or equal to x is approximately x over log x. The converge",The prime number theorem is equivalent to the statement that the remainder term in the prime-counting function is zero.,The prime number theorem states that the number of primes less than or equal to x is approximately x divided by the natural logarithm of x. The ratio of the prime counting function pi of x to x over log x approaches 1 as x goes to infinity. This is known as the asymptotic law of 
paraphrase,flt_para,no positive integers a b c with a^n + b^n = c^n for n greater than 2,Fermat's Last Theorem,2,1,"Top-1 is a clear, on-target match for Fermat's Last Theorem.","For n greater than two, there are no nonzero integer solutions to a to the n plus b to the n equals c to the n.","No three positive integers a, b, and c can satisfy the equation a to the n plus b to the n equals c to the n for any integer exponent n greater than two.","For any natural number n greater than two, the equation X to the n plus Y to the n equals Z to the n has no solutions in nonzero integers."
paraphrase,flt_para,Fermat's Last Theorem,Fermat's Last Theorem,2,1,"Top-1 is a clear, on-target match for Fermat's Last Theorem.","Fermat's Last Theorem states that for any integer n greater than or equal to three, there are no nonzero integer solutions to the equation X to the n plus Y to the n equals Z to the n. The only exceptions occur when at least one of the variables X, Y, or Z is zero. This result wa","Fermat's Last Theorem states that for natural numbers n greater than two, there are no solutions to the equation x raised to the n plus y raised to the n equals z raised to the n. This holds for all positive integers x, y, and z. The theorem was famously proven by Andrew Wiles in","For any natural number n greater than two, the equation X to the n plus Y to the n equals Z to the n has no solutions in nonzero integers."
paraphrase,evt_para,every continuous function on a closed bounded interval attains its maximum,extreme value theorem,2,1,"Top-1 directly states the theorem, clearly addressing the searcher's intent.",A continuous function on a closed interval is bounded.,A continuous function on a closed interval always attains a maximum value. There exists at least one point in the interval where the function reaches this highest value. No other point in the interval yields a function value greater than at this point. This holds for any real-val,A continuous function on a closed bounded interval attains its maximum and minimum values. There exist points in the interval where the function equals its supremum and infimum. The function reaches both its highest and lowest values on that interval. This holds for any continuou
paraphrase,evt_para,extreme value theorem,extreme value theorem,2,1,Top-1 directly defines the extreme value theorem clearly and accurately.,"The theorem states that if a function is continuous on a closed interval, then it attains both a maximum and a minimum value on that interval. This result is known as the extreme value theorem. It guarantees the existence of these extreme values under the given conditions.",The theorem states that every continuous function on a closed interval is bounded. It also asserts that such a function attains its maximum and minimum values. This result is known as the extreme value theorem. It is a fundamental property of continuous functions on compact sets.,A continuous real function defined on a closed interval reaches both its highest and lowest values. This result is established within a specific formal system. The theorem applies to functions that are continuous over non-degenerate intervals. The proof is valid in the given math
paraphrase,mvt_para,"if f is differentiable on [a,b] there exists c with f'(c) equal to (f(b)-f(a))/(b-a)",mean value theorem,2,1,"Top-1 directly states the Mean Value Theorem, perfectly matching the query.","Given two real numbers a and b with a less than b, if a function f is continuous on the closed interval from a to b and differentiable on the open interval from a to b, then there exists a point c between a and b where the derivative of f at c equals the mean value of f over the ",A continuous function on a closed interval that is differentiable on the open interval has at least one point where the derivative equals the average rate of change over the interval. The derivative at that point is exactly the slope of the secant line connecting the endpoints. T,A continuous function on a closed interval that is differentiable on the open interval has a point inside where its derivative equals the average rate of change over the entire interval.
paraphrase,mvt_para,mean value theorem,mean value theorem,2,1,"Top-1 is a clear, on-target match for the mean value theorem.",A continuous function on a closed interval that is differentiable on the open interval has at least one point where the derivative equals the average rate of change over the interval. The derivative at that point is exactly the slope of the secant line connecting the endpoints. T,A continuous and differentiable function on a closed interval has at least one point inside the interval where the derivative equals the average slope between the endpoints. This point is where the instantaneous rate of change matches the overall change over the interval. The res,"The mean value theorem states that for a continuous function on a closed interval that is differentiable on the open interval, there exists a point in the open interval where the derivative equals the average rate of change over the entire interval."
paraphrase,clt_para,sum of iid random variables is approximately normal,central limit theorem,2,1,Top-1 directly explains the central limit theorem for iid random variables.,The scaled sum of independent and identically distributed random variables with mean zero and finite variance converges in distribution to a normal random variable as the number of terms increases.,"For each dimension d, consider a sequence of independent random variables with finite means and variances. The sum of their variances is denoted s_d squared. If a certain condition involving a moment of order greater than two holds in the limit as d goes to infinity, then the sta",A normalized sum of random variables converges in distribution to a standard normal distribution as the sample size goes to infinity. The numerator is a difference between two sums of these variables. The denominator is a standard deviation term. This result holds under the assum
paraphrase,clt_para,central limit theorem,central limit theorem,2,1,Top-1 provides a clear and accurate definition of the central limit theorem.,The integral central limit theorem holds under the stated conditions.,"Under certain assumptions, the central limit theorem holds as the sample size increases.","The central limit theorem states that the sum of independent and identically distributed random variables with finite mean and variance, when standardized, converges in distribution to the standard normal distribution. Specifically, the probability that the sum is less than the m"
paraphrase,zorn_para,every partially ordered set with upper bounds for chains has a maximal element,Zorn's lemma,2,1,"Top-1 is a clear, on-target match for Zorn's lemma.",Every non-empty partially ordered set where every chain has an upper bound must contain a maximal element.,"In a partially ordered set, if every chain has an upper bound, then there exists a maximal element.",A partially ordered set where every chain has an upper bound in the set must contain at least one maximal element.
paraphrase,zorn_para,Zorn's lemma,Zorn's lemma,2,1,Top-1 provides a clear and accurate definition of Zorn's lemma.,Zorn's Lemma is valid under the given assumption.,Every chain in a partially ordered set has an upper bound in the set. The set must contain at least one maximal element. This is known as Zorn's Lemma. It is equivalent to the axiom of choice.,A semi-ordered set where every totally ordered subset has an upper bound must contain a maximal element. This is known as Zorn's lemma. It is equivalent to the axiom of choice. The result is fundamental in set theory and algebra.
paraphrase,pigeon_para,putting more objects than holes one hole has at least two,pigeonhole principle,1,2,"Top-3 includes relevant concepts of the pigeonhole principle, but top-1 is not a direct match.","A set of n distinct objects is divided into k subsets. If k is between 0 and n, then at least one subset must contain at least two elements.",The theorem requires k to be at least 2 and references a specific set defined in a prior lemma.,The lemma states a specific mathematical result.
paraphrase,pigeon_para,pigeonhole principle,pigeonhole principle,1,2,A clear match appears in top-3 but not at rank 1.,"The pigeonhole principle states that if there are more pigeons than holes, at least one hole must contain more than one pigeon. Conversely, if the number of pigeons does not exceed the number of holes, it is possible to place each pigeon in its own hole. This ensures that no hole","The pigeonhole principle states that if there are more pigeons than holes, then at least one hole must contain multiple pigeons. The theorem states that a certain formal system proves this principle for specific parameters. It confirms that when m is greater than n, the correspon",The pigeonhole principle for n pigeons and n-1 holes has a polynomial size proof.
paraphrase,infinite_primes,there are infinitely many primes,Euclid's theorem on infinitude of primes,2,1,"Top-1 directly states the infinitude of primes, aligning perfectly with the searcher's intent.",The integers contain an infinite number of prime numbers.,There are infinitely many prime numbers. A prime number is a natural number greater than one that has no positive divisors other than one and itself. This result means no finite list of primes can contain all primes. The proof relies on showing that any finite list of primes must,There are infinitely many prime numbers. No finite list can contain all primes.
paraphrase,infinite_primes,Euclid's theorem infinitely many primes,Euclid's theorem on infinitude of primes,2,1,"Top-1 is a clear, on-target match for Euclid's theorem on the infinitude of primes.","Euclid's theorem states that the number of prime numbers is infinite. It establishes that no finite list can contain all primes. The proof shows that any finite list of primes is incomplete. Therefore, primes continue without end.",There are infinitely many prime numbers. This fact is known as Euclid's Theorem. It states that no finite list can contain all primes. Some sources call this Euclid's second theorem.,The integers contain an infinite number of prime numbers.
latex,sin_bound,$\sin x$ is bounded,sine function is bounded between -1 and 1,2,1,Top-1 directly states the bounded nature of the sine function between -1 and 1.,The sine of any real number x has an absolute value that is less than or equal to one. This holds for all real values of x. The sine function is bounded between negative one and positive one. The inequality expresses this bounded property.,"For x between 0 and pi, the function sin(x)/x is bounded above and below. The lower bound is one minus the square of x over pi times two minus x over pi. The upper bound is one minus half the square of x over pi times three minus the fourth power of x over pi. These bounds hold s","For all x between 0 and pi over 2, sine of x is at least 2 over pi times x and at most x. For all real x, the absolute value of sine of x is at most the absolute value of x. These inequalities provide bounds on the sine function. They are valid over the specified intervals."
latex,sin_bound,sin x is bounded,sine function is bounded,2,1,"Top-1 directly states the bounded nature of the sine function, perfectly matching the search intent.",The sine of any real number x has an absolute value that is less than or equal to one. This holds for all real values of x. The sine function is bounded between negative one and positive one. The inequality expresses this bounded property.,"For x between 0 and pi, the function sin(x)/x is bounded above and below. The lower bound is one minus the square of x over pi times two minus x over pi. The upper bound is one minus half the square of x over pi times three minus the fourth power of x over pi. These bounds hold s","For all x between 0 and pi over 2, sine of x is at least 2 over pi times x and at most x. For all real x, the absolute value of sine of x is at most the absolute value of x. These inequalities provide bounds on the sine function. They are valid over the specified intervals."
latex,sin_bound,sine is bounded,sine function is bounded,2,1,"Top-1 directly addresses the bounded nature of the sine function, clearly matching the search intent.",The sine of any real number x has an absolute value that is less than or equal to one. This holds for all real values of x. The sine function is bounded between negative one and positive one. The inequality expresses this bounded property.,The absolute value of the integral of sine x over x from a positive lower bound to a positive upper bound is at most 4. This holds for any finite positive interval where the lower bound is less than the upper bound. The result provides a uniform bound on the integral regardless o,"For all x between 0 and pi over 2, sine of x is at least 2 over pi times x and at most x. For all real x, the absolute value of sine of x is at most the absolute value of x. These inequalities provide bounds on the sine function. They are valid over the specified intervals."
latex,z_modn,$\mathbb{Z}/n\mathbb{Z}$ is a ring,integers modulo n form a ring,1,1,"Top-3 includes relevant information about the ring of integers modulo n, but not a direct match in rank 1.","Assume that R is the ring of integers modulo n. Then, the theorem holds for this case.","If n is an integer, then the ring of integers modulo n is a GPP-ring.",The ring of integers modulo n is both Noetherian and Artinian.
latex,z_modn,Z mod n is a ring,integers modulo n form a ring,1,3,"Top-3 includes relevant information about the ring of integers modulo n, but not a direct match in rank 1.","Assume that R is the ring of integers modulo n. Then, the theorem holds for this case.",The set Z_n is closed.,"If n is an integer, then the ring of integers modulo n is a GPP-ring."
latex,z_modn,integers modulo n form a ring,Z/nZ is a ring,1,2,"Top-3 includes relevant information about the ring of integers modulo n, but the best match is not at rank 1.","Assume that R is the ring of integers modulo n. Then, the theorem holds for this case.","If n is an integer, then the ring of integers modulo n is a GPP-ring.",The ring of integers modulo n is both Noetherian and Artinian.
latex,epsdelta,$\varepsilon$-$\delta$ definition of continuity,epsilon-delta continuity definition,2,1,"Top-1 provides a clear, precise definition of epsilon-delta continuity.","A real function defined on an interval is continuous if, for every point in the interval and every positive epsilon, there exists a positive delta such that whenever another point in the interval is within delta of the first, the function values differ by less than epsilon.","A function is continuous at a point if and only if for every positive epsilon, there exists a positive delta such that the image of the open ball centered at the point with radius delta is contained within the open ball centered at the function value with radius epsilon.",Every crisp function from the reals to the reals is epsilon-delta continuous at every crisp real number.
latex,epsdelta,epsilon delta definition of continuity,epsilon-delta continuity,2,1,Top-1 provides a clear and precise definition of epsilon-delta continuity.,"A real function defined on an interval is continuous if, for every point in the interval and every positive epsilon, there exists a positive delta such that whenever another point in the interval is within delta of the first, the function values differ by less than epsilon.","A function is continuous at a point if and only if for every positive epsilon, there exists a positive delta such that the image of the open ball centered at the point with radius delta is contained within the open ball centered at the function value with radius epsilon.",Every crisp function from the reals to the reals is epsilon-delta continuous at every crisp real number.
latex,epsdelta,epsilon-delta definition of continuity,epsilon-delta continuity,2,1,Top-1 provides a clear and accurate definition of epsilon-delta continuity.,"A real function defined on an interval is continuous if, for every point in the interval and every positive epsilon, there exists a positive delta such that whenever another point in the interval is within delta of the first, the function values differ by less than epsilon.","A function is continuous at a point if and only if for every positive epsilon, there exists a positive delta such that the image of the open ball centered at the point with radius delta is contained within the open ball centered at the function value with radius epsilon.",Every crisp function from the reals to the reals is epsilon-delta continuous at every crisp real number.
latex,int01,"$\int_0^1 x^2 \, dx = 1/3$",integral of x squared from 0 to 1 equals one third,-1,,Top results are off-topic and do not address the integral of x squared from 0 to 1.,The definite integral of x squared from 0 to 2 equals eight thirds.,"For a function continuous on the interval from negative one-half to three-halves, the integral of f of three x squared minus two x cubed from negative one-half to three-halves equals twice the integral of the same function from zero to one.","The Lebesgue integral of f over the interval from zero to one equals a rational expression in terms of p0, p1, and p2. The numerator is p1 squared plus p0 times p1 plus p0 times p2. The denominator is one minus p0 squared minus two times p1 times p2. This equality holds under the"
latex,int01,integral of x squared from 0 to 1 is one third,integral of x squared from 0 to 1,-1,,Top results do not address the integral of x squared from 0 to 1.,The definite integral of x squared from 0 to 2 equals eight thirds.,"The integral of one over the square root of a squared minus x squared, raised to the third power, equals x divided by a squared times the square root of a squared minus x squared, plus a constant of integration.","For a function continuous on the interval from negative one-half to three-halves, the integral of f of three x squared minus two x cubed from negative one-half to three-halves equals twice the integral of the same function from zero to one."
word_order,pyth_wo,Pythagorean theorem,Pythagorean theorem,2,1,"Top-1 provides a clear, accurate definition of the Pythagorean theorem.","In a right triangle, the sum of the squares of the two shorter sides equals the square of the hypotenuse.","The Pythagorean theorem states that in a right triangle, the square of the length of the hypotenuse equals the sum of the squares of the lengths of the other two sides. This relationship is expressed as a squared plus b squared equals c squared. It applies to all right triangles.","In a right triangle, the square of the length of the hypotenuse equals the sum of the squares of the lengths of the other two sides. This holds when the angle at vertex a is a right angle. The distances between points a and b, a and c, and b and c are considered. The squared dist"
word_order,pyth_wo,theorem of Pythagoras,Pythagorean theorem,2,1,Top-1 provides a clear and accurate definition of the Pythagorean theorem.,"In a right triangle, the square of the hypotenuse equals the sum of the squares of the other two sides. This relationship holds for all right triangles. It is a fundamental principle in geometry. The theorem is named after the ancient Greek mathematician Pythagoras.","In a right triangle, the sum of the squares of the two shorter sides equals the square of the hypotenuse.",The theorem presents a mathematical statement with a formal designation.
word_order,law_cosines,law of cosines,law of cosines (cosine rule),2,1,Top-1 provides a clear and accurate explanation of the law of cosines.,The law of cosines relates the lengths of the sides of a triangle to the cosine of one of its angles. It states that the square of one side equals the sum of the squares of the other two sides minus twice their product multiplied by the cosine of the included angle. This holds fo,The law of cosines relates the squares of side lengths in a triangle to the cosine of an angle. It states that the square of one side equals the sum of the squares of the other two sides minus twice their product times the cosine of the included angle. When the angle is a right a,"In any triangle, the square of one side equals the sum of the squares of the other two sides minus twice their product multiplied by the cosine of the included angle. This relationship holds regardless of whether the angle is acute or obtuse. It generalizes the Pythagorean theore"
word_order,law_cosines,cosine law,law of cosines,1,1,A clear match appears in top-3 but not at rank 1.,"In any triangle, the square of one side equals the sum of the squares of the other two sides minus twice their product multiplied by the cosine of the included angle. This relationship holds regardless of whether the angle is acute or obtuse. It generalizes the Pythagorean theore","In a right triangle with the right angle at A, the square of the side opposite the right angle equals the sum of the squares of the other two sides minus twice their product times the cosine of the angle opposite the third side. This is a specific case of the Law of Cosines appli",The cosine of the sum of two angles equals the product of their cosines minus the product of their sines.
word_order,law_cosines,cosines law,law of cosines,2,1,"Top-1 is a clear, on-target match for the law of cosines.",The law of cosines relates the squares of side lengths in a triangle to the cosine of an angle. It states that the square of one side equals the sum of the squares of the other two sides minus twice their product times the cosine of the included angle. When the angle is a right a,The law of cosines relates the lengths of the sides of a triangle to the cosine of one of its angles. It states that the square of one side equals the sum of the squares of the other two sides minus twice their product multiplied by the cosine of the included angle. This holds fo,"In any triangle, the square of one side equals the sum of the squares of the other two sides minus twice their product multiplied by the cosine of the included angle. This relationship holds regardless of whether the angle is acute or obtuse. It generalizes the Pythagorean theore"
user_log,,apple,(adversarial - skip),-2,,"All slogans are irrelevant mathematical statements, not related to the search term 'apple'.",The theorem presents a mathematical statement with a formal designation.,The lemma states a specific mathematical result.,The theorem is stated.
user_log,,Graph,graph theory definition,0,,Top results are tangentially related to graph theory but do not provide a clear definition.,The theorem states that the graph's edge set has a certain property.,The cited work presents a mathematical result. The theorem involves a specific graphic or diagram. The details are contained within the referenced source material.,The graph is a tree in the context of the given proposition.
user_log,,planck,Planck's constant or Fokker-Planck equation,-1,,Top results are unrelated to Planck's constant or Fokker-Planck equation.,Pólya's conjecture holds for the Dirichlet Laplacian on all planar annuli. The inequality is valid for all parameters in the specified sets. This confirms the expected eigenvalue behavior for these domains.,"The Polya conjecture is valid in one dimension. For a nonzero integrable function taking values between zero and one, the k-th eigenvalue is bounded above. The bound is given by pi squared times k squared divided by the square of the integral of the function.",Planar graphs satisfy the inertia bound conjecture.
user_log,,landau equation,Landau equation in plasma kinetics,-1,,Top results are off-topic and do not address the Landau equation in plasma kinetics.,The referenced equation in the lemma holds.,The theorem considers an equation.,The function L satisfies the given equation.
user_log,,vector space,vector space definition / properties,1,3,"A clear match appears in top-3 but not at rank 1, specifically about the structure of vector spaces.",The theorem holds for the language of vector spaces.,The theorem considers a finitely generated vector space.,The definition provides an exact structure on the vector space.
user_log,,Sequence of triangular numbers,triangular numbers,0,,Only tangentially related; nothing in top-3 directly answers the query about triangular numbers.,The square of the nth triangular number equals the sum of the nth triangular number and the product of the previous and next triangular numbers.,"Triangular numbers satisfy a specific polynomial equation. If three distinct positive integers in increasing order satisfy this equation, they must be three consecutive triangular numbers.","The sequence value at index r minus u sub r equals u sub r when r plus one is a triangular number. If r plus one is not triangular, then the value at that index equals u sub r minus one. This property relates the sequence to triangular numbers. It provides a conditional identity "
user_log,,Serre Vanishing for Quasi Projective varieties,Serre vanishing theorem on quasi-projective varieties,0,,Only tangentially related; none of the top-3 directly addresses Serre vanishing for quasi-projective varieties.,"Serre vanishing states that for a projective regular variety, the cohomology groups vanish in positive degrees.",A coherent sheaf on a projective variety with a basepoint-free ample divisor satisfies a vanishing condition for cohomology groups. The vanishing involves twisting the sheaf by negative multiples of the divisor. This property holds under the given hypotheses.,"For a projective variety with an ample Cartier divisor, and a coherent sheaf satisfying Serre's condition S_n, the cohomology groups vanish in degrees less than the minimum of n and the dimension of the variety. This holds after twisting by a sufficiently large negative multiple "
user_log,,non linear sequence of function turn to linear,(unclear intent — sequence of nonlinear functions converging linearly?),0,,Only tangentially related; none of the top-3 directly address the convergence of nonlinear functions to linear forms.,The claim holds for a sequence of continuous functions mapping the space of continuous functions on the non-negative reals to itself.,The theorem applies to linear functions.,"The theorem states that given specific functions and a defined term, a particular equality holds when another function is set to a linear expression."
user_log,,Nesterov accelerated method proof,Nesterov's accelerated gradient method convergence proof,1,3,"A clear match appears in top-3 but not at rank 1, focusing on convergence proof aspects.",Nesterov's accelerated method with specified parameters bounds the squared norm of the iterate at step t. The bound is expressed in terms of the squared norms of the initial and first iterates. The bound involves a factor of the condition number kappa. The inequality ensures the ,The function f achieves the lower performance bound for convex optimization. The iterate y_N from the Nesterov method reaches this bound. This result holds for smooth convex functions on real vector spaces. The proof is provided in a referenced proposition.,The sequence defined by Nesterov's method converges to the optimal value. The convergence rate is inversely proportional to the square of the number of iterations. The bound depends on the smoothness constant and the initial distance to the optimum. The step sizes and momentum pa
user_log,,continuous-time model convergence of anchor acceleration,continuous-time analysis of anchor acceleration / Nesterov,1,3,"A clear match appears in top-3, specifically regarding continuous-time convergence and conditions for anchor acceleration.","The continuous-time version of the system converges almost surely to the averaged system over any finite time interval as the parameter epsilon approaches zero. The result holds under assumptions of local linearity, ergodicity, and existence of the averaged system. The convergenc",The continuous-time limit of the algorithm is a rescaled gradient flow defined by a specific differential equation. This flow converges at a rate inversely proportional to time raised to the power of p minus one. The convergence bound depends on the radius of the level set from t,The continuous-time version of the system converges almost surely to a deterministic limit over any finite time interval as the parameter epsilon approaches zero. The convergence is uniform on the interval. This result holds under assumptions of local linearity and ergodicity. Th
user_log,,The stochastic gradient descent converges,convergence of SGD,2,1,Top-1 provides a clear and direct explanation of SGD convergence.,The sequence generated by stochastic gradient descent converges in expectation to the optimal solution. The expected squared distance to the optimum decreases exponentially over time. The convergence rate depends on the step size and problem constants. A residual error term remai,"Stochastic Gradient Descent applied to a Bottou-Curtis-Nocedal function produces iterates that converge to a stationary point. The gradient norm of the function at these iterates approaches zero in the limit. This convergence holds with probability one, conditioned on the initial","Stochastic gradient descent applied to a smooth and Lipschitz function yields a bound on the average expected squared gradient norm. The bound depends on the initial optimality gap, the smoothness constant, and the gradient variance. It also decreases with the square root of the "
concept_synonym,compact_syn,compact metric space,compact metric space definition or theorem,-1,,Top-3 results are vague and do not provide a clear definition or theorem about compact metric spaces.,The metric space is compact.,The metric space is compact.,The space with the given metric is compact.
concept_synonym,compact_syn,closed and bounded subset of Euclidean space,Heine-Borel: compact iff closed and bounded in R^n,2,1,"Top-1 is a clear, on-target match for the Heine-Borel theorem.",A subset of Euclidean space is compact precisely when it is both closed and bounded.,A subspace of Euclidean space is compact if and only if it is both closed and bounded.,A subset of n-dimensional Euclidean space is compact if and only if it is both closed and bounded.
concept_synonym,compact_syn,Heine-Borel theorem,Heine-Borel theorem,2,1,Top-1 provides a clear and accurate definition of the Heine-Borel theorem.,"Every closed and bounded set of real numbers has the property that any open cover of it contains a finite subcover. This means that if a collection of open sets completely covers such a set, then a finite number of those open sets is sufficient to cover it. This result is known a",A closed interval is compact in the sense of Heine-Borel for inductive covers. This means that any open cover of the interval has a finite subcover. The result holds specifically for closed intervals on the real line. It connects compactness with the structure of open and closed ,Every open cover of a closed and bounded set in n-dimensional Euclidean space has a finite subcover.
concept_synonym,diff_syn,differentiable implies continuous,if a function is differentiable then it is continuous,2,1,"Top-1 directly states that differentiability implies continuity, perfectly matching the search intent.",Differentiability at a point implies continuity at that point for a function mapping an interval into a normed vector space.,"The theorem states that if a function is continuous and differentiable, then it has a derivative at every point. It also asserts that the function's derivative is itself continuous. The result applies to functions defined on an interval.",Differentiability at a point implies continuity at that point. A function that has a derivative at a given location must also be continuous there. This holds for functions of one or more variables. The result is a fundamental property in calculus.
concept_synonym,diff_syn,every differentiable function is continuous,differentiable implies continuous,2,1,"Top-1 directly states that differentiability implies continuity, perfectly matching the search intent.","The theorem states that if a function is continuous and differentiable, then it has a derivative at every point. It also asserts that the function's derivative is itself continuous. The result applies to functions defined on an interval.","A continuously differentiable function is also continuous. This means if a function has a continuous derivative, then the function itself is continuous. The result holds for real-valued functions.","If a complex function is differentiable at every point, then its derivative is continuous."
eponym,fermat_named,theorem named after Fermat about integer powers,Fermat's Last Theorem,1,3,A clear match appears in top-3 but not at rank 1.,Fermat's Last Theorem holds for all odd integers greater than two.,No Fermat number is a perfect power. This holds for all integers greater than one in the exponent.,"Fermat's Last Theorem states that no three positive integers can satisfy the equation x to the fourth plus y to the fourth equals z to the fourth. This is a specific case of the theorem, which applies to all exponents greater than two. The equation has no nonzero integer solution"
eponym,fermat_named,Fermat's Last Theorem,Fermat's Last Theorem,2,1,"Top-1 is a clear, on-target match for Fermat's Last Theorem.","Fermat's Last Theorem states that for any integer n greater than or equal to three, there are no nonzero integer solutions to the equation X to the n plus Y to the n equals Z to the n. The only exceptions occur when at least one of the variables X, Y, or Z is zero. This result wa","Fermat's Last Theorem states that for natural numbers n greater than two, there are no solutions to the equation x raised to the n plus y raised to the n equals z raised to the n. This holds for all positive integers x, y, and z. The theorem was famously proven by Andrew Wiles in","For any natural number n greater than two, the equation X to the n plus Y to the n equals Z to the n has no solutions in nonzero integers."
eponym,fermat_named_little,Fermat little theorem,Fermat's little theorem: a^p ≡ a mod p,1,1,A clear match appears in top-3 but not at rank 1.,"For any prime number p and any integer a, the value of a raised to the power p minus a is divisible by p. This can also be stated as a to the p is congruent to a modulo p. This result is known as Fermat's little theorem. It holds for all integers a and primes p.","Fermat's Theorem states that for any prime number p and any integer a not divisible by p, raising a to the power of p minus one yields a result congruent to one modulo p.","For a prime number p and any integer a not divisible by p, raising a to the power of p minus one and subtracting one yields a multiple of p. Equivalently, a to the p minus one power leaves a remainder of one when divided by p. This result is known as Fermat's Little Theorem. It i"
eponym,fermat_named_little,Fermat's little theorem,Fermat's little theorem,2,1,"Top-1 is a clear, on-target match for Fermat's little theorem.","For any prime number p and any integer a, the value of a raised to the power p minus a is divisible by p. This can also be stated as a to the p is congruent to a modulo p. This result is known as Fermat's little theorem. It holds for all integers a and primes p.","Fermat's Little Theorem states that for any prime number p and any integer a not divisible by p, raising a to the power of p minus one yields a result congruent to one modulo p.","Fermat's Little Theorem states that for any positive integer a not divisible by a prime p, raising a to the power of p minus one yields a result congruent to one modulo p."
eponym,cauchy_thm,Cauchy's theorem,"Cauchy's theorem (group theory: prime divides order implies element of that order, OR complex analysis integral theorem)",1,1,"Cauchy's integral theorem is relevant, but not the primary focus of the search intent.",Cauchy's integral theorem states that the contour integral of a holomorphic function around a simple closed curve is zero. This holds when the function is holomorphic on an open set containing the curve and its interior. The curve must be entirely contained within the domain of t,The lemma states a specific mathematical result.,The theorem holds as stated.
eponym,cauchy_thm,Cauchy theorem group theory,Cauchy's theorem in group theory,2,1,"Top-1 is a clear, on-target match for Cauchy's theorem in group theory.","Cauchy's theorem states that for any finite group, if a prime divides the group's order, then the group must contain an element whose order is that prime. This also implies the existence of a subgroup of that prime order. The result holds for all finite groups, regardless of whet","Cauchy's theorem states that for any finite group and any prime number dividing the group's order, there exists an element in the group whose order is exactly that prime.","Cauchy's theorem states that for any prime number dividing the order of a finite group, the group must contain an element whose order is that prime. This means if a prime divides the group size, there exists an element in the group that, when raised to that prime power, gives the"
eponym,cauchy_thm,Cauchy theorem complex analysis,Cauchy's integral theorem in complex analysis,2,1,"Top-1 is a clear, on-target match for Cauchy's integral theorem.","Cauchy's theorem states that for a holomorphic function defined on a simply connected open subset of the complex plane, the contour integral along any closed rectifiable path is zero.",Cauchy's integral theorem states that the contour integral of a holomorphic function around a simple closed curve is zero. This holds when the function is holomorphic on an open set containing the curve and its interior. The curve must be entirely contained within the domain of t,Cauchy's integral theorem states that the line integral of a holomorphic function around a closed curve is zero. This holds when the function is analytic on a simply connected domain. The curve must be entirely contained within this domain. The result applies to any closed path i
verbose_long,verbose_flt,Can you tell me the most important results about Fermat's last theorem?,Fermat's Last Theorem,1,2,"A clear match appears in top-3 but not at rank 1, providing relevant information about the theorem.",Fermat's Last Theorem holds if all semistable elliptic curves are modular.,"Fermat's Last Theorem states that for any integer n greater than or equal to three, there are no nonzero integer solutions to the equation X to the n plus Y to the n equals Z to the n. The only exceptions occur when at least one of the variables X, Y, or Z is zero. This result wa","Fermat's Last Theorem holds in general if it is true for exponents that are odd primes or four, assuming the variables are pairwise coprime. This reduction shows that the general case follows from these specific exponent cases. The pairwise coprime condition simplifies the proble"
verbose_long,verbose_flt,Fermat's Last Theorem,Fermat's Last Theorem,2,1,"Top-1 is a clear, on-target match for Fermat's Last Theorem.","Fermat's Last Theorem states that for any integer n greater than or equal to three, there are no nonzero integer solutions to the equation X to the n plus Y to the n equals Z to the n. The only exceptions occur when at least one of the variables X, Y, or Z is zero. This result wa","Fermat's Last Theorem states that for natural numbers n greater than two, there are no solutions to the equation x raised to the n plus y raised to the n equals z raised to the n. This holds for all positive integers x, y, and z. The theorem was famously proven by Andrew Wiles in","For any natural number n greater than two, the equation X to the n plus Y to the n equals Z to the n has no solutions in nonzero integers."
verbose_long,verbose_compact,I want to find theorems about compactness in topology and especially about products of compact spaces,Tychonoff theorem / product of compacts,2,1,"Top-1 directly addresses the query about compactness and product spaces, specifically mentioning the product topology.",Finite products of compact sets are compact. This holds in any topological space. The result applies to the product topology. It is a fundamental theorem in general topology.,The product of any family of compact topological spaces is itself compact under the product topology.,The product of any family of compact topological spaces is compact under the product topology.
verbose_long,verbose_compact,product of compact spaces is compact,Tychonoff theorem,2,1,"Top-1 directly states Tychonoff's theorem, clearly addressing the query about compact spaces.",The product of any family of compact topological spaces is itself compact under the product topology.,The product of any family of compact topological spaces is compact under the product topology.,The product of any collection of compact topological spaces is itself compact when equipped with the product topology.
negation,discont,discontinuous function,function that is not continuous; nowhere continuous examples,-1,,Top results discuss properties of discontinuous functions but do not provide examples or clear definitions relevant to the query.,The dimension of the set where a definable function is discontinuous is strictly less than the dimension of its domain.,The set of points where a definable function is discontinuous has dimension strictly less than the dimension of its domain.,The conclusion of the previous theorem remains valid even if the function u is not continuous.
negation,discont,function that is not continuous,function that is not continuous,1,3,"A clear match appears in top-3 but not at rank 1, discussing non-continuous functions.",A definable function from a set to itself is continuous everywhere except at a finite number of points.,A functional f from E to the reals is un-continuous exactly when it is wun-continuous.,The function d loc M from M prime to the closed interval from zero to one is not continuous.
negation,discont,non continuous function,discontinuous function,1,3,"A clear match appears in top‑3 but not at rank 1, discussing discontinuous functions.",The conclusion of the previous theorem remains valid even if the function u is not continuous.,A functional f from E to the reals is un-continuous exactly when it is wun-continuous.,A subset of the real numbers with positive outer measure exists. There is a function defined on this subset. The restriction of this function to any subset of positive outer measure is never continuous.
single_word,,topology,topology basics / definition,0,,The results discuss theorems related to topology but do not provide basic definitions or introductory information.,The theorem states properties for topological spaces A and B. It lists assertions regarding these spaces. The first assertion is provided. The theorem is from a cited source.,The theorem describes the properties of a topological space. It characterizes the space using specific mathematical conditions. The result establishes fundamental relationships within the space.,The theorem considers a topological space defined by a set and its topology. It also introduces a subset of that set.
single_word,,manifold,manifold definition,-1,,"Top results focus on theorems involving manifolds, not a definition.",The theorem concerns a manifold M.,The domain is a smooth manifold. \end{theorem},The theorem assumes that M to the n is a manifold.
single_word,,ring,ring definition (algebra),0,,The results discuss properties of rings but do not provide a clear definition of a ring in algebra.,The theorem's claims about the ring structure are valid.,The theorem states conditions for a ring R. It lists equivalent properties. The result is cited from a specific reference.,The theorem considers a ring R and lists several statements about it.
single_word,,field,field definition (algebra),0,,The results discuss properties of fields but do not provide a clear definition of 'field' in algebra.,The proposition is valid for every field.,The main theorem is valid over any finite field.,The theorem holds when the field is algebraically closed.
single_word,,group,group definition (algebra),-1,,"Top-3 results are off-topic, focusing on theorems rather than the definition of a group in algebra.",The theorem is presented within a group environment.,The theorem begins with a group declaration.,The theorem begins with a group declaration.
single_word,,Galois,Galois theory or Galois group,2,1,"Top-1 directly addresses Galois theory, providing a clear and relevant match.",The proof may assume the field extension is Galois.,The extension L over F is Galois.,"The fundamental theorem of Galois theory establishes a correspondence between subgroups of the Galois group and intermediate field extensions. For a finite Galois extension, the fixed field of the full Galois group is the base field. The map sending a subgroup to its fixed field "
single_word,,Lie,Lie group / Lie algebra,1,2,"A clear match appears in top-3 but not at rank 1, relevant to Lie algebras.",The main theorem is a consequence of a corresponding result for Lie algebras.,"Sophus Lie's Third Principal Theorem states that for every profinite-dimensional real Lie algebra, there exists a simply connected pro-Lie group. The Lie algebra of this group is isomorphic to the given Lie algebra. This establishes a fundamental correspondence between such Lie a",The theorem establishes identifications between Lie algebras.
single_word,,homotopy,homotopy in topology,1,1,"A clear match appears in top-3 but not at rank 1, focusing on homotopy equivalence.",The theorem states a homotopy equivalence exists.,The theorem states a homotopy equivalence exists.,The theorem states a homotopy equivalence exists.
single_word,,homology,homology theory,1,2,"A clear match appears in top-3, but not at rank 1; relevant to homology theory.",The function induces an isomorphism on homology groups.,The homology of the pair is well-defined.,The theorem states a homotopy equivalence exists.
single_word,,cohomology,cohomology theory,1,2,"A clear match appears in top-3 but not at rank 1, focusing on cohomology isomorphisms.",The theorem describes a cohomology isomorphism for certain sheaves. It applies when n is at least m and ell is between zero and m minus one. The value lambda is the largest nonnegative integer such that ell plus lambda times m is at most n minus one. The result equates the cohomo,The homomorphism induces an isomorphism in cohomology.,The homomorphism induces an isomorphism in cohomology.
symbol_vs_word,z_sym,Z/nZ is a ring,Z/nZ ring of integers mod n,1,2,"A clear match appears in top-3, specifically about the ring of integers modulo n.",The set Z_n is closed.,"Assume that R is the ring of integers modulo n. Then, the theorem holds for this case.",The ring of integers modulo n is both Noetherian and Artinian.
symbol_vs_word,z_sym,integers mod n form a ring,Z/nZ ring,1,3,"Top-3 includes relevant information about the ring of integers modulo n, but top-1 is not a direct match.","Assume that R is the ring of integers modulo n. Then, the theorem holds for this case.","If n is an integer, then the ring of integers modulo n is a GPP-ring.",The ring of integers modulo n is both Noetherian and Artinian.
symbol_vs_word,limit_sym,limit as n goes to infinity of (1+1/n)^n is e,definition of e via limit,2,1,"Top-1 directly defines e via the limit, perfectly matching the search intent.",Euler's number e equals the limit as n approaches infinity of n divided by the nth root of n factorial.,"The limit of n times the quantity one minus the natural logarithm of n divided by n, all raised to the nth power, as n approaches infinity, equals the mathematical constant e.","The limit of one plus one over n, raised to the n, as n approaches infinity, equals Euler's number."
symbol_vs_word,limit_sym,lim_{n -> infty} (1+1/n)^n = e,definition of e,1,3,"A clear match appears in top-3 but not at rank 1, specifically rank 3 defines e directly.",Euler's number e equals the limit as n approaches infinity of n divided by the nth root of n factorial.,"The limit of n times the quantity one minus the natural logarithm of n divided by n, all raised to the nth power, as n approaches infinity, equals the mathematical constant e.","The limit of one plus one over n, raised to the n, as n approaches infinity, equals Euler's number."
symbol_vs_word,deriv_sym,d/dx sin(x) = cos(x),derivative of sine is cosine,2,1,"Top-1 directly states the derivative of sine is cosine, perfectly matching the search intent.",The derivative of sine x is cosine x.,The derivative of the sine function is the cosine function.,"The derivative of the sine function is the cosine function. For any input x, the rate of change of sin(x) is given by cos(x). This result is a fundamental identity in calculus. It holds for all real numbers x."
symbol_vs_word,deriv_sym,the derivative of sine is cosine,derivative of sin is cos,2,1,"Top-1 is a clear, on-target match for the derivative of sine.",The derivative of the sine function is the cosine function.,The derivative of sine x is cosine x.,"The derivative of the sine function is the cosine function. For any input x, the rate of change of sin(x) is given by cos(x). This result is a fundamental identity in calculus. It holds for all real numbers x."
non_english,german,Hauptsatz der Algebra,fundamental theorem of algebra (German),2,1,"Top-1 is a clear, on-target match for the fundamental theorem of algebra.",Every complex polynomial of degree at least one has at least one complex root.,Every complex polynomial of degree at least one has at least one complex root.,The field of complex numbers is algebraically closed. Every non-constant polynomial with complex coefficients has at least one complex root. This result holds for polynomials of any positive degree. It is a foundational statement in algebra.
non_english,german,fundamental theorem of algebra,fundamental theorem of algebra,2,1,"Top-1 is a clear, on-target match for the fundamental theorem of algebra.",Every complex polynomial of degree at least one has at least one complex root.,Every complex polynomial of degree at least one has at least one complex root.,The field of complex numbers is algebraically closed. Every non-constant polynomial with complex coefficients has at least one complex root. This result holds for polynomials of any positive degree. It is a foundational statement in algebra.
non_english,french,théorème de Fermat,Fermat's theorem (French),-1,,Top results are generic and do not specifically address Fermat's theorem.,A theorem is stated with a specific number and a formal name.,The theorem presents a mathematical statement with a formal designation.,The theorem is stated.
non_english,french,Fermat's theorem,Fermat's theorem,0,,Slogans are too vague and do not specifically address Fermat's theorem.,The theorem presents a mathematical statement with a formal designation.,A theorem is stated with a specific number and a formal name.,A theorem is stated with a specific name and number.
concept_synonym,irr_root2,square root of 2 is irrational,irrationality of sqrt 2,2,1,Top-1 directly addresses the irrationality of the square root of 2.,The square root of two is not a rational number. It cannot be expressed as a ratio of two integers.,The square root of two is not a rational number. It cannot be expressed as a ratio of two integers. This holds true regardless of the integers chosen.,"For any integer n greater than or equal to two, the nth root of two is not a rational number."
concept_synonym,irr_root2,sqrt(2) is not rational,irrationality of sqrt 2,2,1,Top-1 directly addresses the irrationality of sqrt(2) clearly and accurately.,The square root of two is not a rational number. It cannot be expressed as a ratio of two integers.,The square root of two is not a rational number. It cannot be expressed as a ratio of two integers. This holds true regardless of the integers chosen.,"For any integer n greater than or equal to two, the nth root of two is not a rational number."
concept_synonym,irr_root2,$\sqrt{2}$ is irrational,irrationality of sqrt 2,2,1,"Top-1 directly states that sqrt(2) is not rational, clearly addressing the query.",The square root of two is not a rational number. It cannot be expressed as a ratio of two integers.,The square root of two is not a rational number. It cannot be expressed as a ratio of two integers. This holds true regardless of the integers chosen.,"The square root of two cannot be expressed as a ratio of two positive integers. This means it is not a rational number. Therefore, the square root of two is irrational."
concept_synonym,inf_primes,infinitude of primes,infinitely many primes,2,1,"Top-1 is a clear, on-target match for the infinitude of primes.",The integers contain an infinite number of prime numbers.,"Prime numbers exceed any finite set of primes that is provided. This means no matter how many primes are listed, there is always at least one more prime number. The theorem implies the infinitude of primes. It establishes that primes cannot be completely enumerated in a finite li",There are infinitely many prime numbers. A prime number is a natural number greater than one that has no positive divisors other than one and itself. This result means no finite list of primes can contain all primes. The proof relies on showing that any finite list of primes must
concept_synonym,inf_primes,primes are infinite,infinitely many primes,2,1,"Top-1 is a clear, on-target match stating the infinitude of primes.",The integers contain an infinite number of prime numbers.,There are infinitely many prime numbers. A prime number is a natural number greater than one that has no positive divisors other than one and itself. This result means no finite list of primes can contain all primes. The proof relies on showing that any finite list of primes must,"Prime numbers exceed any finite set of primes that is provided. This means no matter how many primes are listed, there is always at least one more prime number. The theorem implies the infinitude of primes. It establishes that primes cannot be completely enumerated in a finite li"
concept_synonym,inf_primes,there is no largest prime,infinitely many primes,2,1,"Top-1 is a clear, on-target match for the query about the infinitude of primes.",Prime numbers are infinite in number. There is no largest prime. The set of all primes continues without end.,"There is no largest prime number. The sequence of prime numbers continues infinitely without end. For any given prime, a larger one can always be found. This means primes are unbounded in size.","Prime numbers exceed any finite set of primes that is provided. This means no matter how many primes are listed, there is always at least one more prime number. The theorem implies the infinitude of primes. It establishes that primes cannot be completely enumerated in a finite li"
famous_long,ban_tarski,Banach-Tarski paradox,Banach-Tarski paradox,1,3,A clear match appears in top-3 but not at rank 1.,The unit sphere centered at the origin in three-dimensional space is paradoxical under the action of the rotation group. This means it can be decomposed into finitely many disjoint subsets that can be reassembled using only rotations to form two identical copies of the original s,"A subset A of a set X, on which a group G acts, is paradoxical if it can be partitioned into two disjoint subsets A1 and A2. Both A1 and A2 are equidecomposable with A itself. Equidecomposability means each subset can be broken into finitely many pieces that can be reassembled us",A unit ball in three-dimensional Euclidean space can be cut into finitely many pieces. These pieces can be reassembled to form two identical unit balls. This means the original ball is equidecomposable into two copies of itself. The result holds specifically in three dimensions.
famous_long,ban_tarski,Banach Tarski paradox,Banach-Tarski paradox,1,2,A clear match appears in top-3 but not at rank 1.,A unit ball in three-dimensional Euclidean space can be cut into finitely many pieces. These pieces can be reassembled to form two identical unit balls. This means the original ball is equidecomposable into two copies of itself. The result holds specifically in three dimensions.,A ball can be broken into a finite number of pieces. These pieces can be rearranged using only rotation and translation. The reassembly produces two balls identical to the original. This holds true for any ball in three dimensions.,The unit sphere can be split into two disjoint parts. Each part can be further divided into a countable number of pieces. These pieces can be rotated to reassemble into a full copy of the unit sphere. This holds true for both parts of the original partition.
famous_long,ban_tarski,you can split a sphere and reassemble two,Banach-Tarski paradox,2,1,Top-1 directly explains the Banach-Tarski paradox clearly and accurately.,A sphere's surface can be broken into a finite number of parts. These parts can be moved and rotated without stretching. They can then be rearranged to form two separate spheres identical to the original. This result holds without changing the size or shape of the pieces.,The unit sphere can be split into two disjoint parts. Each part can be further divided into a countable number of pieces. These pieces can be rotated to reassemble into a full copy of the unit sphere. This holds true for both parts of the original partition.,A sphere or ball can be divided into a few pieces. These pieces can be rearranged using only rotations and translations. The result is two spheres or balls identical to the original. This shows a paradoxical duplication of geometric objects.
famous_long,godel,Gödel incompleteness theorem,Gödel's incompleteness theorems,2,1,"Top-1 is a clear, on-target match for Gödel's incompleteness theorems.",Gödel's first incompleteness theorem states that any recursively axiomatized extension of Peano arithmetic which is omega-consistent must be incomplete. This means there are statements in the language of arithmetic that can neither be proved nor disproved within the system. The s,"Gödel's first incompleteness theorem states that for any recursively axiomatized extension of Peano arithmetic, there exists a Gödel sentence. If the theory is consistent, it cannot prove this sentence. If the theory is omega-consistent, it cannot prove the negation of the senten",Gödel's first incompleteness theorem states that any decidable theory which includes a certain minimal arithmetic is incomplete. This means there exist statements within the theory that can neither be proved nor disproved. The theorem applies to formal systems capable of expressi
famous_long,godel,Godel incompleteness theorem,Gödel's incompleteness theorem,2,1,"Top-1 is a clear, on-target match for Gödel's incompleteness theorem.",Gödel's first incompleteness theorem states that any recursively axiomatized extension of Peano arithmetic which is omega-consistent must be incomplete. This means there are statements in the language of arithmetic that can neither be proved nor disproved within the system. The s,"Gödel's first incompleteness theorem states that for any recursively axiomatized extension of Peano arithmetic, there exists a Gödel sentence. If the theory is consistent, it cannot prove this sentence. If the theory is omega-consistent, it cannot prove the negation of the senten","Godel's incompleteness theorem states that for any recursive set of true sentences about the natural numbers, there exists a true sentence that cannot be proven from that set. This means no consistent formal system capable of expressing arithmetic can prove all truths about natur"
famous_long,godel,Goedel incompleteness theorem,Gödel's incompleteness theorem,2,1,"Top-1 is a clear, on-target match for Gödel's incompleteness theorem.",Gödel's first incompleteness theorem states that any recursively axiomatized extension of Peano arithmetic which is omega-consistent must be incomplete. This means there are statements in the language of arithmetic that can neither be proved nor disproved within the system. The s,"Gödel's first incompleteness theorem states that for any recursively axiomatized extension of Peano arithmetic, there exists a Gödel sentence. If the theory is consistent, it cannot prove this sentence. If the theory is omega-consistent, it cannot prove the negation of the senten",Gödel's first incompleteness theorem states that any decidable theory which includes a certain minimal arithmetic is incomplete. This means there exist statements within the theory that can neither be proved nor disproved. The theorem applies to formal systems capable of expressi
famous_long,godel,incompleteness theorem,Gödel incompleteness,2,1,Top-1 directly addresses Gödel's incompleteness theorem clearly and accurately.,No formal proof system that can express statements about its own provability can be both sound and complete.,"Assuming a theory is consistent, it cannot be complete. This means there are statements within the theory that are neither provable nor disprovable. The result applies to formal systems capable of expressing basic arithmetic. It establishes inherent limitations in formal mathemat",Gödel's first incompleteness theorem states that any recursively axiomatized extension of Peano arithmetic which is omega-consistent must be incomplete. This means there are statements in the language of arithmetic that can neither be proved nor disproved within the system. The s
concept_synonym,stone_w,polynomials are dense in continuous functions on a compact interval,Stone-Weierstrass / Weierstrass approximation,2,1,Top-1 directly addresses the density of polynomials in continuous functions on compact intervals.,The set of polynomials is dense in the space of continuous real-valued functions on a compact set. This means any continuous function can be uniformly approximated by polynomials. The result holds under appropriate conditions on the domain.,Polynomial approximations are dense in the space of continuous functions on a compact set under uniform convergence.,"For a compact subset of the real numbers, the set of polynomial functions is dense in the space of continuous functions on that subset."
concept_synonym,stone_w,Stone-Weierstrass theorem,Stone-Weierstrass theorem,2,1,"Top-1 is a clear, on-target match for the Stone-Weierstrass theorem.","The Stone-Weierstrass theorem states that a unital star-subalgebra of complex continuous functions on a compact space, which separates points, is dense in the space of all complex continuous functions. The algebra is closed under complex conjugation and contains the constant func","The Stone-Weierstrass theorem applies to a compact Hausdorff space and a subalgebra of continuous real-valued functions. The subalgebra is dense in the space of all such continuous functions if and only if it contains a nonzero constant function. Additionally, the subalgebra must",The Stone-Weierstrass theorem states that an algebra of continuous functions on a compact metric space is dense in the space of all continuous functions if it does not vanish anywhere and separates points.
subtle,uniform_cont,uniformly continuous,uniform continuity,1,3,"A clear match appears in top-3 but not at rank 1, addressing uniform continuity effectively.",The function is uniformly continuous.,The theorem holds when the functions are uniformly continuous and take values within a fixed positive interval.,A Lipschitz continuous function between two metric spaces is also uniformly continuous. This holds for any function satisfying the Lipschitz condition. The uniform continuity follows directly from the Lipschitz property.
subtle,uniform_cont,uniform continuity,uniform continuity,1,2,"A clear match appears in top-3 but not at rank 1, relevant to uniform continuity.",The function is uniformly continuous.,The assumption of uniform continuity is satisfied in the current setting.,The theorem holds when the functions are uniformly continuous and take values within a fixed positive interval.
subtle,uniform_cont,continuous uniformly,uniform continuity,2,1,"Top-1 directly addresses uniform continuity, clearly matching the searcher's intent.",The function is uniformly continuous.,A function defined and continuous on a closed interval is uniformly continuous on that interval.,The theorem holds when the functions are uniformly continuous and take values within a fixed positive interval.
concept_synonym,picard_lind,existence and uniqueness of solutions to ODE,Picard-Lindelöf theorem,1,3,"A clear match appears in top-3 but not at rank 1, relevant to existence and uniqueness.",The theorem establishes the existence of unique solutions for a given system of equations. Solutions exist for all time starting from a given initial time and state. The result holds under specific hypotheses and a referenced lemma. Each solution is uniquely determined by its ini,The differential equation has a unique solution under the given assumptions.,"For each initial condition in the bounded continuous functions space, the given ordinary differential equation has a unique solution for all nonnegative times in the specified function space. This solution exists in the sense established by a referenced theorem."
concept_synonym,picard_lind,Picard-Lindelöf theorem,Picard-Lindelöf,2,1,"Top-1 is a clear, on-target match for the Picard-Lindelöf theorem.",The Picard-Lindelöf theorem guarantees a unique solution to a system of ordinary differential equations under certain conditions. The vector function must be continuous in a specified region and Lipschitz continuous in its spatial variables. The initial value problem has a soluti,"The Picard-Lindelof theorem applies to an open subset of a Banach space and a mapping that is locally Lipschitz. Given an initial condition in the open subset, there exists a positive time interval. On this interval, the differential equation with that initial condition has a uni","The classical Picard-Lindelof theorem states that for a continuous function on an open subset of a Hilbert space, if the function satisfies a Lipschitz condition in its second variable, then there exists a unique solution to the associated initial value problem on some interval. "
concept_synonym,picard_lind,Cauchy-Lipschitz theorem,Cauchy-Lipschitz / Picard-Lindelöf,2,1,"Top-1 directly addresses the Cauchy-Lipschitz theorem, providing a clear and relevant match.",A locally Lipschitz function guarantees the existence of a unique local solution to the given Cauchy problem.,A function f that is continuous and globally Lipschitz in its second argument guarantees a unique continuously differentiable solution to the Cauchy problem for every initial condition in the given domain.,The Cauchy problem has a unique continuously differentiable solution for all positive times when the initial condition is once continuously differentiable and Lipschitz continuous on the real line.
concept_synonym,fixed_point,fixed point theorem on contractions,Banach fixed point theorem,2,1,"Top-1 is a clear, on-target match for the Banach fixed point theorem.",A contraction mapping on a complete metric space has a unique fixed point. The mapping must reduce distances by a constant factor less than one. The fixed point is the limit of iterating the mapping from any starting point. This result is known as the Banach fixed-point theorem.,The fixed-point equation from the referenced theorem is a contraction map.,"In a complete metric space, every contraction mapping has a unique fixed point. This fixed point is the limit of all iterated sequences of the function. The function must be a contraction, meaning it reduces distances by a constant factor. The space must be complete, ensuring tha"
concept_synonym,fixed_point,Banach fixed point theorem,Banach fixed point theorem,2,1,"Top-1 is a clear, on-target match for the Banach fixed point theorem.",A contraction mapping on a complete metric space has a unique fixed point. The mapping must reduce distances by a constant factor less than one. The fixed point is the limit of iterating the mapping from any starting point. This result is known as the Banach fixed-point theorem.,A contraction mapping in a Banach space has exactly one fixed point.,A contraction mapping in a Banach space has a unique fixed point. This fixed point is the unique solution to the equation Tx equals x. The result also holds for any closed nonempty subset of the Banach space. The theorem is attributed to a specific citation.
concept_synonym,fixed_point,contraction mapping theorem,Banach fixed point / contraction mapping,2,1,"Top-1 is a clear, on-target match for the contraction mapping theorem.",A contraction mapping on a complete metric space has a unique fixed point. The mapping must reduce distances by a constant factor less than one. The fixed point is the limit of iterating the mapping from any starting point. This result is known as the Banach fixed-point theorem.,"In a complete metric space, every contraction mapping has a unique fixed point. This fixed point is the limit of all iterated sequences of the function. The function must be a contraction, meaning it reduces distances by a constant factor. The space must be complete, ensuring tha",The fixed-point equation from the referenced theorem is a contraction map.
concept_synonym,brouwer,Brouwer fixed point theorem,Brouwer fixed point,2,1,"Top-1 is a clear, on-target match for the Brouwer fixed point theorem.",A continuous mapping from a nonempty compact convex set in R^n to itself has at least one fixed point. A fixed point is an element that maps to itself under the function. The set must be both compact and convex for the result to hold. This applies to any finite-dimensional Euclid,A continuous function mapping a compact convex set in n-dimensional Euclidean space to itself has a fixed point. The set must be both compact and convex. The fixed point is an element of the set that the function maps to itself. This result is known as the Brouwer fixed point the,Brouwer's fixed point theorem states that every continuous function from a convex compact subset of n-dimensional Euclidean space to itself has at least one fixed point. A fixed point is a point that the function maps to itself. The set must be both convex and compact. This resul
concept_synonym,brouwer,continuous self-map of disk has fixed point,Brouwer fixed point,2,1,Top-1 directly states the Brouwer fixed point theorem for continuous self-maps of the disk.,The continuous function from the n-dimensional disk to itself always has a fixed point.,A continuous function mapping a disc-like region in the plane to itself must have at least one fixed point. The region must be homeomorphic to a closed disc. This fixed point is a point that the function maps to itself.,"Every closed disk of any dimension has a fixed point under any continuous map. This means that for any continuous function mapping the disk to itself, there is at least one point that remains unchanged. The result holds regardless of the disk's dimension. It is a fundamental prop"
concept_synonym,uniform_bound,uniform boundedness principle,Banach-Steinhaus / uniform boundedness,2,1,"Top-1 is a clear, on-target match for the uniform boundedness principle.","The uniform boundedness principle states that for a sequence of bounded linear operators from a Banach space to a normed space, if the sequence of operator values is bounded at each point, then the sequence of operator norms is also bounded. This result holds without assuming the","A family of bounded linear operators between a Banach space and a normed space is uniformly bounded if the set of operator norms is bounded. This holds if, for every vector in the domain, the set of images under the operators is bounded. The theorem states that pointwise boundedn","The uniform boundedness principle applies to a collection of bounded linear functionals on a Banach space. If the functionals are pointwise bounded on the entire space, then their operator norms are uniformly bounded. The same conclusion holds if pointwise boundedness occurs on a"
concept_synonym,uniform_bound,Banach-Steinhaus theorem,Banach-Steinhaus,2,1,"Top-1 is a clear, on-target match for the Banach-Steinhaus theorem.","The uniform boundedness principle applies to a collection of bounded linear functionals on a Banach space. If the functionals are pointwise bounded on the entire space, then their operator norms are uniformly bounded. The same conclusion holds if pointwise boundedness occurs on a","The Banach-Steinhaus theorem, also known as the uniform boundedness principle, applies to a family of bounded linear operators between a Banach space and a normed space. If the set of operator values is bounded at every point in the domain, then the family of operators is uniform","The Banach-Steinhaus theorem states that if a sequence of bounded linear maps from a Banach space to a normed space converges pointwise, then the limit map is also bounded. The operator norm of the limit map is at most the limit inferior of the norms of the sequence. This result "
concept_synonym,open_map,open mapping theorem,open mapping theorem in functional analysis,2,1,"Top-1 is a clear, on-target match for the open mapping theorem in functional analysis.",A full and continuous mapping implies that the function is open.,"The open mapping theorem states that a continuous, linear, and surjective map between Banach spaces is open. This result also applies to Fréchet spaces. The theorem was generalized to locally convex spaces under certain conditions. If the domain has a web and the codomain is ultr",The open mapping theorem states that a bounded linear map between Banach spaces is open if it is surjective. This means the image of any open set under the map is also open. The result holds for complete normed vector spaces. It is a fundamental principle in functional analysis.
concept_synonym,open_map,surjective bounded linear operator is open,open mapping theorem,2,1,Top-1 directly states the open mapping theorem for surjective bounded linear operators.,A surjective bounded linear operator between Banach spaces maps open sets to open sets.,A surjective bounded linear operator between Banach spaces maps open sets to open sets. This property holds without requiring the operator to be injective. The result is a consequence of the open mapping theorem. It ensures the image of any open set under such an operator remains,A bounded surjective linear map between Banach spaces is open. This means the image of any open set under the map is also open. The result is a consequence of the open mapping theorem. It holds for complete normed spaces.
concept_synonym,hahn_banach,Hahn-Banach theorem,Hahn-Banach theorem,2,1,"Top-1 is a clear, on-target match for the Hahn-Banach theorem.",The Hahn-Banach theorem states that a continuous linear functional defined on a subspace of a normed space can be extended to the entire space. This extension preserves the original functional's values on the subspace. The norm of the extended functional equals the norm of the or,The Hahn-Banach theorem states that a linear functional defined on a subspace of a real vector space and bounded above by a sublinear function can be extended to the whole space. The extension remains linear and is still bounded above by the same sublinear function. This holds wi,"The Hahn-Banach theorem states that in a locally convex topological vector space, any bounded linear functional defined on a subspace can be extended to the entire space. The extension preserves the boundedness of the original functional. This result holds without increasing the "
concept_synonym,hahn_banach,extension of bounded linear functional,Hahn-Banach,2,1,"Top-1 is a clear, on-target match for the Hahn-Banach theorem.",A bounded linear functional defined on a linear subspace of a normed vector space can be extended to the entire space. The extension is also a bounded linear functional. The norm of the extended functional equals the norm of the original functional. This holds for real normed vec,The Hahn-Banach theorem states that a continuous linear functional defined on a subspace of a normed space can be extended to the entire space. This extension preserves the original functional's values on the subspace. The norm of the extended functional equals the norm of the or,A bounded linear functional on a subspace of a Banach space can be extended to the entire space. The extension is also a bounded linear functional. It matches the original functional on the subspace. The norm of the extension equals the norm of the original functional.
concept_synonym,spec_thm,spectral theorem,"spectral theorem (self-adjoint, normal operators)",2,1,"Top-1 provides a clear, detailed explanation of the spectral theorem for self-adjoint operators.",The spectral theorem states that a self-adjoint operator on a Hilbert space equals the integral over its spectrum of the identity function with respect to its spectral measure. The operator is represented as a weighted sum of its projection-valued measure. This decomposition expr,The spectral theorem states that every self-adjoint operator on a Hilbert space can be represented as an integral with respect to its spectral measure. The operator equals the integral of the identity function over the spectrum with respect to that measure. This provides a functi,A normal operator on a separable Hilbert space is unitarily equivalent to a multiplication operator. This equivalence holds over some sigma-finite measure space. The multiplication operator is defined by a bounded measurable function on that space. This result is known as the spe
concept_synonym,spec_thm,self-adjoint operators are diagonalizable,spectral theorem,1,4,A clear match appears in top-3 but not at rank 1.,A self-adjoint operator is diagonalizable.,The operator A0 is self-adjoint and diagonalizable.,The operator is self-adjoint.
concept_synonym,rank_null,rank-nullity theorem,rank-nullity theorem,2,1,"Top-1 is a clear, on-target match for the rank-nullity theorem.",The rank plus the nullity of a linear transformation from an n-dimensional vector space equals n. This is equivalent to stating that the dimension of the image plus the dimension of the kernel equals the dimension of the domain. The image of the transformation is finite-dimension,"The dimension of a finite-dimensional vector space V equals the sum of the dimensions of the kernel and the image of a linear transformation from V to W. The kernel's dimension is the nullity of the transformation, and the image's dimension is its rank. This result holds for any ","For a linear map between finite-dimensional vector spaces, the dimension of the domain equals the sum of the dimensions of the kernel and the image. This is also known as the rank-nullity theorem. For matrices, the number of columns equals the sum of the nullity and the rank. The"
concept_synonym,rank_null,rank plus nullity equals dimension,rank-nullity,2,1,"Top-1 directly explains the rank-nullity theorem, perfectly matching the search intent.",The rank plus the nullity of a linear transformation from an n-dimensional vector space equals n. This is equivalent to stating that the dimension of the image plus the dimension of the kernel equals the dimension of the domain. The image of the transformation is finite-dimension,"The dimension of a finite-dimensional vector space V equals the sum of the dimensions of the kernel and the image of a linear transformation from V to W. The kernel's dimension is the nullity of the transformation, and the image's dimension is its rank. This result holds for any ","For a linear map between finite-dimensional vector spaces, the dimension of the domain equals the sum of the dimensions of the kernel and the image. This is also known as the rank-nullity theorem. For matrices, the number of columns equals the sum of the nullity and the rank. The"
concept_synonym,rank_null,dim ker + dim im = dim domain,rank-nullity,2,1,"Top-1 directly matches the rank-nullity theorem, clearly addressing the query.",The dimension of the kernel plus the dimension of the image equals the dimension of the domain. This holds for any linear transformation between finite-dimensional vector spaces. It is a fundamental result in linear algebra. The theorem is often called the rank-nullity theorem.,"The dimension of the kernel of a linear map plus the dimension of its image equals the dimension of the domain vector space. This holds when the domain is finite-dimensional. The kernel is the set of vectors mapped to zero, and the image is the set of all outputs. This result is ","The dimension of a finite-dimensional vector space V equals the sum of the dimensions of the kernel and the image of a linear transformation from V to W. The kernel's dimension is the nullity of the transformation, and the image's dimension is its rank. This result holds for any "
concept_synonym,fund_arith,fundamental theorem of arithmetic,unique prime factorization,2,1,"Top-1 is a clear, on-target match for unique prime factorization.",Every natural number greater than one is either a prime number or can be written as a product of prime numbers. This factorization is unique up to the order of the factors. No other combination of primes will multiply to the same number. This result is known as the fundamental th,Every integer greater than one can be written as a product of prime numbers. This factorization is unique up to the order of the primes. No other set of primes multiplied together will equal the original number. This is known as the fundamental theorem of arithmetic.,Every positive integer greater than one can be written as a product of prime numbers. This prime factorization is unique regardless of the order of the factors. No other set of primes will multiply to give the same integer. This result is known as the fundamental theorem of arith
concept_synonym,fund_arith,every integer factors uniquely into primes,unique prime factorization,2,1,"Top-1 provides a clear, accurate explanation of unique prime factorization.",Every integer greater than one can be written as a product of prime numbers. This factorization is unique up to the order of the factors. No other combination of primes will multiply to give the same integer. This result holds true for all positive integers.,Every positive integer greater than one can be written as a product of prime numbers. This prime factorization is unique regardless of the order of the factors. No other set of primes will multiply to give the same integer. This result is known as the fundamental theorem of arith,Every integer greater than one can be written as a product of prime numbers. This representation is unique regardless of the order in which the primes are multiplied.
concept_synonym,fund_arith,unique factorization of integers,fundamental theorem of arithmetic,2,1,Top-1 directly addresses the unique factorization of integers and the fundamental theorem of arithmetic.,The integers with addition and multiplication form a unique factorization domain. Every nonzero non-unit integer can be written as a product of prime numbers. This factorization is unique up to the order of the factors and multiplication by units. The units in the integers are 1 ,Every integer greater than one can be written as a product of prime numbers. This factorization is unique up to the order of the factors. No other combination of primes will multiply to give the same integer. This result holds true for all positive integers.,Factorization is unique in the ring of integers of a number field.
single_word_named,noether,Noether theorem,Noether's theorem on symmetries and conservation laws,2,1,Top-1 directly explains Noether's theorem and its relation to symmetries and conservation laws.,"Noether's theorem states that if a system has an infinitesimal generalized symmetry, then a certain differential form is conserved. This conserved quantity is constructed from the symmetry and the Lagrangian of the system. The form is closed when evaluated on solutions to the equ","In a Hamiltonian system with a connected group action, if a function is an integral of motion, then the flow of its Hamiltonian vector field is a symmetry. Conversely, if the flow of a Hamiltonian vector field is a symmetry, then a corresponding Hamiltonian function is an integra","Noether's theorem states that for an infinitesimal symmetry of a Lagrangian system, a specific n-form constructed from the symmetry is conserved. This conservation holds on the critical sections of the variational problem defined by the Lagrangian. The conserved quantity is deriv"
single_word_named,noether,Noether's theorem,Noether's theorem,2,1,"Top-1 is a clear, on-target match for Noether's theorem.","Noether's theorem states that if a system has an infinitesimal generalized symmetry, then a certain differential form is conserved. This conserved quantity is constructed from the symmetry and the Lagrangian of the system. The form is closed when evaluated on solutions to the equ","In a Hamiltonian system with a connected group action, if a function is an integral of motion, then the flow of its Hamiltonian vector field is a symmetry. Conversely, if the flow of a Hamiltonian vector field is a symmetry, then a corresponding Hamiltonian function is an integra","Noether's theorem states that for an infinitesimal symmetry of a Lagrangian system, a specific n-form constructed from the symmetry is conserved. This conservation holds on the critical sections of the variational problem defined by the Lagrangian. The conserved quantity is deriv"
single_word_named,noether,symmetries and conservation laws,Noether's theorem,2,1,"Top-1 directly addresses Noether's theorem, linking symmetries to conservation laws.","The theorem applies to equations where the associated operator is a polynomial in the Dirac operator. For every symmetry of the equation, there is a corresponding conservation law. This connects symmetries to conserved quantities in the system.","In a Hamiltonian system with a connected group action, if a function is an integral of motion, then the flow of its Hamiltonian vector field is a symmetry. Conversely, if the flow of a Hamiltonian vector field is a symmetry, then a corresponding Hamiltonian function is an integra","A Hamiltonian form that is a conserved quantity implies its corresponding Hamiltonian multivector field is a continuous symmetry. Conversely, a Hamiltonian multivector field that is a continuous symmetry implies its corresponding Hamiltonian form is a conserved quantity. These eq"
concept_synonym,bayes,Bayes theorem,Bayes' theorem,2,1,"Top-1 provides a clear, accurate explanation of Bayes' theorem.","Bayes' theorem relates the conditional probability of an event A given B to the probability of B given A and the individual probabilities of A and B. It states that the probability of A given B equals the probability of B given A times the probability of A, divided by the probabi",Bayes' theorem calculates the conditional probability of an event given prior knowledge. It states that the probability of a hypothesis given observed evidence equals the probability of the evidence given the hypothesis multiplied by the prior probability of the hypothesis. This ,"Bayes' theorem relates conditional probabilities. It states that the probability of event B given A equals the probability of A given B multiplied by the probability of B, divided by the probability of A. This holds when both A and B have positive probability. The formula allows "
concept_synonym,bayes,Bayes' theorem,Bayes' theorem,2,1,"Top-1 provides a clear, accurate explanation of Bayes' theorem.","Bayes' theorem relates the conditional probability of an event A given B to the probability of B given A and the individual probabilities of A and B. It states that the probability of A given B equals the probability of B given A times the probability of A, divided by the probabi",Bayes' theorem calculates the conditional probability of an event given prior knowledge. It states that the probability of a hypothesis given observed evidence equals the probability of the evidence given the hypothesis multiplied by the prior probability of the hypothesis. This ,"Bayes' theorem relates conditional probabilities. It states that the probability of event B given A equals the probability of A given B multiplied by the probability of B, divided by the probability of A. This holds when both A and B have positive probability. The formula allows "
concept_synonym,bayes,P(A|B) = P(B|A) P(A) / P(B),Bayes' theorem,2,1,Top-1 directly explains Bayes' theorem clearly and accurately.,"The conditional probability of event B given event A is equal to the probability of B times the conditional probability of A given B, divided by the probability of A. This expression can also be written using the law of total probability. The denominator expands to include the pr",The probability of event B multiplied by the conditional probability of A given B equals the probability of A multiplied by the conditional probability of B given A. This holds when both events have positive probability. The result is symmetric in A and B. It is a direct conseque,"Bayes' theorem relates conditional probabilities. It states that the probability of event B given A equals the probability of A given B multiplied by the probability of B, divided by the probability of A. This holds when both A and B have positive probability. The formula allows "
concept_synonym,lhopital,L'Hopital rule,L'Hôpital's rule,2,1,"Top-1 is a clear, on-target match for L'Hôpital's rule.","L'Hôpital's Rule applies when the limit of a ratio of two functions results in an indeterminate form of zero over zero or infinity over infinity. The limit point can be any real number, positive infinity, or negative infinity. Under these conditions, the limit of the ratio equals",The limit of a function's ratio equals the limit of its derivative ratio under certain conditions. This applies when both functions approach zero or infinity. The functions must be differentiable near the point of interest. The derivative of the denominator must not be zero in th,"L'Hopital's Rule applies to two differentiable functions f and g on an open interval. The derivative of g is never zero on that interval. If both functions approach zero at a point c, then the limit of f over g as x approaches c equals the limit of f prime over g prime. This hold"
concept_synonym,lhopital,L'Hôpital's rule,L'Hôpital's rule,2,1,"Top-1 is a clear, on-target match for L'Hôpital's rule.","L'Hôpital's Rule applies when the limit of a ratio of two functions results in an indeterminate form of zero over zero or infinity over infinity. The limit point can be any real number, positive infinity, or negative infinity. Under these conditions, the limit of the ratio equals",The limit of a function's ratio equals the limit of its derivative ratio under certain conditions. This applies when both functions approach zero or infinity. The functions must be differentiable near the point of interest. The derivative of the denominator must not be zero in th,L'Hôpital's Rule applies when two functions approach zero as x approaches a limit point. The functions and their derivatives must be continuous and differentiable on an open interval. The derivatives must not share zeros or become infinite in that interval. The limit of the ratio
concept_synonym,lhopital,LHopital rule,L'Hôpital's rule,2,1,"Top-1 is a clear, on-target match for L'Hôpital's rule.","L'Hôpital's Rule applies when the limit of a ratio of two functions results in an indeterminate form of zero over zero or infinity over infinity. The limit point can be any real number, positive infinity, or negative infinity. Under these conditions, the limit of the ratio equals",The limit of a function's ratio equals the limit of its derivative ratio under certain conditions. This applies when both functions approach zero or infinity. The functions must be differentiable near the point of interest. The derivative of the denominator must not be zero in th,"L'Hopital's Rule applies to two differentiable functions f and g on an open interval. The derivative of g is never zero on that interval. If both functions approach zero at a point c, then the limit of f over g as x approaches c equals the limit of f prime over g prime. This hold"
concept_synonym,lhopital,Lhopital,L'Hôpital's rule,2,1,Top-1 directly explains L'Hôpital's rule and its conditions.,"L'Hôpital's Rule applies when the limit of a ratio of two functions results in an indeterminate form of zero over zero or infinity over infinity. The limit point can be any real number, positive infinity, or negative infinity. Under these conditions, the limit of the ratio equals",The limit of a function's ratio equals the limit of its derivative ratio under certain conditions. This applies when both functions approach zero or infinity. The functions must be differentiable near the point of interest. The derivative of the denominator must not be zero in th,"L'Hôpital's rule states that for continuous functions f and g on a closed interval, differentiable on the open interval with g' nonzero, if the ratio f'/g' is increasing or decreasing, then the ratios (f(x)-f(a))/(g(x)-g(a)) and (f(x)-f(b))/(g(x)-g(b)) are also increasing or decr"
subtle,abel_ruffini,Abel-Ruffini theorem,no general formula for quintic,2,1,Top-1 directly addresses the lack of a general formula for quintic equations.,"For degree five or higher, general polynomial equations cannot be solved using radicals. This means no finite sequence of root extractions and algebraic operations suffices to express the roots. The result holds even if rational functions are allowed in the solution process. This","No general algebraic formula exists to find all roots of a polynomial of degree five or higher. This means such roots cannot be expressed using a finite combination of arithmetic operations and radicals. The result holds for polynomials with rational, real, or complex coefficient","For degrees five or higher, the germ of an analytic function satisfying a universal algebraic equation cannot be expressed using any finite number of elementary operations. This holds specifically for solutions to general degree n equations where n is at least five. The germ is s"
subtle,abel_ruffini,quintic is not solvable by radicals,Abel-Ruffini,1,1,Top-3 includes relevant information about quintic equations and their unsolvability by radicals.,"The general quintic polynomial cannot be solved using radicals. This means there is no formula involving only addition, multiplication, and root extraction that works for all quintic equations. The result is a consequence of Galois theory and the structure of the symmetric group.","The alternating group on five elements is not a solvable group. This means it cannot be constructed from abelian groups using extensions. This result is significant in Galois theory, as it relates to the unsolvability of the quintic equation by radicals. The group's simplicity an",An irreducible quintic polynomial with rational coefficients is solvable by radicals exactly when its associated resolvent sextic polynomial has a rational root.
subtle,abel_ruffini,general fifth degree polynomial has no closed form solution,Abel-Ruffini,2,1,Top-1 directly addresses the Abel-Ruffini theorem regarding quintic polynomials and their unsolvability by radicals.,"For degree five or higher, general polynomial equations cannot be solved using radicals. This means no finite sequence of root extractions and algebraic operations suffices to express the roots. The result holds even if rational functions are allowed in the solution process. This","The general quintic polynomial cannot be solved using radicals. This means there is no formula involving only addition, multiplication, and root extraction that works for all quintic equations. The result is a consequence of Galois theory and the structure of the symmetric group.","For degrees five or higher, the germ of an analytic function satisfying a universal algebraic equation cannot be expressed using any finite number of elementary operations. This holds specifically for solutions to general degree n equations where n is at least five. The germ is s"
concept_synonym,ham_cayley,Cayley-Hamilton theorem,matrix satisfies its characteristic polynomial,2,1,Top-1 provides a clear and accurate explanation of the Cayley-Hamilton theorem.,The Cayley-Hamilton theorem states that every square matrix satisfies its own characteristic equation. The characteristic polynomial is defined as the determinant of lambda times the identity matrix minus the given matrix. Evaluating this polynomial at the matrix itself yields th,"The Cayley-Hamilton theorem states that every square matrix over a commutative ring satisfies its own characteristic equation. The characteristic polynomial is monic and has coefficients from the ring. When the matrix is substituted into this polynomial, the result is the zero ma","The Cayley-Hamilton theorem states that every square matrix over a commutative ring satisfies its own characteristic equation. Specifically, if P is the characteristic polynomial of a matrix A, then substituting A into P yields the zero matrix. This holds for matrices with entrie"
concept_synonym,ham_cayley,every matrix satisfies its characteristic polynomial,Cayley-Hamilton,2,1,"Top-1 directly explains the Cayley-Hamilton theorem, perfectly matching the query.","Every square matrix satisfies its own characteristic equation. The characteristic polynomial of a matrix, when evaluated at the matrix itself, yields the zero matrix. This holds for matrices over any commutative ring.",Every square matrix satisfies its own characteristic equation. Substituting the matrix into its characteristic polynomial yields the zero matrix. This holds for matrices over any commutative ring. The result is a fundamental identity in linear algebra.,"A matrix satisfies its own characteristic equation. The equation is expressed as a polynomial in the matrix, with coefficients matching those of the characteristic polynomial. The highest power is the matrix raised to the size of the matrix. The result is the zero matrix."
subtle,implicit,implicit function theorem,implicit function theorem,2,1,"Top-1 is a clear, on-target match for the implicit function theorem.","Under certain conditions on a function f from a product of open sets to a real or complex vector space, there exists a locally defined implicit function phi such that f of x and phi of x is zero. This function phi is differentiable at a base point, and its derivative can be expre","Given a continuously differentiable function F on an open set in the plane, if F is zero at a point and its partial derivative with respect to y is nonzero there, then locally the equation F(x,y)=0 defines y as a function of x. This function is continuously differentiable on an i","The Implicit Function Theorem states that under certain conditions, an equation implicitly defines a function. If a function f has a continuous derivative and a specific invertibility condition holds at a point, then near that point there exists a unique continuous function u suc"
subtle,implicit,"F(x,y)=0 locally defines y as a function of x",implicit function theorem,2,1,Top-1 directly explains the implicit function theorem clearly and accurately.,"Given a continuously differentiable function F on an open set in the plane, if F is zero at a point and its partial derivative with respect to y is nonzero there, then locally the equation F(x,y)=0 defines y as a function of x. This function is continuously differentiable on an i","A real analytic function F of two variables that vanishes at a point and has a nonzero partial derivative with respect to y implies the existence of a locally defined real analytic function h. This function h satisfies F(x, h(x)) equals zero near that point. The result guarantees","A mapping F from pairs x,y to h of x,y minus y is defined, where h is continuously differentiable. If F equals zero at a point and its partial derivative with respect to y is also zero there, then y can be expressed as a function of x near that point. This function is continuousl"
subtle,inverse_func,inverse function theorem,inverse function theorem,2,1,"Top-1 is a clear, on-target match for the inverse function theorem.","The inverse function theorem states that for a smooth map between Banach spaces, if the derivative at a point is an invertible linear map, then the function is locally invertible near that point. The local inverse is also smooth. This holds in the setting of open subsets of Banac","The inverse function theorem states that if a function is continuously differentiable and its derivative at a point is an isomorphism, then the function is locally invertible near that point. Specifically, there exist neighborhoods around the point and its image where the functio","The inverse function theorem states that for a continuously differentiable map between Banach spaces, if the derivative at a point is invertible, then the map is locally invertible near that point. Specifically, there exist neighborhoods around the image and the point where the r"
subtle,inverse_func,smooth map with invertible derivative is locally invertible,inverse function theorem,2,1,"Top-1 directly states the inverse function theorem, perfectly matching the search intent.","If a smooth map between Banach spaces has an invertible derivative at a point, then the map is locally invertible with a smooth inverse near that point.","The inverse function theorem states that if a smooth function has an invertible derivative at every point in its domain, then the function is a local diffeomorphism. This means that around each point, there exists an open neighborhood where the function is one-to-one and onto an ",A smooth map between manifolds is a local diffeomorphism near a point if and only if its differential at that point is invertible. This means the map restricts to a diffeomorphism from an open neighborhood around the point to an open neighborhood around its image. The condition e
garbage_safety,,test query,(adversarial - any sensible behavior is fine),0,,Top results are tangentially related to the query but do not directly address it.,The lemma is a test statement.,The lemma is a test statement.,The lemma states a specific mathematical result.
garbage_safety,,hello world,(adversarial),-2,,The results are irrelevant and do not address the searcher's intent.,The theorem presents a mathematical statement with a formal designation.,The theorem is stated.,The theorem is stated.
garbage_safety,,asdfghjkl,(adversarial),-2,,The slogans are irrelevant and do not address the searcher's intent.,The lemma states a specific mathematical result.,The lemma holds as stated.,The theorem includes the referenced lemma.
vague_math,,math is fun,(vague - any math content acceptable),-2,,The slogans are irrelevant and do not address the searcher's interest in fun math content.,The theorem presents a mathematical statement with a formal designation.,The theorem states a specific mathematical result.,The theorem states a specific mathematical result.
vague_math,,I want to learn calculus,(vague - any calculus content),-2,,The slogans are irrelevant and do not provide any useful information about learning calculus.,The theorem presents a mathematical statement with a formal designation.,The theorem is stated.,The theorem is stated.
vague_math,,tell me about prime numbers,any prime-number related result,2,1,"Top-1 provides a clear definition of prime numbers, directly addressing the query.",The theorem discusses properties related to prime numbers. It involves conditions and implications for prime values. The statement is concise and focuses on specific mathematical relationships.,The set P contains all prime numbers.,The integers contain an infinite number of prime numbers.
concatenation,concat_lan,Landau equation,Landau equation,-1,,Top-3 results are off-topic and do not mention the Landau equation specifically.,The referenced equation in the lemma holds.,The theorem considers an equation.,The equation is satisfied by applying a lemma.
concatenation,concat_lan,Landau Landau equation,Landau equation (repeated word),-1,,"Top results discuss lambda and differential equations, not the Landau equation specifically.",The function Lambda of lambda is differentiable. It satisfies a specific ordinary differential equation.,"For a function h in L squared over the positive reals, there exists a positive delta star no larger than delta one. If lambda satisfies condition (ref Remu) for some delta between zero and delta star, then the unique solution to equation (ref eq B3) meets two inequalities. The fi",The parameter lambda in the limit equation is at least lambda bar and at most one. The theorem states that lambda must equal one.
concatenation,concat_lan,Landau Landau Landau,Landau equation,-2,,Retrieved slogans are irrelevant and do not address the Landau equation.,The lemma states a specific mathematical result.,The lemma holds as stated.,The lemma is stated.
concatenation,concat_flt,Fermat last theorem Fermat last theorem,Fermat's Last Theorem (repeated),2,1,"Top-1 is a clear, on-target match for Fermat's Last Theorem.","Fermat's Last Theorem states that for any integer n greater than or equal to three, there are no nonzero integer solutions to the equation X to the n plus Y to the n equals Z to the n. The only exceptions occur when at least one of the variables X, Y, or Z is zero. This result wa","For any natural number n greater than two, the equation X to the n plus Y to the n equals Z to the n has no solutions in nonzero integers.","Fermat's Last Theorem states that for natural numbers n greater than two, there are no solutions to the equation x raised to the n plus y raised to the n equals z raised to the n. This holds for all positive integers x, y, and z. The theorem was famously proven by Andrew Wiles in"
concatenation,concat_flt,Fermat's Last Theorem,Fermat's Last Theorem,2,1,"Top-1 is a clear, on-target match for Fermat's Last Theorem.","Fermat's Last Theorem states that for any integer n greater than or equal to three, there are no nonzero integer solutions to the equation X to the n plus Y to the n equals Z to the n. The only exceptions occur when at least one of the variables X, Y, or Z is zero. This result wa","Fermat's Last Theorem states that for natural numbers n greater than two, there are no solutions to the equation x raised to the n plus y raised to the n equals z raised to the n. This holds for all positive integers x, y, and z. The theorem was famously proven by Andrew Wiles in","For any natural number n greater than two, the equation X to the n plus Y to the n equals Z to the n has no solutions in nonzero integers."
noisy_long,noisy_pnt,I'm reading Tao's analytic number theory and I want to find a clean statement of the prime number theorem with error bounds,prime number theorem with error term,2,1,"Top-1 provides a clear, precise statement of the prime number theorem with error bounds, directly addressing the searcher's intent.",The error between the prime-counting function and the logarithmic integral is bounded by an expression involving x and the logarithm of x. The bound holds for all x greater than or equal to 2. The bound decreases faster than any polynomial as x increases. The constant factors are,"The prime counting function pi of x equals the logarithmic integral li of x plus an error term bounded by a constant times x divided by the cube of log x, for all x at least 2. The sum of reciprocals of primes up to x equals log log x plus a constant B plus an error term bounded ","The prime-counting function pi of x equals the integral from 2 to x of dt over log t, plus an error term. The error term is bounded by a constant times x divided by log x raised to any fixed positive power A. This holds for all x greater than or equal to 2."
noisy_long,noisy_pnt,prime number theorem error term,prime number theorem with error term,2,1,"Top-1 provides a clear, detailed explanation of the error term in the prime number theorem.",The upper bound of the error term in the prime number theorem is given by the difference between two logarithmic integral functions. This difference is bounded above by a constant multiplied by the square root of x divided by the natural logarithm of x. The constant is approximat,The error between the prime-counting function and the logarithmic integral is bounded by an expression involving x and the logarithm of x. The bound holds for all x greater than or equal to 2. The bound decreases faster than any polynomial as x increases. The constant factors are,"The error between the prime-counting function and the logarithmic integral is bounded for all x at least 2. The bound involves a constant multiplied by x, a power of log x, and an exponential decay term. This inequality provides an explicit estimate for the approximation error."
noisy_long,noisy_pnt,pi(x) ~ x / log x,prime number theorem,2,1,"Top-1 is a clear, on-target match for the prime number theorem.",The prime counting function pi of x is asymptotically equivalent to the logarithmic integral of x as x tends to infinity.,The prime counting function is asymptotically equivalent to x divided by the natural logarithm of x as x tends to infinity.,"The prime-counting function pi of x is asymptotically equivalent to x divided by the natural logarithm of x. As x approaches infinity, the ratio of pi of x to x over log x tends to 1. This describes the asymptotic distribution of prime numbers. It is known as the prime number the"
eponym,named_after,theorem about a function being its own derivative is the exponential,characterization of exp by ODE y'=y,2,1,Top-1 directly states the relationship of the exponential function to its derivative.,The derivative of the exponential function is equal to the exponential function itself.,The derivative of a function is equal to the function itself.,The derivative of the exponential function is equal to itself.
eponym,named_after,exponential function is its own derivative,exp is its own derivative,2,1,"Top-1 directly states that the derivative of the exponential function equals itself, matching the search intent perfectly.",The derivative of the exponential function is equal to the exponential function itself.,The derivative of the exponential function is equal to itself.,The derivative of the exponential function is equal to itself.
abbreviation,rh_extended,GRH,Generalized Riemann hypothesis,2,1,"Top-1 directly addresses the generalized Riemann hypothesis, clearly matching the search intent.",The conjecture holds true assuming the generalized Riemann hypothesis.,The conjecture holds if the generalized Riemann hypothesis is true.,"Assuming the generalized Riemann hypothesis, the statements in Conjecture Q hold."
abbreviation,rh_extended,Generalized Riemann hypothesis,Generalized Riemann hypothesis,2,1,"Top-1 directly addresses the generalized Riemann hypothesis, providing a clear and relevant match.",The conjecture holds true assuming the generalized Riemann hypothesis.,The conjecture holds if the generalized Riemann hypothesis is true.,"Assuming the generalized Riemann hypothesis, the statements in Conjecture Q hold."
abbreviation,rh_extended,ERH,Extended Riemann hypothesis,1,2,"A clear match appears in top-3 but not at rank 1, discussing the Extended Riemann Hypothesis.","For r greater than 1, E_r(q) is defined as gamma_q minus r times log q plus a sum over primes congruent to 1 mod q. Without any assumptions, E_2(q) is bounded by a constant times log log q for almost all primes q up to x. Under the Elliott-Halberstam conjecture, E_{1+epsilon}(q) ","Assuming the Extended Riemann Hypothesis, there exists a positive constant A such that for all coprime integers q and a with a less than q, the prime counting function for primes congruent to a modulo q is bounded above by two times x divided by the product of Euler's totient fun","CRI is assumed to hold. Under that assumption, HRE and RH are equivalent statements."
abbreviation,rh_extended,Extended Riemann hypothesis,Extended Riemann hypothesis,2,1,"Top-1 directly defines the extended Riemann hypothesis, clearly matching the search intent.",The extended Riemann hypothesis applies to number fields. It states that the zeta function of a number field has no zeros in the critical strip except on the line where the real part is one half. This is a generalization of the classical Riemann hypothesis.,The Extended Riemann Hypothesis implies Conjecture B.,"Assuming the Extended Riemann Hypothesis is true, the Dedekind zeta function of a number field grows no faster than any positive power of the imaginary part. This bound holds uniformly for all real parts at least one half. The estimate is valid for every positive epsilon."
type_word,ito,Ito's lemma,Itô's lemma in stochastic calculus,2,1,Top-1 provides a clear and accurate explanation of Itô's lemma in stochastic calculus.,Itô's Lemma describes the differential of a function applied to a stochastic process. The process is defined by a drift term and a diffusion term involving Brownian motion. The change in the function depends on its partial derivatives with respect to time and the process variable,"Itô's formula describes the differential of a function applied to a stochastic process. If a process has a stochastic differential and the function is sufficiently smooth, then the new process also has a stochastic differential. The differential includes a drift term involving pa","Given a stochastic process defined by an initial value plus drift and diffusion integrals, a twice differentiable function applied to the process equals its initial value plus several integrals. These integrals include a drift term involving the gradient, a stochastic integral wi"
type_word,ito,Ito's formula,Itô's formula,2,1,"Top-1 is a clear, on-target match for Itô's formula.","Itô's formula describes the differential of a function applied to a stochastic process. If a process has a stochastic differential and the function is sufficiently smooth, then the new process also has a stochastic differential. The differential includes a drift term involving pa",Itô's Lemma describes the differential of a function applied to a stochastic process. The process is defined by a drift term and a diffusion term involving Brownian motion. The change in the function depends on its partial derivatives with respect to time and the process variable,"Itô's formula expresses a function of a continuous semimartingale as the sum of its initial value, a time integral, a stochastic integral, and a quadratic variation term. The function must be continuously differentiable in time and twice continuously differentiable in space. The "
type_word,ito,Ito formula,Itô's formula,2,1,"Top-1 is a clear, on-target match for Itô's formula.","Itô's formula describes the differential of a function applied to a stochastic process. If a process has a stochastic differential and the function is sufficiently smooth, then the new process also has a stochastic differential. The differential includes a drift term involving pa",Itô's Lemma describes the differential of a function applied to a stochastic process. The process is defined by a drift term and a diffusion term involving Brownian motion. The change in the function depends on its partial derivatives with respect to time and the process variable,"Itô's formula expresses a function of a continuous semimartingale as the sum of its initial value, a time integral, a stochastic integral, and a quadratic variation term. The function must be continuously differentiable in time and twice continuously differentiable in space. The "
type_word,ito,Itô's lemma,Itô's lemma,2,1,"Top-1 is a clear, on-target match for Itô's lemma.",Itô's Lemma describes the differential of a function applied to a stochastic process. The process is defined by a drift term and a diffusion term involving Brownian motion. The change in the function depends on its partial derivatives with respect to time and the process variable,"Itô's formula describes the differential of a function applied to a stochastic process. If a process has a stochastic differential and the function is sufficiently smooth, then the new process also has a stochastic differential. The differential includes a drift term involving pa","Given a stochastic process defined by an initial value plus drift and diffusion integrals, a twice differentiable function applied to the process equals its initial value plus several integrals. These integrals include a drift term involving the gradient, a stochastic integral wi"
type_word,yoneda,Yoneda lemma,Yoneda lemma in category theory,2,1,"Top-1 is a clear, on-target match for the Yoneda lemma in category theory.",The Yoneda lemma applies to any locally small category. It states that the set of natural transformations from the contravariant hom-functor of an object A to a set-valued functor X is isomorphic to the set X of A. This isomorphism holds naturally in both the object A and the fun,"Yoneda's Lemma states that for any covariant functor from a category to the category of sets, there is a natural bijection between the set of natural transformations from a representable functor to that functor and the set obtained by evaluating the functor at the representing ob",Yoneda's Lemma establishes a bijection between morphisms from M to N and natural transformations between their representable functors. This correspondence is functorial in the parameter T. The lemma connects abstract morphisms to concrete families of set maps. It is a foundationa
type_word,yoneda,Yoneda's lemma,Yoneda lemma,2,1,"Top-1 is a clear, on-target match for Yoneda's lemma.",The Yoneda lemma applies to any locally small category. It states that the set of natural transformations from the contravariant hom-functor of an object A to a set-valued functor X is isomorphic to the set X of A. This isomorphism holds naturally in both the object A and the fun,"Yoneda's Lemma states that for any covariant functor from a category to the category of sets, there is a natural bijection between the set of natural transformations from a representable functor to that functor and the set obtained by evaluating the functor at the representing ob",Yoneda's Lemma establishes a bijection between morphisms from M to N and natural transformations between their representable functors. This correspondence is functorial in the parameter T. The lemma connects abstract morphisms to concrete families of set maps. It is a foundationa
type_word,yoneda,Yoneda theorem,Yoneda lemma,2,1,"Top-1 directly addresses the Yoneda lemma, clearly matching the search intent.",The Yoneda lemma applies to any locally small category. It states that the set of natural transformations from the contravariant hom-functor of an object A to a set-valued functor X is isomorphic to the set X of A. This isomorphism holds naturally in both the object A and the fun,"The Yoneda embedding maps a locally small category into the category of contravariant set-valued functors on its opposite category. This embedding is full, meaning it is surjective on morphisms between hom-sets. It is also faithful, meaning it is injective on morphisms. As a resu","Yoneda's Lemma states that for any covariant functor from a category to the category of sets, there is a natural bijection between the set of natural transformations from a representable functor to that functor and the set obtained by evaluating the functor at the representing ob"
subtle,jensen,Jensen's inequality,Jensen's inequality for convex functions,2,1,"Top-1 directly explains Jensen's inequality for convex functions, matching the search intent perfectly.","Jensen's inequality states that for a convex function and an integrable random variable, the function of the expected value is less than or equal to the expected value of the function. This holds in any probability space. The result applies to real-valued random variables. It is ","Jensen's inequality applies to a convex function over a probability space. The function's value at the average of a random variable is less than or equal to the average of the function's values. If the function is concave, the inequality reverses direction. This holds for measura","For a convex function, the function value at a weighted average of points is less than or equal to the weighted average of the function values at those points. For a concave function, the inequality is reversed. The weights are non-negative and sum to one. This result is known as"
subtle,jensen,Jensen inequality,Jensen's inequality,2,1,"Top-1 is a clear, on-target match for Jensen's inequality.","Jensen's inequality applies to a convex function over a probability space. The function's value at the average of a random variable is less than or equal to the average of the function's values. If the function is concave, the inequality reverses direction. This holds for measura","For a convex function, the function value at a weighted average of points is less than or equal to the weighted average of the function values at those points. For a concave function, the inequality is reversed. The weights are non-negative and sum to one. This result is known as","Jensen's inequality states that for a convex function and an integrable random variable, the function of the expected value is less than or equal to the expected value of the function. This holds in any probability space. The result applies to real-valued random variables. It is "
subtle,jensen,f(E[X]) <= E[f(X)] for convex f,Jensen's inequality,2,1,"Top-1 directly states Jensen's inequality for convex functions, clearly matching the search intent.","Under the given assumptions, for any convex function f, the conditional expectation of f applied to a random variable X is at least f applied to the conditional expectation of X.","For a convex function, the expected value of the function of a random variable is at least the function of the expected value of that variable.","For a convex function and a random variable with finite expectation, the expectation of the function applied to the variable is at least the function applied to the expectation. This holds under the given conditions on the function and the variable. The result is an inequality co"
subtle,amgm,AM-GM inequality,arithmetic mean geometric mean inequality,2,1,"Top-1 is a clear, on-target match explaining the AM-GM inequality.",The arithmetic mean of m nonnegative numbers is at least as large as their geometric mean. This inequality holds for all nonnegative real values of the variables. The result is a fundamental inequality in mathematics known as the AM-GM inequality. It is valid for any finite set o,The arithmetic mean of non-negative real numbers is at least as large as their geometric mean.,The arithmetic mean of a sequence of nonnegative real numbers is always greater than or equal to the geometric mean. Equality holds only when all numbers in the sequence are equal. This result is known as the AM-GM inequality.
subtle,amgm,arithmetic mean geometric mean inequality,AM-GM,2,1,"Top-1 directly defines the AM-GM inequality, perfectly matching the search intent.",The arithmetic mean of non-negative real numbers is at least as large as their geometric mean.,The arithmetic mean of nonnegative real numbers is always at least as large as their geometric mean. Equality holds only when all numbers are equal. This inequality can also be stated as the product of the numbers being at most the nth power of their arithmetic mean. Both forms e,The arithmetic mean is always greater than or equal to the geometric mean. This result is derived from a more general lemma by setting all weights equal. The case for two numbers is a common example in basic mathematics.
subtle,amgm,AM GM inequality,AM-GM,2,1,"Top-1 is a clear, on-target match for the AM-GM inequality.",The arithmetic mean of m nonnegative numbers is at least as large as their geometric mean. This inequality holds for all nonnegative real values of the variables. The result is a fundamental inequality in mathematics known as the AM-GM inequality. It is valid for any finite set o,The arithmetic mean of a sequence of nonnegative real numbers is always greater than or equal to the geometric mean. Equality holds only when all numbers in the sequence are equal. This result is known as the AM-GM inequality.,The arithmetic mean of non-negative real numbers is at least as large as their geometric mean.
subtle,amgm,amgm inequality,AM-GM,2,1,"Top-1 is a clear, on-target match for the AM-GM inequality.",The arithmetic mean of m nonnegative numbers is at least as large as their geometric mean. This inequality holds for all nonnegative real values of the variables. The result is a fundamental inequality in mathematics known as the AM-GM inequality. It is valid for any finite set o,The arithmetic mean of a sequence of nonnegative real numbers is always greater than or equal to the geometric mean. Equality holds only when all numbers in the sequence are equal. This result is known as the AM-GM inequality.,The arithmetic mean of non-negative real numbers is at least as large as their geometric mean.
physics_math,schrod,Schrödinger equation,Schrödinger equation in QM,1,2,"Top-3 contains relevant information about the Schrödinger equation, but the best match is not ranked first.",A solution exists for the N-particle Schrödinger equation with a given Hamiltonian and potential. This solution is given by a unitary propagator acting on initial states. The resulting wave function is continuously differentiable in the L^2 space. It also remains in the domain of,"The time evolution of a wave function in a quantum system is described by the Schrodinger equation. This equation involves the Hamiltonian operator and Planck's constant. If the Hamiltonian is time independent, the equation has a formal solution. This solution expresses the wave ",The function defined by applying the evolution operator to a vector yields a solution to the Schrödinger equation. This solution satisfies the differential equation involving the Hamiltonian operator. The initial condition is given by the original vector. The result holds under t
physics_math,schrod,Schrodinger equation,Schrödinger equation,2,1,"Top-1 is a clear, on-target match for the Schrödinger equation.","The time evolution of a wave function in a quantum system is described by the Schrodinger equation. This equation involves the Hamiltonian operator and Planck's constant. If the Hamiltonian is time independent, the equation has a formal solution. This solution expresses the wave ",The time derivative of the wave function equals the Hamiltonian operator acting on the wave function. This equation describes the evolution of a quantum system over time. It is a fundamental law in quantum mechanics.,A solution exists for the N-particle Schrödinger equation with a given Hamiltonian and potential. This solution is given by a unitary propagator acting on initial states. The resulting wave function is continuously differentiable in the L^2 space. It also remains in the domain of
physics_math,schrod,Schroedinger equation,Schrödinger equation,1,2,"A clear match appears in top-3 but not at rank 1, discussing the Schrödinger equation directly.",The system has a unique solution that is continuously differentiable in time and belongs to a specific function space. The solution remains in the domain of the time-dependent operator at each moment. The evolution is governed by a Schroedinger equation with a time-varying Hamilt,"The time evolution of a wave function in a quantum system is described by the Schrodinger equation. This equation involves the Hamiltonian operator and Planck's constant. If the Hamiltonian is time independent, the equation has a formal solution. This solution expresses the wave ",The function defined by applying the evolution operator to a vector yields a solution to the Schrödinger equation. This solution satisfies the differential equation involving the Hamiltonian operator. The initial condition is given by the original vector. The result holds under t
ambiguous_name,lefschetz,Lefschetz fixed point theorem,Lefschetz fixed point theorem,2,1,"Top-1 is a clear, on-target match for the Lefschetz fixed point theorem.",The Lefschetz number of a map equals the sum of the indices at its fixed points.,The Lefschetz trace formula holds.,The Lefschetz Fixed Point Theorem states that the Lefschetz number of a map from a manifold to itself equals the Euler characteristic of the fixed point set. The Lefschetz number is computed as an alternating sum of traces of the induced map on real cohomology groups. This result
ambiguous_name,lefschetz,Lefschetz hyperplane theorem,Lefschetz hyperplane theorem,2,1,"Top-1 is a clear, on-target match for the Lefschetz hyperplane theorem.","Lefschetz's theorem on hyperplane sections states that for the inclusion of a hyperplane section into a complex projective variety, the induced map on integral cohomology groups is an isomorphism in degrees less than the dimension minus one. It is injective in degree equal to the","The Lefschetz hyperplane section theorem applies to projective subvarieties. For a given linear subspace intersecting the variety under certain conditions, the induced map on homotopy groups is an isomorphism in low dimensions and surjective in a critical dimension. A similar con","The Lefschetz hyperplane theorem for intersection cohomology applies to an irreducible projective variety. For a general hyperplane section, the restriction map on intersection cohomology groups is an isomorphism in degrees up to the dimension minus two. It is injective in degree"
ambiguous_name,lefschetz,Lefschetz theorem,"(ambiguous: hyperplane vs fixed point vs (1,1))",1,2,"A clear match appears in top-3 but not at rank 1, specifically regarding hyperplane sections.",The Lefschetz trace formula holds.,"Lefschetz's theorem on hyperplane sections states that for the inclusion of a hyperplane section into a complex projective variety, the induced map on integral cohomology groups is an isomorphism in degrees less than the dimension minus one. It is injective in degree equal to the",F satisfies the standard conjecture of Lefschetz type. This holds for X and F as specified in the referenced theorem.
named_pair,myers,Myers theorem,Myers theorem on Ricci curvature and diameter,1,2,Top-3 includes relevant information about Myers theorem and its implications on curvature and diameter.,"Myers' theorem states that if a geodesic has length l, and at every point along it the Ricci curvature in every unit direction is at least (n-1) times pi squared divided by l squared, then the geodesic must contain conjugate points.",The Myers theorem applies to metric measure spaces satisfying the RCD star condition with positive curvature and dimension greater than one. It states that the fundamental group of such a space is finite. This result extends the classical Myers theorem from Riemannian geometry to,The Bonnet-Myers theorem states that a complete Riemannian manifold with Ricci curvature bounded below by a positive constant must be compact. The diameter of such a manifold is at most pi divided by the square root of that constant. This result links curvature to the global size
named_pair,myers,Myers's theorem,Myers theorem,1,2,"A clear match appears in top-3 but not at rank 1, specifically about Myers theorem's implications.","Myers' theorem states that if a geodesic has length l, and at every point along it the Ricci curvature in every unit direction is at least (n-1) times pi squared divided by l squared, then the geodesic must contain conjugate points.",The Myers theorem applies to metric measure spaces satisfying the RCD star condition with positive curvature and dimension greater than one. It states that the fundamental group of such a space is finite. This result extends the classical Myers theorem from Riemannian geometry to,The Bonnet-Myers theorem states that a complete Riemannian manifold with Ricci curvature bounded below by a positive constant must be compact. The diameter of such a manifold is at most pi divided by the square root of that constant. This result links curvature to the global size
named_pair,myers,positive Ricci curvature implies bounded diameter,Myers theorem,2,1,Top-1 directly addresses Myers theorem and its implications on diameter and Ricci curvature.,A complete connected Riemannian manifold with a lower bound on its Ricci curvature has a bounded diameter. The Ricci curvature must be at least the product of the dimension minus one and a positive constant times the metric. This implies the manifold's diameter is no greater than,A Riemannian manifold with a continuously differentiable metric that is complete and has Ricci curvature bounded below by a positive constant must have a diameter no larger than pi divided by the square root of that constant.,A Riemannian manifold with a continuously differentiable metric that is geodesically complete and has Ricci curvature bounded below by a positive constant must have a diameter no larger than pi divided by the square root of that constant.
named_pair,synge,Synge theorem,Synge's theorem,0,,Only tangentially related; nothing in top-3 directly answers about Synge's theorem.,"The theorem provides bounds on a Jacobi field and its derivatives along a geodesic. It states that if the squared distance from a point is less than a constant, then the field and its first derivative are close to specified vector fields. The second derivative is bounded by a pro",A compact two-dimensional manifold with a metric and vector field that has a certain positive symmetric sectional curvature condition must be diffeomorphic to a spherical space form.,A strongly causal spacetime with smooth timelike sectional curvature bounded above or below by a real number K also has synthetic timelike sectional curvature bounded below or above by K. This holds in any equivalent sense of the synthetic definition. The result connects smooth a
named_pair,synge,Synge's theorem,Synge's theorem,-1,,"Top results discuss unrelated theorems and concepts, not directly addressing Synge's theorem.","On a compact Riemannian manifold without boundary with sectional curvature bounded above by a positive constant, a lower bound exists for the distance between points on two geodesics starting at the same point. This bound depends on a constant determined by the manifold, its metr","Singer's theorem states that for Riemannian manifolds of a given dimension, there is a universal bound such that local homogeneity is equivalent to being curvature homogeneous up to a certain order. This bound is less than half the product of the dimension and one less than the d",The theorem applies when the curvature is positive and the radius equals pi divided by twice the square root of the curvature.
named_pair,yau,Yau theorem,Calabi-Yau theorem (or Yau's other results),2,1,"Top-1 directly addresses the Calabi-Yau theorem, providing a clear and relevant explanation.","Yau's theorem states that on a compact complex manifold with a Kähler metric, given any smooth positive volume form of the same total volume, there exists a unique Kähler metric in the same cohomology class whose volume form equals the given one. This result solves the Calabi con","Yau's theorem states that on a compact Kähler manifold of complex dimension n, given any positive smooth density with total volume equal to that of a fixed Kähler class, there exists a unique smooth Kähler metric within that class whose volume form equals the given density. The m",The conjecture by Yau is confirmed.
named_pair,yau,Calabi-Yau theorem,Calabi-Yau theorem,2,1,"Top-1 directly explains the Calabi-Yau theorem, providing a clear and relevant match.",Calabi's theorem states that the canonical bundle of a complex manifold admits a Calabi-Yau structure. This structure consists of a Kähler form and a holomorphic volume form. The result ensures the existence of these forms with specific geometric properties. It is a foundational ,"Yau's theorem states that on a compact complex manifold with a Kähler metric, given any smooth positive volume form of the same total volume, there exists a unique Kähler metric in the same cohomology class whose volume form equals the given one. This result solves the Calabi con",The Calabi conjecture is true. It states that a certain topological condition guarantees the existence of a unique Kähler metric with a specified Ricci form on a compact Kähler manifold. This result was proven by Shing-Tung Yau.
natural_phrasing,fts_complete,every Cauchy sequence converges,completeness / Cauchy completeness of R,2,1,"Top-1 directly addresses the convergence of Cauchy sequences, aligning perfectly with the searcher's intent.",Every Cauchy sequence converges to a limit.,A Cauchy sequence of real numbers is convergent.,A sequence of real numbers is a Cauchy sequence if and only if it is convergent.
natural_phrasing,fts_complete,real numbers are complete,completeness of R,2,1,"Top-1 directly addresses the completeness of real numbers, clearly matching the search intent.",The real numbers form a complete ordered field. This means the real numbers are totally ordered and every non-empty subset bounded above has a least upper bound. The field operations and order relation satisfy the standard axioms. This structure is unique up to isomorphism.,The real numbers form a complete metric space. A sequence of real numbers converges if and only if it is a Cauchy sequence.,The ordered real numbers with their order topology are complete. Every Cauchy sequence of elements from this set converges within the set.
natural_phrasing,fts_complete,completeness of the real numbers,completeness of R,2,1,Top-1 directly addresses the completeness of real numbers and is highly relevant.,The space of real numbers is complete with respect to the Cauchy criterion. Every Cauchy sequence of real numbers converges to a real number. This property is fundamental in real analysis. It ensures the real number system has no gaps.,The real numbers form a complete metric space. A sequence of real numbers converges if and only if it is a Cauchy sequence.,The real numbers form a complete ordered field. This means the real numbers are totally ordered and every non-empty subset bounded above has a least upper bound. The field operations and order relation satisfy the standard axioms. This structure is unique up to isomorphism.
natural_phrasing,fund_calc_a,integral of derivative equals function difference,FTC part 2,2,1,Top-1 directly states the fundamental theorem of calculus part 2.,The integral of the derivative of a function over an interval equals the difference in the function's values at the endpoints.,A real-valued differentiable function with an integrable derivative equals its starting value plus the integral of its derivative from the starting point to any point in the interval. This holds for all points within the closed interval. The function's value at any point is deter,The integral of the derivative of a function over an interval equals the difference in the function's values at the endpoints. This result holds under appropriate conditions on the function and its derivative. It connects differentiation and integration as inverse processes. This
natural_phrasing,fund_calc_a,integral from a to b of f' equals f(b) - f(a),FTC,2,1,"Top-1 is a clear, on-target match for the fundamental theorem of calculus.",The integral of the derivative of a function from a to b equals the function's value at b minus its value at a.,The integral of the derivative of a function from a to b equals the function evaluated at b minus the function evaluated at a.,The integral of the derivative of a function from a to b equals the function evaluated at b minus the function evaluated at a.
natural_phrasing,fund_calc_a,fundamental theorem of calculus,FTC,2,1,"Top-1 provides a clear, accurate definition of the fundamental theorem of calculus.",A continuous function on a closed interval has a definite integral equal to the difference of its antiderivative evaluated at the endpoints. This result connects integration with differentiation. It is known as the fundamental theorem of calculus. The formula holds for any antide,The integral of the derivative of a function over an interval equals the difference in the function's values at the endpoints. This result holds under appropriate conditions on the function and its derivative. It connects differentiation and integration as inverse processes. This,"A continuous real function on a closed interval has a primitive function. If F is any primitive of f on that interval, then the definite integral of f from a to b equals F evaluated at b minus F evaluated at a. This result connects integration with differentiation. It is known as"
natural_phrasing,trig_eul,Euler's identity,e^(i pi) + 1 = 0,1,1,"Top-1 is a clear match, but additional results are less relevant.","Euler's identity states that e raised to the power of i times pi plus one equals zero. It connects five fundamental mathematical constants: e, i, pi, one, and zero. The identity is a special case of Euler's formula. It is widely regarded as an example of mathematical beauty.","Euler's formula states that the complex exponential of an imaginary number equals the sum of cosine and sine functions. Specifically, e raised to the power of i times theta equals cosine theta plus i times sine theta. Here, i is the imaginary unit. This identity connects complex ","The theorem presents four identities involving ratios of the Euler function evaluated at different exponential arguments. Each identity expresses the ratio as an algebraic combination of cube roots, square roots, and rational numbers. The results are specific to arguments involvi"
natural_phrasing,trig_eul,e^(i pi) = -1,Euler's identity,1,3,"A clear match appears in top-3, specifically about Euler's identity connecting constants.",The theorem states that the value of e equals one.,The theorem defines a mathematical object called e.,"Euler's identity states that e raised to the power of i times pi plus one equals zero. It connects five fundamental mathematical constants: e, i, pi, one, and zero. The identity is a special case of Euler's formula. It is widely regarded as an example of mathematical beauty."
natural_phrasing,trig_eul,$e^{i\pi}+1=0$,Euler's identity,2,1,Top-1 directly explains Euler's identity and its significance.,"Euler's identity states that e raised to the power of i times pi plus one equals zero. It connects five fundamental mathematical constants: e, i, pi, one, and zero. This equation is widely regarded for its elegance and depth in mathematics.","Euler's identity states that e raised to the power of i times pi plus one equals zero. It connects five fundamental mathematical constants: e, i, pi, one, and zero. The identity is a special case of Euler's formula. It is widely regarded as an example of mathematical beauty.",The theorem defines a mathematical object called e.
natural_phrasing,uniq_factor,unique factorization domain,UFD definition,1,2,"A clear match appears in top-3 but not at rank 1, providing relevant definitions of UFD.",The algebraic structure is an integral domain. It also satisfies the unique factorization property.,An integral domain is a unique factorization domain if and only if every nonzero non-unit element factors into irreducibles and every irreducible element is prime.,An integral domain is a unique factorization domain if and only if every nonzero element factors into primes and a unit.
natural_phrasing,uniq_factor,UFD,UFD,1,3,"A clear match appears in top-3 but not at rank 1, providing relevant information about UFDs.",The algebraic structure is an integral domain. It also satisfies the unique factorization property.,"A commutative ring R is a UFD if and only if its polynomial ring in one or more variables is a UFR, or is atomic with homomorphic factorizations. R is a finite direct product of UFDs if and only if its polynomial ring in one or more variables is factorial or satisfies certain UFR","Let R be a unique factorization domain of characteristic p at least zero with field of fractions K. Consider a polynomial g in R[X,Y,Z] of the form bZ^n minus a, where a and b are in R[X,Y], b is nonzero, and n is at least 2 with p not dividing n. If the quotient ring R[X,Y,Z] di"
natural_phrasing,iso_thm,first isomorphism theorem,first isomorphism theorem (groups/rings),2,1,"Top-1 is a clear, on-target match for the first isomorphism theorem.","The quotient of a structure S by the kernel of a homomorphism phi is isomorphic to the image of phi. This result is known as the first isomorphism theorem. It applies to various algebraic structures like groups, rings, and modules. The theorem connects the kernel and image throug",The quotient group of G by the kernel of a homomorphism is isomorphic to the image of that homomorphism. This result is known as the first isomorphism theorem. It establishes a fundamental connection between homomorphisms and quotient structures. The theorem applies to groups and,"The First Isomorphism Theorem states that for a homomorphism f from A to B, the quotient of A by the kernel of f is isomorphic to the image of f. This means the structure of the image is exactly captured by factoring out the kernel. The theorem applies to algebraic structures lik"
natural_phrasing,iso_thm,G/ker f is isomorphic to image f,first isomorphism theorem,2,1,Top-1 directly states the first isomorphism theorem clearly and accurately.,The image of f is defined as the set of all values v for which there exists an input a such that f of a equals v. The quotient of A by the equivalence relation induced by f is isomorphic to the quotient of A by the kernel of f. This quotient is equal to the image of f.,The function g is surjective. The kernel of g is equal to the image of f.,The function g maps onto its entire codomain. The kernel of g is equal to the image of f.
open_conj,,Goldbach conjecture,every even integer >2 is sum of two primes,2,1,"Top-1 directly defines the conjecture, clearly matching the search intent.",The conjecture is equivalent to the Goldbach conjecture.,Every even number greater than two can be written as the sum of two prime numbers. This statement is known as Goldbach's conjecture. It has been verified for very large numbers but remains unproven in general. The conjecture applies to all even integers above two.,The Goldbach Conjecture states that every even integer greater than or equal to six is expressible as the sum of two prime numbers.
open_conj,,twin prime conjecture,infinitely many primes p with p+2 also prime,2,1,"Top-1 is a clear, on-target match for the twin prime conjecture.",The twin prime conjecture states that there are infinitely many pairs of prime numbers that differ by two.,The Twin Prime Conjecture proposes that there are infinitely many pairs of twin primes. Twin primes are prime numbers that differ by two. This conjecture remains unproven despite extensive mathematical research. It is one of the most famous open problems in number theory.,"Twin primes are pairs of primes differing by two. For any natural number N, there exists a twin prime pair where both primes are larger than N. This statement claims that there are infinitely many twin primes. It is known as the twin prime conjecture."
open_conj,,abc conjecture,abc conjecture in number theory,1,2,"Top-3 includes relevant information about the abc conjecture, but top-1 is not a clear match.","The ABC conjecture states that for any coprime integers a, b, and c with a plus b equal to c, the product c is bounded above by a function of the radical of their product. The radical is the product of distinct primes dividing a, b, and c. The bound involves an exponential functi",The strong abc-conjecture implies the abc-conjecture.,Conjecture Denom follows from the uniform abc-conjecture over number fields.
open_conj,,Catalan conjecture,Mihailescu theorem on x^p - y^q = 1,1,2,"Top-3 includes relevant information about Mihailescu's theorem, but not in the first position.","The only solution in positive integers to the equation x to the power of n minus y to the power of m equals one is when x is three, y is two, n is two, and m is three. This result is known as Catalan's conjecture. It states that the only consecutive powers of natural numbers are ","The only solution to the equation x to the power of m minus y to the power of n equals 1 in positive integers greater than one is when x is 3, y is 2, m is 2, and n is 3. This yields the identity 3 squared minus 2 cubed equals 1. No other nonzero integer solutions exist for expon",The equation one plus a raised to the n equals two raised to the m has no integer solutions when both n and m are greater than one. This is a specific instance of Catalan's conjecture.
open_conj,,Mihailescu theorem,Mihailescu's theorem (Catalan conjecture),2,1,"Top-1 directly defines Mihailescu's theorem, clearly addressing the search intent.","Mihailescu's theorem states that the only solution in integers greater than one to the equation a to the power of x minus b to the power of y equals one is when a is three, b is two, x is two, and y is two. This means that three squared minus two squared equals one. The equation ","The only solution to the equation x to the power of m minus y to the power of n equals 1 in positive integers greater than one is when x is 3, y is 2, m is 2, and n is 3. This yields the identity 3 squared minus 2 cubed equals 1. No other nonzero integer solutions exist for expon","Given positive integers with specific ordering and coprimality conditions, the equation involving powers of a and b has only finitely many solutions in positive integers. The conditions require the exponents to be fixed and satisfy certain inequalities and relative primality. The"
open_conj,,Birch and Swinnerton-Dyer conjecture,BSD conjecture on elliptic curves,2,1,"Top-1 directly addresses the BSD conjecture for elliptic curves, providing a clear and relevant explanation.","The Birch and Swinnerton-Dyer conjecture for an elliptic curve over a field states that the L-function value divided by the period equals the product of the Tate-Shafarevich group size, the reciprocal of the square of the rational points group size, and the local Tamagawa numbers","The Birch and Swinnerton-Dyer conjecture relates an L-function value to arithmetic invariants of an abelian variety over a number field. It equates the ratio of the L-function at one to a period with a product involving the Tate-Shafarevich group, Mordell-Weil groups, and local T",The Birch and Swinnerton-Dyer conjecture holds for the elliptic curve E. The order of vanishing of the L-function at s equals 1 is the rank of the Mordell-Weil group. The Tate-Shafarevich group of E is finite. The leading coefficient of the L-function at s equals 1 is given by a 
open_conj,,Hodge conjecture,Hodge conjecture in algebraic geometry,1,2,"A clear match appears in top-3, specifically about the conjecture's implications for complex varieties.",The Hodge conjecture holds for a smooth proper complex variety if and only if it also holds for the derived category of perfect complexes on that variety.,"The Hodge conjecture is equivalent to a statement about complex projective varieties. For any even-dimensional smooth variety, consider a rational cohomology class of type (n,n). There exist nonzero integers and an effective algebraic cycle such that the cycle's fundamental class",The conjecture is implied by the usual Hodge conjecture.
open_conj,,P versus NP problem,P vs NP conjecture,1,2,"A clear match appears in top-3, but not at rank 1.",The P versus NP problem asks whether every problem with a solution that can be verified quickly can also be solved quickly. This theorem states that P is not equal to NP. It means there are problems for which solutions are hard to find but easy to check. This is a fundamental res,The P versus NP problem remains unsolved. It is not proven that P equals NP. The theorem asserts that P is not equal to NP. This is a major unsolved question in computer science.,The problem belongs to the complexity class NP.
open_conj,,Navier-Stokes existence and smoothness,Navier-Stokes Millennium problem,2,1,Top-1 directly addresses the Navier-Stokes Millennium problem with a clear statement on existence and smoothness.,The Navier-Stokes equations have a unique smooth solution for any smooth initial condition.,"Given initial data satisfying certain conditions, the theorem establishes global existence and uniqueness of strong solutions to the Navier-Stokes equations. The result holds under one of three sets of assumptions on the initial velocity and density. These assumptions involve spe",A smooth solution exists for the Navier-Stokes equations given smooth initial data. This solution is unique and remains smooth over any finite time interval. The result holds for any fixed positive time T.
open_conj,,Yang-Mills mass gap,Yang-Mills mass gap problem,1,3,"Top-3 contains relevant information about the Yang-Mills mass gap, but top-1 is not a clear match.","A solution of the Yang-Mills equation has a mass gap at a point if and only if, for every character-quantum state, the evaluation of the Hamiltonian at that point is nonzero.","The Yang-Mills equation has local and global solutions with a mass gap. These solutions are contained in a formally and completely integrable subsystem called the Higgs-quantum super PDE. Under certain topological conditions, this subsystem becomes a quantum extended crystal supe",The mass gap of the quantum energy-mass operator is at least one in all Lorentz coordinates.
nt_named,,Dirichlet theorem on primes in arithmetic progressions,Dirichlet's theorem on primes in arithmetic progressions,2,1,"Top-1 is a clear, on-target match for Dirichlet's theorem on primes in arithmetic progressions.","For relatively prime integers a and b, the arithmetic progression a n plus b contains infinitely many prime numbers. This holds for all natural numbers n. The result is known as Dirichlet's theorem on arithmetic progressions. It generalizes Euclid's theorem on the infinitude of p","Dirichlet's theorem states that for any two coprime integers, there are infinitely many primes congruent to one modulo the other. This holds regardless of the specific coprime pair chosen. The primes are evenly distributed among the residue classes coprime to the modulus. This is","Dirichlet's theorem states that if two positive integers are coprime, then the arithmetic progression formed by their linear combination contains infinitely many primes."
nt_named,,primes in arithmetic progressions,Dirichlet's theorem,2,1,Top-1 directly states Dirichlet's theorem on primes in arithmetic progressions.,There are infinitely many primes in any arithmetic progression where the first term and common difference are coprime.,"The theorem gives an upper bound for the count of primes in an arithmetic progression within an interval. It applies when the modulus and integer are coprime, and the interval length is sufficiently large relative to the modulus. The bound is expressed in terms of the Euler totie",Primes contain arithmetic progressions of any finite length.
nt_named,,Bertrand postulate,for n>1 there is a prime between n and 2n,2,1,"Top-1 is a clear, on-target match for Bertrand's postulate.","Bertrand's postulate states that for every integer n greater than 1, there exists at least one prime number p between n and 2n. This implies that the prime counting function evaluated at 2n is greater than at n. The result guarantees a prime in the open interval from n to 2n. It ","Chebyshev's theorem states that for any integer n greater than or equal to 2, there exists at least one prime number p. This prime p lies strictly between n and 2n. The result guarantees a prime in the interval from n plus one to 2n minus one. It is also known as Bertrand's postu","Chebyshev's theorem states that for any integer n greater than 1, there exists at least one prime number p such that n is less than p and p is less than 2n. This guarantees a prime in the open interval between n and 2n. The result is also known as Bertrand's postulate."
nt_named,,Chebyshev bound on prime counting function,Chebyshev bounds for pi(x),2,1,Top-1 directly addresses Chebyshev bounds for the prime counting function pi(x).,Chebyshev's theorem states that the prime counting function pi of z is bounded above and below by constant multiples of z divided by the natural logarithm of z. It establishes that pi of z grows asymptotically like z over log z. The theorem provides explicit positive constants c1,"Chebyshev's theorem states that the prime-counting function pi(x) is bounded above and below by constant multiples of x divided by the natural logarithm of x. For all x greater than or equal to some positive integer N, there exist positive constants c1 and c2 such that c1 is at m","Chebyshev's inequality states that for any prime number p, the function theta of n is less than or equal to pi of n multiplied by the logarithm of n."
nt_named,,Mertens theorem,Mertens theorems on prime sums,1,2,Top-3 includes relevant information about Mertens' theorem on prime sums.,"Mertens's Product Theorem states that the product of one minus the reciprocal of each prime up to x, multiplied by the natural logarithm of x, approaches the constant e to the negative Euler-Mascheroni constant as x tends to infinity. A more precise formulation gives this product",Mertens' theorem provides asymptotic formulas for sums and products over primes. The sum of reciprocals of primes up to x equals log log x plus a constant and an asymptotic error term. The product of terms one minus the reciprocal of primes up to x is asymptotically one divided b,The prime number theorem is equivalent to the statement that the Mertens function of the mu function equals zero.
nt_named,crt,Chinese remainder theorem,CRT for coprime moduli,2,1,"Top-1 provides a clear, accurate explanation of the Chinese Remainder Theorem for coprime moduli.","The Chinese Remainder Theorem states that for a set of pairwise coprime integers and any given integers, there exists an integer solution to a system of congruences. All solutions are congruent modulo the product of these integers. The theorem also holds under a weaker condition ","The Chinese Remainder Theorem states that for a set of pairwise coprime positive integers and corresponding integers, there is a unique solution modulo the product of the moduli. This solution satisfies all given congruences simultaneously. The solution exists within the range fr","Given pairwise relatively prime numbers, there exists a number that satisfies a set of simultaneous congruences. This number is congruent to each given remainder modulo the corresponding modulus. The result holds for any set of remainders. This is a statement of the Chinese Remai"
nt_named,crt,CRT,Chinese remainder theorem,2,1,"Top-1 is a clear, on-target match for the Chinese Remainder Theorem.","The Chinese Remainder Theorem states that for a set of pairwise coprime integers and any given integers, there exists an integer solution to a system of congruences. All solutions are congruent modulo the product of these integers. The theorem also holds under a weaker condition ","The Chinese Remainder Theorem states that an integer is uniquely determined modulo N by its remainders modulo a set of pairwise coprime integers, provided the product of these integers is at least N.","The Chinese Remainder Theorem states that for a set of pairwise coprime positive integers and corresponding integers, there is a unique solution modulo the product of the moduli. This solution satisfies all given congruences simultaneously. The solution exists within the range fr"
nt_named,,quadratic reciprocity,quadratic reciprocity law,2,1,"Top-1 is a clear, on-target match for the quadratic reciprocity law.",The law of quadratic reciprocity relates the Legendre symbols for two distinct odd primes p and q. The product of the symbols equals negative one raised to the power of the product of p minus one over two and q minus one over two. The Legendre symbol for negative one modulo q is ,"The law of quadratic reciprocity relates the Legendre symbols for two distinct odd primes p and q. It states that the product of the Legendre symbols of q over p and p over q equals negative one raised to the product of p minus one and q minus one, all divided by four. The supple",The law of quadratic reciprocity relates the solvability of two quadratic congruences modulo distinct odd primes. It states that the product of the Legendre symbols of p modulo q and q modulo p equals negative one raised to the product of half of p minus one and half of q minus o
nt_named,,law of quadratic reciprocity,quadratic reciprocity,2,1,"Top-1 is a clear, on-target match explaining the law of quadratic reciprocity.",The law of quadratic reciprocity relates the Legendre symbols for two distinct odd primes p and q. The product of the symbols equals negative one raised to the power of the product of p minus one over two and q minus one over two. The Legendre symbol for negative one modulo q is ,"The law of quadratic reciprocity relates the Legendre symbols for two distinct odd primes p and q. It states that the product of the Legendre symbols of q over p and p over q equals negative one raised to the product of p minus one and q minus one, all divided by four. The supple","For distinct odd primes p and q, if either p or q is congruent to 1 modulo 4, then p is a quadratic residue modulo q exactly when q is a quadratic residue modulo p. If both p and q are congruent to 3 modulo 4, then p is a quadratic residue modulo q exactly when q is not a quadrat"
nt_named,,Legendre symbol multiplicativity,multiplicativity of Legendre symbol,2,1,Top-1 directly addresses the multiplicativity of the Legendre symbol clearly and accurately.,"The Legendre symbol is multiplicative. For a prime p greater than 2 and integers a and b, the Legendre symbol of the product ab modulo p equals the product of the Legendre symbols of a and b modulo p. This property holds for all integers a and b.","For an odd prime p and integers a and b, the Legendre symbol of the product a b is equal to the product of the Legendre symbols of a and b. This property shows that the Legendre symbol is completely multiplicative. It allows the evaluation of the symbol for composite numbers by f","The Legendre symbol is completely multiplicative, meaning the symbol of a product equals the product of the symbols. The quadratic reciprocity law states that for distinct odd primes p and q, the symbols p over q and q over p are equal unless both primes are congruent to 3 modulo"
nt_named,euler_phi,Euler totient function multiplicative,Euler phi is multiplicative,2,1,Top-1 directly states the multiplicative property of the Euler totient function for coprime integers.,"The Euler totient function is multiplicative. For any two coprime positive integers m and n, the totient of their product equals the product of their totients.",Euler's totient function is multiplicative for coprime integers. The totient of a product equals the product of the totients. This holds when the two integers share no common factors.,"The Euler phi function is multiplicative. If two positive integers are coprime, then the phi function of their product equals the product of their individual phi function values."
nt_named,euler_phi,phi(mn) = phi(m) phi(n) for coprime m n,Euler phi multiplicativity,2,1,"Top-1 is a clear, on-target match for Euler's phi multiplicativity.","If m and n are positive integers with greatest common divisor one, then Euler's totient function of m times n equals the product of Euler's totient function of m and Euler's totient function of n.","Euler's totient function is multiplicative for coprime integers. If m and n are positive integers that are coprime, then the totient of their product equals the product of their totients.","The Euler totient function is multiplicative. For any two coprime positive integers m and n, the totient of their product equals the product of their totients."
alg,,Sylow theorems,Sylow theorems,2,1,Top-1 provides a clear and comprehensive explanation of Sylow theorems.,"Sylow's theorems describe the existence and properties of subgroups in finite groups related to prime factors. For any prime dividing the group order, there exists a subgroup whose order is the highest power of that prime dividing the group order. All such subgroups for a given p","Sylow's theorem states that for a finite group whose order is a power of a prime, the number of subgroups of any given prime power order is congruent to one modulo that prime.","For a finite group and a prime number, there exists at least one Sylow p-subgroup. All Sylow p-subgroups are conjugate to each other. The number of Sylow p-subgroups is congruent to one modulo p."
alg,,Jordan-Hölder theorem,Jordan-Hölder theorem on composition series,2,1,Top-1 directly explains the Jordan-Hölder theorem and its relevance to composition series.,The representation has a Jordan-Holder series of finite length.,"For a finite group, any two composition series have the same length. The composition factors from each series are isomorphic in a corresponding order. This holds regardless of the choice of composition series. The result is known as the Jordan-Holder theorem.",The Jordan-Holder theorem states that any two composition series of a group are equivalent. This means they have the same length and the same composition factors up to permutation. The result holds for finite groups and more generally for groups with composition series. It is a f
alg,,Krull-Schmidt theorem,Krull-Schmidt,2,1,"Top-1 is a clear, on-target match for the Krull-Schmidt theorem.",Every object in a Krull-Schmidt category decomposes into a finite direct sum of indecomposable objects. This decomposition is unique up to isomorphism.,A representation that decomposes into indecomposable summands in two different ways must have the same number of summands in each decomposition. The summands in the two decompositions are isomorphic up to reordering. This holds regardless of the order of the summands in the direc,"The Krull-Schmidt-Remak theorem states that if a module has two decompositions into indecomposable submodules, the number of factors is the same in both. Moreover, the factors in one decomposition are isomorphic to those in the other up to reordering. This holds under certain fin"
alg,,Artin-Wedderburn theorem,Artin-Wedderburn structure theorem,2,1,Top-1 directly describes the Artin-Wedderburn theorem accurately.,The Artin-Wedderburn Theorem states that a semisimple algebra is isomorphic to a product of matrix rings over division rings. This decomposition is unique up to the order of the factors.,"The Wedderburn-Artin Theorem states that for a ring, several conditions are equivalent. These include that every left or right module is a direct sum of simple modules. Another equivalent condition is that every finitely generated module is such a direct sum. The ring is also iso","A ring is Noetherian and von Neumann regular if and only if all right modules are projective. This is also equivalent to all right modules being injective. Furthermore, the ring is isomorphic to a finite product of matrix rings over division rings. This result is known as the Wed"
alg,,Hilbert basis theorem,Hilbert basis theorem,2,1,"Top-1 is a clear, on-target match for the Hilbert basis theorem.",Every ideal in a polynomial ring over the reals with finitely many variables is finitely generated. Every ascending chain of ideals in such a ring eventually becomes constant. These two properties are equivalent. This result is known as the Hilbert basis theorem.,"Hilbert's basis theorem states that for any field and any non-negative integer, every ideal in the polynomial ring with that many variables is finitely generated. This means any set of polynomials in such a ring has a finite set of generators. The result holds for polynomial ring","If R is a noetherian ring, then the polynomial ring in one variable over R is also noetherian. This means that every ideal in R[X] is finitely generated. The result is known as Hilbert's basis theorem. It extends to polynomial rings in finitely many variables as well."
alg,nss,Hilbert Nullstellensatz,Hilbert's Nullstellensatz,2,1,"Top-1 is a clear, on-target match for Hilbert's Nullstellensatz.","Hilbert's Nullstellensatz holds over an algebraically closed field. For any ideal in a polynomial ring, the vanishing ideal of its zero locus equals the radical of the ideal. This establishes a fundamental correspondence between algebraic sets and radical ideals. The result is a ","Hilbert's Nullstellensatz states that for an algebraically closed field and an ideal in a polynomial ring, the ideal of the variety of the ideal equals its radical. This establishes a fundamental correspondence between algebraic sets and radical ideals. It implies that if a polyn","In an algebraically closed field, the set of polynomials vanishing on the common zeros of a set S equals the radical of the ideal generated by S. This result connects algebraic sets to ideals in polynomial rings. It establishes a fundamental correspondence between geometry and al"
alg,nss,Nullstellensatz,Nullstellensatz,2,1,"Top-1 is a clear, on-target match for the Nullstellensatz.","Hilbert's Nullstellensatz holds over an algebraically closed field. For any ideal in a polynomial ring, the vanishing ideal of its zero locus equals the radical of the ideal. This establishes a fundamental correspondence between algebraic sets and radical ideals. The result is a ","The Nullstellensatz states that for any ideal in the ring of complex polynomials, the ideal of the variety defined by that ideal equals its radical. This means the functions vanishing on the common zeros of the ideal are exactly those polynomials whose powers lie in the original ","In an algebraically closed field, the set of polynomials vanishing on the common zeros of a set S equals the radical of the ideal generated by S. This result connects algebraic sets to ideals in polynomial rings. It establishes a fundamental correspondence between geometry and al"
alg,nss,Hilbert nullstellensatz,Hilbert's Nullstellensatz,2,1,"Top-1 is a clear, on-target match for Hilbert's Nullstellensatz.","Hilbert's Nullstellensatz holds over an algebraically closed field. For any ideal in a polynomial ring, the vanishing ideal of its zero locus equals the radical of the ideal. This establishes a fundamental correspondence between algebraic sets and radical ideals. The result is a ","Hilbert's Nullstellensatz states that for an algebraically closed field and an ideal in a polynomial ring, the ideal of the variety of the ideal equals its radical. This establishes a fundamental correspondence between algebraic sets and radical ideals. It implies that if a polyn","In an algebraically closed field, the set of polynomials vanishing on the common zeros of a set S equals the radical of the ideal generated by S. This result connects algebraic sets to ideals in polynomial rings. It establishes a fundamental correspondence between geometry and al"
alg,,going up theorem,Cohen-Seidenberg going-up,2,1,Top-1 directly explains the Going Up theorem in the context of integral extensions of rings.,A levelwise integral morphism between G-Tambara functors satisfies the going up property.,"The Going Up theorem states that for commutative rings with an integral extension, given a chain of prime ideals in the larger ring and an extended chain in the smaller ring, the chain can be extended upward. Specifically, if there is an ascending sequence of prime ideals in the ",The Going Up theorem applies to commutative rings where S is integral over R. An idealistic chain formed from chains in S and R collapses in S if and only if its restriction to R collapses in R. The saturation of this chain in S has a trace on R equal to the saturation of the res
alg,,going down theorem,Cohen-Seidenberg going-down,2,1,Top-1 directly addresses the Cohen-Seidenberg going-down theorem clearly and accurately.,"The Going Down theorem applies to two entire rings where one is integral over the other and the base ring is integrally closed. It considers two saturated idealistic chains, one in each ring, with overlapping ideals. If the combined chain collapses in the larger ring, then the ch","A ring homomorphism is going down if and only if, whenever the image of an element multiplied by an element in the codomain lies in the radical of an ideal generated by images, there exist elements in the domain whose images generate a radical containing the codomain element and ","A ring homomorphism between commutative rings has the going down property if and only if a certain condition involving radicals and generators holds. This condition states that if the image of an element multiplied by another lies in the radical of an ideal generated by images, t"
alg,,Krull dimension of polynomial ring,"Krull dim k[x_1,...,x_n] = n",2,1,"Top-1 directly addresses the Krull dimension of polynomial rings, confirming the searcher's intent.",The Krull dimension of a polynomial ring over a commutative Noetherian ring equals the Krull dimension of the base ring plus the number of variables. This result holds for any finite set of commuting indeterminates. It generalizes the classical fact that the dimension of a polyno,"For a commutative Noetherian ring R with identity, the Krull dimension of the polynomial ring R[x] equals the Krull dimension of R plus one. Specifically, the Krull dimension of the polynomial ring over the integers in n variables is n plus one. For any field F, the Krull dimensi",The Krull dimension of the polynomial ring over a noetherian ring equals the dimension of the base ring plus one.
alg,,Auslander-Buchsbaum formula,Auslander-Buchsbaum formula,2,1,"Top-1 is a clear, on-target match for the Auslander-Buchsbaum formula.","Given certain conditions on the Ext modules and finite projective dimension, the Auslander-Buchsbaum formula relates the projective dimension and depth of a module to the depth of the ring.",The Auslander-Buchsbaum formula applies to a commutative Noetherian local ring and a nonzero finitely generated module of finite projective dimension. It states that the projective dimension of the module plus its depth equals the depth of the ring. This result connects homologic,"In a Noetherian local ring, a nonzero finite module with finite projective dimension satisfies an equality. The depth of the ring equals the sum of the projective dimension of the module and the depth of the module. This result relates three homological invariants in commutative "
alg,,Cohen structure theorem,Cohen structure theorem on complete local rings,1,2,"Top-3 contains relevant information about the Cohen structure theorem, but top-1 is not a clear match.","The Cohen structure theorem applies to a complete local ring with a maximal ideal. The ring always contains a coefficient ring. If the maximal ideal is finitely generated, the ring is isomorphic to a quotient of a power series ring over a field or a Cohen ring. This representatio",Cohen's structure theorem gives a surjection from a power series ring over the Cohen ring of the residue field to a complete Noetherian local ring. An ideal and sequence of elements are chosen to define an animated ring. The theorem states that the ring is regular if and only if ,The quotient ring is Cohen-Macaulay.
alg,,PID is UFD,every PID is a UFD,1,1,A clear match appears in top-3 but not at rank 1.,Every principal ideal domain is also a unique factorization domain.,A local integral domain with the principal ideals finitely generated property is a unique factorization domain.,"If R is a unique factorization domain, then R is also a principal ideal domain."
alg,,Euclidean domain is PID,every Euclidean domain is a PID,2,1,"Top-1 is a clear, on-target match stating that every Euclidean domain is a PID.",Every Euclidean domain is also a principal ideal domain.,Every Euclidean domain is also a principal ideal domain.,A Euclidean ring is always a principal ideal domain. This means that every ideal in such a ring can be generated by a single element. The Euclidean property guarantees the existence of a division algorithm. This algorithm ensures that ideals are principal.
ag,,Bezout theorem,Bezout's theorem in algebraic geometry,2,1,Top-1 provides a clear and precise explanation of Bézout's theorem in algebraic geometry.,"Bézout's Theorem applies to two projective plane curves that share no common components. The total number of intersection points, counting multiplicities, equals the product of the degrees of the curves. This holds over an algebraically closed field. The theorem provides a precis",Bézout's Theorem states that two algebraic curves without shared components intersect in a number of points counting multiplicities equal to the product of their degrees. The sum of the intersection multiplicities at all intersection points is exactly the product of the degrees o,"Bezout's Theorem states that two irreducible plane algebraic curves of degrees l and m over an algebraically closed field, with no common component, intersect in exactly l times m points. The intersection points are counted with their multiplicities. This result holds under the c"
ag,,two curves of degree m and n meet in mn points,Bezout's theorem,2,1,Top-1 directly states Bezout's theorem about intersection points of curves.,Two algebraic curves of degrees m and n intersect at m times n distinct points. The set of these intersection points is essentially dependent in a specific way. This dependence is characterized by the number m plus n minus 3.,"Two projective plane curves of degrees m and n, defined over an algebraically closed field, intersect in exactly m times n points when counted with multiplicity, provided the curves share no common factor.","A set of mn points in the plane, with m less than or equal to n, satisfies two conditions. Any curve of degree m+n-3 that contains all but one point must contain the entire set. No curve of degree less than m can contain all the points. Then the set is exactly the intersection of"
ag,,Serre duality,Serre duality on smooth projective varieties,1,2,"Top-3 includes relevant information on Serre duality, but top-1 is not the best match.","Serre duality induces an isomorphism between local cohomology and dual cohomology groups. For a locally-free sheaf on a space, the i-th local cohomology group with support in a subspace is isomorphic to the dual of the (n-i)-th cohomology group of a twisted dual sheaf. This holds","Serre duality establishes an isomorphism between cohomology groups on a complex manifold. For a holomorphic vector bundle V, the q-th cohomology group of p-forms twisted by V is dual to the (n-q)-th cohomology group of (n-p)-forms twisted by the dual bundle V*. The manifold has c",Serre duality gives an isomorphism between the zeroth cohomology group of a certain line bundle and the dual of the first cohomology group of the structure sheaf. This holds for any positive element in a specified set. The result relates sections of a canonical divisor twisted by
ag,,Kodaira vanishing theorem,Kodaira vanishing,2,1,Top-1 directly and clearly explains the Kodaira vanishing theorem.,"Kodaira vanishing states that for a smooth projective variety with an ample line bundle, all higher cohomology groups of the canonical bundle twisted by the ample bundle vanish.","Kodaira's vanishing theorem states that for an ample line bundle over a complex manifold, certain cohomology groups vanish. Specifically, if the sum of the cohomological and form degrees exceeds the manifold's dimension, the cohomology is zero. This applies to the tensor product ","The Kodaira vanishing theorem states that for an ample divisor on a smooth projective variety, certain cohomology groups vanish in positive degrees. Specifically, the cohomology of the canonical sheaf twisted by the ample divisor is zero above degree zero. In the case of a Calabi"
ag,,Weil conjectures,Weil conjectures on zeta functions of varieties over finite fields,1,2,Top-2 and Top-3 provide relevant information about the Weil conjectures and zeta functions.,"A Weil cohomology theory satisfying the weak Lefschetz theorem and universal hν implies universal hC. If the hard Lefschetz theorem also holds, then the universal conjectures hν, hB, and hC are all equivalent.",The Weil conjectures are true for Sigma n. The zeta function is a rational function expressed as a product of polynomials. All roots of the zeta function have absolute values that are integer powers of q to the minus one half. The zeta function also satisfies a specific functiona,"If X satisfies the Weil conjecture, the polynomials P_i are pairwise coprime. They have integer coefficients. Their values do not depend on the choice of l."
ag,,étale cohomology,etale cohomology,1,2,"Top-3 contains relevant information about étale cohomology, but top-1 is not a clear match.","Let m be an integer greater than or equal to 1 that is invertible on S, and let F be an etale sheaf of Z/mZ-modules on X. The n-th cohomology group of the pushforward of F along alpha in the t-topology is isomorphic to the n-th etale cohomology group of X with coefficients in F. ","For a field F containing all roots of unity and an abelian torsion group A with trivial Galois action, the étale cohomology groups of the scheme X_F with coefficients in A are isomorphic to the Galois cohomology groups of F with coefficients in A. This isomorphism holds for all n","The etale cohomology theory from the referenced example satisfies the local principality property. This means that locally, the cohomology behaves in a principal manner. The property holds for the specific construction provided."
ag,,etale cohomology,étale cohomology,1,3,"A clear match appears in top-3 but not at rank 1, focusing on étale cohomology concepts.","Let m be an integer greater than or equal to 1 that is invertible on S, and let F be an etale sheaf of Z/mZ-modules on X. The n-th cohomology group of the pushforward of F along alpha in the t-topology is isomorphic to the n-th etale cohomology group of X with coefficients in F. ","The etale cohomology theory from the referenced example satisfies the local principality property. This means that locally, the cohomology behaves in a principal manner. The property holds for the specific construction provided.","For a field F containing all roots of unity and an abelian torsion group A with trivial Galois action, the étale cohomology groups of the scheme X_F with coefficients in A are isomorphic to the Galois cohomology groups of F with coefficients in A. This isomorphism holds for all n"
ag,,resolution of singularities,Hironaka resolution of singularities,1,3,"A clear match appears in top-3 but not at rank 1, relevant to Hironaka's work.",The resolution is isomorphic to the blow-up along the singular locus.,An integral affine or projective scheme of finite presentation over a perfect field has a resolution if it is singular.,An affine scheme of finite presentation over a perfect field that is integral and singular has a resolution. There exists a smooth scheme and a projective birational morphism from this smooth scheme onto the original singular scheme. This result holds under the given conditions.
ag,,Hironaka theorem,Hironaka's theorem on resolution,2,1,"Top-1 is a clear, on-target match for Hironaka's theorem on resolution.","Hironaka's theorem states that for any variety over a field of characteristic zero, there exists a proper birational morphism from a smooth variety. This morphism is an isomorphism over the regular points of the original variety. The preimage of the singular locus is a union of s","Hironaka's theorem states that for any irreducible complex algebraic variety, possibly with singularities, and an effective divisor on it, there exists a projective birational morphism from a smooth variety to the original one. This morphism has an exceptional divisor. The invers","Hironaka's theorem states that for a variety over a field of characteristic zero, there exists a sequence of blow-ups at regular centers. This sequence results in a regular variety. The composition of these blow-ups induces an isomorphism outside the singular locus. The exception"
complex,,functional equation of the Riemann zeta function,functional equation of zeta,2,1,Top-1 provides a clear and accurate description of the functional equation of the Riemann zeta function.,The Riemann zeta function satisfies a functional equation. This equation relates the values of the zeta function at s and 1-s. It involves the gamma function and a sine factor. The functional equation is symmetric under the transformation s to 1-s.,The Riemann zeta function satisfies a functional equation relating its value at s to its value at 1 minus s. This equation involves the gamma function and powers of pi. It holds for all complex s where the functions are defined. The equation is symmetric under the transformation ,The Riemann zeta function satisfies a functional equation relating its values at s and 1-s. This equation involves the gamma function and powers of two. It expresses a symmetry between the function at s and at one minus s. The equation holds for all complex s except for certain p
complex,,analytic continuation of the zeta function,analytic continuation of Riemann zeta,2,1,"Top-1 is a clear, on-target match for the analytic continuation of the Riemann zeta function.","The analytic continuation of the Riemann zeta function is given by a specific infinite series. This series converges absolutely and uniformly on compact subsets of the complex plane. The zeta function is analytic everywhere except at the point s equals one. At s equals one, there",The zeta function defined by the integral of the absolute value of an analytic function raised to a complex power is holomorphic for real parts greater than zero. This function extends analytically to a meromorphic function over the entire complex plane. All poles of this meromor,"Under the same assumptions as the referenced theorem, the function zeta sub triangle has a meromorphic continuation to the entire complex plane."
complex,,Picard's little theorem,Picard little theorem (entire non-constant function takes all but at most one value),2,1,Top-1 directly defines Picard's little theorem accurately.,A non-constant entire function can omit at most one complex value. Every other complex number is attained by the function. This holds over the entire complex plane. The result is known as Picard's theorem.,An entire function that never takes on two distinct complex values must be constant. This result is known as Picard's little theorem. It shows that non-constant entire functions are very constrained in their range. The theorem highlights a deep property of complex analytic functi,Picard's theorem states that an entire function omitting two distinct complex values must be constant. This result is also known as Picard's little theorem. It is a fundamental result in complex analysis. The theorem highlights the rigidity of entire functions.
complex,,Picard's great theorem,Picard great theorem (essential singularity behavior),1,2,"Top-3 includes relevant information about essential singularities, but top-1 is not a direct match.",A non-constant entire function can omit at most one complex value. Every other complex number is attained by the function. This holds over the entire complex plane. The result is known as Picard's theorem.,"An analytic function with an essential singularity at zero omits at most one complex value. This means that for all but possibly one complex number, the function takes that value. The result holds for functions defined on the punctured disk. This is a consequence of Picard's grea","A holomorphic function near an isolated essential singularity takes every complex value infinitely many times, with at most one possible exception."
complex,,Montel theorem,Montel's theorem on normal families,2,1,Top-1 provides a clear and accurate description of Montel's theorem on normal families.,A locally bounded sequence of holomorphic functions on a domain has a subsequence that converges uniformly on every compact subset. The limit function is also holomorphic. This result is known as Montel's theorem.,A family of analytic functions on a connected open set is normal if it is locally bounded. Every sequence in such a family has a subsequence converging uniformly on compact subsets. The limit function is also analytic on the domain. This is known as Montel's theorem.,Montel's theorem states that a family of holomorphic functions on a domain is normal. This is equivalent to the family being uniformly bounded on every compact subset of the domain.
complex,,Riemann mapping theorem,Riemann mapping theorem,2,1,"Top-1 is a clear, on-target match for the Riemann mapping theorem.","The Riemann mapping theorem states that any simply connected domain in the complex plane, excluding the entire plane itself, can be conformally mapped onto the open unit disk. This mapping is bijective and analytic. It is uniquely determined by specifying that a given point maps ","The Riemann mapping theorem states that any simply connected open subset of the complex plane, except the whole plane itself, can be mapped conformally onto the open unit disk. This mapping is unique if a specific point is fixed and the derivative at that point is positive. The f",The Riemann mapping theorem states that any simply connected proper open subset of the complex plane is conformally equivalent to the open unit disk. A conformal map exists that sends a specified point in the domain to the origin. This map is unique if its derivative at that poin
complex,,any simply connected proper open subset of C is conformally equivalent to the disk,Riemann mapping theorem,2,1,"Top-1 directly states the Riemann mapping theorem, clearly addressing the searcher's intent.",A simply connected proper subset of the complex plane can be mapped conformally onto the open unit disk. This mapping is unique up to composition with a conformal automorphism of the disk.,"Any non-empty, simply connected, open subset of the complex plane that is not the entire plane can be mapped bijectively and holomorphically onto the open unit disk. This mapping is unique. The result holds for proper subsets that are simply connected and open.","The Riemann mapping theorem states that any non-empty, simply connected, open subset of the complex plane that is not the entire plane is biholomorphically equivalent to the open unit disk. This means there exists a conformal mapping from the subset onto the disk. The mapping is "
complex,,Schwarz lemma,Schwarz lemma in complex analysis,2,1,"Top-1 is a clear, on-target match for the Schwarz lemma in complex analysis.","The Schwarz lemma applies to holomorphic functions mapping the unit disk to itself that fix zero. It states that the absolute value of such a function at any point in the disk is at most the absolute value of the input. Additionally, the absolute value of the derivative at zero i",Schwarz's lemma applies to holomorphic functions on the unit disk that fix zero and have bounded image. The function's magnitude is at most the absolute value of its input. The derivative at zero is bounded by one in absolute value. Equality occurs only for rotations of the ident,"The Schwarz lemma applies to analytic functions mapping the unit disk to itself that fix zero. It states that the absolute value of the function at any point is at most the absolute value of the input. Additionally, the absolute value of the derivative at zero is at most one. Equ"
complex,,open mapping theorem complex analysis,open mapping theorem for holomorphic functions,2,1,Top-1 directly states the open mapping theorem for holomorphic functions.,A nonconstant analytic function on an open subset of the complex plane maps that open set to another open set.,A nonconstant analytic function maps open sets to open sets. This holds for any analytic function that is not locally constant. The image of an open subset under such a function is always open. This property is known as the open mapping theorem for analytic functions.,"If a holomorphic function from a domain to complex d-space has a compact preimage for every point in the codomain, then the function maps open sets to open sets."
complex,,maximum modulus principle,max modulus theorem,2,1,"Top-1 directly defines the maximum modulus theorem, clearly addressing the searcher's intent.",The function f meets the conditions stated in the maximum modulus theorem.,A continuous function that is holomorphic on a bounded open set in the complex plane and continuous on its closure achieves its maximum modulus on the boundary of that set.,An analytic function on an open disk and continuous on its closure attains its maximum modulus on the boundary. The modulus of the function at any point inside or on the boundary is at most this maximum boundary value. This result is a form of the maximum modulus principle.
complex,,argument principle,argument principle,2,1,Top-1 provides a clear and accurate explanation of the argument principle.,The argument principle relates the logarithmic derivative of a meromorphic function to the number of zeros and poles inside a closed curve. The integral of the derivative of the function divided by the function along the curve equals the difference between the number of zeros and,"The argument principle relates the number of zeroes and poles of a meromorphic function inside a closed contour to a contour integral. The difference between the number of zeroes and poles, each counted with multiplicity, equals the winding number of the function's image around t",The theorem applies to functions with simple poles. It provides a criterion for these cases. The result is derived from a referenced main theorem.
complex,,Rouché theorem,Rouché's theorem,2,1,"Top-1 is a clear, on-target match for Rouché's theorem.","Rouche's theorem states that if two analytic functions f and g are defined inside and on a simple closed contour C, and the magnitude of g is always less than that of f on C, then f and the sum f plus g have an equal number of zeros inside C. The zeros are counted according to th","Rouché's theorem states that for a closed contour enclosing a region, if two holomorphic functions satisfy that the magnitude of one is strictly less than the other everywhere on the contour, then both functions have the same number of zeros inside the region. The zeros are count","If f and g are analytic inside and on a closed contour C, and if the absolute value of g is less than that of f everywhere on C, then f and the sum f plus g have an equal number of zeros inside C. Multiplicities are included in this count. This result is known as Rouché's theorem"
complex,,Rouche theorem,Rouché's theorem,2,1,"Top-1 is a clear, on-target match for Rouché's theorem.","Rouche's theorem states that if two analytic functions f and g are defined inside and on a simple closed contour C, and the magnitude of g is always less than that of f on C, then f and the sum f plus g have an equal number of zeros inside C. The zeros are counted according to th","Rouche's theorem applies to holomorphic functions on a simply connected region. If the absolute value of f is strictly greater than that of g on the boundary, then f and f plus g have an equal number of zeros inside the region. Multiplicities of zeros are included in the count. T","Rouché's theorem states that for a closed contour enclosing a region, if two holomorphic functions satisfy that the magnitude of one is strictly less than the other everywhere on the contour, then both functions have the same number of zeros inside the region. The zeros are count"
topology,,Brouwer fixed point theorem,Brouwer fixed point,2,1,"Top-1 is a clear, on-target match for the Brouwer fixed point theorem.",A continuous mapping from a nonempty compact convex set in R^n to itself has at least one fixed point. A fixed point is an element that maps to itself under the function. The set must be both compact and convex for the result to hold. This applies to any finite-dimensional Euclid,A continuous function mapping a compact convex set in n-dimensional Euclidean space to itself has a fixed point. The set must be both compact and convex. The fixed point is an element of the set that the function maps to itself. This result is known as the Brouwer fixed point the,Brouwer's fixed point theorem states that every continuous function from a convex compact subset of n-dimensional Euclidean space to itself has at least one fixed point. A fixed point is a point that the function maps to itself. The set must be both convex and compact. This resul
topology,,Borsuk-Ulam theorem,Borsuk-Ulam,2,1,"Top-1 is a clear, on-target match for the Borsuk-Ulam theorem.","The Borsuk-Ulam theorem states that for any continuous function from an n-dimensional sphere to n-dimensional Euclidean space, there exists a pair of antipodal points that map to the same point. This means that two points directly opposite each other on the sphere will have ident","For every continuous map from an n-sphere to n-dimensional Euclidean space, there exists at least one point on the sphere where the function's value at that point equals its value at the antipodal point. This holds for any dimension n greater than or equal to one. The result is k","The Borsuk-Ulam theorem states that for any continuous function from an n-dimensional sphere to n-dimensional Euclidean space, there exist two antipodal points that map to the same value. This holds for every natural number n. The result implies that it is impossible to continuou"
topology,,Jordan curve theorem,Jordan curve theorem,2,1,Top-1 directly defines the Jordan curve theorem clearly and accurately.,The boundary is a Jordan curve.,A simple closed curve in the plane divides the plane into two separate regions. One region is bounded and the other is unbounded. The curve itself forms the boundary between these two regions. This result is known as the Jordan curve theorem.,A Jordan curve divides the plane into two distinct regions. One region is bounded and the other is unbounded. The curve itself forms the boundary of both regions. This result is known as the Jordan curve theorem.
topology,,Seifert-van Kampen theorem,Seifert-van Kampen theorem on fundamental groups,2,1,Top-1 directly addresses the Seifert-van Kampen theorem and its application to fundamental groups.,The Seifert-van Kampen theorem applies to a CW complex X formed by two CW subspaces U and V whose intersection W is connected. The fundamental group of X at a basepoint in W is the free product of the fundamental groups of U and V amalgamated over the fundamental group of W. This,"The Seifert-van Kampen theorem gives a presentation for the fundamental group of a union of two path-connected spaces. If the fundamental groups of the two spaces and their intersection have known presentations, then the fundamental group of the union is generated by the combined","The van Kampen theorem states that if a space X is the union of two closed, path-connected subsets X1 and X2 whose intersection X0 is also path-connected, and if group homomorphisms from the fundamental groups of X0, X1, and X2 to a group G are compatible with inclusion-induced m"
topology,,van Kampen theorem,van Kampen theorem,2,1,"Top-1 provides a clear, on-target explanation of van Kampen's theorem.",Van Kampen's theorem provides a method to compute the fundamental group of a topological space by decomposing it into simpler subspaces. It expresses the fundamental group of the whole space as a combination of the fundamental groups of these subspaces. The theorem applies when t,"The van Kampen theorem states that if a space X is the union of two closed, path-connected subsets X1 and X2 whose intersection X0 is also path-connected, and if group homomorphisms from the fundamental groups of X0, X1, and X2 to a group G are compatible with inclusion-induced m",The Seifert-van Kampen theorem applies to a CW complex X formed by two CW subspaces U and V whose intersection W is connected. The fundamental group of X at a basepoint in W is the free product of the fundamental groups of U and V amalgamated over the fundamental group of W. This
topology,,Hurewicz theorem,Hurewicz theorem,2,1,Top-1 provides a clear and accurate description of the Hurewicz theorem.,"The Hurewicz theorem states that for a connected CW complex with vanishing homotopy groups in dimensions below k, the k-th homotopy group is isomorphic to the k-th integer homology group. Additionally, the next homotopy group maps surjectively onto the next homology group. This h","The Hurewicz theorem states that for an (n-1)-connected pair of path-connected spaces with n at least 2 and A nonempty, the relative Hurewicz homomorphism from the nth relative homotopy group to the nth relative homology group with integer coefficients is an isomorphism. Addition","The Hurewicz homomorphism maps the nth homotopy group of a pointed path connected space to its nth integer homology group. For n equals one, it induces an isomorphism between the abelianization of the fundamental group and the first homology group. For n at least two and if the s"
topology,,universal coefficient theorem,UCT for cohomology,1,3,Top-3 includes relevant information about the universal coefficient theorem for cohomology.,The Universal Coefficient Theorem for homology relates the homology of a pair of spaces with coefficients in an R-module G to the homology with coefficients in R. It expresses this homology as a direct sum of a tensor product and a Tor functor involving lower-degree homology. Sim,"The universal coefficient theorem for homology states that the homology with coefficients in G is determined by the integral homology. It gives a short exact sequence involving the tensor product and Tor functor. Similarly, the cohomology with coefficients in G is determined by t","The universal coefficient theorem for cohomology relates cohomology and homology groups with integer coefficients. It states that for each dimension n, there is a functorial and split exact sequence. This sequence connects the cohomology group to the Ext and Hom functors applied "
topology,,Künneth formula,Künneth formula,1,2,"A clear match appears in top-3, specifically about the Künneth formula's application in cohomology.",The theorem states a formula for the homology of a product of two complexes. It expresses the homology group of the product in terms of a direct sum. This sum ranges over all integer indices for the homology groups of the individual complexes. Each term in the sum is a tensor pro,The Künneth formula holds for coherent analytic sheaves on complex manifolds. It relates cohomology groups of a product space to tensor products of cohomology groups of the factors. The isomorphism is given by a specific map combining cross products of cohomology classes. This re,The Kunneth formula states that the cohomology of a product space is isomorphic to the graded tensor product of the cohomologies of the individual spaces. This holds for cohomology with coefficients in a field. The isomorphism is given by a specific map. It allows computation of 
topology,,Kunneth theorem,Künneth,1,2,"A clear match appears in top-3 but not at rank 1, providing relevant information about the Künneth theorem.",The theorem states a formula for the homology of a product of two complexes. It expresses the homology group of the product in terms of a direct sum. This sum ranges over all integer indices for the homology groups of the individual complexes. Each term in the sum is a tensor pro,"The Kunneth theorem states that for local systems of finite rank on smooth manifolds, the cohomology with supports on a product space is isomorphic to a direct sum of tensor products of cohomology groups. The isomorphism maps a pair of cohomology classes to their cross product. T",The Kunneth formula states that the cohomology of a product space is isomorphic to the graded tensor product of the cohomologies of the individual spaces. This holds for cohomology with coefficients in a field. The isomorphism is given by a specific map. It allows computation of 
topology,,Poincaré duality,Poincaré duality,2,1,"Top-1 is a clear, on-target match for Poincaré duality.","Poincaré duality states that for a closed d-dimensional manifold M, there is an isomorphism between the k-th cohomology group with Z/2 coefficients and the (d-k)-th homology group with Z/2 coefficients, given by capping with the fundamental class mod 2. If M is oriented, there is","Poincaré duality states that for any nonnegative integer i, the i-th cohomology group with compact supports is isomorphic to the (2n-i)-th homology group. This holds for an oriented n-dimensional manifold without boundary. The isomorphism relates cohomology and homology in comple","Poincare duality states that for an orientable d-dimensional manifold, the k-th homology group with coefficients in a field is isomorphic to the (d-k)-th homology group with the same coefficients. This holds for any integer k and any field. The isomorphism applies to non-reduced "
topology,,Alexander duality,Alexander duality,2,1,"Top-1 is a clear, on-target match for Alexander duality.","The Alexander duality theorem relates the homology and cohomology groups of a simplicial complex and its dual. For a simplicial complex X on a vertex set V, the reduced homology group of X in a certain dimension is isomorphic to the reduced cohomology group of the dual complex in","Alexander's theorem states that for a triangulable subset A of the n-sphere, the reduced homology group of A in dimension i is isomorphic to the reduced cohomology group of the complement of A in dimension n minus i minus one.","The Alexander duality theorem relates the cohomology of a compact subset in a sphere to the homology of its complement. For a compact set X in the n-sphere, the reduced Cech cohomology of X is isomorphic to the reduced homology of the sphere minus X. The isomorphism shifts the de"
topology,,Whitney embedding theorem,Whitney embedding theorem,2,1,"Top-1 is a clear, on-target match for the Whitney embedding theorem.","Whitney's embedding theorem states that any compact manifold of dimension q can be embedded into Euclidean space of dimension greater than 2q. Specifically, if N is greater than 2q, then a generic continuously differentiable function from the manifold to R^N is an embedding. This","A compact smooth n-dimensional manifold M can be smoothly embedded into a Euclidean space of some dimension. The required dimension depends on both n and the manifold M itself. There exists a natural number q, determined by n and M, such that such an embedding exists. This embedd",Every smooth manifold of dimension n can be smoothly embedded into Euclidean space of dimension 2n. It can also be smoothly immersed into Euclidean space of dimension 2n minus one. These results are known as the Whitney embedding and immersion theorems. They provide fundamental b
topology,,Sard's theorem,Sard's theorem on critical values,2,1,"Top-1 directly explains Sard's theorem on critical values, matching the search intent perfectly.","Sard's theorem states that for a sufficiently smooth map between manifolds, the set of critical values has measure zero. The required smoothness depends on the difference in dimensions of the domain and codomain. The set of regular values is residual and dense in the codomain. Th","Sard's theorem states that for a sufficiently smooth function from n-dimensional to m-dimensional Euclidean space, the set of critical points maps to a set of Lebesgue measure zero in the target space. The function must be continuously differentiable at least k times, where k is ","Sard's theorem states that for any smooth map between smooth manifolds, the set of critical values has Lebesgue measure zero. This means almost every point in the target manifold is a regular value. The theorem applies to infinitely differentiable maps. It is a foundational resul"
anal,,dominated convergence theorem,Lebesgue DCT,2,1,"Top-1 is a clear, on-target match for the dominated convergence theorem.",A sequence of functions converges almost everywhere and is dominated by an integrable function. The limit function is also integrable. The sequence converges to the limit function in the L1 norm. This result is known as the dominated convergence theorem.,"A sequence of integrable functions converges pointwise almost everywhere to a function. If there exists an integrable function that dominates the sequence in absolute value, then the limit function is also integrable. The integral of the limit function equals the limit of the int","If a sequence of functions converges pointwise to a limit function and each function is dominated by an integrable function, then the limit function is also integrable. The integrals of the sequence functions converge to the integral of the limit function. This holds in a measure"
anal,,monotone convergence theorem,monotone convergence,2,1,Top-1 provides a clear and accurate explanation of the monotone convergence theorem.,"The monotone convergence theorem states that for an increasing sequence of nonnegative measurable functions, the integral of the limit equals the limit of the integrals. This holds in a general measure space. The functions must be bounded from below uniformly. The result allows i","The monotone convergence theorem states that for an increasing sequence of non-negative measurable functions, the integral of the limit function equals the limit of the integrals. This holds in any measure space. The sequence must converge pointwise to a function. The result allo",The monotone convergence theorem applies to a measure space and a measurable function taking non-negative extended real values. It considers a sequence of measurable functions that increase pointwise to the target function. The theorem states that the integral of the limit functi
anal,,Fatou lemma,Fatou's lemma,2,1,"Top-1 is a clear, on-target match for Fatou's lemma.",Fatou's lemma applies to a sequence of nonnegative measurable functions. The integral of the limit inferior of the sequence is less than or equal to the limit inferior of the integrals. This holds for any measure space and any measurable set. The result is a fundamental inequalit,Fatou's lemma applies to a sequence of non-negative measurable functions. The integral of the limit inferior of these functions is less than or equal to the limit inferior of their integrals. This holds under the condition that all functions are measurable and non-negative. The r,The limit inferior of a sequence of non-negative measurable functions is also measurable. The integral of this limit inferior function is bounded above by the limit inferior of the integrals of the functions. This holds for any measure space and any measurable subset. The result 
anal,,Fatou's lemma,Fatou's lemma,2,1,"Top-1 is a clear, on-target match for Fatou's lemma.",Fatou's lemma applies to a sequence of nonnegative measurable functions. The integral of the limit inferior of the sequence is less than or equal to the limit inferior of the integrals. This holds for any measure space and any measurable set. The result is a fundamental inequalit,Fatou's lemma applies to a sequence of non-negative measurable functions. The integral of the limit inferior of these functions is less than or equal to the limit inferior of their integrals. This holds under the condition that all functions are measurable and non-negative. The r,The limit inferior of a sequence of non-negative measurable functions is also measurable. The integral of this limit inferior function is bounded above by the limit inferior of the integrals of the functions. This holds for any measure space and any measurable subset. The result 
anal,,Egorov theorem,Egorov's theorem on uniform convergence on a.e.,2,1,"Top-1 is a clear, on-target match for Egorov's theorem on uniform convergence.","Egorov's theorem applies to a sequence of measurable functions converging pointwise almost everywhere on a finite-measure set. For any positive epsilon, there exists a closed subset of the original set whose complement has measure at most epsilon. On this closed subset, the seque","Egorov's theorem states that if a sequence of functions converges almost everywhere on a compact interval, then for any positive tolerance, there exists a subset of the interval with measure less than that tolerance such that the convergence is uniform on the complement.","Egoroff's Theorem states that for a sequence of measurable functions defined on a set of finite positive measure, if the sequence converges almost everywhere to a finite function, then for any positive epsilon, there exists a measurable subset where the complement has measure les"
anal,,Lusin's theorem,Lusin's theorem,1,2,A clear match appears in top-3 but not at rank 1.,"Lusin's theorem states that for a measurable function between Borel spaces, given any positive epsilon, there exists a closed set whose complement has measure less than epsilon, and the function restricted to that set is continuous.","Lusin's Theorem states that for any finite measurable function on the real numbers, and for any positive epsilon, there exists a measurable set whose complement has Lebesgue measure less than epsilon. The function is continuous when restricted to this set. This holds under the st","A function defined on a measurable subset of n-dimensional Euclidean space is measurable if and only if, for any positive epsilon, there is a closed subset of the domain such that the function is continuous on that subset. The measure of the set difference between the domain and "
anal,,Radon-Nikodym theorem,Radon-Nikodym derivative theorem,2,1,"Top-1 directly defines the Radon-Nikodym theorem, clearly matching the search intent.","Given two finite sigma-additive measures, there exists a nonnegative measurable function such that the first measure of any measurable set equals the integral of the function over that set with respect to the second measure. This representation holds precisely when the first meas",A signed or complex measure defined on a sigma-algebra is absolutely continuous with respect to a sigma-finite measure. There exists an integrable function such that the measure of any measurable set equals the integral of that function over the set. This function is unique up to,"The Radon-Nikodym theorem states that if two sigma-finite measures have one absolutely continuous with respect to the other, then there exists a density function relating their integrals. For any positive measurable function or any function integrable with respect to either measu"
anal,,absolutely continuous measure has density,Radon-Nikodym,2,1,Top-1 directly addresses the Radon-Nikodym theorem and absolute continuity with density.,"If a measure is absolutely continuous with respect to Lebesgue measure, then there exists a non-negative integrable function such that the measure of any set equals the integral of that function over the set. This function is unique almost everywhere.",A measure nu has a density with respect to another measure m if and only if nu is absolutely continuous with respect to m. This holds when both measures are sigma finite on a measurable space. The density is a non negative measurable function. The equivalence is a fundamental res,"A measure mu is absolutely continuous with respect to nu if and only if there exists a measurable function p from E to the nonnegative reals. This function p is uniquely defined nu-almost everywhere. For any measurable set A and measurable function f, the integral of f with respe"
anal,,Riesz representation theorem,Riesz rep for Hilbert space duals or measures on locally compact spaces,2,1,"Top-1 provides a clear, accurate explanation of the Riesz representation theorem for Hilbert spaces.","The Riesz representation theorem states that for every continuous linear functional on a Hilbert space, there is a unique vector in the space. This vector represents the functional via the inner product. Specifically, applying the functional to any vector equals the inner product",The Riesz representation theorem establishes a correspondence between bounded linear functionals on a Hilbert space and elements of the space itself. Every continuous linear functional can be uniquely represented as an inner product with a fixed vector. This representation preser,The Riesz representation theorem establishes a correspondence between bounded linear functionals on a Hilbert space and elements of the space itself. Every continuous linear functional can be uniquely represented as an inner product with some fixed vector. This result is fundamen
anal,,Riesz-Thorin interpolation theorem,Riesz-Thorin,2,1,"Top-1 is a clear, on-target match for the Riesz-Thorin interpolation theorem.",A linear operator bounded on two Lebesgue spaces is also bounded on intermediate spaces. The operator norm on these intermediate spaces is bounded by a convex combination of the original norms. The exponents for the intermediate spaces are defined by interpolation between the ini,"The Riesz-Thorin Interpolation Theorem applies to a linear operator between sums of Lebesgue spaces of vector-valued functions. If the operator is bounded when mapping from Lp0 to Lq0 and from Lp1 to Lq1, then it is also bounded for intermediate exponents. These exponents are def","The Riesz-Thorin interpolation theorem states that if a linear operator is bounded between two pairs of Lebesgue spaces, then it is also bounded for intermediate exponents. The intermediate exponents are defined by a convex combination of the original parameters. The operator nor"
anal,,Marcinkiewicz interpolation theorem,Marcinkiewicz,2,1,"Top-1 is a clear, on-target match for the Marcinkiewicz interpolation theorem.","The Marcinkiewicz interpolation theorem states that if a linear operator is weak-type at two distinct Lebesgue space endpoints, then it is strong-type for intermediate exponents. Specifically, if T maps L to the p0 power boundedly into weak L to the q0 power, and similarly for p1",The Marcinkiewicz interpolation theorem states that an additive operator mapping bounded functions to measurable functions is of strong type between two intermediate Lebesgue spaces if it is of weak type at two endpoints. The operator must satisfy weak type inequalities with dist,"The Marcinkiewicz interpolation theorem states that if a linear operator is of weak type between two pairs of Lebesgue spaces, then it is bounded for intermediate exponents. The result provides an explicit bound on the operator norm in terms of the weak type constants and the int"
anal,,Baire category theorem,BCT,2,1,"Top-1 is a clear, on-target match for the Baire category theorem.","The Baire Category Theorem for zero-dimensional spaces states that in any compact Hausdorff space, the intersection of countably many dense open subsets is non-empty.","In a complete metric space, the intersection of countably many dense open sets is itself dense. Additionally, the space cannot be expressed as a countable union of nowhere dense sets. These two statements are equivalent and together form the Baire category theorem.",The intersection of any countable set of open dense subsets in a complete separable metric space is dense. This result is known as the Baire category theorem. It implies that such a space cannot be expressed as a countable union of nowhere dense sets. The theorem is fundamental i
anal,,Stone-Čech compactification,Stone-Cech compactification,2,1,"Top-1 is a clear, on-target match for Stone-Čech compactification.",The Stone-Cech compactification of a non-empty set X is a compact Hausdorff space. Every map from X to any compact Hausdorff space Z extends continuously to this compactification. The extension agrees with the original map on the principal ultrafilters. This property characterize,Every topological space has a Stone-Cech compactification. This compactification is a compact Hausdorff space. It contains the original space as a dense subspace. Every continuous function from the space to a compact Hausdorff space extends uniquely to the compactification.,The Stone-Cech compactification of the natural numbers is a compact Hausdorff space under the Stone topology.
anal,,Stone-Cech compactification,Stone-Cech compactification,2,1,"Top-1 is a clear, on-target match for Stone-Cech compactification.",The Stone-Cech compactification of the natural numbers is a compact Hausdorff space under the Stone topology.,Every topological space has a Stone-Cech compactification. This compactification is a compact Hausdorff space. It contains the original space as a dense subspace. Every continuous function from the space to a compact Hausdorff space extends uniquely to the compactification.,The Stone-Cech compactification of a non-empty set X is a compact Hausdorff space. Every map from X to any compact Hausdorff space Z extends continuously to this compactification. The extension agrees with the original map on the principal ultrafilters. This property characterize
anal,,Lebesgue differentiation theorem,Lebesgue differentiation,1,2,A clear match appears in top-3 but not at rank 1.,"A Lebesgue integrable function f from R^d to R has a set A whose complement has measure zero. For every x in A and every sequence of sets shrinking nicely to x, the limit of the average value of f over those sets equals f(x). This holds almost everywhere with respect to Lebesgue ","Lebesgue's Differentiation Theorem states that for a Lebesgue integrable function f on an interval, the function defined by integrating f from a to x has both right and left derivatives equal to f(x) at almost every point in the interval. This holds with respect to Lebesgue measu","The Lebesgue Differentiation Theorem states that for a locally integrable function with compact support in a set U, almost every point in U is in the Lebesgue set of the function. At these points, the average value of the function over certain sets converging to the point approac"
anal,,Carleson theorem,Carleson's theorem on a.e. convergence of Fourier series,0,,Only tangentially related; none of the top slogans directly address Carleson's theorem on a.e. convergence of Fourier series.,Carleson and Hunt proved that the Carleson operator is bounded on Lp spaces for all p strictly between one and infinity.,A Carleson function w satisfies an inequality involving a sum over j of integrals of P sub j f squared times w of x comma j squared. The left-hand side is bounded by a constant C sub d times the Carleson norm of w multiplied by the L2 norm of f. This result holds for functions f ,A Carleson measure is interpolating for a specific analytic function space if and only if it is equivalent to a measure derived from a uniformly discrete sequence. The sequence must have an upper density strictly less than a value determined by the parameters alpha and q. The con
anal,,Plancherel theorem,Plancherel for Fourier transform,2,1,"Top-1 directly explains Plancherel theorem for Fourier transforms, matching the search intent perfectly.","The Plancherel theorem states that for square-integrable functions, the inner product of two functions equals the inner product of their Fourier transforms. It also asserts that the L2-norm of a function is equal to the L2-norm of its Fourier transform. This result holds for func",The L2 norm of a function equals the L2 norm of its Fourier transform. This holds for any square-integrable function on d-dimensional Euclidean space. The result is known as Plancherel's theorem. It is a fundamental identity in Fourier analysis.,"For a locally compact separable unimodular group, there exists a unique Plancherel measure on its dual space. This measure allows the Fourier transform to be extended to an isometry between two L-squared spaces. An inversion formula expresses a function in terms of its Fourier tr"
anal,,Parseval identity,Parseval's identity,1,3,"A clear match appears in top-3 but not at rank 1, specifically in rank 3.",The squared norm of a function in L2 equals the infinite sum of the squared absolute values of its inner products with an orthonormal basis. This identity holds for any function in the L2 space. It is a generalization of the Pythagorean theorem to infinite dimensions. The result ,The norm squared of a function f in L squared space equals the sum of the squares of its inner products with basis functions plus an integral over the real line of the squared magnitude of its generalized Fourier transform. This identity is known as the Parseval relation. It hold,A square-integrable function's total energy in the time domain equals its total energy in the frequency domain. This is expressed by Parseval's theorem. The energy is computed as the integral of the squared magnitude of the function. This energy also equals the integral of the sq
anal,,Paley-Wiener theorem,Paley-Wiener,2,1,"Top-1 is a clear, on-target match for the Paley-Wiener theorem.",The Fourier transform is an entire function belonging to the Paley-Wiener class.,The Paley-Wiener theorem states that a function in L2 space over n-dimensional real numbers is the restriction of an entire function of exponential type associated with a dual convex symmetric body if and only if the support of its Fourier transform is contained within that conve,The Paley-Wiener theorem characterizes functions in L^2 whose Fourier transforms extend analytically to a strip. A function f in L^2 of the real line satisfies a weighted integrability condition if and only if its Fourier transform has an analytic continuation to a horizontal str
anal,,Hölder inequality,Hölder inequality,2,1,Top-1 provides a clear and accurate explanation of the Hölder inequality.,The Hölder inequality applies to functions in certain Lebesgue spaces. It states that the absolute value of the inner product of two functions is bounded. This bound is the product of the norms of each function in their respective dual spaces. The inequality holds under the given,"Holder's inequality states that for two sequences of real numbers and conjugate exponents p and q, the absolute value of the sum of the products of corresponding terms is at most the product of the p-norm of the first sequence and the q-norm of the second sequence.",The Generalized Holder Theorem holds.
anal,,Holder inequality,Hölder inequality,2,1,"Top-1 is a clear, on-target match for Hölder inequality.","Holder's inequality states that for two sequences of real numbers and conjugate exponents p and q, the absolute value of the sum of the products of corresponding terms is at most the product of the p-norm of the first sequence and the q-norm of the second sequence.",The Generalized Holder Theorem holds.,The Hölder inequality applies to functions in certain Lebesgue spaces. It states that the absolute value of the inner product of two functions is bounded. This bound is the product of the norms of each function in their respective dual spaces. The inequality holds under the given
anal,,Minkowski inequality,Minkowski inequality in L^p,2,1,"Top-1 directly explains the Minkowski inequality in L^p spaces, matching the search intent perfectly.",The Minkowski inequality holds for functions mapping into a normed space. It states that the p-norm of a sum is at most the sum of the p-norms. This applies when p is at least one and finite. The integrals are taken with respect to a measure over a set.,The integral of the p-th power of the sum of two functions is bounded by the sum of the integrals of their p-th powers. This inequality holds for measurable functions on a measure space when p is at least one. It is known as Minkowski's inequality. The result extends the triangle,The proof of the infinitemal version of Minkowski's inequality implies the proof of the standard Minkowski inequality.
anal,,Young's inequality for products,Young's inequality,2,1,"Top-1 is a clear, on-target match for Young's inequality.","Young's inequality states that for non-negative numbers x and y, and for exponents p and q greater than or equal to one with reciprocals summing to one, the product x y is at most the sum of x to the p over p plus y to the q over q.","Young's inequality states that for nonnegative numbers a and b, and exponents p and q greater than or equal to one with reciprocals summing to one, the product a b is at most the sum of a to the p over p plus b to the q over q.","Young's inequality states that for positive real numbers p and q such that the reciprocals sum to one, and for any nonnegative real numbers a and b, the product a b is at most equal to a to the p over p plus b to the q over q."
anal,,Young's convolution inequality,Young's convolution inequality,2,1,"Top-1 is a clear, on-target match for Young's convolution inequality.","Young's convolution theorem states that for functions f in L^p and g in L^q, the convolution f star g is well-defined almost everywhere and belongs to L^r, provided that the exponents satisfy 1/p plus 1/q equals 1 plus 1/r. The convolution is given by the integral of f(x-y) times","Young's convolution inequality states that for exponents p, q, and r satisfying one plus one over r equals one over p plus one over q, the convolution of an Lp function and an Lq function lies in Lr. The Lr norm of the convolution is bounded by the product of the Lp norm of the f",The Young convolution inequality bounds the norm of a convolution of two functions. It states that the L r norm of the convolution is at most the product of the L p norm of one function and the L p prime norm of the other. The exponents satisfy one over p plus one over p prime eq
anal,,Hardy inequality,Hardy's inequality,1,2,A clear match appears in top-3 but not at rank 1.,The Hardy inequality holds when the conditions of the referenced theorem are satisfied.,"The classical Hardy inequality states that for a non-negative function f in Lp space from zero to infinity, the integral of the p-th power of the average of f over zero to x, divided by x, is bounded by a constant times the integral of f to the p-th power. The constant is p divid","Hardy's inequality states that for a non-negative function f with finite p-th power integral, the integral of (F(x)/x)^p is less than (p/(p-1))^p times the integral of f(x)^p, where F is the integral of f from 0 to x. The inequality holds strictly unless f is identically zero. Th"
pde,,Hopf maximum principle,Hopf maximum principle,2,1,"Top-1 is a clear, on-target match for the Hopf maximum principle.","Hopf's maximum principle applies to a function satisfying certain differential inequalities. If the function is not identically zero, it must be positive in the interior of the domain. Additionally, the outward normal derivative is strictly positive at every boundary point. This ","Hopf's theorem applies to a smooth domain and a positive function satisfying an inequality involving an elliptic operator and a lower-order term. If the function vanishes at a boundary point, then its inward normal derivative at that point is strictly positive. This result holds ","A Hopf-type comparison principle applies to functions on an open connected set. Two functions satisfy inequalities involving a differential operator and a nonlinear term. If the functions are equal on a nonempty proper subset, then at boundary points of that subset, certain direc"
pde,,Harnack inequality,Harnack inequality,2,1,"Top-1 is a clear, on-target match for the Harnack inequality.",A nonnegative solution to a certain partial differential equation in a unit cube satisfies a Harnack inequality. The supremum of the solution over a half-sized cube is bounded by a constant times the infimum over the full cube plus the L^d norm of the forcing term. The constant d,The Harnack inequality applies to positive solutions of a specific divergence-form equation. It states that the supremum of the solution on a smaller ball is bounded by a constant times its infimum. This constant depends on the exponent p and the domain but not on the solution it,A non-negative continuous local weak solution in a domain satisfies a Harnack inequality. The inequality bounds the value at a point by the supremum and infimum over a spatial ball at nearby times. The times are shifted by a factor depending on the spatial radius raised to a powe
pde,,De Giorgi regularity theorem,De Giorgi-Nash-Moser regularity,1,3,"A clear match appears in top-3 but not at rank 1, discussing regularity for weak solutions.","There exists a positive epsilon depending only on dimension, a constant Lambda, and an energy bound E0. For all functions u in a certain class satisfying a uniform energy condition on small balls in the half-unit ball, the Hausdorff dimension of the singular set of u intersected ","The theorem states that under certain hypotheses, the set where a weak solution is not regular has a Hausdorff dimension equal to the spatial dimension.",The theorem establishes second-order regularity for weak solutions of a system under minimal boundary regularity. It shows that a specific function of the gradient belongs to a Sobolev space in space and time. An explicit bound is given for its norm in terms of the data norms. Th
pde,,Schauder estimates,Schauder estimates for elliptic PDE,1,2,"A clear match appears in top-3, specifically regarding Schauder estimates for elliptic PDEs.",The Schauder estimate bounds the sum of spatial derivatives and the time derivative of a function in Hölder norms over a cylinder. This bound is given in terms of the L1 norm of the function and the Hölder norm of another function over a larger domain. The constant in the estimat,The Schauder estimate provides a bound on the second-order Hölder norm of a function in terms of its supremum norm and the Hölder norm of its image under a certain differential operator. This bound holds for functions in a specific Hölder space defined by smooth Hörmander vector ,The Schauder estimate provides a bound on the Holder norm of a function and its derivatives up to second order. This bound depends on the supremum norm of the function and the Holder norm of the result of applying a certain parabolic operator. The operator involves coefficients w
pde,,Calderón-Zygmund theorem,Calderón-Zygmund decomposition / theorem,1,2,"A clear match appears in top-3 but not at rank 1, relevant to Calderón-Zygmund theorem.",The theorem applies to a Calderón-Zygmund operator bounded in L2 on Euclidean space with a measure. The operator's kernel satisfies a standard size condition and a smoothness condition involving sums over atoms and annuli. The smoothness condition is expressed in terms of the dif,A locally integrable function satisfying certain conditions defines a bounded operator on L2. The corresponding maximal Calderon-Zygmund operator is bounded on Lp spaces for all p between 1 and infinity. It is also bounded from L1 into weak L1. These results hold under the given ,S is a Calderon-Zygmund operator.
pde,,Calderon-Zygmund decomposition,CZ decomposition,1,3,"Top-3 includes relevant information about Calderon-Zygmund decomposition, but top-1 is not a clear match.","For any Z in Z and any mu in F_Z, the space L^1 of mu admits a Calderon-Zygmund decomposition relative to the family D^Z. For every function f in L^1 of mu and every positive alpha, there exist disjoint sets P_j from D^Z, a function g, and functions b_j such that f equals g plus ","The Calderon-Zygmund decomposition splits a function in L1 space over R^d for a given positive lambda and a dyadic lattice. It produces a set of disjoint dyadic cubes. On the complement of these cubes, the function is bounded by lambda almost everywhere. Each cube has an average ",The Calderon-Zygmund decomposition applies to functions in Lp spaces for p between 1 and infinity. It decomposes a function f into a good part bounded by lambda and a bad part supported on a family of balls. The bad part is further split into functions with controlled norms and c
pde,,heat equation fundamental solution,fundamental solution of heat equation,1,3,A clear match appears in top-3 but not at rank 1.,"A unique fundamental solution exists for the heat equation involving a time-dependent generalized Laplacian. This solution is denoted as K_t(x, y). It satisfies the heat equation under the given hypotheses.",The constructed function K is a heat kernel. It satisfies the defining properties of a fundamental solution to the heat equation. The kernel behaves appropriately under the heat operator. It provides the solution via convolution with initial data.,The function f defined by the given integral solves the heat equation with initial condition g. It is the unique solution under the stated conditions. The initial function g is almost everywhere bounded and continuous. The solution holds for positive time and all spatial points.
pde,,wave equation d'Alembert formula,d'Alembert formula,2,1,"Top-1 directly explains d'Alembert's formula for the wave equation, clearly addressing the search intent.",D'Alembert's formula solves the wave equation for a function u of time and position. The solution depends on initial position and velocity functions phi and psi. It expresses u as the average of phi evaluated at two shifted points. It also includes an integral of psi over an inte,d'Alembert's formula solves the fractional wave equation with given initial conditions. The solution expresses the wave function as the average of two shifted initial profiles. These profiles are displaced along the x-axis by distances plus and minus the wave speed times time. Th,The solution to the wave equation with a source term and initial data is twice continuously differentiable. It is expressed using d'Alembert's formula. The formula combines the initial position and velocity functions. It also includes a double integral accounting for the source t
pde,,d'Alembert solution wave equation,d'Alembert formula,2,1,"Top-1 directly describes d'Alembert's formula for the wave equation, clearly matching the search intent.",d'Alembert's formula solves the fractional wave equation with given initial conditions. The solution expresses the wave function as the average of two shifted initial profiles. These profiles are displaced along the x-axis by distances plus and minus the wave speed times time. Th,D'Alembert's formula solves the wave equation for a function u of time and position. The solution depends on initial position and velocity functions phi and psi. It expresses u as the average of phi evaluated at two shifted points. It also includes an integral of psi over an inte,"Under hypothesis H, the solution to the homogeneous wave equation in one dimension is given by d'Alembert's formula. The solution is the average of the initial displacement evaluated at two points plus half the integral of the initial velocity over an interval. The interval of in"
prob,,Kolmogorov 0-1 law,Kolmogorov zero one law,2,1,Top-1 directly explains Kolmogorov's 0-1 law clearly and accurately.,"Kolmogorov's 0-1 law applies to a sequence of independent random variables under a given assumption. It states that for any event in the tail sigma-algebra, the upper probability of that event is either zero or one. The tail sigma-algebra is defined as the intersection of the sig",The tail sigma-algebra for a sequence of independent random variables is trivial. Every event in this tail sigma-algebra has probability either zero or one. This holds regardless of the measure spaces in which the random variables take values. The result is a consequence of the K,"For any event A in the intersection over all finite sets K of the sigma-algebras generated by the complements of K, the probability of A is either zero or one."
prob,bc,Borel-Cantelli lemma,Borel-Cantelli,2,1,"Top-1 is a clear, on-target match for the Borel-Cantelli lemma.","The Borel-Cantelli lemma states that if the sum of the probabilities of a sequence of events is finite, then almost surely only finitely many of these events occur.","The Borel-Cantelli lemma states that if the sum of the probabilities of a sequence of events is finite, then almost surely only finitely many of these events occur.","The Borel-Cantelli Lemma states that if the sum of the probabilities of a sequence of events is finite, then the probability that infinitely many of these events occur is zero. This means that almost surely, only finitely many events from the sequence will happen. The lemma is eq"
prob,bc,Borel Cantelli lemma,Borel-Cantelli,2,1,"Top-1 is a clear, on-target match for the Borel-Cantelli lemma.","The Borel-Cantelli lemma states that if the sum of the probabilities of a sequence of events is finite, then almost surely only finitely many of these events occur.","The Borel-Cantelli lemma states that if the sum of the probabilities of a sequence of events is finite, then almost surely only finitely many of these events occur.","The Borel-Cantelli Lemma states that if the sum of the probabilities of a sequence of events is finite, then the probability that infinitely many of these events occur is zero. This means that almost surely, only finitely many events from the sequence will happen. The lemma is eq"
prob,bc,if sum P(A_n) is finite then P(limsup A_n) = 0,first Borel-Cantelli,2,1,Top-1 directly states the Borel-Cantelli lemma and its implications clearly.,"If the sum of the probabilities of events A_n is finite, then the probability of the limsup of these events is zero. This means that the event that infinitely many A_n occur has probability zero. The result holds under the given condition on the sum of probabilities.","If the sum of probabilities of a sequence of events is finite, then the probability that infinitely many of these events occur is zero. This is known as the Borel-Cantelli lemma. It states that the probability of the limsup of the events is zero. This result holds in any probabil","If the probabilities of events A_n approach zero and the sum of probabilities of A_n occurring without A_{n+1} is finite, then the probability that infinitely many A_n occur is zero."
prob,,martingale convergence theorem,Doob's martingale convergence,2,1,"Top-1 directly addresses Doob's martingale convergence, providing a clear and relevant explanation.",A nonnegative martingale converges almost surely. The sequence of random variables must take nonnegative real values. The result holds without any additional assumptions on the moments. This is a fundamental convergence theorem for martingales.,A non-negative martingale almost surely converges to a finite limit.,The limit of the martingale sequence exists almost surely.
prob,,Doob inequality,Doob maximal inequality,1,3,"Top-3 includes relevant information about Doob's inequality, but top-1 is not a clear match for maximal inequality.","Doob's inequality provides bounds for the maximum of a non-negative submartingale. For p greater than 1, the p-th moment of the maximum is bounded by a constant times the p-th moment of the final term. For p equal to 1, the expectation of the maximum is bounded by an expression i","Doob's inequality states that for a nonnegative submartingale, the expected value of the p-th power of its maximum up to time L is bounded by a constant times the expected value of the p-th power of the final term. The constant is given by p divided by p minus one, raised to the ",Doob's inequality applies to a martingale and a convex function. It bounds the probability that the maximum value of the martingale up to time n exceeds a given threshold. The bound is expressed as the expected value of the convex function applied to the absolute final value divi
prob,,Donsker theorem,Donsker invariance principle,2,1,Top-1 directly addresses the Donsker invariance principle clearly and accurately.,Donsker's theorem states that a scaled random walk converges in distribution to a Brownian motion. The convergence occurs in the space of continuous real-valued functions on the unit interval. This result provides a functional central limit theorem for random walks. It is a found,Donsker's functional central limit theorem states that a sequence of scaled random walks converges in distribution to standard Brownian motion. This convergence occurs in the space of continuous functions on the unit interval. The metric used is the sup-norm. The limiting process,Donsker's theorem from 1951 states that a scaled random walk converges in distribution to a Brownian motion. This convergence occurs in the space of continuous functions on the interval from zero to one. The topology used is the uniform norm. The result holds as the step size par
prob,,Skorokhod representation theorem,Skorokhod representation,2,1,"Top-1 is a clear, on-target match for the Skorokhod representation theorem.",A sequence of probability measures on a complete separable metric space converges weakly to a probability measure. There exist random variables defined on a common probability space with these measures as their distributions. These random variables converge pointwise for every ou,"Skorokhod's theorem states that for a Polish space and a sequence of probability measures converging weakly, there exists a probability space with random variables having those measures as laws. These random variables converge almost surely to the limit variable. The result provi","The Skorokhod representative theorem states that for a topological space and a tight sequence of probability measures, there exists a probability space and a sequence of random variables with those measures as laws. These random variables converge almost surely to a limit variabl"
prob,,Birkhoff ergodic theorem,Birkhoff pointwise ergodic theorem,2,1,"Top-1 is a clear, on-target match for the Birkhoff pointwise ergodic theorem.","Birkhoff's ergodic theorem states that for a stationary dynamical system and an integrable function, the time average along orbits converges almost everywhere. The limit function is also integrable. This convergence holds for almost every starting point in the space. The result a","Birkhoff's ergodic theorem states that for a measure-preserving transformation on a probability space, the time average of an integrable function converges almost everywhere. If the transformation is ergodic, the time average equals the space average of the function. This result ","Birkhoff's theorem states that for a measurable transformation T and an invariant probability measure, the time average of an integrable function converges almost everywhere. The limit function is integrable and has the same integral as the original function. If the measure is er"
prob,,Kingman subadditive ergodic theorem,Kingman ergodic theorem,1,2,"A clear match appears in top-3 but not at rank 1, relevant to Kingman's ergodic theorem.","Kingman's sub-additive ergodic theorem states that for a sub-additive sequence of functions, the limit of the sequence divided by n as n goes to infinity equals the infimum of the sequence divided by n over all positive integers.","Kingman's subadditive ergodic theorem states that for a measure preserving transformation on a probability space, if a sequence of non-negative random variables is subadditive and the first term has finite expectation, then the limit of the sequence divided by n exists almost sur","The Kingman subadditive ergodic theorem applies to an ergodic transformation. It requires the integral of the maximum of the first term and zero to be finite. For almost every outcome, the average of the sequence converges as the number of terms increases. The limit equals the in"
prob,,Chebyshev inequality,Chebyshev's inequality probability,2,1,"Top-1 directly explains Chebyshev's inequality in terms of probability, clearly addressing the searcher's intent.","Chebyshev's inequality bounds the probability that a random variable deviates from its mean. For any positive real number k, the probability that the absolute deviation from the mean is at least k is at most the variance divided by k squared. Equivalently, the probability that th",Chebyshev's inequality bounds the probability that a random variable deviates from its mean. The probability that the absolute difference between the variable and its mean is at least t is at most the variance divided by t squared. This holds for any positive t. The result applie,Chebyshev's inequality bounds the probability that a random variable deviates from its mean by at least a certain amount. The bound is given by the variance of the random variable divided by the square of that deviation. This holds for any positive deviation threshold. The random
prob,,Markov inequality,Markov's inequality probability,2,1,"Top-1 is a clear, on-target match for Markov's inequality in probability.","The Markov inequality states that for any non-negative random variable, the probability that it exceeds a positive value is at most its expectation divided by that value.","Markov's inequality states that for a non-negative random variable and any positive threshold, the probability that the variable is at least as large as the threshold is at most the expected value divided by the threshold.","Markov's inequality states that for any non-negative random variable and any positive number, the probability that the variable is at least that number is at most the expected value divided by that number."
comb,,Ramsey theorem,Ramsey's theorem in combinatorics,2,1,"Top-1 is a clear, on-target match for Ramsey's theorem in combinatorics.","Ramsey's theorem states that for sufficiently large graphs, any edge coloring with a fixed number of colors must contain a monochromatic complete subgraph of a given size.","Ramsey's theorem states that for any number of colors and any target clique size, there exists a sufficiently large complete graph such that any edge coloring with that many colors must contain a monochromatic clique of the target size.","Ramsey's theorem states that for any positive integers k and l, there exists a number R such that every graph with at least R vertices must contain either a complete subgraph of size k or an independent set of size l."
comb,,Erdős-Ko-Rado theorem,EKR theorem,2,1,"Top-1 is a clear, on-target match for the Erdős-Ko-Rado theorem.","The Erdős–Ko–Rado theorem states that for positive integers k and n with n greater than 2k, any family of k-element subsets of an n-element set where every pair of subsets intersects nontrivially has size at most the binomial coefficient of n-1 choose k-1. This maximum size is ac","The Erdős-Ko-Rado theorem gives bounds on the size of a family of sets where every pair intersects in at least t elements. For t equals 1 and n at least 2k, the family size is at most the binomial coefficient of n minus 1 choose k minus 1. For t at least 2 and n sufficiently larg","The Erdos-Ko-Rado theorem states that for an intersecting family of k-element subsets of an n-element set with n at least 2k, the maximum possible size is the binomial coefficient of n-1 choose k-1."
comb,,Erdos-Ko-Rado theorem,EKR,2,1,"Top-1 is a clear, on-target match for the Erdős-Ko-Rado theorem.","The Erdos-Ko-Rado theorem states that for an intersecting family of k-element subsets of an n-element set with n at least 2k, the maximum possible size is the binomial coefficient of n-1 choose k-1.","The Erdős–Ko–Rado theorem states that for positive integers k and n with n greater than 2k, any family of k-element subsets of an n-element set where every pair of subsets intersects nontrivially has size at most the binomial coefficient of n-1 choose k-1. This maximum size is ac","The Erdős-Ko-Rado theorem gives bounds on the size of a family of sets where every pair intersects in at least t elements. For t equals 1 and n at least 2k, the family size is at most the binomial coefficient of n minus 1 choose k minus 1. For t at least 2 and n sufficiently larg"
comb,,Hall's marriage theorem,Hall marriage theorem,2,1,"Top-1 is a clear, on-target match for Hall's marriage theorem.","A marriage assignment exists if for every subset of set A, there are at least as many elements in set B that can be matched to it. This condition ensures that no subset of A is too large relative to the available partners in B. The theorem provides a sufficient criterion for the ",A bipartite graph with parts X and Y has a matching that covers every vertex in X if and only if every subset W of X has at least as many neighbors in Y as the size of W. This condition is known as Hall's condition. The theorem is called Hall's marriage theorem. It provides a nec,Hall's marriage theorem states that a bipartite graph has a matching covering all vertices in one part if and only if every subset of that part has at least as many neighbors in the other part as its own size.
comb,,Dilworth theorem,Dilworth's theorem,2,1,Top-1 directly defines Dilworth's theorem accurately.,"Dilworth's theorem states that for any partially ordered set, the size of the largest antichain equals the minimum number of chains needed to cover the set.",Dilworth's Theorem applies to any finite partially ordered set. It states that the largest possible set of pairwise incomparable elements has a specific size. This size equals the smallest number of totally ordered subsets needed to cover the entire set. These subsets are disjoin,The width of a finite partially ordered set equals the smallest number of chains needed to cover all its elements. This number is also the size of the largest antichain in the set. The theorem states that these two quantities are always the same. This result is known as Dilworth'
comb,,Sperner lemma,Sperner's lemma,2,1,"Top-1 is a clear, on-target match for Sperner's lemma.","Sperner's lemma states that for a triangulated simplex with a Sperner labeling, the number of fully labeled simplices is always odd. This implies there is at least one such simplex. The result holds regardless of the triangulation or labeling details.",Sperner's lemma states that any triangulation of a simplex colored with n colors according to Sperner's conditions must contain a small simplex whose vertices are colored with all n colors. This result is a combinatorial analog of the Brouwer fixed-point theorem. It is commonly u,"Sperner's lemma states that for a simplex subdivided into smaller simplexes with a proper labeling, there is an odd number of completely labeled subsimplexes."
comb,,Sperner theorem antichains,Sperner theorem on antichains in Boolean lattice,2,1,"Top-1 is a clear, on-target match for Sperner's theorem on antichains.","Sperner's theorem states that for any positive integer n, the size of an antichain on an n-element set is at most the largest binomial coefficient, which is n choose floor of n over 2. The maximum size is achieved only when all sets in the antichain have the same size, either flo","Sperner's theorem states that for an antichain of subsets of a set with n elements, the maximum possible size is the largest binomial coefficient, specifically the binomial coefficient of n choose floor of n over 2. The bound is strict unless the antichain consists of all subsets",Sperner's theorem bounds the size of an antichain in the Boolean lattice. The maximum possible size is given by the largest binomial coefficient. This maximum is achieved by taking all subsets of a single middle size. The bound is tight and cannot be exceeded.
comb,,Kruskal-Katona theorem,Kruskal-Katona,2,1,"Top-1 is a clear, on-target match for the Kruskal-Katona theorem.","The theorem states that for any positive integers n and k, and any collection of n sets each of size k, the size of the shadow of this collection is at least as large as the shadow of the initial segment of the k-subsets in the colex order. This result is known as the Kruskal-Kat","The Kruskal-Katona inequality states that for a family of n sets each of size k, the size of the lower shadow is at least as large as the lower shadow of the initial segment of the colexicographic order. This initial segment is denoted as S sub k of n. The inequality provides a l",The Kruskal-Katona theorem gives a lower bound on the size of the shadow of a k-uniform family of sets. The bound depends on the size of the family expressed in a specific combinatorial representation. The shadow size is at least the sum of binomial coefficients derived from that
comb,,four color theorem,four color theorem,2,1,"Top-1 is a clear, on-target match for the four color theorem.",The four-color map conjecture is true. Four colors are sufficient to color any planar map so that no two adjacent regions share the same color. This result is known as the four color theorem.,A planar graph can have its vertices colored using only four colors. No two adjacent vertices share the same color. This holds for all graphs that can be drawn on a plane without edges crossing. The result is known as the four color theorem.,A planar graph can have its vertices colored using only four colors. No two adjacent vertices share the same color. This holds for any graph that can be drawn in the plane without crossing edges. The result is known as the four color theorem.
comb,,4 color theorem,four color theorem,2,1,"Top-1 is a clear, on-target match for the four color theorem.",The four-color map conjecture is true. Four colors are sufficient to color any planar map so that no two adjacent regions share the same color. This result is known as the four color theorem.,A planar graph can have its vertices colored using only four colors. No two adjacent vertices share the same color. This holds for all graphs that can be drawn on a plane without edges crossing. The result is known as the four color theorem.,Every plane graph can be colored using four colors such that no two adjacent vertices share the same color.
comb,,Szemerédi theorem,Szemerédi on arithmetic progressions,2,1,Top-1 directly addresses Szemerédi's theorem on arithmetic progressions clearly and accurately.,"Szemerédi's theorem states that for any fixed length k of at least three and any positive density, a sufficiently large subset of the integers modulo N must contain an arithmetic progression of that length. The result holds for subsets with density at least delta, provided N is l",Szemeredi's theorem states that any subset of the natural numbers with positive upper density must contain arithmetic progressions of every finite length.,Szemeredi's theorem states that any subset of the natural numbers with positive upper Banach density must contain arithmetic progressions of every finite length.
comb,,Szemeredi regularity lemma,Szemerédi regularity lemma,2,1,"Top-1 is a clear, on-target match for Szemerédi regularity lemma.","Szemeredi's regularity lemma in degree form states that for any graph with sufficiently many vertices, there exists a partition of its vertices into subsets and a subgraph. The partition has a bounded number of parts, with one small exceptional set and the rest of equal size. The","The Szemeredi regularity lemma states that any large graph can be partitioned into a bounded number of parts. The number of parts depends only on a given error parameter and not on the graph size. Almost all pairs of parts are regular, meaning their edges behave pseudorandomly. T","Szemeredi's regularity lemma states that for any given epsilon and m, every sufficiently large graph can be partitioned into a bounded number of parts. One part is small, and the remaining parts are of equal size. Almost all pairs of these parts are epsilon-regular. The number of"
diff_geom,,Gauss-Bonnet theorem,Gauss-Bonnet,2,1,"Top-1 is a clear, on-target match for the Gauss-Bonnet theorem.",The Gauss-Bonnet theorem relates the Euler characteristic of a manifold to its curvature. The total curvature inside the manifold plus the boundary curvature equals the Euler characteristic. This holds for compact two-dimensional Riemannian manifolds with boundary. The formula in,The Gauss-Bonnet theorem connects the geometry and topology of a surface. It states that the sum of the total geodesic curvature along the boundary and the total Gaussian curvature over the surface equals two pi times the Euler characteristic. This holds for a compact surface wit,The Gauss-Bonnet theorem relates the geometry of a surface to its topology. The integral of the Gauss curvature over the surface plus the integral of the geodesic curvature along the boundary equals 2π times the Euler characteristic. This holds for a twice continuously differenti
diff_geom,,Cartan-Hadamard theorem,Cartan-Hadamard,1,2,A clear match appears in top-3 but not at rank 1.,"A complete and simply connected Riemannian manifold with nonpositive sectional curvature is diffeomorphic to Euclidean space. The dimension of the manifold equals the dimension of the Euclidean space. At any point in the manifold, the exponential map from the tangent space to the","The Cartan-Hadamard theorem states that if a complete Riemannian manifold has non-positive sectional curvature, then its universal cover is diffeomorphic to Euclidean space. In this setting, any two points in the universal cover are connected by exactly one geodesic. This implies","The Hadamard-Cartan theorem states that for a complete Riemannian manifold with no conjugate points, the exponential map at any point is a covering map. This implies that if the manifold is also simply connected, it must be diffeomorphic to Euclidean space. The result holds in an"
diff_geom,,Bishop-Gromov volume comparison,Bishop-Gromov comparison,2,1,"Top-1 directly addresses the Bishop-Gromov volume comparison, providing a clear and relevant explanation.",The Bishop-Gromov volume comparison theorem bounds the ratio of volumes of geodesic balls in a Riemannian manifold. It assumes the manifold has a lower bound on its Ricci curvature. The inequality relates the volume ratio to an integral expression involving a curvature-dependent ,The Bishop-Gromov relative volume comparison theorem applies to a complete Riemannian manifold with Ricci curvature bounded below by a constant. It compares the volume of annular regions around a point to corresponding volumes in a model space form. The ratio of these volumes for,The Bishop-Cheeger-Gromov theorem applies to complete Riemannian manifolds with a lower bound on Ricci curvature. It states that the ratio of the volume of a geodesic ball to a comparison volume is nonincreasing as the radius increases. This ratio approaches one as the radius ten
diff_geom,,Toponogov comparison theorem,Toponogov triangle comparison,1,2,"Top-3 entries provide relevant information about the Toponogov comparison theorem, but the best match is not ranked first.","Toponogov's comparison theorem applies to a complete two-dimensional Riemannian manifold with sectional curvature at least H. It compares geodesic triangles in this manifold to those in a constant curvature H model space. Under matching side lengths and angles at a common vertex,",The Toponogov comparison theorem applies to a complete Riemannian manifold with sectional curvature at least kappa. It compares a geodesic triangle in the manifold to a triangle on a surface of constant curvature kappa. The sides from the vertex with given angle have the same len,"Toponogov's Comparison Theorem applies to manifolds of nonpositive curvature. It compares distances and angles between points in such a manifold to those in the Euclidean plane. If corresponding angles at a base point are equal, then the distance between the other two points in t"
diff_geom,,Yamabe problem,Yamabe problem,2,1,Top-1 directly addresses the Yamabe problem with a clear definition and context.,Let M be a compact smooth manifold of dimension at least three with a Riemannian metric g satisfying hypothesis H. There exists a metric conformal to g with constant scalar curvature. This metric solves the Yamabe problem.,"On a compact Riemannian manifold with Yamabe invariant less than that of the sphere, the infimum of the Yamabe functional is achieved. This implies the existence of a positive function and a constant satisfying the Yamabe equation. The result guarantees a solution to the prescrib",A Yamabe metric exists in a conformal class that attains the infimum of the Yamabe functional. The Yamabe invariant of the manifold is bounded above by that of the round sphere. Equality occurs only if the manifold is conformally equivalent to the round sphere.
diff_geom,,Calabi conjecture,Calabi-Yau theorem,2,1,Top-1 directly addresses the Calabi conjecture and its relation to the Calabi-Yau theorem.,The Calabi conjecture is true. It states that a certain topological condition guarantees the existence of a unique Kähler metric with a specified Ricci form on a compact Kähler manifold. This result was proven by Shing-Tung Yau.,"The Calabi Conjecture states that on a compact complex manifold with a Kaehler metric, given a closed real (1,1) form representing the first Chern class, there exists a unique Kaehler metric in the same cohomology class whose Ricci form equals the given form.","The Calabi Conjecture states that on a compact complex manifold with a given Kähler metric, if a closed real (1,1)-form represents the first Chern class, then there exists a unique Kähler metric in the same cohomology class whose Ricci form equals that given form. This result was"
diff_geom,,Atiyah-Singer index theorem,Atiyah-Singer index theorem,2,1,"Top-1 is a clear, on-target match for the Atiyah-Singer index theorem.","The Atiyah-Singer index theorem expresses the index of an elliptic operator on a compact oriented manifold in terms of characteristic cohomology classes. The index equals a pairing involving the fundamental class of the manifold, a characteristic class derived from the operator's",The Atiyah-Singer index theorem for an elliptic operator on a compact oriented manifold expresses the index in terms of characteristic classes. The formula involves the Todd character of the manifold and the Chern character of the symbol of the operator. The result is paired with,The Atiyah-Singer index theorem expresses the index of an elliptic operator on a closed manifold in terms of characteristic classes. The formula involves the Chern character of the operator's symbol and the Todd class of the complexified tangent bundle. These classes are integrat
diff_geom,,Chern-Gauss-Bonnet theorem,generalized Gauss-Bonnet,1,3,"A clear match appears in top-3 but not at rank 1, relevant to generalized Gauss-Bonnet.",The Euler characteristic of a compact Riemannian manifold equals the integral of the Euler density over the manifold. This density is a specific polynomial in the curvature tensor. The result connects a topological invariant to geometric quantities. It is known as the Chern-Gauss,"The Euler characteristic of a smooth, compact, even-dimensional Riemannian manifold without boundary equals the integral over the manifold of a specific density. This density depends on the metric and the dimension. The result connects a topological invariant to a geometric quant",The integral of the Chern-Gauss-Bonnet form over the unit sphere bundle of a Riemannian manifold equals the Euler characteristic of the manifold.
logic,,compactness theorem first-order logic,compactness theorem in model theory,2,1,"Top-1 is a clear, on-target match for the compactness theorem in first-order logic.","The compactness theorem states that if every finite subset of a theory has a model, then the entire theory also has a model. This result holds in first-order logic. It is a fundamental property of logical systems. The theorem connects finite satisfiability with overall satisfiabi","The compactness theorem states that if every finite subset of a theory has a model, then the entire theory also has a model. This result holds in first-order logic. It is a fundamental property of logical systems. The theorem connects local satisfiability to global satisfiability","A set of sentences is satisfiable if every finite subset is satisfiable. This holds for first-order logic. The theorem states that if each finite subset has a model, then the entire set has a model. This result is known as the compactness theorem."
logic,,Löwenheim-Skolem theorem,Löwenheim-Skolem,2,1,"Top-1 is a clear, on-target match for the Löwenheim-Skolem theorem.","The Löwenheim-Skolem theorem states that if a set of sentences has a model of some infinite cardinality greater than the size of the set, then it has models of every infinite cardinality between the size of the set and that cardinality. Specifically, for any infinite cardinal bet","Upward Lowenheim-Skolem states that if a set of sentences has a model of some infinite cardinality, then it has models of every larger infinite cardinality. The set of sentences can have any cardinality, but the model sizes are bounded below by both the cardinality of the set and","If a set of sentences in a countable language has a model, then it also has a finite or countable model. This is known as the downward Löwenheim–Skolem theorem. It applies to first-order logic and ensures the existence of smaller models. The result highlights that infinite models"
logic,,Lowenheim Skolem theorem,Löwenheim-Skolem,2,1,"Top-1 is a clear, on-target match for the Löwenheim-Skolem theorem.","The Downward Lowenheim-Skolem theorem states that for any structure and subset within it, there exists an elementary substructure containing that subset. The size of this substructure is at most the cardinality of the subset plus the cardinality of the language's signature. This ","Upward Lowenheim-Skolem states that if a set of sentences has a model of some infinite cardinality, then it has models of every larger infinite cardinality. The set of sentences can have any cardinality, but the model sizes are bounded below by both the cardinality of the set and","If a set of sentences in a countable language has a model, then it also has a finite or countable model. This is known as the downward Löwenheim–Skolem theorem. It applies to first-order logic and ensures the existence of smaller models. The result highlights that infinite models"
logic,,Gödel completeness theorem,Gödel completeness,2,1,Top-1 directly explains Gödel's Completeness Theorem clearly and accurately.,"Godel's Completeness Theorem states that for any first-order theory T and sentence φ, T semantically entails φ if and only if T syntactically proves φ. This means that if a sentence is true in every model of T, then it is provable from T. Conversely, if it is provable from T, the",The theorem states that a certain structure is complete. It applies to a specific type of formal system. The result ensures that all valid statements can be derived. This is a key property in logic and formal reasoning.,"For any countable theory T and formula phi in the modal language, T semantically entails phi under the Godel-Kripke semantics if and only if T syntactically proves phi in the modal Godel logic."
logic,,Craig interpolation theorem,Craig interpolation,2,1,Top-1 provides a clear and accurate explanation of Craig's interpolation theorem.,"If a formula psi entails another formula phi, then there exists an interpolant formula tau. The interpolant tau is entailed by psi and entails phi in turn. The non-logical symbols in tau are only those that appear in both psi and phi. This result is known as Craig's interpolation","Craig interpolation holds for the logic G with Delta. If a closed formula phi entails another closed formula psi, then there exists an interpolant theta. The interpolant theta is a closed formula in the common language of phi and psi. Both phi entails theta and theta entails psi ","iSL Box has Craig interpolation. This means for any two formulas where one implies the other, there exists an interpolant formula. The interpolant uses only the common language of the two original formulas. It is a logical consequence of the first and implies the second."
logic,,Beth definability theorem,Beth definability,2,1,"Top-1 directly explains the Beth definability theorem, clearly addressing the searcher's intent.","If a theory implicitly defines a predicate, then there exists an explicit definition for that predicate using only variables from the theory and the predicate's own parameters. This explicit definition is provably equivalent to the predicate under the given theory. The formula de","The logic has the Beth definability property. This means that implicit definitions can be made explicit within the logic. If a set of formulas implicitly defines a relation, then there exists an explicit definition for that relation. The property holds for the given logical frame",The logic U_n has the Beth definability property. This means that implicit definitions in U_n can be made explicit.
logic,,Robinson joint consistency theorem,Robinson joint consistency,1,2,"A clear match appears in top-3 but not at rank 1, relevant to Robinson joint consistency.","The Robinson consistency theorem states that if two theories share a common complete subtheory, then their union is consistent. This applies to theories in languages that overlap in a specific way. The shared subtheory must be linear and complete. The result ensures the combined ","Affine Robinson's consistency theorem states that if two satisfiable theories in different languages share a common sublanguage, and their intersection is a complete theory in that common language, then the union of the two theories is also satisfiable.",The result holds under the conditions of the consistency theorem.
math_phys,,KAM theorem,Kolmogorov-Arnold-Moser theorem,2,1,"Top-1 is a clear, on-target match for the KAM theorem.","The KAM theorem states that a nearly integrable twist map on an annulus, under small and sufficiently smooth perturbations, retains many invariant curves. These curves are close to the unperturbed ones and have Diophantine rotation numbers. The theorem provides explicit bounds on","The KAM theorem states that for a sufficiently smooth perturbed Hamiltonian system near a nondegenerate energy level, most invariant tori persist under small perturbations. These tori remain invariant, lie close to the unperturbed tori, and preserve the energy value. Under a conv","The KAM theorem states that under certain conditions, a perturbed Hamiltonian system retains many invariant tori. For sufficiently small perturbations, there exists a large set of parameters where the system is nearly integrable. The perturbed system can be transformed to a norma"
math_phys,,Kolmogorov Arnold Moser theorem,KAM,1,2,"Top-3 contains relevant descriptions of the KAM theorem, but top-1 is not the best match.","The KAM theorem states that a nearly integrable twist map on an annulus, under small and sufficiently smooth perturbations, retains many invariant curves. These curves are close to the unperturbed ones and have Diophantine rotation numbers. The theorem provides explicit bounds on","The KAM theorem states that for a sufficiently smooth perturbed Hamiltonian system near a nondegenerate energy level, most invariant tori persist under small perturbations. These tori remain invariant, lie close to the unperturbed tori, and preserve the energy value. Under a conv","Given a symmetric finite set S containing zero and a compact set Pi of positive measure, assume the action-to-frequency map is bi-Lipschitz. For a sufficiently smooth Hamiltonian perturbation, there exists a small epsilon zero such that for smaller perturbations, a large subset o"
math_phys,,Haag theorem,Haag's theorem in QFT,1,3,"A clear match appears in top-3 but not at rank 1, focusing on Haag duality in QFT.",The Reeh-Schlieder theorem states that the vacuum vector is cyclic and separating for all local algebras associated with intervals in the circle. Haag's duality asserts that the algebra for the complement of an interval equals the commutant of the algebra for that interval. These,"Under Haag duality, any state in the specified set factors through the bicommutant of the algebra in the reference representation. With an additional geometric assumption, this factorization extends uniquely to a weakly continuous endomorphism of the bicommutant. These endomorphi",Haag duality states that the commutant of the algebra associated with an interval equals the algebra associated with the complement of that interval. This holds in the context of local quantum field theory on the real line. The result applies to von Neumann algebras generated by 
math_phys,,Lieb-Robinson bounds,Lieb-Robinson,2,1,"Top-1 directly addresses Lieb-Robinson bounds, providing relevant details.","The Lieb-Robinson velocity bound is at least the norm of the operator Q derived from the infinite system limit. This holds for periodic couplings in the Hamiltonian, with nonzero and non-unit parameters. The bound applies when the Lieb-Robinson inequality is valid for sufficientl","Lieb-Robinson bounds provide an upper bound on the commutator of time-evolved local observables in finite volumes. The bound decays with distance between the supports of the observables and grows exponentially in time. The finite-volume dynamics converge as the volume increases, ","The scaling-limit Lieb-Robinson velocity is bounded by a constant depending on dimension and a parameter. For disjoint regions separated by a distance proportional to this velocity, the commutator of certain operators vanishes in the infinite limit. This decay is exponential and "
math_phys,,Onsager solution Ising model,Onsager exact solution of 2D Ising,0,,Only tangentially related; nothing in top-3 directly addresses the Onsager solution for the 2D Ising model.,"Below the critical temperature, the ferromagnetic Ising model without an external magnetic field has exactly one equilibrium state. This unique probability measure describes the system's behavior. The result holds for periodic boundary conditions.","For Ising measures on the square lattice with inverse temperature below critical and arbitrary external field, two specific statements and one equation from a referenced theorem hold. These statements and the equation apply to the model under these conditions.","In the completely analytical regime, the Ising model's spins satisfy the central limit theorem. This means the conclusions of a referenced theorem apply to these spins."
lin_alg,,singular value decomposition,SVD,2,1,"Top-1 is a clear, on-target match for singular value decomposition.",The singular value decomposition step exists and is uniquely defined.,A nonsingular matrix can be decomposed into two orthonormal matrices and a diagonal matrix. The decomposition is called the singular value decomposition. The diagonal matrix contains the singular values of the original matrix.,"Every complex square matrix can be decomposed into two unitary matrices and a diagonal matrix of nonnegative real numbers. The diagonal entries are the singular values, arranged in nonincreasing order. The columns of the unitary matrices are the left and right singular vectors. T"
lin_alg,,QR decomposition,QR decomposition,2,1,"Top-1 is a clear, on-target match for QR decomposition.","A real matrix A can be decomposed into the product of an orthogonal matrix Q and an upper triangular matrix R. This factorization is known as the QR decomposition. The matrix Q has orthonormal columns, and R is upper triangular. The decomposition exists for any real matrix A.","A matrix with linearly independent columns can be factored into a product of two matrices. The first matrix has orthonormal columns, and the second is an invertible upper triangular matrix with positive diagonal entries. If the matrix is square, the first matrix becomes orthogona","Given a real n by k matrix A, there exist unique matrices K and U such that A equals K times U. Matrix K is an element of the orthogonal group of n by k matrices. Matrix U is an upper triangular matrix with positive real entries on the diagonal. This decomposition is known as the"
lin_alg,,LU decomposition,LU decomposition,1,2,A clear match appears in top-3 but not at rank 1.,A matrix A with given row and column parameters has a unique decomposition into a lower triangular matrix L and an upper triangular matrix U. The matrices L and U are uniquely determined by the parameters. The explicit forms of L and U are provided in a referenced theorem. This d,A matrix has an LU factorization if and only if it satisfies certain specified conditions.,"For any n by n matrix with all leading principal minors nonzero, the matrix can be uniquely factored into a product of a lower unitriangular matrix, a diagonal matrix, and an upper unitriangular matrix. This decomposition is known as the LDU decomposition. The condition on the mi"
lin_alg,,Gershgorin disc theorem,Gershgorin circle theorem,2,1,"Top-1 is a clear, on-target match for the Gershgorin circle theorem.",Gershgorin's theorem states that every eigenvalue of a complex square matrix lies within at least one Gershgorin disc. Each disc is centered at a diagonal entry of the matrix. The radius of a disc equals the sum of the absolute values of the off-diagonal entries in that row. The ,Gershgorin's circle theorem states that every eigenvalue of a square matrix lies within at least one Gershgorin disc. Each disc is centered at a diagonal entry of the matrix. The radius of each disc equals the sum of the absolute values of the off-diagonal entries in that row. Th,Gershgorin's theorem states that every eigenvalue of a complex square matrix lies within at least one Gershgorin disc. Each disc is centered at a diagonal entry of the matrix. The radius of each disc equals the sum of the absolute values of the off-diagonal entries in the corresp
lin_alg,,Gerschgorin circle theorem,Gershgorin circle theorem,2,1,"Top-1 is a clear, on-target match for the Gershgorin circle theorem.",Gershgorin's theorem states that every eigenvalue of a complex square matrix lies within at least one Gershgorin disc. Each disc is centered at a diagonal entry of the matrix. The radius of a disc equals the sum of the absolute values of the off-diagonal entries in that row. The ,"The Gershgorin circle theorem states that for any square matrix, every eigenvalue lies within at least one of the Gershgorin discs in the complex plane. Each disc is centered at a diagonal entry of the matrix. The radius of each disc equals the sum of the absolute values of the o",Gershgorin's circle theorem states that every eigenvalue of a square matrix lies within at least one Gershgorin disc. Each disc is centered at a diagonal entry of the matrix. The radius of each disc equals the sum of the absolute values of the off-diagonal entries in that row. Th
lin_alg,,Perron-Frobenius theorem,Perron-Frobenius for nonneg matrices,2,1,"Top-1 is a clear, on-target match for the Perron-Frobenius theorem regarding nonnegative matrices.","The Perron-Frobenius theorem states that for an irreducible matrix with non-negative real entries, the spectral radius is an eigenvalue. This eigenvalue is positive and has algebraic multiplicity one. The corresponding eigenvector can be chosen to have strictly positive component",The Perron-Frobenius theorem applies to irreducible nonnegative matrices. The spectral radius is positive and is an eigenvalue of the matrix. This eigenvalue is algebraically simple. The left and right eigenvectors corresponding to the spectral radius have all strictly positive e,The Perron-Frobenius theorem applies to irreducible nonnegative square matrices. The spectral radius is positive and is an eigenvalue with both algebraic and geometric multiplicity one. There exists a strictly positive eigenvector associated with the spectral radius.
lin_alg,,Courant-Fischer min-max theorem,Courant-Fischer min-max for eigenvalues,2,1,Top-1 directly addresses the Courant-Fischer min-max theorem for eigenvalues.,"The Courant-Fischer theorem characterizes the eigenvalues of a Hermitian matrix. The i-th eigenvalue equals the maximum over all i-dimensional subspaces of the minimum Rayleigh quotient on the unit sphere in that subspace. Alternatively, it equals the minimum over all subspaces o",The Courant-Fischer theorem expresses the eigenvalues of a Hermitian matrix using minimax principles. The k-th eigenvalue equals the minimum over k-dimensional subspaces of the maximum Rayleigh quotient on that subspace. It also equals the maximum over subspaces of dimension n mi,The Courant-Fischer theorem characterizes the eigenvalues of a Hermitian matrix. The p-th smallest eigenvalue equals the minimum over all p-dimensional subspaces of the maximum Rayleigh quotient on that subspace. It also equals the maximum over all subspaces of dimension n minus 
lin_alg,,Jordan canonical form,Jordan normal form,2,1,"Top-1 directly addresses Jordan canonical form, providing a clear and relevant explanation.","Every square matrix over a field, whose eigenvalues all lie in that field, is similar to a matrix in Jordan canonical form. The Jordan form is also defined over the same field. This canonical form provides a block diagonal structure where each block corresponds to an eigenvalue. ",A matrix over a field can be written in Jordan canonical form under certain conditions on its characteristic polynomial. The matrix becomes block diagonal with blocks of a specific structure. Each block is built from the companion matrix of an irreducible factor and identity matr,"Every complex square matrix is similar to a block diagonal matrix called its Jordan canonical form. This form consists of Jordan blocks arranged along the diagonal, each associated with an eigenvalue of the matrix. The Jordan blocks are unique except for their order. The similari"
lin_alg,,Jordan normal form,Jordan canonical form,1,3,A clear match appears in top-3 but not at rank 1.,"Every square matrix over a field, whose eigenvalues all lie in that field, is similar to a matrix in Jordan canonical form. The Jordan form is also defined over the same field. This canonical form provides a block diagonal structure where each block corresponds to an eigenvalue. ",The Jordan normal form of a matrix equals its Frobenius normal form.,Every matrix over an algebraically closed field is similar to a direct sum of Jordan blocks and a zero matrix. Each Jordan block is an upper triangular matrix with a single eigenvalue on the diagonal and ones on the superdiagonal. The algebraic multiplicity of an eigenvalue equal
lin_alg,,polar decomposition,polar decomposition of matrices,2,1,Top-1 directly addresses the polar decomposition of matrices clearly and accurately.,The polar decomposition expresses a group element as a product of a unitary operator and a positive operator. This factorization is unique under certain conditions. It generalizes the polar decomposition of complex numbers to operator theory. The result holds for various classes ,"The matrix polar decomposition states that for a matrix with at least as many rows as columns, it can be uniquely written as the product of a partial isometry and the square root of a positive semidefinite matrix. The decomposition involves specific matrix sets: the partial isome",The polar decomposition states that a full-rank matrix can be expressed as the product of a partial isometry and the square root of a positive definite matrix. The decomposition involves a matrix from the Stiefel manifold and a positive definite matrix defined by the original mat
famous_lemma,,diagonal lemma logic,diagonal lemma (Gödel-Tarski),2,1,"Top-1 is a clear, on-target match for the diagonal lemma in logic.",A formula with one free variable implies the existence of a closed formula. This closed formula is equivalent to the original formula applied to its own code. This result is known as the diagonal lemma. It is a key tool in proving metamathematical theorems.,"Given a formula A with parameters x and y, there exists a formula B with parameters x such that B is provably equivalent to A applied to x and the code of B. This equivalence holds in the intuitionistic system I Sigma 1. The result is known as the Diagonalization Lemma. It allows","A consistent recursively enumerable extension of Robinson arithmetic has a fixed point property. For any formula with one free variable, there exists a sentence that is provably equivalent to the formula applied to its own code. This result is known as the diagonal lemma. It is a"
famous_lemma,,snake lemma,snake lemma in homological algebra,2,1,Top-1 provides a clear and accurate description of the snake lemma in homological algebra.,"Given a commutative diagram with exact rows, there is an induced exact sequence connecting the kernels and cokernels of the vertical maps. The sequence runs from the kernel of the left map to the kernel of the middle and then the right map. It continues to the cokernel of the lef","Given a commutative diagram with exact rows, the kernels and cokernels of the vertical maps form an exact sequence. The sequence begins with the kernel of the first map and ends with the cokernel of the last map. Each map in the sequence is induced by the original diagram's maps.","Given a commutative diagram with two exact rows, appending rows of kernels and cokernels to the vertical maps produces an exact sequence connecting the kernels and cokernels. This sequence runs from the first kernel to the last cokernel. The resulting structure is known as the sn"
famous_lemma,,five lemma,five lemma in homological algebra,2,1,Top-1 provides a clear and precise definition of the five lemma in homological algebra.,"Given a commutative diagram with two exact rows and vertical maps between corresponding objects, if the first, second, fourth, and fifth vertical maps are isomorphisms, then the third vertical map is also an isomorphism. This result is known as the five lemma. It is a fundamental","Given a commutative diagram with two short exact sequences of R-modules, if the left and right vertical maps are injective, then the middle map is also injective. If the left and right maps are surjective, then the middle map is surjective. If the left and right maps are isomorph","Given a commutative diagram with exact rows in an abelian category, if both the left and right vertical maps are monomorphisms, then the middle vertical map is also a monomorphism. If both the left and right vertical maps are epimorphisms, then the middle vertical map is also an "
famous_lemma,,nine lemma,nine lemma,2,1,"Top-1 is a clear, on-target match for the Nine Lemma.","The Nine Lemma states that in a commutative diagram with exact columns and an exact middle row, the top row is exact exactly when the bottom row is exact. The diagram consists of three rows and three columns of modules connected by homomorphisms. The conditions require that certa","In a commutative diagram with three rows and three columns, if the last two rows and all columns are exact, then the first row is also exact. This is a special case of the Nine Lemma. The diagram consists of objects and maps forming exact sequences along rows and columns. The res","The Nine Lemma concerns a commutative diagram of modules with exact rows. If the middle column is exact, then the last column is exact exactly when the first column is exact. This result holds in the context of homomorphisms and exact sequences. It is a fundamental statement in h"
famous_lemma,,horseshoe lemma,horseshoe lemma,1,2,"A clear match appears in top-3 but not at rank 1, specifically in rank 2.","The Horseshoe Lemma applies to a right GP-acyclic sequence. Given proper GP-resolutions for the left and right modules, a commutative diagram can be constructed. The middle column of this diagram forms a proper GP-resolution for the middle module. The diagram uses direct sums and","For a short exact sequence of modules, three conditions are equivalent. The Minimal Horseshoe Lemma holds. The top of the middle module equals the direct sum of the tops of the outer modules. Also, applying the Hom functor from each simple module yields a short exact sequence.","For a short exact sequence of finitely generated R-modules, the Jacobson radical applied to the i-th syzygy of K equals the intersection of the i-th syzygy of K with the Jacobson radical of the i-th syzygy of M, for all i greater than or equal to zero. This equality holds precise"
famous_lemma,,Zorn's lemma equivalence with axiom of choice,Zorn ⇔ AC,1,2,"A clear match appears in top-3, discussing equivalence of Zorn's Lemma and Axiom of Choice.","Tukey's Lemma implies Zorn's Lemma. Both statements are equivalent forms of the Axiom of Choice. If one is assumed true, the other follows. This establishes a fundamental equivalence in set theory.",The axiom of choice has several equivalent formulations. These include Zorn's lemma and the well-ordering principle. Each statement implies the others under standard set theory. All versions assert the existence of certain sets or functions.,"The axiom of choice is equivalent to the statement that for every regular cardinal, the forcing axiom for the class of forcing notions with the kappa chain condition holds. This equivalence is established within the framework of Zermelo-Fraenkel set theory without the axiom of ch"
topology,,Dehn lemma,Dehn's lemma in 3-manifold topology,2,1,Top-1 directly addresses Dehn's lemma in 3-manifold topology.,A compact orientable 3-manifold has a homeomorphism that restricts to Dehn twists on its boundary along a simple closed curve. This implies the curve bounds a disk within the manifold.,A compact orientable 3-manifold has a homeomorphism whose boundary restriction is isotopic to a nontrivial power of a Dehn twist about a simple loop. This implies that the loop bounds a disc in the manifold.,"If a simple loop on the boundary of a handlebody has a Dehn twist power that extends to a homeomorphism of the handlebody, then that loop must bound a disc inside the handlebody."
topology,,loop theorem,loop theorem in 3-manifold topology,2,1,Top-1 directly defines the Loop Theorem in 3-manifold topology.,The theorem holds if the dual graph of the geometric fiber of the map from X to S contains a loop.,"The Loop Theorem states that for a compact 3-manifold with a subsurface in its boundary, if the kernel of the induced map on fundamental groups is non-trivial, then there exists an embedded disk whose boundary lies in the subsurface. The boundary of this disk represents a non-tri","The Loop Theorem states that for a 3-manifold with boundary, if the inclusion map from the boundary's fundamental group into the manifold's fundamental group has a nontrivial kernel, then there exists an embedded disc in the manifold. The boundary of this disc lies in the boundar"
topology,,sphere theorem 3-manifolds,sphere theorem,2,1,Top-1 directly addresses the sphere theorem for 3-manifolds.,The theorem holds when the manifold is a sphere.,A simply connected closed three-dimensional manifold is always equivalent to the three-dimensional sphere.,"An orientable closed prime 3-manifold must be spherical, aspherical, or homeomorphic to the product of a 2-sphere and a circle."
raw_latex,raw_latex_a,\det(AB) = \det(A)\det(B),determinant is multiplicative,2,1,Top-1 directly states the multiplicative property of determinants.,The determinant of the product of two matrices equals the product of their determinants.,The determinant of the product of two square matrices equals the product of their determinants.,The determinant of the product of two square matrices equals the product of their determinants. This holds for any two square matrices of the same size.
raw_latex,raw_latex_a,det(AB) = det(A) det(B),determinant is multiplicative,2,1,"Top-1 directly states the multiplicative property of determinants, perfectly matching the search intent.",The determinant of the product of two matrices equals the product of their determinants.,The determinant of the product of two square matrices equals the product of their determinants.,The determinant of the product of two square matrices equals the product of their determinants. This holds for any two square matrices of the same size.
raw_latex,raw_latex_a,the determinant is multiplicative,det is multiplicative,2,1,"Top-1 directly states the multiplicative property of determinants, clearly addressing the searcher's intent.",The determinant of a product of two elements equals the product of their determinants. This holds for all elements in the algebra. The function is multiplicative.,The determinant of the product of two matrices equals the product of their determinants.,The determinant of the product of two square matrices equals the product of their determinants.
raw_latex,raw_latex_b,\nabla \times \nabla f = 0,curl of gradient is zero,2,1,"Top-1 directly states the curl of the gradient is zero, perfectly matching the query.",The curl of the gradient of any scalar field in three-dimensional space is always the zero vector. This holds for any sufficiently smooth scalar function defined on real Cartesian coordinates. The result is independent of the specific form of the scalar field. The gradient and cu,The divergence of the gradient of a function f with zero expectation equals f itself. The divergence of any flow has zero expectation. The curl of the gradient of any such function is identically zero. These properties hold for functions in the defined vector space.,A smooth vector field with zero curl is the gradient of a smooth scalar function. This means the vector field is conservative. The scalar function is defined on the same Euclidean space. The result holds in any dimension.
raw_latex,raw_latex_b,curl of gradient is zero,curl grad = 0,2,1,"Top-1 directly states the curl of the gradient is zero, perfectly matching the query.",The curl of the gradient of any scalar field in three-dimensional space is always the zero vector. This holds for any sufficiently smooth scalar function defined on real Cartesian coordinates. The result is independent of the specific form of the scalar field. The gradient and cu,The curl of the gradient of any function is zero. The divergence of the curl of any vector field is zero. The curl of the curl of a vector field equals the gradient of its divergence plus a term involving the Hodge Laplacian of its dual one-form. These identities hold on a manifo,The subprincipal symbol of the curl operator is identically zero. This result holds for the curl operator in vector calculus.
raw_latex,raw_latex_c,\partial_t u - \Delta u = 0,heat equation,1,3,"A clear match appears in top-3 but not at rank 1, discussing the heat equation.",The function u equals T_Omega applied to u_0 and is the unique solution to the heat equation with time derivative equal to the Laplacian of u. The solution is smooth for positive times and takes values in the space of continuous functions vanishing at the boundary. The initial co,The function u is measurable and bounded in the L-infinity norm. Its gradient and Laplacian are also bounded in the L-infinity norm for positive times. The function is continuously differentiable in time with values in L2 and satisfies the heat equation. The initial condition u0 ,"Given an admissible function u0 on the closure of Omega, there exists a unique continuous solution u(x,t) to the heat equation on the closure of Omega times the nonnegative real line. This solution is smooth on Omega times the positive real line and satisfies three key inequaliti"
raw_latex,raw_latex_c,u_t - Delta u = 0,heat equation,1,3,"A clear match appears in top-3 but not at rank 1, discussing the heat equation.",The function u equals T_Omega applied to u_0 and is the unique solution to the heat equation with time derivative equal to the Laplacian of u. The solution is smooth for positive times and takes values in the space of continuous functions vanishing at the boundary. The initial co,"The function u equals f squared minus the magnitude of v squared, which also equals two f squared minus one. Under the condition that T is zero, u evolves according to a specified heat flow. The time derivative of u is at least the Laplacian of u plus an additional positive term.","A function u satisfies the heat equation on a surface over time. Its surface integral is zero, and the positive part's integral does not change over time. Under these conditions, u must be identically zero."
raw_latex,raw_latex_c,u_t = u_xx,heat equation 1D,-1,,Top-3 results are off-topic and do not directly address the heat equation.,The theorem involves a function u of variables t and x. It references several equations by their labels. The result relates to these equations and the variables.,The time derivative of u minus its Laplacian equals the squared norm of the second fundamental form multiplied by u.,The function U is continuous and has continuous first and second derivatives in time and space. It satisfies a given partial differential equation and initial condition. The solution is represented stochastically under the assumptions of a referenced lemma.
raw_latex,raw_latex_d,\sum_{n=1}^{\infty} 1/n^2 = \pi^2/6,Basel problem,2,1,"Top-1 is a clear, on-target match for the Basel problem.",The infinite sum of the reciprocals of the squares of all positive integers equals pi squared divided by six.,The infinite sum of the reciprocals of the squares of all positive integers equals pi squared divided by six.,The infinite sum of the reciprocals of the squares of all positive integers equals pi squared divided by six.
raw_latex,raw_latex_d,1 + 1/4 + 1/9 + 1/16 + ... = pi^2/6,Basel problem,2,1,"Top-1 is a clear, on-target match for the Basel problem.",The infinite sum of the reciprocals of the squares of all positive integers equals pi squared divided by six.,The infinite sum of the reciprocals of the squares of all positive integers equals pi squared divided by six.,The infinite sum of the reciprocals of the squares of all positive integers equals pi squared divided by six.
raw_latex,raw_latex_d,Basel problem,Basel problem,2,1,"Top-1 directly states the solution to the Basel problem, clearly addressing the searcher's intent.",The sum of the reciprocals of the squares of all positive integers equals pi squared divided by six. This result is known as the solution to the Basel problem. It was first proven by Leonhard Euler. The value of this infinite series is exactly pi squared over six.,The sum of the reciprocals of the squares of all positive integers equals pi squared divided by six. This result is known as the Basel problem. It is a specific value of the Riemann zeta function evaluated at two.,The infinite sum of the reciprocals of the squares of all positive integers equals pi squared divided by six.
latex_macro,,\mathbb{R},real numbers,2,1,"Top-1 directly references real numbers, clearly matching the search intent.",The theorem holds in the real numbers.,Proposition holds for the real numbers.,The theorem involves a subset of the real numbers.
latex_macro,,\mathfrak{g},Lie algebra,-1,,"Top results focus on groups rather than Lie algebras, which is off-topic for the query.",Lemma G holds.,The theorem defines a specific structure related to the group G.,Let G be an element of T. The theorem involves a vector g.
latex_macro,,\bar{\partial},del-bar / Dolbeault operator,1,2,"A clear match appears in top-3 but not at rank 1, discussing the d-bar operator.",The partial d-bar lemma is valid for the space of smooth complex vector fields on the complex numbers.,"On a bounded pseudoconvex domain in complex n-space with a smooth boundary, a smooth differential form that is closed under the d-bar operator can be expressed as the d-bar derivative of another smooth form. This holds for forms of type (0,s). The result provides a solution to th","For a bounded convex domain with smooth boundary in complex n-space, a result holds for differential forms of a certain type. If a form is closed under the d-bar operator and has a smooth extension, then the d-bar of a specific integral operator applied to the form equals the for"
latex_macro,,\mathcal{O}_X,structure sheaf,1,4,"A clear match appears in top-3 but not at rank 1, specifically related to the structure sheaf.",The sheaf O sub X is coherent.,The space X is a quasi-projective scheme over the spectrum of O.,The theorem holds for any scheme X.
id_query,,2403.05555,an arXiv paper - search may treat as ID,-1,,Top results discuss theorems and lemmas but do not relate to the specific arXiv paper ID.,A specific theorem is labeled as theorem 5.3.2.,This lemma is referenced as Lemma 3.2.5.,The result holds under the conditions stated in Proposition 5.3.
id_query,,10.1007/s00208-023-12345-6,a DOI - probably no match,-1,,Top-3 slogans are off-topic and do not provide a DOI or relevant information.,The main result of the paper is proven.,A specific theorem is labeled as theorem 5.3.2.,The lemma states a specific mathematical result.
paper_query,,Fermat's Last Theorem and the Dirac equation,the literal paper title from arXiv,-1,,Top results discuss Fermat's Last Theorem but do not provide the paper title from arXiv.,"Given integers D, E, and n with n at least 3 and D and E coprime, the equation has no nontrivial integer solutions for C. This result is equivalent to the truth of Fermat's Last Theorem.",Fermat's Last Theorem holds if all semistable elliptic curves are modular.,"Fermat's Last Theorem states that no three positive integers can satisfy the equation x to the fourth plus y to the fourth equals z to the fourth. This is a specific case of the theorem, which applies to all exponents greater than two. The equation has no nonzero integer solution"
paper_query,,On the Fermat's Last Theorem and the Dirac equation,literal paper title,-1,,"Top results are off-topic, focusing on the Dirac equation without relevance to Fermat's Last Theorem.",The canonical section G Psi of f satisfies the Dirac equation.,The estimate holds for the Dirac operator under the given hypothesis.,"The theorem establishes three inequalities for solutions to the Dirac equation. These inequalities bound the norms of solutions and their integrals in mixed space-time Lebesgue and Besov spaces. The bounds depend on parameters p, q, theta, and indices k and k prime satisfying spe"
formal_syntax,,"theorem add_zero : ∀ (n : ℕ), n + 0 = n",add_zero in Lean / mathlib,1,3,A clear match appears in top-3 but not at rank 1.,Every natural number x added to zero equals x.,Zero plus any natural number equals that number.,"The theorem states that in provability intuitionistic logic, it is necessarily true that for every natural number x, the sum of x and zero is x."
formal_syntax,,n + 0 = n,additive identity for natural numbers,1,2,"A clear match appears in top-3, but not at rank 1. Relevant to additive identity.",Every natural number x added to zero equals x.,Zero plus any natural number equals that number.,The theorem holds when n equals zero.
formal_syntax,,"for all n, n + 0 = n",add_zero,1,2,A clear match appears in top-3 but not at rank 1.,Every natural number x added to zero equals x.,Zero plus any natural number equals that number.,"If n is a numeral, then it is provable that n is a natural number including zero."
formal_syntax,,"Theorem foo : forall n, n + 0 = n.",Coq-style add_zero,1,3,A clear match appears in top-3 but not at rank 1.,Every natural number x added to zero equals x.,"The theorem states that in provability intuitionistic logic, it is necessarily true that for every natural number x, the sum of x and zero is x.",Zero plus any natural number equals that number.
fa_basic,inj_surj,injective and surjective implies bijective,trivial set-theoretic fact,1,2,"A clear match appears in top-3, specifically about bijections being both injective and surjective.","The surjection from the referenced theorem is also an injection. Therefore, it is a bijection.",The map is bijective. It is both injective and surjective. This map was defined in a previous proposition.,An isomorphism exists if and only if the function is both injective and surjective.
fa_basic,inj_surj,bijection iff injection and surjection,bijection iff inj and surj,1,2,"A clear match appears in top-3, specifically the second entry about isomorphism being injective and surjective.","The surjection from the referenced theorem is also an injection. Therefore, it is a bijection.",An isomorphism exists if and only if the function is both injective and surjective.,The relation is a bijection. It is both injective and surjective.
definition,def_homo,definition of group homomorphism,definition of homomorphism,0,,The results mention group homomorphism but do not provide a clear definition.,The mapping is a group homomorphism.,The map is a group homomorphism.,The set map is a group homomorphism.
definition,def_homo,what is a group homomorphism,definition of homomorphism,1,2,"A clear match appears in top-3 but not at rank 1, providing relevant definitions.",The mapping is a group homomorphism.,The map is a group homomorphism.,The set map is a group homomorphism.
definition,def_norm_sub,definition of normal subgroup,normal subgroup definition,1,3,A clear match appears in top-3 but not at rank 1.,A subgroup is normal if it is a normal subset of the group.,The theorem defines a normal subgroup. It uses a specific notation to indicate this subgroup relation. The structure involves a particular set or group. The notation implies a standard subgroup property.,"A subgroup H of a group G is normal if and only if for every element g in G and every element h in H, the conjugate of h by g is also in H."
definition,def_norm_sub,normal subgroup,normal subgroup,2,1,"Top-1 is a clear, on-target match for the query about normal subgroups.",N is a normal subgroup of G.,N is a normal subgroup of G.,N is a normal subgroup of H.
definition,def_haus,Hausdorff space,Hausdorff (T2) topological space,1,3,"A clear match appears in top-3, specifically the definition of Hausdorff space.",The space is Hausdorff.,The spaces are Hausdorff.,A space is Hausdorff if any two distinct points can be separated by disjoint open sets.
definition,def_haus,T2 space,T2 / Hausdorff,2,1,Top-1 directly defines T2 space and its equivalence to Hausdorff property.,A space is T2 if and only if it is H-Hausdorff. The T2 property means that any two distinct points can be separated by disjoint open sets. The H-Hausdorff condition is equivalent to this separation property. Both terms describe the same Hausdorff topological space.,The space with the given topology is Hausdorff. Any two distinct points in this space have disjoint open neighborhoods. This separation property holds for the defined topological structure. The space is therefore a T2 space.,"In a regular T2 space, for any two distinct points, there exist two disjoint delta-open sets. One set contains the first point, and the other contains the second point."
definition,def_haus,separation axiom T_2,T2 / Hausdorff,2,1,"Top-1 directly defines T2 and its equivalence to Hausdorff, perfectly matching the search intent.",A space is T2 if and only if it is H-Hausdorff. The T2 property means that any two distinct points can be separated by disjoint open sets. The H-Hausdorff condition is equivalent to this separation property. Both terms describe the same Hausdorff topological space.,The space with the given topology is Hausdorff. Any two distinct points in this space have disjoint open neighborhoods. This separation property holds for the defined topological structure. The space is therefore a T2 space.,The space M with topology T is Hausdorff. Any two distinct points in M have disjoint neighborhoods. This means points can be separated by open sets. The Hausdorff property is also known as T2.
definition,def_metric,metric space,metric space,1,2,A clear match appears in top-3 but not at rank 1.,The space is a metric space.,The space with its metric is both complete and separable. Every Cauchy sequence in this space converges to a point within it. The space also contains a countable dense subset. These properties hold under the given metric.,The space is a complete metric space.
definition,def_metric,definition of a metric,metric definition,2,1,"Top-1 provides a clear and direct definition of a metric space, aligning perfectly with the search intent.",The space is a metric space.,The space is a metric space with a defined distance function.,The function is a distance function. It satisfies the properties of a metric.
definition,def_alg_var,algebraic variety,algebraic variety,1,2,A clear match appears in top-3 but not at rank 1.,X is an irreducible algebraic variety.,"Every nonempty variety can be expressed as a finite union of irreducible closed subvarieties. This union is irredundant, meaning no subset is redundant. The irreducible components are uniquely determined. This decomposition is fundamental in algebraic geometry.",The reduced quotient is an algebraic variety.
definition,def_alg_var,what is an algebraic variety,algebraic variety definition,0,,Only tangentially related; nothing in top-3 directly defines algebraic variety.,The algebraic variety is finite.,The complex analytic varieties are algebraic. They are specifically quasi-projective.,The intersection of varieties is itself a variety.
misconception,,1 + 2 + 3 + ... = -1/12,Ramanujan's sum / zeta regularization,1,1,Top-1 is relevant but not a direct explanation of Ramanujan's sum.,The Riemann zeta function at negative one equals negative one twelfth.,"The theorem states that for any regular function f of x, the infinite sum of f at positive integers plus f at negative integers equals negative f at zero. This holds regardless of whether the series converges or diverges. The result applies to all regular functions without requir",An even regular function's infinite sum from one to infinity equals negative one-half of the function at zero. This holds regardless of whether the series converges in the usual sense.
misconception,,0.999... = 1,0.999 repeating equals 1,-1,,Top results are off-topic and do not directly address the equality of 0.999... and 1.,The limit is identically equal to one.,This theorem states that the real numbers have a specific property. It assigns the value three to a particular characteristic of the set of real numbers. The result is a simple numerical assertion about the reals.,"The theorem states that if r is greater than zero, then r equals one."
misconception,,infinity is not a number,(philosophical/foundational),-1,,"Top slogans focus on mathematical properties of infinity, not its philosophical implications as a non-number.",The formula remains valid even when the set includes infinity.,"If the set of natural numbers is not finite, then it is infinite.",The theorem applies to any complex number or infinity.
wordproblem,,if every set is countable then there are countably many reals,(false / Cantor),-1,,Top results discuss countable sets but do not address the falsehood of the assumption about reals.,A countable union of countable sets of real numbers is itself countable.,"In H, the union of countably many countable sets of real numbers is countable. This result holds under the stated conditions.",A countable union of countable sets is countable.
anal,,Dini theorem,Dini's theorem on uniform convergence,2,1,"Top-1 is a clear, on-target match for Dini's theorem on uniform convergence.","Dini's theorem states that a nonincreasing sequence of continuous functions converging pointwise to a continuous function on a compact set must converge uniformly. The result holds under the assumptions of monotonicity, continuity, and compactness. This is a classical result in r","Dini's Theorem applies to a compact metric space and a continuous real-valued function. It considers a monotonic sequence of continuous functions that converge pointwise to that function. Under these conditions, the sequence also converges uniformly.",A sequence of continuous real-valued functions on a compact interval converges pointwise and monotonically decreasing to a continuous function. The convergence is uniform on the interval. This result is known as Dini's theorem.
anal,,Arzelà-Ascoli theorem,Arzelà-Ascoli compactness in C(K),2,1,Top-1 directly defines the Arzelà-Ascoli theorem and its implications for compactness.,The Arzelà–Ascoli theorem states that a uniformly bounded and uniformly equicontinuous sequence of continuous functions on a space has a uniformly convergent subsequence.,A sequence of functions on a compact metric space that is uniformly bounded and equicontinuous has a uniformly convergent subsequence. The limit function is continuous. This result is known as the Arzela-Ascoli theorem.,The Arzela-Ascoli theorem states that an equicontinuous family of functions from a topological space to a metric space is relatively compact under the compact-open topology if the set of values at each point is relatively compact. This means the closure of the family is compact i
anal,,Arzela Ascoli theorem,Arzelà-Ascoli,2,1,"Top-1 is a clear, on-target match for the Arzelà-Ascoli theorem.",The Arzelà–Ascoli theorem states that a uniformly bounded and uniformly equicontinuous sequence of continuous functions on a space has a uniformly convergent subsequence.,A sequence of functions on a compact metric space that is uniformly bounded and equicontinuous has a uniformly convergent subsequence. The limit function is continuous. This result is known as the Arzela-Ascoli theorem.,"The Arzela-Ascoli theorem characterizes compactness in a function space of continuous maps. A subset is compact if and only if it is closed, pointwise relatively compact, and equicontinuous. The function space consists of continuous functions from a locally compact T3 space to a "
anal,,Stone-Weierstrass theorem,Stone-Weierstrass,1,2,A clear match appears in top-3 but not at rank 1.,"The Stone-Weierstrass theorem states that a unital star-subalgebra of complex continuous functions on a compact space, which separates points, is dense in the space of all complex continuous functions. The algebra is closed under complex conjugation and contains the constant func","The Stone-Weierstrass theorem applies to a compact Hausdorff space and a subalgebra of continuous real-valued functions. The subalgebra is dense in the space of all such continuous functions if and only if it contains a nonzero constant function. Additionally, the subalgebra must",The Stone-Weierstrass theorem states that an algebra of continuous functions on a compact metric space is dense in the space of all continuous functions if it does not vanish anywhere and separates points.
anal,,Taylor's theorem,Taylor's theorem with remainder,2,1,Top-1 directly addresses Taylor's theorem with remainder clearly and accurately.,"Taylor's theorem states that a function can be approximated by a polynomial near a point, with an error term. The function must be differentiable at least n plus one times in a neighborhood around the point. The polynomial includes derivatives of the function evaluated at that po",Taylor's theorem states that a function differentiable at least ell times can be expressed as its value at a point plus a sum of its derivatives at that point multiplied by powers of the difference from that point. The remainder term is given by an integral involving the differen,Taylor's theorem approximates a function using a polynomial based on its derivatives at a point. The remainder term is expressed using the next derivative evaluated at an intermediate point. This remainder ensures the equality holds exactly. The function must have continuous deri
anal,,Taylor expansion remainder,Taylor remainder,2,1,"Top-1 directly addresses the Taylor remainder, providing a clear and relevant explanation.",The remainder term of a Taylor polynomial for a function that is r plus one times differentiable is given by a specific formula. This formula involves the r plus first derivative evaluated at some point between the expansion point and the variable. The remainder is proportional t,The remainder term in Taylor's theorem for a function with T+1 derivatives equals the difference between the function and its T-th degree Taylor polynomial. There exists a point between a and x such that this remainder is given by the next derivative term evaluated at that point.,"Taylor's theorem states that for a polynomial function, the k-th remainder term can be written as a sum over multi-indices of a polynomial times a power term, where each polynomial tends to zero as the input approaches the point p. This implies the remainder is of order k+1 relat"
anal,,Riemann integrability criterion,Riemann integrability iff continuous a.e.,1,2,"A clear match appears in top-3, specifically regarding the set of discontinuity points having measure zero.","A function is Riemann integrable on a closed interval if and only if it is bounded on that interval. Additionally, the set of its discontinuity points must have Lebesgue measure zero. This means the function can only be discontinuous on a very small set. This result is known as L",A bounded function on a closed interval is Riemann integrable if and only if its set of discontinuity points has Lebesgue measure zero.,"A function defined on a closed rectangular region is Riemann integrable if and only if for every positive epsilon, there exists a partition of the rectangle such that the difference between the upper and lower sums is less than epsilon."
anal,,Lebesgue criterion for Riemann integrability,function is Riemann integrable iff continuous a.e.,2,1,Top-1 directly states the Lebesgue criterion for Riemann integrability.,A bounded function on a closed interval is Riemann integrable if and only if its set of discontinuity points has Lebesgue measure zero.,"A function is Riemann integrable on a closed interval if and only if it is bounded on that interval. Additionally, the set of its discontinuity points must have Lebesgue measure zero. This means the function can only be discontinuous on a very small set. This result is known as L","A bounded function on a closed interval is Riemann integrable exactly when it is continuous almost everywhere with respect to Lebesgue measure. When this condition holds, the Riemann and Lebesgue integrals of the function coincide. The result applies to functions defined on a non"
lin_alg,,dimension theorem for vector spaces,all bases have same cardinality,0,,Only tangentially related; nothing in top-3 directly addresses the dimension theorem for vector spaces.,The dimension of the sum of two subspaces equals the sum of their individual dimensions minus the dimension of their intersection. This holds for any subspaces of a finite-dimensional vector space. The formula relates the sizes of these subspaces in a precise way. It is a fundame,The dimension of the sum of two subspaces equals the sum of their individual dimensions minus the dimension of their intersection.,"The dimension of a vector space V equals the sum of the dimension of the kernel and the dimension of the image of a linear map from V to W. This holds for any linear map between vector spaces over the same field. The kernel is the set of vectors mapped to zero, and the image is t"
lin_alg,,matrix invertible iff nonzero determinant,invertibility criterion,2,1,"Top-1 is a clear, on-target match for the invertibility criterion.",The determinant of a matrix is nonzero if and only if the matrix is invertible.,A matrix is invertible if and only if its determinant is not zero.,"If the determinant of a matrix is not zero, then the matrix is invertible."
lin_alg,,row rank equals column rank,row rank = column rank,2,1,"Top-1 directly states the equality of row rank and column rank, perfectly matching the search intent.",The column rank of a matrix equals its row rank. This common value is simply called the rank of the matrix.,The rank of a matrix is equal to its row rank. This holds for any matrix over any field. The row rank is the dimension of the row space. The column rank is similarly equal to the rank.,The row rank of a matrix equals its rank. This means the maximum number of linearly independent rows is the same as the dimension of the vector space spanned by the rows or columns.
lin_alg,,orthogonal projection minimizes distance,best approximation by orthogonal projection,2,1,"Top-1 directly addresses orthogonal projection minimizing distance, clearly matching the search intent.","An orthogonal projection onto a subspace minimizes the distance from a point to the subspace. For any vector, the distance to its projection is less than or equal to the distance to any other vector in the subspace. This holds for all vectors in the subspace. The projection yield","In a Hilbert space, the orthogonal projection onto a closed subset maps any point to the closest point in that subset. The distance from the point to its projection equals the minimum distance to any point in the subset. This result holds for all points in the space. It character","Given an L-Hilbert space H and a closed subspace M, for any x in H, the unique element y in M that minimizes the distance from x to M is characterized by x minus y being orthogonal to every element in M. Conversely, if y in M satisfies that x minus y is orthogonal to every elemen"
lin_alg,,Gram-Schmidt process,Gram-Schmidt orthogonalization,2,1,Top-1 provides a clear and accurate description of the Gram-Schmidt orthogonalization process.,The Gram-Schmidt orthogonalization process constructs an orthogonal set from a given sequence. It starts by setting the first term equal to the first element. Each subsequent term is defined by subtracting projections onto all previous orthogonal terms. This process is realizable,A set S in a Hilbert space has the property that the only vector orthogonal to every element of S is the zero vector if and only if the closed linear span of S is the entire space. The Gram-Schmidt process constructs an orthonormal sequence from any sequence of linearly independe,The Gram-Schmidt process constructs an orthogonal sequence from a given sequence in a module inner product space. Each new element is defined by subtracting the projections onto the span of all previously constructed orthogonal elements. The resulting sequence is orthogonal.
lin_alg,,real symmetric matrix has real eigenvalues,spectral theorem corollary,2,1,"Top-1 is a clear, on-target match for the query about real symmetric matrices and their eigenvalues.",A real symmetric matrix has only real eigenvalues.,A real symmetric matrix has only real eigenvalues.,A symmetric matrix with real entries has real eigenvalues.
subtle,convergence_radius,radius of convergence of power series,Cauchy-Hadamard formula,1,2,"A clear match appears in top-3, specifically the explanation of the radius of convergence.",The derivative of a power series has the same radius of convergence as the original series.,"A power series has a radius of convergence R defined by the limit superior of the nth roots of its coefficients. The series converges absolutely when the distance from z to a is less than R, and diverges when that distance exceeds R. For any positive r less than R, the series con",The radius of convergence for the series is R star.
subtle,convergence_radius,Cauchy-Hadamard formula,radius of convergence formula,2,1,Top-1 directly explains the Cauchy-Hadamard formula for radius of convergence.,"The radius of convergence for a power series is determined by the limit superior of the nth root of the absolute value of its coefficients. This value gives the reciprocal of the radius. Within this radius, the series converges both uniformly and absolutely. The formula is known ",The radius of convergence for the power series is deterministic almost surely. It can be computed using a specific formula. The formula involves the limit superior of the nth root of a sequence. This result holds under the given conditions.,"The limit superior of the nth root of the absolute value of the coefficients of a power series equals the reciprocal of its radius of convergence. This holds when the series has a finite, non-zero radius of convergence. The result connects the growth rate of the coefficients to t"
complex,,Runge approximation theorem,Runge's theorem on rational approximation,2,1,Top-1 directly explains Runge's theorem on polynomial approximation.,"Runge's theorem states that if a function is holomorphic near a compact set with connected complement in the complex plane, then it can be uniformly approximated on that set by polynomials with arbitrary accuracy.","For a compact set K in the complex plane whose complement is connected, any function analytic on K can be uniformly approximated by polynomials. The approximation error tends to zero as the degree of the polynomials increases. This holds without requiring analyticity on a larger ",A function continuous on a compact set and holomorphic on its interior can be uniformly approximated by polynomials. This holds when the complement of the set is connected. The approximation is arbitrarily close across the entire set. This is a form of Runge's theorem.
complex,,Morera theorem,Morera's theorem,2,1,Top-1 directly defines Morera's theorem accurately.,"If a function is continuous on a simply connected domain and its integral over every simple closed contour in that domain is zero, then the function is analytic. This result is known as Morera's theorem. It provides a converse to Cauchy's integral theorem. The theorem holds for f",A closed rectifiable curve and a holomorphic function continuous on the domain and the curve together imply that the integral of the function along the curve is zero.,"If a function is holomorphic on an open set and its derivative is continuous, then the integral of the function along any closed curve in that set is zero."
complex,,Liouville theorem complex analysis,bounded entire function is constant,2,1,Top-1 directly states Liouville's theorem and its implications for bounded entire functions.,"Liouville's theorem states that any bounded entire function is constant. An entire function is a complex function that is analytic everywhere on the complex plane. If the function is bounded, meaning its absolute value does not exceed some fixed number, then it must be constant. ","Liouville's theorem states that any bounded entire function must be constant. An entire function is complex and differentiable everywhere on the complex plane. If such a function is bounded, it cannot vary and must take a single value. This result is fundamental in complex analys",A bounded analytic function defined on the entire complex plane must be constant. This result is known as Liouville's theorem. It implies that non-constant entire functions cannot be bounded. The theorem is a fundamental result in complex analysis.
ergodic,,Liouville theorem Hamiltonian,preservation of phase space volume,2,1,Top-1 directly addresses phase space volume preservation in Hamiltonian systems.,"Liouville's theorem states that for a symplectic manifold with its Liouville volume form, the Lie derivative of this volume form along any locally Hamiltonian vector field is zero. This implies that the Liouville volume is preserved under the flow of such vector fields. The resul",Liouville's theorem states that the volume of a region in phase space remains constant over time. This holds when the boundary points of the region evolve according to Hamilton's equations. The theorem applies to Hamiltonian systems and implies phase space volume preservation.,Liouville's theorem states that the Hamiltonian flow preserves the volume form in phase space. The volume form is defined by the product of differentials of momentum and position variables. This preservation holds for any Hamiltonian system. The theorem implies that the phase spa
math_phys,,Heisenberg uncertainty principle,Heisenberg uncertainty,2,1,"Top-1 is a clear, on-target match for the Heisenberg uncertainty principle.","The classical Heisenberg uncertainty principle states that for any square-integrable function on the real line, the product of the norms of its position and momentum operators is bounded below. This lower bound is proportional to the square of the norm of the function itself. The",The Heisenberg uncertainty principle states that the product of the variances in position and momentum for a square-integrable function is bounded below by a constant multiple of the squared L2-norm. The lower bound depends on the dimension of the space and is explicitly given. E,The Heisenberg-Robertson uncertainty principle applies to self-adjoint linear operators in a Hilbert space. It states that the product of the standard deviations of two operators is bounded below by half the absolute value of the expectation of their commutator. This inequality h
math_phys,,Aharonov-Bohm effect,AB effect,-1,,Top-3 slogans are off-topic and do not address the Aharonov-Bohm effect.,The arrow from A to B is taut and topologically of finite type. It satisfies the condition described in a specific lemma.,The lemma states a specific mathematical result.,The result holds under the conditions specified in theorem A.
complex_q,,I'm trying to remember the theorem that says a bounded entire function is constant — what is it called?,Liouville's theorem,2,1,"Top-1 directly states Liouville's theorem, clearly answering the query.",A bounded entire function is constant. This holds for complex functions defined on the entire complex plane.,A bounded entire function is constant. This is true for functions from the complex plane to itself. The result holds regardless of the specific bound.,A bounded entire function is constant. This is true for functions mapping the complex plane to itself. The result holds without any additional assumptions on growth or behavior.
complex_q,,what's the theorem about bounded entire functions being constant,Liouville,2,1,Top-1 directly states Liouville's theorem clearly and accurately.,A bounded entire function is constant. This holds for complex functions defined on the entire complex plane.,A bounded entire function is constant. This is true for functions from the complex plane to itself. The result holds regardless of the specific bound.,A bounded entire function is constant. This is true for functions mapping the complex plane to itself. The result holds without any additional assumptions on growth or behavior.
vague_concept,,convexity,convex sets / functions,1,2,"A clear match appears in top-3 but not at rank 1, focusing on convex functions and conditions.",The theorem applies to convex sets as well.,The function is convex.,"If a certain convexity condition is met, then a specific convex condition equation holds."
vague_concept,,sheaf,sheaf theory,1,3,"A clear match appears in top-3 but not at rank 1, relevant to sheaf theory.","Assuming a prior theorem, the result holds for the specified sheaf.",The theorem establishes an equivalence between certain sheaf operations involving conditions on parameters. It shows that the image under a projection map is isomorphic to a sheaf homomorphism construction. The result simplifies to a sheaf supported on a region defined by inequal,"The sheaf is a constructible sheaf of modules over the integers modulo n. Its formation commutes with base change on the given base scheme. For any base scheme factoring through that base, the base change map is an isomorphism. This holds for the specified derived pushforward and"
vague_concept,,spectrum,spectrum of operator / ring,1,3,"A clear match appears in top-3 but not at rank 1, relevant to operator spectrum.",The spectrum of a character is presentable.,"If Lambda and Omega satisfy the conditions from part i or ii of the referenced theorem, then Lambda is a spectrum for Omega.",The spectrum of the equation is a closed set.
vague_concept,,fiber bundle,fiber bundle,1,3,A clear match appears in top-3 but not at rank 1.,The map is a fiber bundle.,The fiber bundle is locally trivial and has the homotopy lifting property for all spaces.,The map Pi is a fiber bundle.
vague_concept,,stack,stack in algebraic geometry,1,2,"A clear match appears in top-3, specifically about algebraic stacks.",The theorem holds for algebraic stacks.,The stack is algebraic and locally of finite type.,The lemma holds for any stack that can be expressed as a colimit.
vague_concept,,scheme,scheme in algebraic geometry,1,3,"A clear match appears in top-3, but not at rank 1; relevant to algebraic geometry.",The lemma holds when the given scheme is a scheme.,The theorem applies to a scheme S that meets a specified condition.,The theorem holds for any scheme X.
vague_concept,,category,category theory definition,-1,,Top results focus on specific theorems rather than a general definition of category theory.,The main theorem extends to an equivalence of two categories.,This theorem establishes an adjunction between two categories.,A similar statement to a previous lemma applies in a different category. The objects and morphisms are replaced with corresponding ones from the new category. The structure and relationships remain unchanged.
vague_concept,,functor,functor,1,2,"A clear match appears in top-3 but not at rank 1, relevant to the concept of functors.",The equation defines a functor.,The described structure is a functor.,The described operation is a functor.
vague_concept,,module,module over a ring,1,2,"Top-3 includes relevant information about modules, but the best match is not at rank 1.",The theorem concerns a module over a specific category. It defines properties or operations related to this module structure. The statement involves conditions or constructions within this categorical framework. The result applies to modules in a general algebraic or categorical ,The theorem involves a module over a specific category. It defines properties or operations related to this module structure. The statement sets up conditions or relationships within this algebraic framework. Further details are implied but not fully specified in the given excerp,The object belongs to a specific category of modules defined by certain conditions.
vague_concept,,sheaf cohomology,sheaf cohomology,1,3,"A clear match appears in top-3 but not at rank 1, relevant to sheaf cohomology.",The cochain complex of sheaves of modules has coherent cohomologies.,"For any sheaf of k-algebras with injective restriction maps on a certain category, and for any module over this sheaf, the cohomology groups of the module equal the Ext groups from the structure sheaf to the module. These groups coincide with those defined in a prior definition.",The zeroth cohomology group of the sheaf equals its global sections over an open set. All higher cohomology groups vanish. This holds for the specified sheaf constructed from a given local system. The result applies to the particular geometric and algebraic objects defined.
physics_concept,,entropy,entropy in math/info theory or physics,1,3,"A clear match appears in top-3, specifically regarding entropy in probability distributions.",The measure has finite entropy.,The measure satisfies the entropy formula for the given function.,The entropy of a probability distribution is always non-negative. The maximum entropy occurs when the distribution is uniform over its support. The entropy is bounded above by the logarithm of the support size. This bound is tight and achieved by the uniform distribution.
physics_concept,,renormalization group,renormalization group,2,1,"Top-1 is a clear, on-target match for the query about renormalization group.",The renormalization group flow is the image of a one-parameter group under a mapping from a group to the diffeomorphism group.,"Under certain assumptions and for sufficiently small parameters, the renormalization group flow of infinite length exists.",A controlled renormalization group map exists for a fixed scale in infinite volume. This map satisfies specific estimates derived from the finite volume construction. The result holds on the integer lattice in any dimension. The estimates ensure the map's properties are maintaine
physics_concept,,spinor,spinor in physics/geometry,1,3,A clear match appears in top-3 but not at rank 1.,A spinor satisfies a specific equation.,A spin isomorphism implies that the associated manifold is spin.,The product of a spinor and its conjugate equals a scalar quantity.
physics_concept,,gauge theory,gauge theory,1,3,A clear match appears in top-3 but not at rank 1.,"Two connections on the four-dimensional ball are gauge equivalent via a transformation. If the connections and their boundary restrictions are sufficiently small in specific norms and satisfy Dirichlet Coulomb conditions, then the gauge transformation is constant everywhere. The ",The function g of x is a formal solution to the gauge equation.,The measure is invariant under gauge transformations.
wrong_attribution,,Newton's theorem,(ambiguous: many results attributed to Newton),-1,,Top results are vague and do not clearly address Newton's theorem specifically.,The Newton inclusion property is satisfied.,Proposition implies both the generic Newton polygon theorem and the theorem for L.,The theorem is stated.
wrong_attribution,,Einstein's theorem,(ambiguous; maybe not even one),0,,Top results are tangentially related to Einstein's theories but do not directly address a specific theorem.,"The equation is satisfied if and only if the base metric obeys the Einstein equations, where the Ricci tensor is proportional to the metric tensor.",The theorem relates the divergence of a tensor derived from the Einstein-Hilbert Lagrangian to an alternating covariant derivative expression. It involves total derivatives with respect to coordinates and the volume form. The formula includes Christoffel symbols and partial deriv,The theorem applies to any compact manifold that is both Einstein and has a parallel tensor field. The manifold must have dimension at least three. The tensor field is assumed to be covariant constant.
wrong_attribution,,Erdős's theorem,(many results),1,2,"A clear match appears in top-3 but not at rank 1, relevant to Erdős's theorem.","Erdos proved that for any positive integers p and N, and any positive epsilon, there exists a sufficiently large graph size n0. Every graph with at least n0 vertices and a certain minimum number of edges must contain a specific Turan-type subgraph T(N, p+1). The required number o","The Erdős–Stone theorem states that for any integers p and N and any positive epsilon, there exists a threshold such that any sufficiently large graph with a certain minimum number of edges must contain a complete p-partite graph with N vertices in each part. The required number ","Erdos and Simonovits proved a result about extremal graphs. For a graph H with chromatic number at least three, the minimum degree of any extremal graph for H is asymptotically one minus the reciprocal of p times n, where p is one less than the chromatic number. This holds as the"
wrong_attribution,,Tao's theorem,Green-Tao or other,-1,,"Top-3 results are incorrect or unrelated to Tao's theorem, failing to address the Green-Tao theorem.",The theorem states that T is infinite.,The theorem states that T is finite.,The theorem states that T is finite.
wrong_attribution,,Ramanujan formula,(many),1,4,"A clear match appears in top-3, but not at rank 1. Relevant to Ramanujan's formulas.",Ramanujan's identity holds true.,Ramanujan's identity is valid.,Ramanujan's identity is valid.
less_famous,,Aubin-Lions lemma,Aubin-Lions compactness lemma,2,1,"Top-1 is a clear, on-target match for the Aubin-Lions compactness lemma.",The Lions-Aubin lemma states that a bounded sequence of functions in two Lebesgue spaces with values in Banach spaces is relatively compact under certain conditions. The sequence must also have a uniformly bounded time derivative in a third Lebesgue space. The Banach spaces must ,"The Aubin-Lions lemma states that a sequence of functions bounded in a space of functions with values in a Banach space X, and with time derivatives bounded in a space of functions with values in a Banach space Z, is relatively compact in a space of functions with values in an in","The Aubin-Lions Lemma applies to three Banach spaces with compact embeddings. For a bounded set in a Lebesgue space of functions with values in the first space, if the time derivatives are bounded in a Lebesgue space with values in the third space, then the set is relatively comp"
less_famous,,Grönwall inequality,Gronwall's inequality,2,1,"Top-1 directly explains Gronwall's inequality, clearly matching the search intent.","Gronwall's inequality states that if a bounded function f on an interval is bounded above by a constant plus an integral of f, then f is bounded above by an exponential function. Specifically, if f(t) is less than or equal to a plus b times the integral of f from 0 to t, then f(t",Gronwall's lemma bounds a function whose derivative is constrained by a linear inequality. The bound depends on the function's initial value and the given coefficient functions. It expresses the function in terms of an exponential integral of the coefficient. The result holds poi,"The Gronwall lemma applies to a non-negative absolutely continuous function on an interval. It states that if the function's derivative is bounded by a linear combination of itself and another function, then the function is bounded by an exponential expression. This bound involve"
less_famous,,Gronwall inequality,Gronwall's inequality,2,1,"Top-1 directly defines Gronwall's inequality, clearly addressing the searcher's intent.","Gronwall's inequality states that if a bounded function f on an interval is bounded above by a constant plus an integral of f, then f is bounded above by an exponential function. Specifically, if f(t) is less than or equal to a plus b times the integral of f from 0 to t, then f(t","The Gronwall lemma applies to a non-negative absolutely continuous function on an interval. It states that if the function's derivative is bounded by a linear combination of itself and another function, then the function is bounded by an exponential expression. This bound involve","The Gronwall inequality applies to continuous functions on a fixed interval. If a function g is bounded by another function h plus an integral involving g and a nonnegative function l, then g is also bounded by a more explicit expression. This bound involves h, l, and an exponent"
less_famous,,Sobolev embedding,Sobolev embedding theorem,2,1,Top-1 directly explains the Sobolev embedding theorem clearly and accurately.,"The Sobolev embedding theorem states that for certain exponents, functions in a fractional Sobolev space are also integrable in Lebesgue spaces. Specifically, if the parameters satisfy given inequalities, then the space W to the s,p of R^n is continuously embedded into L^q of R^n","The Sobolev embedding theorem states that for exponents between one and infinity, if the Sobolev order is less than three halves, then the Sobolev space embeds continuously into a Lebesgue space. The exponents are related by the condition that the Sobolev order equals three divid","For s between 0 and N over p, the Sobolev space H to the s,p is continuously embedded into L to the r, with s equal to N over p minus N over r, and the L to the r norm of f is bounded by a constant times the L to the p norm of D to the s of f. When s equals N over 2, the space H "
less_famous,,Rellich-Kondrachov,Rellich-Kondrachov compactness,2,1,"Top-1 directly addresses the Rellich-Kondrachov compactness, providing a clear and relevant explanation.","The Rellich-Kondrachov theorem applies to a smooth bounded domain in n-dimensional space. If the Sobolev exponent equals the dimension, the Sobolev space embeds compactly into every Lebesgue space with finite exponent. If the Sobolev exponent is greater than the dimension, the So","The Rellich-Kondrachov theorem states that for a domain Omega, the Sobolev space W one p is compactly embedded in L q for q less than the critical exponent p star when p is less than n. If p is greater than n, then W one p is compactly embedded in the space of continuous function","The Rellich-Kondrachov theorem states that for a bounded smooth domain in d-dimensional space, the Sobolev space H^1 is compactly embedded into the space of square-integrable functions. This means every bounded sequence in H^1 has a convergent subsequence in L^2. The domain must "
less_famous,,trace theorem Sobolev,trace operator on Sobolev spaces,2,1,"Top-1 directly addresses the trace operator on Sobolev spaces, providing a clear and relevant explanation.","The trace theorem states that functions in a Sobolev space on a manifold have well-defined boundary values in a Lebesgue space. The trace operator is continuous and matches the classical restriction for continuous functions. Additionally, the embedding into certain Lebesgue space",The trace of a function in a Sobolev space on a domain belongs to a Besov space on the boundary. The norm of the trace is bounded by the norm of the function in the Sobolev space. The constant in the bound does not depend on the function. This holds under the hypotheses of a refe,"For a domain in d dimensions, the trace operator from a Sobolev space to an L^r space on a (d-1)-set is continuous and compact under certain conditions. When sp is less than d and s plus (d-1)/q equals d/p, the trace is continuous at r equals q and compact for r less than q. When"
less_famous,,Lax-Milgram lemma,Lax-Milgram theorem,2,1,"Top-1 is a clear, on-target match for the Lax-Milgram theorem.","The Lax-Milgram theorem states that in a real Hilbert space, given a bounded and coercive bilinear form and a continuous linear functional, there exists a unique solution to the associated variational problem. The solution satisfies an estimate bounding its norm by the norm of th","The Lax-Milgram theorem states that if a bilinear form is continuous and coercive, and a linear functional is continuous, then there exists a unique solution to the associated variational problem. The bilinear form must be bounded and satisfy a coercivity condition. The linear fu","The Lax-Milgram theorem applies to a bilinear form on a Hilbert space that is continuous and elliptic. It also requires a bounded linear functional. Under these conditions, there exists a unique element in the space such that the bilinear form applied to that element and any othe"
less_famous,,Lions-Stampacchia theorem,Lions-Stampacchia for variational inequalities,1,2,"A clear match appears in top-3 but not at rank 1, specifically related to variational inequalities.","The Lax-Milgram theorem states that in a real Hilbert space, given a bounded and coercive bilinear form and a continuous linear functional, there exists a unique solution to the associated variational problem. The solution satisfies an estimate bounding its norm by the norm of th","Stampacchia's Theorem states that in a reflexive Banach space, given a continuous and coercive bilinear form and a bounded linear functional, there exists a unique element in any non-empty closed convex subset. This element satisfies a specific variational inequality involving th","Under the hypotheses of the Lax-Milgram theorem, for any closed subspace of the Hilbert space, there exists a unique solution to the discrete problem. This solution satisfies a stability estimate. The norm of the solution is bounded by the norm of the linear functional divided by"
less_famous,,Picard iteration,Picard iteration for ODE,2,1,"Top-1 directly addresses Picard iteration for ODEs, providing clear and relevant information.","Given the conditions of a prior theorem, the sequence of Picard iterates converges to the unique solution of the integral equation for any initial mapping. Each iterate is defined by adding a function to an integral involving the kernel and the previous iterate. The convergence h",The Picard iteration converges to a fixed point. The projection of this fixed point is unique. A specific formula gives the unique solution to the equation.,The sequence generated by the iteration converges uniformly to the true solution in the space of continuous functions on the interval from zero to T. The limit of the maximum difference between the sequence terms and the true solution goes to zero as the iteration index increases
less_famous,,Frobenius theorem differential geometry,Frobenius integrability theorem,2,1,Top-1 directly addresses the Frobenius integrability theorem clearly and accurately.,Frobenius's theorem from 1877 states that a smooth distribution of constant rank on a smooth manifold is integrable into a regular foliation precisely when it is involutive.,"The Frobenius theorem states that for a smooth manifold with an involutive distribution of dimension n, there exists a unique foliation of the same dimension. This foliation consists of leaves such that the distribution at each point equals the tangent space of the corresponding ",The Frobenius theorem is integrable if and only if the distribution is integrable. The same equivalence holds for unique integrability.
pde,,Lions trace theorem,trace theorem (alt name),0,,Only tangentially related; nothing in top-3 directly answers the query about the trace theorem.,Theorem ref Thm main local result one var implies theorem ref Thm fundamental lemma s i Lie.,The theorem includes the referenced lemma.,"Under the conditions of a referenced theorem, for every nonnegative integer L, there exists a unique solution u^L to a specified truncated equation. The solution has finite norm in a quotient Sobolev space for every p between one and infinity. This norm is bounded uniformly with "
pde,,Aubin-Nitsche trick,Aubin-Nitsche duality argument,0,,Only tangentially related; nothing in top‑3 directly addresses the Aubin-Nitsche duality argument.,The theorem provides an error estimate for a finite element solution of a mixed Poisson problem. It compares the exact solution in a Sobolev space to its discrete approximation in a polynomial space. The bound is proportional to the mesh size times norms of the data and solution ,"Given Hilbert spaces X and Y over the real or complex numbers, a continuous linear form l on Y, and a continuous bilinear or sesquilinear form b0 on X times Y, assume an inf-sup condition holds with constant gamma greater than zero. If l vanishes on the subspace of Y where b0 is ",The error between the true solution and any approximation is exactly equal to a specific functional. This holds under conditions where the approximation errors belong to certain function spaces. The functional is defined in a referenced theorem. The result applies to approximatio
pde,,Cea lemma,Cea's lemma in finite element analysis,-1,,Top results are vague and do not specifically address Cea's lemma in finite element analysis.,The statement implies a specific lemma.,A lemma is presented.,A lemma is presented.
misc_named,,Banach-Alaoglu theorem,Banach-Alaoglu compactness of unit ball in dual,2,1,Top-1 directly addresses the Banach-Alaoglu theorem and its compactness in the dual space.,The unit ball in the dual space of a normed space is compact in the weak-star topology. This holds when the dual space is given the weak-star topology. The result is known as the Banach-Alaoglu theorem. It is a fundamental result in functional analysis.,"The Banach-Alaoglu theorem states that in a topological vector space, the set of continuous linear functionals bounded by one on a neighborhood of zero is compact in the weak-star topology. Specifically, the closed unit ball in the continuous dual space is weak-star compact. This",The closed unit ball in a dual space is compact under the weak-star topology. This result holds for any normed space. It is a fundamental theorem in functional analysis. The theorem is named after Stefan Banach and Leonidas Alaoglu.
misc_named,,Krein-Milman theorem,Krein-Milman extreme points,2,1,"Top-1 is a clear, on-target match for the Krein-Milman theorem and its extreme points.","The Krein-Milman theorem states that in a locally convex space, every nonempty compact convex set has at least one extreme point. The closed convex hull of the set of extreme points equals the original set. This result holds in the weak star topology of a dual space.","In a locally convex Hausdorff topological vector space, every nonempty compact convex set equals the closed convex hull of its extreme points. The set of extreme points is nonempty. This result is known as the Krein-Milman theorem.","The Krein-Milman theorem states that in a locally compact topological space, every compact convex set equals the closed convex hull of its extreme points."
misc_named,,Hahn decomposition theorem,Hahn decomp of signed measure,2,1,Top-1 directly explains the Hahn decomposition of signed measures clearly and accurately.,A finite signed measure on a measurable space can be decomposed into positive and negative parts. There exists a positive set P where the measure is non-negative on all its measurable subsets. The complement N is a negative set where the measure is non-positive on all its measura,"A measurable space with a signed measure can be partitioned into two disjoint subsets. One subset is positive for the measure, and the other is negative. Their union is the entire space. This decomposition is known as a Hahn decomposition.",Every signed Borel measure can be uniquely decomposed as the difference of two positive Borel measures. These positive measures are each supported on disjoint Borel subsets whose union is the whole space. The supports of the two measures partition the underlying space. This decom
misc_named,,Lebesgue decomposition theorem,Lebesgue decomp of measures,2,1,Top-1 directly addresses the Lebesgue decomposition theorem for measures.,"Every bounded measure on a domain can be uniquely decomposed into two parts: one that is absolutely continuous and another that is singular. The absolutely continuous part belongs to a specific class of measures, while the singular part belongs to its complement. This decompositi","A sigma-finite measure t can be uniquely decomposed into two parts relative to another sigma-finite measure u. One part is absolutely continuous with respect to u, and the other part is mutually singular with respect to u. The sum of these two parts equals the original measure t.",The Lebesgue decomposition theorem states that any finite positive measure can be uniquely split into an absolutely continuous part and a singular part relative to another measure. The absolutely continuous part is given by an integrable density function with respect to the refer
misc_named,,Vitali covering lemma,Vitali covering,1,2,A clear match appears in top-3 but not at rank 1.,"A measurable set with finite Lebesgue measure in Euclidean space has a Vitali covering by a regular family of closed sets. The covering is regular if the diameter of each set is bounded by its measure, and it is a Vitali covering if every point in the set is contained in arbitrar","In a metric space with a set of balls having uniformly bounded diameters, there exists a disjoint subcollection of these balls. The union of all original balls is contained within the union of these selected balls scaled by a factor of five. This result is known as the Vitali cov","The Vitali covering lemma applies to metric measure spaces with a doubling condition on ball measures. Given any finite set of balls, there exists a disjoint subcollection of these balls. The measure of the union of all original balls is at most a constant times the measure of th"
misc_named,,Whitney extension theorem,Whitney extension,2,1,"Top-1 is a clear, on-target match for the Whitney extension theorem.","A function on a compact set in R^n extends to a smooth function on all of R^n if and only if it is a Whitney function. There exists a linear operator that performs this extension. The operator is bounded, meaning the norm of the extension on any larger compact set is controlled b",Whitney's theorem states that a function defined on a closed set with Lipschitz smoothness of order k plus alpha can be extended to the whole space. The extension matches the original function and its derivatives up to order k on the set. The extension is infinitely differentiabl,The Whitney extension theorem states that any Whitney field of order r on a closed subset E of R^n can be extended to a C^r function on all of R^n. The extension map from the space of C^r functions to Whitney fields is surjective. There exists a linear section for this map. This 
misc_named,,Tietze extension theorem,Tietze extension,2,1,"Top-1 is a clear, on-target match for the Tietze extension theorem.",The Tietze extension theorem states that a continuous function from a closed subset of a normal space into a closed real interval can be extended to a continuous function on the entire space. The extension maps into the same closed interval as the original function. The extended ,"Tietze's extension theorem states that if a subset of a normal space is closed and a real-valued function is continuous on that subset, then the function can be continuously extended to the entire space while remaining real-valued.","Tietze's extension theorem states that in a normal space, any continuous real-valued function defined on a closed subset can be continuously extended to the entire space. This holds both for functions with values in a closed interval and for functions with values in the entire re"
misc_named,,Urysohn lemma,Urysohn's lemma,2,1,"Top-1 is a clear, on-target match for Urysohn's lemma.","Urysohn's Lemma states that for any two disjoint closed sets in a normal topological space, there exists a continuous function mapping the entire space into the closed interval from zero to one. This function takes the value zero on the first closed set and one on the second clos","In a normal space, any two disjoint closed sets can be separated by a continuous function. The function maps the entire space to the unit interval. It takes the value zero on the first closed set and one on the second. This result is known as Urysohn's lemma.","Urysohn's lemma states that in a normal space, for any two disjoint closed sets, there exists a continuous function mapping the entire space into the closed unit interval. This function takes the value zero on the first closed set and one on the second closed set. The result prov"
misc_named,,Urysohn's lemma,Urysohn's lemma,2,1,"Top-1 is a clear, on-target match for Urysohn's lemma.","In a normal space, any two disjoint closed sets can be separated by a continuous function. The function maps the entire space to the unit interval. It takes the value zero on the first closed set and one on the second. This result is known as Urysohn's lemma.","Urysohn's Lemma states that for any two disjoint closed sets in a normal topological space, there exists a continuous function mapping the entire space into the closed interval from zero to one. This function takes the value zero on the first closed set and one on the second clos","In a normal space, any two disjoint closed sets can be separated by a continuous real-valued function. The function maps the entire space to the interval between zero and one. It takes the value zero on the first closed set and one on the second. This result is known as Urysohn's"
misc_named,,Stone duality,Stone duality boolean algebras / spaces,2,1,Top-1 directly addresses Stone duality and its relation to Boolean algebras and spaces.,"Stone's representation theorem establishes a dual equivalence between the category of Stone spaces and the category of Boolean algebras. This means there is a natural correspondence between these two categories, where each Stone space corresponds to a Boolean algebra and vice ver",Every Boolean algebra is isomorphic to the algebra of clopen sets of its Stone space. Every Boolean space is homeomorphic to the Stone space of its clopen set algebra. These two statements together form the Stone duality theorem. The theorem establishes a dual equivalence between,The Stone representation theorem for distributive lattices states that every distributive lattice is isomorphic to a lattice of sets. This is equivalent to the statement that the category of Stone frames is equivalent to the category of Stone spaces. The duality also implies that
misc_named,,Gelfand-Naimark theorem,Gelfand-Naimark for C*-algebras,2,1,"Top-1 provides a clear, accurate description of the Gelfand-Naimark theorem for C*-algebras.",The Gelfand-Naimark theorem states that every commutative C-star algebra is isomorphic to the algebra of continuous functions vanishing at infinity on its spectrum. This isomorphism is natural and preserves the star structure. The spectrum is a locally compact Hausdorff space. Th,The Gelfand-Naimark theorem states that every commutative C-star algebra is isomorphic to the algebra of continuous functions vanishing at infinity on its spectrum. This isomorphism is natural and preserves the star structure. It establishes a fundamental representation of commut,The Gelfand-Naimark theorem states that every C-star algebra is isometrically isomorphic to a norm-closed subalgebra of the bounded operators on some Hilbert space. This means the algebra can be faithfully represented as operators on a Hilbert space. The proof constructs this rep
misc_named,,Stone-von Neumann theorem,Stone-von Neumann uniqueness,1,2,"Top-3 contains relevant information about the theorem, but the best match is not ranked first.","The Stone-von Neumann theorem states that if two families of unitary operators satisfy a specific commutation relation and act irreducibly on a Hilbert space, then the space is unitarily equivalent to L squared of the real numbers. Under this equivalence, one family becomes trans","The Stone-von Neumann Theorem applies to two strongly continuous one-parameter unitary groups on a separable Hilbert space. These groups are jointly irreducible and satisfy a specific commutation relation involving an exponential phase factor. The generators of these groups, when",The Stone-von Neumann theorem applies to a unital second-countable locally compact ring with a specified character. It considers a unitary representation of a Heisenberg group with a given central character on a separable Hilbert space. The theorem states that the smooth part of 
nt_named,,Chevalley-Warning theorem,Chevalley-Warning theorem,1,2,A clear match appears in top-3 but not at rank 1.,"The Chevalley-Warning lemma states that for a prime p and a system of polynomials over a finite field, the number of common solutions modulo p is congruent modulo p to negative one raised to the number of variables times the count of maximal-degree monic monomials in the Chevalle","The Chevalley-Warning theorem applies to a system of nonzero polynomials over a finite field. It considers the set of common zeros of these polynomials. If the number of variables exceeds the sum of the degrees of the polynomials, then the size of the zero set is divisible by the","The Chevalley-Warning theorem applies to a system of integer-coefficient polynomials where the sum of their degrees is less than the number of variables. For any prime power q, the number of solutions to the system modulo q is divisible by q. This result holds in finite fields of"
nt_named,,Artin reciprocity,Artin reciprocity in class field theory,2,1,Top-1 provides a clear and precise explanation of Artin reciprocity in class field theory.,Artin's global reciprocity law establishes a canonical surjective homomorphism from the idele class group to the Galois group of the maximal abelian extension. This map induces an isomorphism between the quotient of the idele class group by the norm subgroup and the Galois group ,"The Artin reciprocity map is a unique continuous surjective homomorphism from the idele group to the Galois group of the maximal abelian extension. It satisfies a compatibility condition with local Artin maps at each prime. For any finite abelian extension, the global map restric",The Artin reciprocity map from the abelianized Galois group to the idele class group modulo norms is an isomorphism. It sends an automorphism to the norm of a prime element from a fixed field. This holds for finite Galois extensions of local fields. The map is well-defined and bi
nt_named,,class field theory,class field theory results,1,3,"Top-3 contains relevant results on class field theory, but the best match is not ranked first.","The pair consisting of the idele group and a specific map forms a class field theory. The structure associated with the field satisfies the class field axiom. For every finite abelian extension of the field by a prime, the Galois group is isomorphic to a quotient of idele groups.","The pair consisting of the degree map and the valuation map forms a class field theory. The multiplicative group of the separable closure satisfies the class field theory axiom. For every Galois extension of local fields, there is a canonical isomorphism between the abelianized G","For a finite abelian extension of number fields, there exists a modulus such that the Artin map induces an isomorphism between a ray class group modulo that modulus and the Galois group of the extension. The ray class group is defined by ideals coprime to the modulus modulo princ"
nt_named,,Kronecker-Weber theorem,Kronecker-Weber,2,1,"Top-1 is a clear, on-target match for the Kronecker-Weber theorem.",The Kronecker-Weber theorem states that every abelian extension of the rational numbers is contained within a cyclotomic field. An abelian extension is one where the Galois group is abelian. A cyclotomic field is generated by a primitive root of unity over the rationals. This mea,"Kummer Theory applies to a finite cyclic Galois extension of degree n, where n is coprime to the characteristic of the base field. The base field must contain a primitive n-th root of unity. The extension field is then generated by a root of an equation of the form X to the n min",An abelian extension of the rationals with finitely many ramified primes is contained in a specific cyclotomic field. This cyclotomic field is generated by all roots of unity whose orders are powers of those primes. The result shows that such extensions are cyclotomic in nature. 
nt_named,,Minkowski theorem geometry of numbers,Minkowski lattice point theorem,2,1,"Top-1 is a clear, on-target match for the Minkowski lattice point theorem.","Minkowski's theorem states that for a convex symmetric set in n-dimensional space with volume greater than 2^n times the covolume of a lattice, the set must contain a nonzero lattice point. The set must be symmetric about the origin and convex. The result holds for lattices of fu",A centrally symmetric convex body centered at the origin in n-dimensional space must contain a nonzero integer point if its volume is at least 2 to the power of n. This holds for any such convex set. The result is a key statement in the geometry of numbers. It is known as Minkows,"Minkowski's theorem states that if a centrally symmetric compact convex set in n-dimensional space has volume at least 2 to the n times the covolume of a lattice, then the set must contain a nonzero lattice point."
nt_named,,Dirichlet's unit theorem,Dirichlet unit theorem,2,1,"Top-1 is a clear, on-target match for Dirichlet's unit theorem.",The Dirichlet Unit Theorem describes the structure of the unit group in the ring of integers of a number field. The group of units is isomorphic to the direct product of a finite cyclic group of roots of unity and a free abelian group of finite rank. The rank equals the sum of th,"The group of units in the ring of integers of a number field is finitely generated. Its rank equals the sum of the number of real embeddings and twice the number of complex embeddings, minus one. The torsion subgroup consists of all roots of unity in the field. This torsion part ",Dirichlet's Unit Theorem describes the structure of the unit group in the ring of integers of a number field. The unit group is isomorphic to the direct product of a finite cyclic group and a free abelian group. The rank of the free abelian part is determined by the number of rea
nt_named,,Thue theorem,Thue's theorem on Diophantine approximation,-1,,Top results do not directly address Thue's theorem on Diophantine approximation.,This theorem is discussed in reference to a result by Thomsen.,A theorem is stated with a specific number and a formal name.,A theorem is stated with a specific name and number.
nt_named,,Roth theorem Diophantine approximation,Roth's theorem,2,1,Top-1 provides a clear and accurate description of Roth's theorem.,"Roth's theorem states that for any irrational algebraic number and any positive epsilon, the inequality comparing the number to a rational fraction is less than one over the denominator raised to the power of two plus epsilon. This inequality holds for only a finite number of int","Roth's Theorem states that for any algebraic number a and any positive epsilon, there exists a constant depending on epsilon such that the distance between a and any rational number p over q is greater than that constant divided by q raised to the power of 2 plus epsilon. This re","Roth's theorem states that if z is an algebraic irrational number, then for any positive epsilon, the inequality involving the distance between z and a rational number n over m is less than or equal to one over m raised to the power of two plus epsilon. This inequality holds for "
nt_named,,Faltings theorem,Mordell conjecture / Faltings,2,1,"Top-1 directly defines Faltings' theorem, clearly addressing the search intent.","Faltings' theorem states that for a smooth, projective, and absolutely irreducible curve over the rational numbers with genus at least two, the set of rational points on the curve is finite.","Mordell's conjecture, now Faltings' theorem, states that a smooth projective curve of genus greater than one over a global field has only finitely many rational points.","Mordell's conjecture, now Faltings's theorem, states that for a number field K and a non-singular curve C over K with genus at least two, the set of K-rational points on C is finite."
nt_named,,Mordell conjecture,Mordell / Faltings,2,1,Top-1 directly addresses the Mordell conjecture and its relation to Faltings' theorem.,"Mordell's conjecture, now Faltings' theorem, states that a smooth projective curve of genus greater than one over a global field has only finitely many rational points.","Mordell's conjecture states that a smooth, projective, geometrically connected curve of genus greater than one over a number field has only finitely many rational points. This result was proven by Gerd Faltings. It implies that such curves cannot have infinitely many points with ",A curve of genus at least two over a number field has only finitely many rational points. This finiteness holds for any number field. The result applies to algebraic curves with high genus. It was originally a conjecture by Mordell.
nt_named,,Green-Tao theorem,primes contain arbitrarily long APs,2,1,Top-1 directly addresses the theorem's significance and its implications for primes and arithmetic progressions.,Prime numbers contain infinitely many arithmetic progressions of any finite length. This holds for every positive integer k. The result is a deep theorem in number theory. It was famously proven by Ben Green and Terence Tao.,"For any positive integer k, there exists a sequence of k prime numbers that form an arithmetic progression. This means the primes are equally spaced. The length of such progressions can be arbitrarily long. This result is known as the Green-Tao theorem.",Prime numbers contain infinitely many arithmetic progressions of any finite length. This means there are endless sequences of equally spaced primes. The result holds for every positive integer length. This is a fundamental theorem in number theory.
ag_modern,,Mori program,minimal model program,1,3,"A clear match appears in top-3, specifically about the minimal model program and its execution.",The conjecture holds for a specific run of the Mori program on X. Homological Mirror Symmetry is valid for X.,"A special Mori program exists for any divisor on a Fano manifold. This program is a sequence of steps that transforms the divisor. At each step, the anticanonical divisor has positive intersection with a curve. This property holds throughout the entire sequence.",The variety is a Mori dream space. This means it has a well-behaved structure for running the minimal model program.
ag_modern,,minimal model program,MMP,1,3,A clear match appears in top-3 but not at rank 1.,The condition holds at every step of the minimal model program.,Property L A G follows from the minimal model program.,A minimal model program over a three-dimensional pair runs and terminates with a minimal model. Each step is either a contraction or a flip involving specific exceptional divisors. The exceptional set of the final map supports an ample divisor. Under additional conditions on the 
ag_modern,,MMP algebraic geometry,MMP,1,2,"A clear match appears in top-3 but not at rank 1, relevant to MMP.",Theorem reference intro-MMP holds when the pair X and Delta satisfies the LC condition.,"An MMP exists for a divisor D on an MDM over a base U. This process terminates in either a Mori fiber space or a good minimal model. In the good minimal model case, the strict transform of D becomes semiample over U. The result holds for any divisor D on the given MDM.",The MMD alpha is a projective variety.
ag_modern,,Grothendieck-Riemann-Roch theorem,GRR,2,1,"Top-1 is a clear, on-target match for the Grothendieck-Riemann-Roch theorem.","The Riemann-Roch-Grothendieck theorem applies to a proper morphism between smooth algebraic varieties. It relates pushforwards in K-theory and cohomology via the Chern character and Todd class. The formula states that the Chern character of the K-theory pushforward, multiplied by","The Grothendieck-Riemann-Roch theorem connects two pushforward maps in K-theory and Chow theory. It states that the Chern character of the pushforward in K-theory, multiplied by the Todd genus of the base, equals the pushforward of the Chern character times the Todd genus of the ",The Grothendieck-Riemann-Roch theorem applies to a projective morphism between smooth projective varieties. It relates the Chern character of the pushforward of an element in K-theory to a pushforward involving the Chern character and Todd class. The formula states that the Chern
ag_modern,,GRR theorem,Grothendieck-Riemann-Roch,-1,,Top-3 results are off-topic and do not reference Grothendieck-Riemann-Roch directly.,The theorem referenced as Theorem Gg is valid.,The theorem holds in the system G plus R-g.,The theorem holds in the system G plus R to the s.
ag_modern,,GAGA theorem,Serre GAGA,2,1,"Top-1 directly describes the Serre GAGA theorem, clearly matching the search intent.",The GAGA theorem establishes an equivalence between coherent sheaves on a projective complex scheme and coherent sheaves on its analytification. It also states that the cohomology groups of a coherent sheaf and its analytification are isomorphic. This holds for all degrees of coh,Formal GAGA holds for the morphism from the scheme to the spectrum of A if and only if it holds for the corresponding morphism from the scheme prime to the spectrum of A prime. This equivalence is stated in the context of the setup from a referenced lemma. The result is a conditi,The GAGA functor establishes an equivalence between the category of bundles on a complex projective variety and the category of bundles on its associated analytic space. This means the two categories are essentially the same in structure. Algebraic bundles correspond precisely to
ag_modern,,Serre finiteness theorem,Serre finiteness for coherent cohomology on projective varieties,1,2,"A clear match appears in top-3 but not at rank 1, discussing coherent sheaves and cohomology groups.",The class of modules that are finitely generated as abelian groups and nilpotent as modules over a group ring satisfies a specific Serre property.,"Serre's finiteness theorem applies to a right noetherian N-graded algebra R satisfying condition chi and a quasicoherent sheaf F in qgr(R). For every j at least zero, the j-th cohomology group of F is a finite right module over R_0. For every j at least one, the j-th local cohomo","Serre's theorem applies to a regular local ring T whose completion is admissible. For T-modules M and N with finite tensor product length, the sum of their dimensions is at most the dimension of T. If the sum of their dimensions is less than the dimension of T, the Euler characte"
ag_modern,,Kodaira embedding theorem,Kodaira embedding,2,1,Top-1 directly describes the Kodaira embedding theorem clearly and accurately.,"Given a compact complex manifold with a smooth closed positive definite (1,1)-form, which is a Kähler metric, then for all sufficiently large integers k, the associated map from the manifold to a complex projective space is an embedding.","The Kodaira map sends a manifold to a complex projective space. For sufficiently large values of a parameter, this map becomes an embedding. An embedding means the map is injective and its derivative is injective everywhere. This ensures the manifold can be smoothly placed into t","For a compact Kahler manifold with an integral Kahler form, there exists a minimal positive integer such that for all larger integers, the manifold holomorphically embeds into a projective space via sections of a high tensor power of the associated line bundle. The pullback of th"
ag_modern,,Chow theorem,complex analytic subvariety of P^n is algebraic,2,1,Top-1 directly addresses the query about Chow's Theorem and its implications for analytic and algebraic varieties.,Chow's Theorem states that any closed analytic subset of complex projective space is a finite union of algebraic varieties. This means analytic sets in this context are necessarily algebraic. The result connects complex analytic geometry with algebraic geometry. It implies that s,The Chow lemma states that any analytic subvariety of projective space is algebraic. This means such subvarieties are defined by polynomial equations. The result connects complex analytic geometry with algebraic geometry. It implies analytic and algebraic structures coincide in t,"Chow's lemma states that for any irreducible complete algebraic variety over a field, there exists an irreducible projective variety of the same dimension. There is also a surjective morphism from this projective variety onto the original variety. This result connects complete va"
shortform,,EGA,Éléments de Géométrie Algébrique,-1,,Top results are off-topic and do not directly address Éléments de Géométrie Algébrique.,Formal GAGA holds for the morphism from the scheme to the spectrum of A if and only if it holds for the corresponding morphism from the scheme prime to the spectrum of A prime. This equivalence is stated in the context of the setup from a referenced lemma. The result is a conditi,Theorem ref section theo implies theorem ref etale theo.,The theorem holds for affine schemes of the form X = spec(A).
shortform,,SGA 4,Séminaire de Géométrie Algébrique du Bois Marie,-1,,Top results are off-topic and do not relate to the Séminaire de Géométrie Algébrique du Bois Marie.,The structure satisfies a specific condition from a referenced lemma. This condition is the fourth one listed in that lemma. The condition relates to the given mathematical objects. The statement confirms that the property holds for these objects.,"A scheme S has a finite faithfully flat map from some X to S. Under this map, the fourth power of the eta element in the etale motivic stable homotopy category of X becomes zero.",This lemma is labeled as lemma4.
shortform,,EGA III,EGA III,0,,Only tangentially related; nothing in top-3 directly answers the query about EGA III.,"The referenced theorem applies to the triple (X, A, B) under the conditions specified in part (III).","For a type III singular fiber in an elliptic fibration, the singular subscheme is supported at the singular points. Given an ample line bundle of degree at least three on the fiber, the global sections of the line bundle map surjectively onto the global sections restricted to the",The closed subscheme has codimension at least three.
real_typo,,compelte vector space,complete vector space (Banach),2,1,"Top-1 directly defines a complete vector space, aligning perfectly with the search intent.",The vector space is complete. Every Cauchy sequence in the space converges to a limit within the space.,The space is a complete metric space.,"A vector space is complete if and only if its positive cone is complete. The positive cone being complete is equivalent to the entire space being complete. Furthermore, every vector subspace that is commensurable with the positive cone is also complete. These three conditions are"
real_typo,,guass theorem,Gauss theorem (divergence),1,2,"A clear match appears in top-3 but not at rank 1, specifically in rank 2.",The claim implies Gauss's theorem.,The Gaussian formula relates a surface integral over a closed surface to a volume integral over the region it encloses. It states that the integral of a second-degree differential form over the boundary equals the integral of the divergence of its components over the volume. The ,Gauss's equation is valid.
real_typo,,ehrenfest theorem,Ehrenfest theorem in QM,1,3,"A clear match appears in top-3 but not at rank 1, relevant to Ehrenfest theorem in QM.",The abstract Ehrenfest theorem applies to selfadjoint and hermitean operators on a Hilbert space under certain invariance and boundedness conditions. It states that the expected value of an operator is continuously differentiable in time. This derivative equals the expected value,"The Sharp Ehrenfest theorem applies to self-adjoint operators on a Hilbert space. It states that under certain invariance conditions, the expected value of an operator is continuously differentiable in time. The time derivative equals the expected value of the commutator of the H","Ehrenfest dynamics in the slow time scale consists of two coupled equations: one for the acceleration of a position variable and another for the time evolution of a wave function deviation. The acceleration equation includes terms from the gradient of an eigenvalue, a real part o"
real_typo,,Couchy Schwarz,Cauchy-Schwarz (typo),2,1,"Top-1 is a clear, on-target match for the Cauchy-Schwarz inequality.","The Cauchy-Schwarz inequality states that for any two vectors in an inner product space, the absolute value of their inner product is at most the product of their norms. This inequality holds for all vectors in the space. It provides a fundamental bound on the inner product in te","The Cauchy-Schwarz inequality states that for any two vectors in a real inner product space, the square of their inner product is at most the product of their inner products with themselves. This inequality provides an upper bound on the absolute value of the inner product. It im",The Cauchy-Schwarz inequality holds in any inner product space. It states that the absolute value of the inner product of two vectors is at most the product of their norms. Equality occurs if and only if the vectors are linearly dependent. This result generalizes the classic ineq
named_eponym,,divergence theorem,divergence theorem (Gauss/Ostrogradsky),2,1,"Top-1 is a clear, on-target match for the divergence theorem.",The divergence theorem relates the integral of a vector field's divergence over a space-time region to the flux of the field through the boundary. It applies to bounded Lipschitz domains and continuously differentiable vector fields. The divergence is taken with respect to both t,The divergence theorem states that the integral of the divergence of a vector field over a volume equals the flux of the field through the boundary surface. This applies to a closed domain with a smooth boundary. The volume integral of the divergence equals the surface integral o,The divergence theorem relates the flow of a vector field through a closed surface to the divergence within the enclosed volume. It states that the integral of the divergence over a region equals the flux through the boundary surface. The vector field components must be continuou
named_eponym,,Gauss divergence theorem,divergence theorem,2,1,"Top-1 directly defines the divergence theorem, clearly matching the search intent.",The claim implies Gauss's theorem.,The Gaussian formula relates a surface integral over a closed surface to a volume integral over the region it encloses. It states that the integral of a second-degree differential form over the boundary equals the integral of the divergence of its components over the volume. The ,The divergence theorem relates the integral of a vector field's divergence over a space-time region to the flux of the field through the boundary. It applies to bounded Lipschitz domains and continuously differentiable vector fields. The divergence is taken with respect to both t
named_eponym,,Ostrogradsky theorem,divergence theorem,1,2,"A clear match appears in top-3 but not at rank 1, relating to divergence theorem.",The divergence theorem relates the integral of a vector field's divergence over a space-time region to the flux of the field through the boundary. It applies to bounded Lipschitz domains and continuously differentiable vector fields. The divergence is taken with respect to both t,The theorem states that the three-dimensional delta integral over a volume equals the surface integral of the three-form omega over the boundary. This relates a volume integral to an integral over the enclosing surface. It is a specific case of a generalized Stokes' theorem. The ,The integral of the gradient of a function over an open connected region equals the integral of the function multiplied by the outward unit normal over the boundary. This holds for continuously differentiable functions on regions with piecewise smooth boundaries. The result is a 
two_word,,Yoneda embedding is fully faithful,Yoneda embedding,2,1,Top-1 directly addresses the Yoneda embedding's full and faithful nature.,"The Yoneda embedding maps a locally small category into the category of contravariant set-valued functors on its opposite category. This embedding is full, meaning it is surjective on morphisms between hom-sets. It is also faithful, meaning it is injective on morphisms. As a resu",The Yoneda embedding is a full and faithful functor. It embeds a category into its category of presheaves. This embedding preserves all categorical structure. It is injective on objects up to isomorphism.,The Yoneda embedding functor is fully faithful. It injectively maps objects to their representable functors. Morphisms between objects correspond precisely to natural transformations between these functors. This establishes a strong embedding of the category into its functor cate
two_word,,free group on n generators,free group definition,1,1,"Top-3 includes relevant information about free groups, but top-1 is not a direct definition.",A free group of rank n is isomorphic to the standard free group on n generators.,The subgroup generated by a specific set of n elements in the free group on two generators is isomorphic to the free group on n generators.,The theory of the free group on n generators is decidable.
two_word,,fundamental group of the circle,π_1(S^1) = Z,2,1,Top-1 directly states the fundamental group of the circle is isomorphic to the integers.,The fundamental group of the circle is isomorphic to the integers under addition.,The fundamental group of the circle is isomorphic to the integers. All higher homotopy groups of the circle are trivial.,The fundamental group of the circle is isomorphic to the integers.
two_word,,pi_1(S^1) is Z,fundamental group of circle is Z,2,1,"Top-1 is a clear, on-target match for the fundamental group of the circle.",The fundamental group of the circle is isomorphic to the integers.,The fundamental group of the circle is isomorphic to the integers.,The fundamental group of the circle is isomorphic to the integers.
natural_q,,Why is the empty set a subset of every set?,vacuous truth / set theory,2,1,"Top-1 directly explains why the empty set is a subset of every set, aligning perfectly with the search intent.",The empty set is a subset of every set.,"The theorem states that the empty set is a subset of every set. This is a fundamental property in set theory. It holds because there are no elements in the empty set that could fail to be in any other set. Therefore, the empty set is universally included in all sets.","The empty set is a subset of every set. This holds for any set A. The empty set contains no elements, so it cannot have an element not in A. Therefore, it is always a subset."
natural_q,,Is every closed subspace of a Hilbert space the kernel of a continuous linear functional?,Riesz representation,1,3,"Top-3 includes relevant information about continuous linear functionals and their kernels, but not the Riesz representation directly.",A linear functional is continuous exactly when its kernel is closed.,"A real Banach space B contains a dense real Hilbert subspace H with continuous inclusion. For any codimension-1 closed subspace L of B, the intersection of L with H is the unique codimension-1 closed subspace of H whose closure in B is L. If a nonzero linear functional on H is co",The kernel's orthogonal complement in a Hilbert space is one-dimensional for any nonzero continuous linear functional. This one-dimensional subspace is isomorphic to the real numbers. The result follows from the Riesz representation theorem.
code_like,,f(x) = sin(x) + cos(x),expression rather than statement (probably bad fit),-1,,"Top results are off-topic, focusing on theorems rather than the expression of the function.",The sum of sine x and cosine x equals the square root of two multiplied by cosine of x minus pi over four.,The sum of sine x and cosine x equals the square root of two times sine of x plus pi over four. This identity simplifies the expression of the sum of these trigonometric functions. It expresses the sum as a single sine function with a phase shift. The phase shift is pi over four ,The theorem defines a function f.
code_like,,x ∈ R,x is a real number (notation),2,1,"Top-1 is a clear, on-target match stating that x is a real number.",Proposition holds for the real numbers.,The theorem holds in the real numbers.,The theorem involves a subset of the real numbers.
code_like,,x in R,x is real,1,2,A clear match appears in top-3 but not at rank 1.,The theorem holds in the real numbers.,Proposition holds for the real numbers.,The theorem defines a set X.
logarithm,,log(ab) = log a + log b,logarithm of product,2,1,"Top-1 directly explains the logarithm of a product, matching the search intent perfectly.",The sum of the logarithms of two positive numbers to the same base greater than one equals the logarithm of their product to that base.,The logarithm of a product of two positive real numbers equals the sum of the logarithms of those numbers. This holds for any positive real numbers x and y. The logarithm function transforms multiplication into addition. This property is fundamental to logarithmic identities.,"The real logarithm function to base b is completely additive. For any positive real numbers x and y, the logarithm of their product equals the sum of their logarithms. This property holds regardless of the base b, as long as b is a positive real number not equal to one."
logarithm,,logarithm of a product,log(ab)=log a + log b,2,1,Top-1 directly states the logarithm product property clearly.,"The logarithm of a product of measures equals the sum of the logarithms of those measures, provided the product exists.",The sum of the logarithms of two positive numbers to the same base greater than one equals the logarithm of their product to that base.,The logarithm of the fusion product of F1 and F2 equals the fusion product of the logarithms of F1 and F2.
geom_basic,,sum of angles in a triangle is 180,Euclidean angle sum,2,1,"Top-1 directly states the sum of angles in a triangle is 180 degrees, perfectly matching the query.",The sum of the interior angles of any triangle equals a straight angle. This holds for all triangles regardless of their shape or size. The theorem is expressed using formal geometric notation involving points and distances. It establishes that the angles correspond in a construc,"For any three points not in a straight line, the sum of the angles formed by the lines connecting them equals 180 degrees. This holds for all triangles regardless of shape or size. The result is equivalent to the sum of interior angles in a triangle being two right angles. This i","The sum of the interior angles in any triangle is always equal to two right angles. This means that if you add up all three angles inside a triangle, the total will be 180 degrees. This property holds true for all triangles, regardless of their shape or size. It is a fundamental "
geom_basic,,interior angle sum of triangle,angle sum 180,1,2,A clear match appears in top-3 but not at rank 1.,The sum of the interior angles of any triangle equals a straight angle. This holds for all triangles regardless of their shape or size. The theorem is expressed using formal geometric notation involving points and distances. It establishes that the angles correspond in a construc,"The sum of the interior angles in any triangle is always equal to two right angles. This means that if you add up all three angles inside a triangle, the total will be 180 degrees. This property holds true for all triangles, regardless of their shape or size. It is a fundamental ","For any three points not in a straight line, the sum of the angles formed by the lines connecting them equals 180 degrees. This holds for all triangles regardless of shape or size. The result is equivalent to the sum of interior angles in a triangle being two right angles. This i"
geom_basic,,area of a circle is pi r squared,area of circle,1,1,A clear match appears in top-3 but not at rank 1.,The area of a circle equals pi multiplied by the square of its radius.,A circle with a radius of two has an area of four pi.,A rectifiable Jordan curve enclosing a domain of area pi meets the conditions of the main theorem.
geom_basic,,circumference of a circle is 2 pi r,circle circumference,1,2,A clear match appears in top-3 but not at rank 1.,The perimeter of a circle is twice the product of pi and its radius.,The ideal boundary is a closed circle. Its circumference is two pi.,The area of a circle equals pi multiplied by the square of its radius.
set_theory,,Cantor diagonal argument,Cantor diagonalization,1,2,"A clear match appears in top-3, specifically about the diagonal argument and its implications.",The Cantor set is uncountable. It contains as many points as the entire real number line. This is true even though it is a very sparse set with no intervals. The proof uses a diagonal argument similar to that for the real numbers.,The set of all infinite binary sequences cannot be put into a one-to-one correspondence with the natural numbers. This is shown by assuming such a correspondence exists and constructing a sequence that differs from every listed sequence. The new sequence is defined by altering th,"Cantor's theorem states that for any set A, there is no surjective function from A to the set of all functions from A to the two-element set. This implies that the power set of A has strictly greater cardinality than A itself. The result holds for all sets, whether finite or infi"
set_theory,,Cantor's theorem cardinality of power set,Cantor's theorem |P(X)|>|X|,2,1,Top-1 directly explains Cantor's theorem and its implications on cardinality.,"Cantor's theorem states that for any set A, the cardinality of A is strictly less than the cardinality of its power set. The power set is the set of all subsets of A. This means there is no bijection between A and its power set. Therefore, the power set is always larger than the ","For any cardinal number, its cardinality is strictly less than the cardinality of its power set. This holds regardless of whether the cardinal is finite or infinite. The result is a direct consequence of Cantor's theorem.","For any set X, the cardinality of its power set is strictly greater than the cardinality of X itself. This holds regardless of whether X is finite or infinite. The power set of X contains all subsets of X. This result is known as Cantor's theorem."
set_theory,,Schröder-Bernstein theorem,Cantor-Bernstein-Schröder,2,1,"Top-1 directly defines the Cantor-Bernstein theorem, matching the search intent perfectly.","If there is an injection from set A to set B and an injection from set B to set A, then there exists a bijection between A and B. This implies that A and B have the same cardinality. The theorem is known as the Cantor-Bernstein theorem. It establishes the equivalence of sets unde","Assuming the law of excluded middle, if there is an injective function from set A to set B and an injective function from set B to set A, then A and B are equinumerous. This is known as the Schroeder-Bernstein theorem. It establishes that the existence of injections in both direc","If there is an injective function from set X to set Y and an injective function from set Y to set X, then there exists a bijective function between X and Y. This result is known as the Cantor-Schroeder-Bernstein theorem. It establishes that the two sets have the same cardinality."
set_theory,,Schroeder-Bernstein theorem,CBS,2,1,"Top-1 is a clear, on-target match for the Schroeder-Bernstein theorem.","If there is an injection from set A to set B and an injection from set B to set A, then there exists a bijection between A and B. This implies that A and B have the same cardinality. The theorem is known as the Cantor-Bernstein theorem. It establishes the equivalence of sets unde","The Schroeder-Bernstein theorem states that if there exists an injective function from set A to set B and an injective function from set B to set A, then there exists a bijection between A and B. This implies that the sets have the same cardinality. The theorem relies on the assu","Assuming the law of excluded middle, if there is an injective function from set A to set B and an injective function from set B to set A, then A and B are equinumerous. This is known as the Schroeder-Bernstein theorem. It establishes that the existence of injections in both direc"
set_theory,,Cantor-Bernstein theorem,CBS,2,1,"Top-1 is a clear, on-target match for the Cantor-Bernstein theorem.","If there is an injection from set A to set B and an injection from set B to set A, then there exists a bijection between A and B. This implies that A and B have the same cardinality. The theorem is known as the Cantor-Bernstein theorem. It establishes the equivalence of sets unde","An injection from set A to set B and an injection from set B to set A together imply the existence of a bijection from A to B. This bijection has the property that for every pair it maps, either the first injection sends the element from A to that same element in B, or the second","The Cantor-Schroeder-Bernstein theorem states that if there exist injective functions from set A to set B and from set B to set A, then there exists a bijection between A and B. This bijection can be explicitly constructed from the given injections. The result establishes that A "
set_theory,,if there are injections both ways then bijection,Cantor-Bernstein-Schröder,2,1,"Top-1 is a clear, on-target match for the Cantor-Bernstein-Schröder theorem.","If there is an injection from set A to set B and an injection from set B to set A, then there exists a bijection between A and B. This implies that A and B have the same cardinality. The theorem is known as the Cantor-Bernstein theorem. It establishes the equivalence of sets unde","An injection from set A to set B and an injection from set B to set A together imply the existence of a bijection from A to B. This bijection has the property that for every pair it maps, either the first injection sends the element from A to that same element in B, or the second","If there is an injection from one set to another and also an injection from the other set to the first, then the two sets are equivalent. This means there exists a bijection between them. The theorem states that mutual domination implies equivalence. It is also known as the Canto"
obvious_fact,,0 + 0 = 0,trivial fact,-1,,Top results are off-topic and do not directly address the trivial fact of 0 + 0 = 0.,The theorem describes a structure involving the zero tuple and a specific algebraic object. It relates to an operation defined on an ordinal or similar set. The result establishes a property or identity within this framework. The context is likely set-theoretic or algebraic in na,The theorem holds when n equals zero.,The theorem holds for the case when n equals zero.
obvious_fact,,x + 0 = x,additive identity,2,1,Top-1 directly states the additive identity property clearly.,Every natural number x added to zero equals x.,Adding zero to any number x results in x.,Adding the zero element to any element in a group results in the same element.
obvious_fact,,every integer is a real number,Z subset R,1,4,"A clear match appears in top-3, specifically about integers as a subset of real numbers.",The integers form an integral domain under addition and multiplication. This integral domain is a subdomain of the real numbers.,This theorem applies to all integers.,The additive group of integers is a normal subgroup of the additive group of real numbers.
specific_statement,,fundamental group of the figure-eight is free on two generators,pi_1(wedge of two circles) = F_2,1,4,"A clear match appears in top-3 but not at rank 1, specifically related to the fundamental group of the figure-eight.",The fundamental group of P is isomorphic to the direct product of two copies of the free group on two generators.,The group of bicolored braids is isomorphic to the free product of two groups. The generators of the first factor are labeled a prime one through a prime eight. The generators of the second factor are labeled a double prime one through a double prime eight. These generators are d,The fundamental group of the figure eight knot complement contains two normal subsemigroups. One subsemigroup intersects the peripheral subgroup in positive powers of the product of the meridian and longitude. The other subsemigroup intersects the peripheral subgroup in positive 
specific_statement,,every finitely generated module over a PID is a direct sum of cyclic modules,structure theorem for fg modules over PID,2,1,Top-1 directly addresses the structure theorem for finitely generated modules over a PID.,Every finitely generated module over a principal ideal domain is isomorphic to a direct sum of a free module and cyclic modules. The free part is a direct sum of copies of the ring itself. The cyclic parts are quotients of the ring by powers of prime elements. The structure is un,"Every finitely generated module over a principal ideal domain decomposes as a direct sum. It consists of a free part and a torsion part. The free part is isomorphic to a finite power of the ring. The torsion part is a direct sum of cyclic modules, each modulo a principal ideal.",A finitely generated module over a principal ideal domain is isomorphic to a direct sum of cyclic modules. Each cyclic module is a quotient of the ring by an ideal. The ideals may be zero or generated by elements of the ring. This decomposition describes the structure of the modu
specific_statement,,structure theorem for finitely generated modules over a PID,structure theorem,2,1,Top-1 provides a clear and precise statement of the structure theorem for finitely generated modules over a PID.,Every finitely generated module over a principal ideal domain is isomorphic to a direct sum of a free module and cyclic modules. The free part is a direct sum of copies of the ring itself. The cyclic parts are quotients of the ring by powers of prime elements. The structure is un,"Every finitely generated module over a principal ideal domain decomposes as a direct sum. It consists of a free part and a torsion part. The free part is isomorphic to a finite power of the ring. The torsion part is a direct sum of cyclic modules, each modulo a principal ideal.",A finitely generated module over a principal ideal domain decomposes as a direct sum of a free submodule of finite rank and finitely many cyclic torsion modules. The cyclic torsion summands have orders given by powers of positive integers. The rank of the free part and the list o
specific_statement,,Cantor set has Lebesgue measure zero,Cantor set measure zero,1,2,"A clear match appears in top-2, specifically addressing the Cantor set's measure.",The limit set has Lebesgue measure zero.,"The Cantor set is measurable with respect to the Borel sigma-algebra on the real numbers. Its Lebesgue measure is zero. Therefore, the Cantor set is a null set.",The Lebesgue measure of the zero set of the function is zero.
specific_statement,,Cantor set is uncountable,Cantor set uncountability,2,1,Top-1 directly addresses the uncountability of the Cantor set clearly and accurately.,The Cantor set is uncountable for any positive epsilon zero.,The Cantor set is uncountable. It contains as many points as the entire real number line. This is true even though it is a very sparse set with no intervals. The proof uses a diagonal argument similar to that for the real numbers.,"The set is a Cantor set. It is a perfect, totally disconnected, and compact subset of the real numbers. It has no isolated points and is uncountable. It is also homeomorphic to the Cantor space."
specific_statement,,every Cauchy sequence in a complete metric space converges,completeness definition / property,2,1,"Top-1 directly addresses the completeness property and Cauchy sequences, perfectly matching the search intent.",A complete metric space is also Cauchy complete. Every Cauchy sequence in the space converges to a limit within the space. This is a direct consequence of the definition of completeness.,The metric space is complete. Every Cauchy sequence in the space converges to a limit within the space.,The metric space is complete. Every Cauchy sequence in this space converges to a limit within the space.
specific_statement,,Klein bottle is non-orientable,non-orientability of Klein bottle,1,1,"A clear match appears in top-3 but not at rank 1, discussing non-orientability.","The Klein bottle cannot be embedded in three-dimensional Euclidean space. It is a non-orientable surface that would require self-intersection in three dimensions. This property distinguishes it from surfaces like the torus, which can be embedded without self-intersection. The res",A crooked surface is a surface that is homeomorphic to a Klein bottle.,"Every elementary Klein bottle belongs to one of the two connected components of flat metrics. The Klein bottle is temporally orientable if and only if the sign of its curvature matches that of negative one raised to the power of tau plus one. Here, tau is either one or two and de"
specific_statement,,Möbius band is non-orientable,non-orientability of Möbius strip,1,2,A clear match appears in top-3 but not at rank 1.,The other twin is non-orientable. It contains a Möbius band.,A Möbius strip is a differentiable manifold. It is a non-orientable surface.,The Möbius strip has at most one characteristic point. There exists a C1-smooth surface of codimension one within the Möbius strip that excludes this point. This surface remains non-orientable in the Euclidean sense. It has no characteristic points.
specific_statement,,Hopf fibration,S^1 -> S^3 -> S^2,2,1,"Top-1 directly describes the Hopf fibration and its structure, perfectly matching the search intent.",The Hopf fibration is a fibration over the two-sphere with circle fibers. Its total space is the three-sphere.,A pointed map exists from the three-sphere to the two-sphere. The fiber of this map is the circle. This structure forms a Hopf fibration. It is a fundamental example in topology.,The theorem establishes a connection between the Hopf fibration and the existence of certain non-singular vector fields on spheres. It relates the topological structure of the fibration to vector field properties. The result is foundational in differential topology and geometry. 
specific_statement,,the Heisenberg group is nilpotent,Heisenberg group nilpotency,2,1,"Top-1 directly states the Heisenberg group's nilpotency, clearly addressing the searcher's intent.",The Heisenberg group is nilpotent. Its nilpotency class is at most two.,A finitely generated nilpotent group that is not virtually abelian contains a subgroup isomorphic to the integral Heisenberg group.,"A nilpotent Lie group has index one exactly when it is a Heisenberg group. If the index is two, then the group is either 2-step nilpotent or satisfies specific conditions. These conditions are that the center has dimension one, the derived subalgebra has dimension two, and there "
specific_statement,,the harmonic series diverges,sum 1/n diverges,2,1,"Top-1 directly states the divergence of the harmonic series, clearly addressing the searcher's intent.",The harmonic series diverges. Its sum grows without bound as more terms are added.,The harmonic series diverges to infinity almost surely. The partial sums of the harmonic series also diverge to infinity almost surely.,"The harmonic series is the infinite sum of the reciprocals of the positive integers. This series diverges, meaning its partial sums grow without bound. Despite the terms approaching zero, the sum increases indefinitely. No finite value can be assigned to the entire series."
specific_statement,,1+1/4+1/9+1/16+ldots = pi^2/6,Basel,2,1,"Top-1 is a clear, on-target match for the Basel problem.",The infinite sum of the reciprocals of the squares of all positive integers equals pi squared divided by six.,The infinite sum of the reciprocals of the squares of all positive integers equals pi squared divided by six.,The infinite sum of the reciprocals of the squares of all positive integers equals pi squared divided by six.
specific_statement,,alternating harmonic series equals log 2,1 - 1/2 + 1/3 - 1/4 + ... = ln 2,2,1,"Top-1 directly states the series equals log 2, providing a clear and accurate match.",The alternating harmonic series sums to the natural logarithm of two. It is formed by subtracting the reciprocals of even numbers from the reciprocals of odd numbers. This infinite series converges to log two.,The alternating harmonic series from k equals one to infinity of negative one to the power of k plus one divided by one plus k equals one minus the natural logarithm of two.,The alternating harmonic series sums to the natural logarithm of 2. This series is written as one minus one-half plus one-third minus one-fourth and so on. The value of this infinite sum is known as Mercator's constant.
specific_statement,,Galois group of x^5 - 1 over Q is cyclic of order 4,Galois group of cyclotomic 5th,1,3,"A clear match appears in top-3 but not at rank 1, focusing on Galois groups and cyclotomic fields.","The Galois group is cyclic of order four. A module over the group ring of integers modulo five is considered. The module decomposes into a direct product of two submodules. One submodule consists of elements fixed by the square of the generator, and the other consists of elements","If f_z of X is an irreducible integer polynomial, then its Galois group is cyclic of order four.","A number field of degree 5 with Frobenius group Galois closure has a specific structure. The field is the fixed field of a subgroup of order 4, and the generator of this subgroup satisfies a commutation relation with a 5-cycle. The embeddings of the field into the complex numbers"
specific_statement,,the number of irreducible representations of S_n equals the number of partitions of n,irreps of S_n indexed by partitions,2,1,"Top-1 directly states the correspondence between partitions and irreducible representations, perfectly matching the search intent.",Partitions of n correspond one-to-one with irreducible representations of the symmetric group on n elements.,The number of irreducible representations of the symmetric group on n symbols equals the number of conjugacy classes in that symmetric group.,"For every integer n at least 1, each partition of n corresponds to an absolutely irreducible representation of the symmetric group on n elements. Every irreducible representation of this symmetric group is isomorphic to exactly one such representation. The correspondence between "
specific_statement,,S_n has trivial center for n >= 3,center of symmetric group,2,1,Top-1 directly states that the center of S_n is trivial for n >= 3.,"For n greater than or equal to 3, the center of the symmetric group S_n is trivial. The center consists only of the identity element.","For any natural number n greater than or equal to 3, the symmetric group of order n has a trivial center. The center consists only of the identity element.",A finite group with trivial center and satisfying a specific equation has order n. This group is isomorphic to the symmetric group on three symbols. The symmetric group on three elements is denoted S3. The result holds without any nontrivial central elements.
specific_statement,,A_n is simple for n >= 5,alternating group simplicity,2,1,Top-1 directly addresses the simplicity of A_n for n >= 5.,The alternating group A_n is simple when n is greater than 5.,The alternating group on n elements is simple for n greater than or equal to 5.,The alternating group on n elements is simple for n greater than or equal to five.
specific_statement,,every finite group is a subgroup of some symmetric group,Cayley's theorem,2,1,"Top-1 directly addresses Cayley's theorem, clearly matching the search intent.",Every finite group is isomorphic to a subgroup of a symmetric group. The symmetric group on n letters contains all permutations of n elements. The order of the symmetric group is n factorial. This result is known as Cayley's theorem.,The main theorem establishes that every finite group is isomorphic to a subgroup of a symmetric group. This representation is achieved through the group acting on itself by left multiplication. The theorem provides a concrete way to view abstract groups as permutation groups. It ,Every finite group is isomorphic to a subgroup of a symmetric group. The symmetric group of order n contains every group of order n as a subgroup. The dihedral group of order 2n and the alternating group of order n are both subgroups of the symmetric group of order n. This embedd
specific_statement,,Cayley theorem,Cayley's theorem,2,1,"Top-1 is a clear, on-target match for Cayley's theorem.",Every group can be represented as a subgroup of a symmetric group. This means the group's elements correspond to permutations of some set. The symmetric group used depends on the order of the original group. This result is known as Cayley's theorem.,"Cayley's theorem states that every group can be represented as a subgroup of a symmetric group. This means the group's elements correspond to permutations of some set. The symmetric group used is typically the group of all permutations of the group's underlying set. Thus, every a",The main theorem establishes that every finite group is isomorphic to a subgroup of a symmetric group. This representation is achieved through the group acting on itself by left multiplication. The theorem provides a concrete way to view abstract groups as permutation groups. It 
specific_statement,,every prime ideal in a Noetherian ring contains a minimal prime,Noetherian ring prime ideals,1,1,"Top-3 includes relevant information about minimal prime ideals in Noetherian rings, but top-1 is not a direct match.","In a Noetherian ring, every proper ideal is contained in at least one minimal prime ideal. The set of minimal prime ideals over a given proper ideal is always non-empty. This set is also finite.",The set of minimal prime ideals in a noetherian ring is finite.,A minimal prime in the support of a module is also an associated prime when the ring is Noetherian.
specific_statement,,every Noetherian module is finitely generated,Noetherian implies fg,1,2,"A clear match appears in top-3, specifically addressing Noetherian modules and finite generation.",A finitely generated module over a ring is Noetherian. Every submodule of such a module is also finitely generated.,An R-module is noetherian if and only if it is finitely generated. This means that every submodule of M is also finitely generated. The condition applies to modules over any ring R. The theorem establishes a fundamental equivalence in module theory.,"If the ring is Noetherian, then a module is finitely generated exactly when all its submodules are finitely generated. This characterizes finitely generated modules over Noetherian rings by the finite generation of their submodules."
niche_named,,Mittag-Leffler theorem,MLE theorem on meromorphic functions with prescribed poles,1,2,"A clear match appears in top-3, specifically addressing meromorphic functions and prescribed poles.",The Mittag-Leffler problem for the given data has a solution only when the sum of the residues of the differential forms at all points equals zero.,"The Mittag-Leffler problem for given data has a solution if and only if for every differential form omega on W, the sum of the residues of f_i times omega at each e_i is zero. This is also equivalent to the condition that for every differential form omega in the space L superscri","A finite Mittag-Leffler distribution h in H1_fin of Sigma with values in O satisfies a condition involving the residue of h paired with Psi of delta q. If that residue is zero for every delta q in L2 of the interval from 0 to T with complex values, then h is solvable by a meromor"
niche_named,,Bombieri-Vinogradov theorem,Bombieri-Vinogradov in number theory,2,1,"Top-1 is a clear, on-target match for the Bombieri-Vinogradov theorem in number theory.","The Bombieri-Vinogradov theorem states that for any positive constant C, a certain sum over moduli q up to roughly the square root of X divided by a logarithmic power is bounded. This sum involves the maximum over y less than or equal to X and over a coprime to q of the error ter","The Bombieri-Vinogradov theorem states that for a large number x and constant C, the sum over moduli q up to roughly the square root of x divided by a power of log x of the maximum error in the prime number theorem for arithmetic progressions is bounded by x divided by a large po","The Bombieri-Vinogradov theorem provides an explicit bound for the sum over moduli q of the maximum error in the prime number theorem for arithmetic progressions. The bound is expressed in terms of a function F that depends on x, Q, and Q1. The constant c1 is given explicitly as "
niche_named,,Vinogradov theorem on sums of three primes,every large odd number is sum of 3 primes,2,1,"Top-1 directly states the theorem, clearly matching the search intent.",Every sufficiently large odd integer can be expressed as the sum of three prime numbers.,"For any fixed theta between 63/64 and 1, there exists a positive number n0 depending on theta such that every sufficiently large odd integer n at least n0 can be written as the sum of three primes. Each prime in the sum is within n to the power of theta of one third of n.","For a positive integer n, the number of representations as a sum of three primes is asymptotically n squared over two times the cube of log n, multiplied by a singular series function, plus an error term of order n squared over log n to the fourth power. The singular series is a "
niche_named,,Selberg trace formula,Selberg trace formula,1,2,A clear match appears in top-3 but not at rank 1.,The Selberg trace formula holds for smooth compactly supported functions on a group. It equates a sum over irreducible representations to a sum over conjugacy classes. The representation side involves the multiplicity and trace of the operator. The geometric side involves orbital,"Selberg's trace formula equates a sum over irreducible representations of a group to a sum over conjugacy classes. The left side involves the trace of a function under these representations, weighted by multiplicities. The right side sums volumes of certain quotient spaces and in","The Selberg trace formula expresses the trace of an operator in terms of geometric and spectral data. It involves integrals over the real line and sums over hyperbolic conjugacy classes. The formula includes contributions from the volume of the quotient space, hyperbolic elements"
niche_named,,Eilenberg swindle,Eilenberg swindle in K-theory,0,,Only tangentially related; top results do not directly address the Eilenberg swindle in K-theory.,"Eilenberg's lemma states that if a module P plus another module Q is isomorphic to a non-finitely generated free module F, then P plus F is also isomorphic to F. This result is sometimes called the Eilenberg swindle. It is attributed to Samuel Eilenberg and noted for its elegance",The theorem establishes an equivalence between two R-modules. The left side is a completion of a smash product involving R and a suspension spectrum. The right side is a wedge sum of suspensions of R. The suspensions are indexed by k from zero to ell to the n minus one.,"In the category of foams over ell, an object consisting of a surface S with an added clockwise unknot or a two-component circle is isomorphic to the direct sum of S shifted up by one and S shifted down by one. This isomorphism removes the added circle component. The result is exp"
niche_named,,Mayer-Vietoris sequence,MV exact sequence,2,1,"Top-1 directly states the exactness of the Mayer-Vietoris sequence, fulfilling the search intent.",The Mayer-Vietoris sequence is exact.,The Mayer-Vietoris sequence is exact.,The generalized Mayer-Vietoris sequence is exact.
niche_named,,Eilenberg-Zilber theorem,EZ theorem on tensor product of chain complexes,2,1,Top-1 directly addresses the Eilenberg-Zilber theorem related to tensor products of chain complexes.,"The Eilenberg-Zilber theorem states that for topological spaces X and Y, the chain complex of their product is chain homotopy equivalent to the tensor product of their chain complexes. This equivalence is given by a natural map called the Eilenberg-Zilber map. It holds for both s","The Eilenberg-Zilber theorem states that for simplicial modules X and Y, there is a natural chain equivalence between the tensor product of their chain complexes and the chain complex of their tensor product. This equivalence also induces a chain equivalence on the normalized cha",The Eilenberg-Zilber theorem establishes a canonical quasi-isomorphism between two total complexes. This map connects the total complex of a tensor product of Cech complexes to the total complex of a double complex. The quasi-isomorphism preserves homological structure. It is a f
niche_named,,Adams spectral sequence,Adams SS in stable homotopy,2,1,"Top-1 directly addresses the Adams spectral sequence in stable homotopy, providing relevant details.",The Adams spectral sequence converges to the 2-completed homotopy classes of maps from spectrum X to spectrum Y. The E2-term is given by Ext groups over the Steenrod algebra between the cohomology of Y and X. The spectral sequence requires that the homotopy groups of Y are bounde,The Adams spectral sequence computes the stable homotopy groups of a ring spectrum localized at a prime. The second page is given by Ext groups over the mod p Steenrod algebra. The differentials increase the filtration degree by r and the internal degree by r. The sequence conver,The Adams spectral sequence strongly converges to the homotopy classes of maps between the smash product and the given spectra. This occurs when a certain module is projective and the injective dimension of the comodule category is finite. The result holds under these specific al
niche_named,,Steenrod squares,Steenrod operations,1,3,"A clear match appears in top-3 but not at rank 1, providing relevant information on Steenrod operations.","The Steenrod squares satisfy a property where, for a cohomology class of degree n, the nth Steenrod square of that class equals its cup product with itself.","The Steenrod squares act on the operations Q_0 and Q_r in a specific way. For Q_0, the square of s is a sum involving binomial coefficients, Q operations, and a product of squares. For Q_r, the square of s is a sum with binomial coefficients and Q operations applied to the square","Steenrod squares are cohomology operations on mod 2 cohomology that increase degree. They are stable and natural with respect to continuous maps. The zero square is the identity, and the nth square sends an n-dimensional class to its cup square. They vanish on classes of lower de"
niche_named,,Bott periodicity,Bott periodicity theorem,2,1,Top-1 directly explains Bott periodicity theorem clearly and accurately.,"Bott periodicity states that the K-theory groups of a C-star-algebra repeat every two degrees. Specifically, the nth K-group is naturally isomorphic to the n plus 2nd K-group. This holds for all integers n. The result applies to any C-star-algebra.",Bott-Clifford periodicity states that the equivariant K-theory groups for a pair of spaces are naturally isomorphic to the groups shifted by two degrees. This isomorphism holds for all integers n. It implies a two-fold periodicity in the equivariant K-theory.,"Bott periodicity establishes an isomorphism between the K-theory groups K of X and K to the minus two of X. This isomorphism is natural, meaning it also applies to the corresponding functors. The result implies a general periodic relationship where K to the minus n is isomorphic "
niche_named,,Lyusternik-Schnirelmann category,LS category,2,1,Top-1 directly addresses LS category with relevant information.,"The Lusternik-Schnirelmann category of a path connected, locally contractible paracompact space is at most one more than its covering dimension.",The Lusternik-Schnirelmann category of a path connected space is at least one more than its cup length.,The Lusternik-Schnirelmann category of a manifold is at most one more than its dimension.
niche_named,,Connes embedding problem,Connes embedding conjecture,2,1,Top-1 directly addresses the Connes embedding conjecture clearly and accurately.,The Connes Embedding Problem is equivalent to the statement that every von Neumann algebra embeds with expectation into the Ocneanu ultrapower of the hyperfinite type III1 factor.,The Connes embedding problem is true if and only if the unitary group of the multiplier algebra of a tensor product with compact operators has the Kirchberg property for every unital separable simple nuclear C-star algebra. It is also equivalent to the existence of at least one s,"The Connes embedding problem has a positive solution if and only if the hyperlinear sigma invariant of the free group is zero. This is also equivalent to the hyperfinite II1 factor being enforceable. Additionally, it is equivalent to the embeddability of the hyperfinite II1 facto"
niche_named,,Selberg eigenvalue conjecture,Selberg's 1/4 conjecture,1,2,"A clear match appears in top-3 but not at rank 1, specifically regarding the conjecture's conditions.",Maass forms in the old discrete spectrum have eigenvalues greater than one-quarter. This implies no exceptional eigenvalues exist. The eigenvalue is expressed in terms of a parameter related to the Laplacian eigenfunction. This result supports the Selberg Eigenvalue Conjecture.,Selberg's eigenvalue conjecture holds for congruence subgroups of level at most 18. There are no exceptional eigenvalues for these groups. This result is established for the Hecke congruence subgroups of levels 1 through 18.,"The Selberg eigenvalue conjecture holds for the congruence subgroup Gamma of N if and only if the minimal automorphic forms vanish for all eigenvalues between zero and one quarter and for all characters modulo M, where the least common multiple of M and the square of the conducto"
niche_named,,Lang-Weil bound,Lang-Weil estimate,2,1,"Top-1 is a clear, on-target match for the Lang-Weil estimate.","The Lang-Weil bound estimates the number of rational points on a variety over a finite field. It states that for a variety defined by polynomials over the algebraic closure of a finite field, the number of points in the finite field is at most the product of the degrees of the de",The Lang-Weil Theorem provides an estimate for the number of rational points on an absolutely irreducible projective variety over a finite field. It states that the number of points is approximately the sum of powers of the field size up to the dimension of the variety. The error,The Lang-Weil bound estimates the number of rational points on an absolutely irreducible projective variety over a finite field. It states that the point count is close to the sum of powers of q from zero to the dimension of the variety. The error term is bounded by a term involv
niche_named,,Lang conjecture,Lang conjecture on rational points,2,1,"Top-1 directly addresses Lang's conjecture on rational points, providing a clear and relevant explanation.","Assuming Lang's conjecture, for any integers g at least 2 and d at least 1, there exists a bound B depending only on d and g. For any number field L of degree d and any curve C of genus g over L, the number of L-rational points on C is at most B.","Assuming Lang's conjecture, for any number field K and integer genus g at least 2, there exists a bound B depending only on K and g. This bound applies to all smooth curves of genus g defined over K. The number of K-rational points on any such curve is at most B.","Assuming Lang's conjecture, for any number field K and genus g at least 2, there is a bound B depending only on K and g. This bound applies to all smooth curves of genus g defined over K. The number of K-rational points on any such curve is at most B."
niche_named,,Vojta conjecture,Vojta's conjecture,1,3,"A clear match appears in top-3 but not at rank 1, relevant to Vojta's conjecture.",Vojta's Height Inequality holds for points of bounded degree on the complement of a divisor in a smooth projective curve over a number field. This inequality relates a height function to the sum of a logarithmic discriminant and a logarithmic conductor term. The result implies th,"Vojta's conjecture implies an inequality involving local heights and global height functions on a variety. For a number field and a finite set of places, the inequality bounds a weighted sum of local heights associated with a closed subscheme. The bound is given in terms of an am","Vojta's conjecture implies the Lang-Vojta conjecture. For a log general type variety, an ample divisor and an effective divisor sum to the log canonical divisor. Applying Vojta's conjecture shows that the height of integral points is bounded. This implies the set of integral poin"
niche_named,,Faltings finiteness theorem,Faltings on rational points of curves of genus >= 2,2,1,Top-1 directly addresses Faltings' theorem on rational points of curves with genus >= 2.,"Faltings' theorem states that for a smooth, projective, and absolutely irreducible curve over the rational numbers with genus at least two, the set of rational points on the curve is finite.","Mordell's conjecture, now Faltings' theorem, states that a smooth projective curve of genus greater than one over a global field has only finitely many rational points.","Mordell's conjecture, now Faltings's theorem, states that for a number field K and a non-singular curve C over K with genus at least two, the set of K-rational points on C is finite."
niche_named,,Mordell-Weil theorem,Mordell-Weil for elliptic curves,2,1,Top-1 directly addresses the Mordell-Weil theorem for elliptic curves.,"The Mordell-Weil theorem states that for a number field k, the group of k-rational points on an elliptic curve E is finitely generated. This means the group can be expressed as the direct sum of a finite torsion subgroup and a free abelian group of finite rank. The result applies","The Mordell-Weil theorem states that for an abelian variety over a number field, the group of rational points is finitely generated. This group is isomorphic to the direct product of a free abelian group and a finite torsion subgroup. The rank of the free abelian part is called t","An elliptic curve over an algebraic number field has a finitely generated group of rational points. This result is known as the Mordell-Weil theorem. It applies to any number field, not just the rational numbers. The theorem is foundational in the arithmetic study of elliptic cur"
niche_named,,Nakayama lemma,Nakayama's lemma in commutative algebra,2,1,Top-1 directly explains Nakayama's lemma in commutative algebra.,"In a local ring with maximal ideal, if a finitely generated module has a submodule such that the submodule plus the product of the maximal ideal and the submodule equals the whole module, then the submodule must be the entire module. This is a key result in commutative algebra kn","Nakayama's lemma states that for a module over a ring with Jacobson radical, if the module is finitely generated and equal to its product with the radical, then the module must be zero. It also asserts that if a quotient by a submodule is finitely generated and the module equals ","Nakayama's lemma concerns modules over a ring with an ideal. If a finite module equals its product with an ideal, then some element in one plus the ideal annihilates the module. If the ideal is contained in the Jacobson radical, then the module must be zero. Several variations ad"
niche_named,,going up and going down theorems,Cohen-Seidenberg,1,2,"Top-3 includes relevant theorems, but not a direct match for Cohen-Seidenberg.","If two ring maps each satisfy the going down property, then their composition also satisfies going down. The same holds for the going up property.","The classical going up theorem states that for commutative rings A contained in B with B integral over A, the map from A to B satisfies the going up property. This implies the dimension of A is less than or equal to the dimension of B. Due to a related proposition, the dimensions",The Going Up theorem applies to commutative rings where S is integral over R. An idealistic chain formed from chains in S and R collapses in S if and only if its restriction to R collapses in R. The saturation of this chain in S has a trace on R equal to the saturation of the res
niche_named,,Krull intersection theorem,Krull intersection theorem,2,1,"Top-1 is a clear, on-target match for the Krull intersection theorem.","Krull's intersection theorem states that for a Noetherian local ring with a proper ideal and a finite module, the intersection of all powers of the ideal applied to the module is zero.","Krull's Theorem applies to commutative noetherian rings. For a finitely generated module and an ideal, the infinite intersection of powers of the ideal times the module equals the set of elements annihilated by one minus some element from the ideal. This set is also known as the ","Krull's intersection theorem states that for any ideal I in a local ring R with maximal ideal M, the intersection over all natural numbers i of the sum of I and the i-th power of M equals I. This holds in a Noetherian local ring. The result implies that elements not in I cannot b"
niche_named,,Cohen-Macaulay ring,Cohen-Macaulay ring definition / properties,0,,The results are related but do not provide a clear definition or comprehensive properties of Cohen-Macaulay rings.,The quotient ring is Cohen-Macaulay.,The invariant ring is Cohen-Macaulay.,"If a ring has the property that its localization at every maximal ideal is Cohen-Macaulay, then the ring itself is Cohen-Macaulay."
niche_named,,Gorenstein ring,Gorenstein ring,1,3,"A clear match appears in top-3 but not at rank 1, providing relevant definitions.",The ring is Gorenstein.,A coherent regular ring is Gorenstein.,A ring is Gorenstein exactly when every finite module over that ring has finite Gorenstein dimension.
niche_named,,regular local ring,regular local ring,1,1,"A clear match appears in top-3, specifically about regular local rings and their properties.",A local graded ring is regular if and only if its localization at the maximal ideal is regular.,A prime is a regular local ring.,A local ring is regular exactly when its completion is also regular.
niche_named,,Auslander-Reiten theory,AR theory in representation theory,1,3,"A clear match appears in top-3 but not at rank 1, discussing Auslander-Reiten triangles in representation theory.",The triangle is Auslander-Reiten.,The root category has Auslander-Reiten triangles.,"A finite dimensional algebra has two properties regarding Auslander-Reiten triangles. If an Auslander-Reiten triangle in the bounded derived category has all terms isomorphic to modules, then the induced sequence of homology modules is an Auslander-Reiten sequence. Additionally, "
niche_named,,Tate-Shafarevich group,Sha group of an elliptic curve,1,4,"A clear match appears in top-4, discussing the Tate-Shafarevich group of elliptic curves.",The Shafarevich-Tate group is finite.,The Tate-Shafarevich group for the given parameters is finite.,The Tate-Shafarevich group of the norm-one torus associated to a finite extension of global fields is isomorphic to the quotient of the intersection of the adelic norms with the base field by the global norms. This group vanishes precisely when the Hasse norm principle holds for 
niche_named,,Iwasawa main conjecture,main conjecture of Iwasawa theory,1,3,"A clear match appears in top-3, specifically about the Iwasawa main conjecture's implications.",Conjecture 1 is equivalent to the Iwasawa main conjecture for the elliptic curve E over the rational numbers.,The p-adic Iwasawa main conjecture establishes an equality of ideals in a completed group algebra. The Fitting ideal of a certain Tate module equals the ideal generated by a p-adic L-function. This result connects algebraic and analytic objects in Iwasawa theory. It is a key stat,"Assuming the Shafarevich-Tate group of an elliptic curve over the rationals is finite, the Iwasawa Main Conjecture implies the p-adic Birch and Swinnerton-Dyer formula holds. This validity is up to multiplication by p-adic units. The result applies to the curve and the cyclotomic"
niche_named,,Bloch-Kato conjecture,Bloch-Kato,-2,,no results returned,,,
niche_named,,Beilinson conjectures,Beilinson conjectures on L-values,1,3,"A clear match appears in top-3 but not at rank 1, discussing Beilinson's conjecture and its implications.","Under a certain conjecture, Beilinson's conjecture for a specific motive is equivalent to another conjecture for a particular set.",The rationalization is a Beilinson motive.,Beilinson's conjecture for the adjoint motive of a modular form implies a related conjecture for Bianchi modular forms.
niche_named,,Stark conjecture,Stark's conjecture,0,,Only tangentially related; nothing in top-3 directly answers Stark's conjecture.,Conjecture Stark one implies conjecture Stark two.,The Conjecture of Stark unit index is zero for the given conditions.,The Stark element is a unique element in a specific unit group. Its value at the distinguished archimedean place equals a rational multiple of another unit. The multiple involves the class number and the number of roots of unity in the field. It also depends on a parameter relate
niche_named,,Manin-Mumford conjecture,Manin-Mumford,2,1,"Top-1 is a clear, on-target match for the Manin-Mumford conjecture.","If the Manin-Mumford conjecture holds, then the supremum over all algebraic points of the number of irreducible components in the Zariski closure of the intersection between a fiber and the torsion subgroup is finite.",The Manin-Mumford conjecture states that a complex algebraic variety contained in an abelian variety has only finitely many maximal torsion subvarieties. A torsion subvariety is a translate of an abelian subvariety by a torsion point. The maximal such subvarieties are those not p,The Manin-Mumford Conjecture characterizes torsion varieties in an abelian variety. A subvariety is a torsion variety exactly when its set of torsion points is Zariski dense. This connects geometric and arithmetic properties of the variety. The result holds for abelian varieties 
niche_named,,Pell equation has infinitely many solutions,Pell's equation,2,1,Top-1 directly addresses Pell's equation and its infinite solutions.,Pell's equation has infinitely many integer solutions.,A generalized Pell equation with a positive solution has infinitely many solutions.,"If the generalized Pell equation has at least one solution, then it must have infinitely many solutions."
niche_named,,continued fraction expansion of e,Euler's continued fraction for e,2,1,Top-1 provides a clear and accurate description of Euler's continued fraction for e.,"The continued fraction expansion for the mathematical constant e is given by a simple pattern. It starts with 2, followed by an alternating sequence of 1s and even numbers. Specifically, after the initial 2, the pattern is 1, 2k, 1 for k starting at 1 and increasing. This pattern",The continued fraction representation for the mathematical constant e is given. It is an infinite continued fraction with a specific pattern of terms. The numerators and denominators follow a structured sequence. This form provides an alternative expression for e beyond its usual,"The continued fraction expansion of e is given by a repeating pattern starting with 2, followed by sequences of 1, an even number, and 1. The limit of the approximation error for denominators at indices of the form 3i+1 and 3i+2 is zero. The limit for denominators at indices of t"
niche_named,,Khinchin constant,Khinchin's constant,0,,Top results discuss Khinchin's theorem but do not directly define or explain Khinchin's constant.,"Khinchin's theorem states that for a non-decreasing positive function psi, if the sum of the reciprocals of psi(n) diverges, then for almost every real number alpha, the fractional part of n alpha is less than 1 over psi(n) for infinitely many natural numbers n. If the sum conver","For almost every real number theta, the limit of the nth root of the nth convergent denominator in its continued fraction expansion equals the Khintchine-Lévy constant. This constant is greater than one and equals e raised to the power of pi divided by twelve times the natural lo",Khintchine's theorem states that the set of real numbers approximable by rationals with a given error function has either zero or full Lebesgue measure. The measure is zero if the sum of the error function over all positive integers converges. The measure is full if that sum dive
niche_named,,Dedekind eta function transformation,η transformation under SL_2(Z),2,1,Top-1 directly addresses the transformation of the Dedekind eta function under SL_2(Z).,The Dedekind eta function transforms under a specific matrix from the modular group. The transformation involves parameters satisfying given divisibility conditions. The result expresses the transformed eta function in terms of another eta function with a shifted argument. A mult,"The Dedekind eta function's transformation law relates its values at two complex arguments. Given coprime integers h and k with k positive, and h' chosen so that h h' is congruent to -1 modulo k, the function satisfies a specific functional equation. The transformation involves a",The Dedekind eta function transforms under elements of the modular group with a specific multiplier system. The transformation involves a twenty-fourth root of unity and depends on the Dedekind sum. A special case gives the transformation under the inversion of tau. This relates 
niche_named,,Hecke L-function functional equation,functional equation of Hecke L,1,2,"A clear match appears in top-3 but not at rank 1, discussing functional equations of Hecke L-functions.","The completed Hecke L-series satisfies a functional equation relating its value at s to its value at one minus s. The equation involves a complex number of absolute value one. The completed series is defined using the conductor of the Hecke character, the gamma function, and powe","Certain L-functions defined by series for real part of s greater than 2 extend analytically to the entire complex plane. For Hecke eigenforms f1 and f2 satisfying a specific transformation property, these L-functions satisfy functional equations. The functional equations relate t","A functional equation relates two L-functions for a Hecke character with specific conductor and infinity type conditions. The equation involves a product of p-adic zeta factors and an epsilon factor. The epsilon factor is defined using Gauss sums, a norm, and values of the charac"
niche_named,,modular forms of weight 12,Δ and modular forms of weight 12,1,3,"Top-3 includes relevant modular forms of weight 12, but top-1 is not the best match.","The theta series of an even unimodular lattice is a polynomial in the Eisenstein series of weight four and a certain modular form of weight twelve. This modular form is defined as q squared times an infinite product involving powers of one minus q to the two m, raised to the twen",A holomorphic modular form called Phi 12 exists. It belongs to a specific space of modular forms with weight 12 and a particular determinant character. The divisor of Phi 12 is the union of certain rational quadratic divisors associated with vectors of norm negative two. Each irr,"No non-trivial cusp forms exist in weights below 12. In weight 12, the space of cusp forms is one-dimensional and spanned by the modular discriminant. Every cusp form of weight at least 12 is a multiple of a modular form and a power of the discriminant. The modular discriminant i"
niche_named,,j-invariant of elliptic curve,j invariant,2,1,Top-1 directly defines the j-invariant and its significance for elliptic curves.,The j-invariant of the elliptic curve is a bijection.,The j-invariant of an elliptic curve is defined by a specific rational expression in its coefficients. Two elliptic curves are isomorphic over an algebraically closed field precisely when their j-invariants are equal. This invariant classifies elliptic curves up to isomorphism.,The j-invariant of an elliptic curve defined by three distinct complex roots is given by a constant multiple of a rational expression. The numerator involves the cube of a symmetric polynomial in the roots. The denominator is the square of the product of the pairwise differences 
niche_named,,Dirichlet class number formula,Dirichlet class number formula,1,2,A clear match appears in top-3 but not at rank 1.,"The class number equals the product of the regulator and the number of roots of unity, divided by the square root of the discriminant and a constant involving the Dirichlet L-function evaluated at one.","Dirichlet's class-number formula relates the L-function at one to the class number for real primitive Dirichlet characters. For negative discriminants, the L-value equals two pi times the class number divided by the regulator and square root of the absolute discriminant. For posi",The class number of an imaginary quadratic order with negative fundamental discriminant relates to a Dirichlet L-function. The formula states that the class number divided by the number of roots of unity equals the square root of the absolute discriminant times the L-function at 
niche_named,,Euler pentagonal number theorem,Euler pentagonal,2,1,"Top-1 is a clear, on-target match for the Euler pentagonal number theorem.","Euler's Pentagonal Number Theorem states that the infinite sum of alternating terms with exponents given by pentagonal numbers equals the infinite product of one minus powers of q. The exponents in the sum are generalized pentagonal numbers, which include both positive and negati",Euler's Pentagonal Number Theorem states that the infinite product of one minus q to the n is equal to an infinite sum over all integers m. The sum involves negative one raised to the m times q raised to m times three m minus one all over two. The exponents in the sum are the pen,"Euler's pentagonal number theorem expresses the infinite product of one minus q to the n as an infinite alternating sum. The exponents in the sum are the generalized pentagonal numbers, given by n times three n minus one over two. The signs alternate starting with plus for n equa"
niche_named,,Jacobi triple product identity,Jacobi triple product,2,1,Top-1 directly describes the Jacobi triple product identity clearly and accurately.,Jacobi's triple product identity expresses an infinite sum as an infinite product. The sum ranges over all integers and involves powers of z and q. The product runs over nonnegative integers and includes three factors. The identity holds for nonzero z and q with absolute value le,Jacobi's triple product identity expresses an infinite sum as an infinite product. The sum runs over all integers and involves alternating signs and powers of q and a. The product side is a q-Pochhammer symbol with three parameters. The identity holds for nonzero a.,Jacobi's triple product identity equates a sum over all integers to an infinite product. The sum involves terms with exponents based on squares of integers. The product contains three factors involving powers of t and z. This identity holds for complex numbers t and z with absolu
niche_named,,Rogers-Ramanujan identities,Rogers-Ramanujan,2,1,Top-1 directly explains the Rogers-Ramanujan identities clearly and accurately.,"Two Rogers-Ramanujan identities are given. The first identity states that the sum of q raised to n squared over the q-Pochhammer symbol of q with index n equals the reciprocal of the product of two infinite q-Pochhammer symbols with bases q and q to the fifth, and q to the fourth",The first identity equates the sum of q to the square of m divided by the q-Pochhammer symbol with an infinite product involving terms of the form one minus q to the power of 5m plus 1 and 5m plus 4. The second identity equates the sum of q to the square of m plus m divided by th,Two Rogers-Ramanujan type identities are presented. The first identity equates a product series with a double sum involving indices j and k. The second identity similarly relates a different product series to another double sum. Both identities hold for the specified infinite ser
niche_named,,Hardy-Ramanujan formula partition function,p(n) asymptotic,2,1,Top-1 directly addresses the asymptotic nature of the partition function p(n) as intended.,The Hardy-Ramanujan asymptotic formula approximates the number of integer partitions of a positive integer N. It states that the partition function p of N is asymptotically equivalent to an exponential expression. The expression involves one divided by four N times the square roo,The partition function p of n grows asymptotically as an exponential divided by a linear term in n. The leading term involves the exponential of pi times the square root of two-thirds times n minus one twenty-fourth. The formula includes a correction term of order one over the sq,The theorem expresses the partition function p(n) as a sum involving binomial coefficients and functions p_r(n). Each p_r(n) is defined as a coefficient in the expansion of an infinite product. The value p_l(n) is given by a formula involving Bell polynomials and a sequence of pa
niche_named,,Hardy-Littlewood circle method,circle method,0,,Top results discuss related theorems but do not directly address the Hardy-Littlewood circle method.,"Under certain hypotheses and parameters, the theorem expresses a counting function as an integral over a major arc region. The integral involves an exponential sum related to the set in question. The result includes an error term that is asymptotically smaller than the main term.",The theorem expresses a theta function as a sum over rational approximations and an error term. The sum involves coprime integer pairs and integrals over modified major arcs. The major arcs are defined by inequalities bounding the distance to rational numbers. The error term is b,"For integers d at least 3 and h at least 1, there exist constants C prime and C m such that a weighted sum involving r sub d minus 1 of m squared plus h equals a main term plus an error term. The main term includes a logarithmic factor only when d equals 3 and h is a perfect squa"
niche_named,,large sieve inequality,large sieve,2,1,Top-1 provides a clear and precise explanation of the large sieve inequality.,The large sieve inequality bounds the variance of a sifted sum over primes. It states that the mean square deviation of the actual count from its expected value is at most the large sieve constant times a certain quadratic sum. The sifted sum counts how many primes in a set have ,The large sieve inequality bounds a weighted sum involving twisted coefficients. It applies to any sequence of complex numbers. The bound is expressed in terms of the sequence length and a parameter. The result scales with the square of the sequence norm and includes a small epsi,"The large sieve inequality bounds a sum of squared exponential sums. It applies to complex sequences and real numbers spaced at least delta apart. The upper bound is given by the sum of delta inverse and N minus one, multiplied by the squared norm of the sequence. This holds for "
niche_named,,Brun sieve,Brun's sieve,1,2,"A clear match appears in top-3 but not at rank 1, specifically about Brun's sieve.","Brun's Sieve provides an upper bound on the size of a set of integers up to x that avoids occupying at most B residue classes modulo each prime up to z. The bound is expressed in terms of a product over primes, involving the number of residue classes occupied modulo each prime. T",Brun's sieve provides an upper bound for the number of elements in a set that are not divisible by primes below a certain threshold. The bound depends on conditions regarding the distribution of primes in a set and parameters including a positive integer and a real number. The re,Brun's pure sieve weights define a sum over integers with specific prime factor conditions. The first bound shows the squared sum of these coefficients over a short interval is controlled by a logarithmic factor times the interval length divided by log X. The second bound control
niche_named,,Selberg sieve,Selberg's sieve,1,3,"A clear match appears in top-3 but not at rank 1, focusing on Selberg's sieve concepts.",The Selberg sieve upper bound states that the sifted set size is at most x divided by G of z plus z squared divided by W cubed of z. This inequality provides an estimate for counting numbers in a set that avoid certain residue classes. The functions G and W depend on the set of p,The fundamental lemma of the sieve estimates a sum over integers coprime to primes below a bound. It assumes a sequence has a main term involving a multiplicative function and an error term. The result expresses the sum as a product involving the main term and an error depending ,"The theorem provides an upper bound for a sieve function S applied to sets defined by primes not dividing a given even integer k. The bound involves a product over odd primes dividing k, the twin prime constant, and a main term with an error estimate. It also includes a remainder"
niche_named,,Bombieri's theorem on density of zeros,Bombieri density theorem,1,2,"A clear match appears in top-3 but not at rank 1, relevant to Bombieri's theorem.","For any T at least 3 and h between 0 and 1, the number of zeros of the zeta function with imaginary part in an interval of length h around any point t between -T and T is bounded by a constant times one plus h times the logarithm of 2T. The constant is absolute and does not depen","Given a finite set of numbers where the prime counting function deviates significantly from its expected value, there exists a large subset of zeros of the Riemann zeta function up to a certain height. This subset has nearly the full count of zeros and is well-distributed in shor","For every open disk within the unit disk, the expected number of zeros of a function converges to a specific expression involving the disk radius and a parameter. Additionally, the ratio of the zero density to this expectation converges to another explicit formula. Both limits de"
specific_statement,,compact Hausdorff second countable space is metrizable,Urysohn metrization,2,1,Top-1 directly addresses the metrization of compact Hausdorff second countable spaces.,A compact space is metrizable precisely when it is both Hausdorff and second countable. This means the space can be given a metric that induces its topology. The Hausdorff condition ensures distinct points have disjoint neighborhoods. Second countability means the topology has a ,"A locally compact, second-countable, Hausdorff space can be given a metric. This metric induces the original topology on the space. The space is therefore metrizable under these conditions.","The space of continuous functions on a locally compact Hausdorff and second countable space, equipped with the compact-open topology, is metrizable."
specific_statement,,Urysohn metrization theorem,Urysohn metrization,2,1,Top-1 directly explains Urysohn's metrization theorem and its implications.,A regular and second-countable topological space is homeomorphic to a subspace of the Hilbert cube. This result is known as Urysohn's metrization theorem. It implies that such spaces are metrizable. The Hilbert cube is the countable infinite product of unit intervals.,The metric space G with metric d satisfies the Urysohn property.,Every second-countable T3-space is metrizable in ZF set theory. This result is known as Urysohn's Metrization Theorem. It applies to spaces that are both regular and have a countable basis. The theorem holds without relying on the axiom of choice.
specific_statement,,every connected open subset of R^n is path connected,connected open in R^n is path connected,2,1,Top-1 directly states the equivalence of connectedness and path-connectedness for open subsets in R^n.,A nonempty open subset of R^n is connected if and only if it is path connected. Connected means the only open and closed nonempty subset is the set itself. Path connected means any two points in the set can be joined by a continuous path within the set. This equivalence holds for,A connected open subset of Euclidean n-space is also path-connected. This means any two points in the set can be joined by a continuous path entirely within the set. The result holds for open sets in finite-dimensional real coordinate space.,A connected open subset of R^n is path connected. Any two points in such a set can be connected by a polygonal path within the set. This holds for open sets in Euclidean space.
specific_statement,,every compact metric space is separable,compact metric is separable,2,1,"Top-1 directly states that every compact metric space has a countable dense subset, confirming separability.","A compact metric space has a countable dense subset. This means there exists a sequence of points in the space such that every point in the space is a limit of a subsequence. Therefore, every compact metric space is separable.","A compact metric space always contains a countable dense subset. This means there exists a sequence of points that is dense in the space. As a result, the space is separable.",A metric space has a countable density number if and only if it is compact. The density number is the smallest cardinality of a dense subset. This means the space is separable. Compactness implies separability for metric spaces.
specific_statement,,every separable metric space embeds into Hilbert cube,Urysohn embedding,1,3,"Top-3 includes relevant embeddings, but top-1 is not a direct match for Urysohn's embedding.",A separable metric space can be embedded as a subspace within a Hilbert space. This embedding preserves the topological structure through a homeomorphism. The result shows that such metric spaces are topologically equivalent to subsets of Hilbert spaces. This is a key fact in the,Every compact metrizable space can be topologically embedded into the Hilbert cube. The Hilbert cube is the countable infinite product of the unit interval. This embedding is a homeomorphism onto its image. The result holds for any compact space that is metrizable.,Every complete separable metric space is homeomorphic to a Borel subset of the infinite-dimensional Hilbert cube. This cube is the countable product of unit intervals with the product topology. The result shows that such spaces can be topologically embedded in a standard Borel sp
specific_statement,,topology generated by a basis,basis for a topology,2,1,"Top-1 provides a clear, direct explanation of a topology generated by a basis.",A topology on a set is generated by taking all unions of subsets from a given synthetic basis. A subset of the set is open in this topology if and only if it equals the union of all basis elements contained within it. This characterizes open sets purely in terms of the basis.,"A subset of a topology is a basis if and only if for every point in an open set, there is a member of the subset containing that point and contained in the open set. This means the basis generates the topology. The condition ensures that every open set can be formed as a union of","A topology is generated from a synthetic basis by taking all unions of basis subsets. A subset is open in this topology if and only if for every point in the subset, there exists a basis element containing that point and contained within the subset. This characterizes open sets i"
specific_statement,,fundamental group of S^n is trivial for n >= 2,π_1(S^n) trivial for n>=2,1,3,"A clear match appears in top-3, specifically about triviality of homotopy groups for spheres.",The homotopy group of the n-sphere is trivial for dimensions less than n.,The homotopy groups of the n-sphere are trivial in dimensions less than n.,"For n at least 2, if a pointed space has trivial fundamental group and trivial k-th homotopy groups for all k less than n, then all homotopy groups up to n are trivial."
specific_statement,,covering spaces of S^1 are R or S^1,covering spaces of circle,1,2,"A clear match appears in top-3, discussing covering spaces relevant to S^1.",A universal covering space exists for the given space.,The set S tilde is the universal covering space of S. Every covering space of S is covered by S tilde. S tilde is simply connected. It is unique up to isomorphism.,"A coverable uniform space with dimension at most one has a simply connected cover. If the space is also pathwise connected, the homomorphism from its fundamental group to its deck transformation group is injective. This applies in particular to compact spaces with covering dimens"
specific_statement,,every covering space of a path connected locally path connected space corresponds to subgroup of pi_1,Galois correspondence for covering spaces,2,1,Top-1 directly addresses the correspondence between covering spaces and subgroups of the fundamental group.,"For a path connected and locally path-connected space X, every subgroup H of its fundamental group corresponds to a covering space. This covering space is constructed as a quotient of the universal cover by an equivalence relation respecting the projection map. The induced map on",Connected pointed covers of a connected and locally path connected space correspond exactly to subgroups of its fundamental group. Each subgroup determines a unique covering space up to isomorphism. The correspondence is bijective and preserves the group structure. This establish,"For a path-connected, locally path-connected, and semilocally simply-connected space X, there is a one-to-one correspondence between isomorphism classes of path-connected covering spaces over X and subgroups of the fundamental group of X, up to conjugation. This correspondence is"
specific_statement,,every finite-dimensional vector space has a basis,fdim VS has basis,2,1,Top-1 directly addresses the existence of a basis in finite-dimensional vector spaces.,A finite dimensional vector space over a field always has a basis. The basis is a set of linearly independent vectors that spans the entire space. The number of vectors in any basis is the dimension of the vector space. This holds for any such vector space regardless of the speci,A finitely generated vector space over a field F always has a basis. This basis is a finite set of vectors that spans the entire space and is linearly independent. The number of vectors in any basis is the same and is called the dimension of the vector space. This result holds fo,A set of vectors in a finite-dimensional vector space forms a basis if and only if every vector in the space can be uniquely expressed as a linear combination of those vectors.
specific_statement,,every vector space has a basis (Zorn),every VS has basis (using Zorn),1,1,"Top-3 includes relevant information about bases in vector spaces, but top-1 is not a direct match.",Every nontrivial vector space has a Hamel basis. This means there exists a linearly independent set that spans the entire space. The result is attributed to a specific source.,"If a set of vectors forms a basis for a vector space, then the result from a referenced general theorem applies.",Every vector space over a division ring has a basis.
specific_statement,,two finite-dimensional vector spaces are isomorphic iff they have the same dimension,iso classification of fdim VS,2,1,Top-1 directly states the isomorphism condition for finite-dimensional vector spaces.,Two vector spaces are isomorphic if and only if they have the same dimension.,Two vector spaces over the same field are isomorphic if and only if they have the same dimension.,Two finite-dimensional vector spaces over a division ring are isomorphic if they have the same dimension.
specific_statement,,trace is the sum of eigenvalues,trace = sum eigenvalues,2,1,Top-1 directly states the relationship between trace and eigenvalues.,"The trace of a trace class operator equals the sum of its eigenvalues, counting multiplicities.",A trace-class operator's trace equals the sum of its eigenvalues. This holds for any operator in the specified class. The eigenvalues are summed over all positive integers. The result is a finite value.,The trace of a diagonalizable operator on a finite-dimensional Hilbert space equals the sum of its eigenvalues.
specific_statement,,determinant is the product of eigenvalues,det = product of eigenvalues,2,1,"Top-1 is a clear, on-target match for the query about determinants and eigenvalues.",The determinant of a matrix equals the product of all its eigenvalues.,The determinant of the matrix of a linear map equals the product of its eigenvalues.,The determinant of a complex square matrix equals the product of all its eigenvalues.
specific_statement,,every diagonalizable matrix has a basis of eigenvectors,definition of diagonalizable,2,1,Top-1 directly defines diagonalizability and its relation to eigenvectors.,A linear operator is diagonalizable if and only if it has a full set of eigenvectors. This means the eigenvectors span the entire vector space. The operator can be represented by a diagonal matrix in some basis. This condition is both necessary and sufficient for diagonalizabilit,A square matrix is diagonalizable exactly when it has a complete set of eigenvectors. This means there are enough linearly independent eigenvectors to form a basis for the space. The matrix can then be transformed into a diagonal matrix using these eigenvectors.,A real square matrix is diagonalizable if and only if it has a set of linearly independent eigenvectors. The number of such eigenvectors must equal the dimension of the matrix. Each eigenvector in this set corresponds to an eigenvalue of the matrix. Diagonalizability depends on t
specific_statement,,kernel of a linear map is a subspace,kernel is a subspace,2,1,"Top-1 directly states that the kernel is a subspace, perfectly matching the search intent.",The kernel of a linear map from space E to space F is a subspace of E.,The kernel of a linear transformation between two normed vector spaces is a linear subspace of the domain.,A subset W of a vector space V is a subspace if and only if it is the kernel of some linear map from V to another vector space V prime. This means that W must be the set of all vectors in V that map to the zero vector under that linear transformation. The condition holds for any 
specific_statement,,image of a linear map is a subspace,image is a subspace,2,1,Top‑1 directly states that the image of a vector subspace under a linear transformation is a vector subspace.,The image of a vector subspace under a linear transformation is itself a vector subspace.,The image of a submodule under a linear transformation is itself a submodule.,The image of the specified set under the given map lies within a particular subspace.
specific_statement,,tensor product is associative up to natural isomorphism,associativity of tensor,2,1,Top-1 directly addresses the associativity of tensor products with natural isomorphism.,The tensor product of three objects is associative up to isomorphism. The order of grouping does not affect the result. The isomorphism is natural in all three arguments. This holds in any monoidal category.,The tensor product operation is associative.,"The tensor product operation is associative. This means that for three modules, the order of grouping in the tensor product does not change the result. There exists a natural isomorphism between the different groupings. This property holds under the standard conditions for tensor"
specific_statement,,every element of GL_n(R) is invertible,trivial / definitional,1,2,"Top-2 entries clearly explain invertibility in GL_n(R), but top-1 is more general.","The general linear group GL(n, R) consists of all invertible n by n matrices with real number entries.","The general linear group of order n over a field K forms a group. It consists of all invertible n by n matrices with entries from K. The group operation is matrix multiplication. The identity element is the identity matrix, and every element has an inverse.","A reversible matrix in GL(n, R) has determinant either 1 or -1. If the eigenvalue -1 has even multiplicity, including the case where it is not an eigenvalue, the determinant is 1."
specific_statement,,real numbers form an ordered field,R is ordered field,2,1,"Top-1 directly states that real numbers form an ordered field, perfectly matching the search intent.",The set of real numbers is a linearly ordered field.,The real numbers form a totally ordered field under addition and multiplication. This structure includes the operations of addition and multiplication along with a total order relation. The order is compatible with both arithmetic operations. This means the real numbers satisfy t,The real numbers form a complete ordered field. This means the real numbers are totally ordered and every non-empty subset bounded above has a least upper bound. The field operations and order relation satisfy the standard axioms. This structure is unique up to isomorphism.
specific_statement,,real numbers are uncountable,uncountability of R,2,1,"Top-1 directly states the uncountability of real numbers, perfectly matching the search intent.",The set of all real numbers is uncountable.,The real numbers are uncountably infinite. Their cardinality is greater than that of the natural numbers. This result is known as Cantor's theorem. It shows that there are different sizes of infinity.,The set of real numbers is uncountably infinite. This means it cannot be put into a one-to-one correspondence with the natural numbers. There is no way to list all real numbers in a sequence. The cardinality of the real numbers is strictly greater than that of the integers.
specific_statement,,rationals are dense in reals,Q dense in R,2,1,"Top-1 is a clear, on-target match explaining the density of rationals in reals.","Rational numbers are dense in the real numbers. Between any two distinct real numbers, there exists a rational number. This property holds regardless of how close the two real numbers are. The density of rationals is a fundamental characteristic of the real number line.",The set of rational numbers is dense in the real numbers with the usual topology. This means that every open interval of real numbers contains at least one rational number. The rationals are not isolated and are closely interwoven with the reals. Their density follows from the fa,"The rational numbers form a dense subset of the real numbers. Between any two distinct real numbers, there exists a rational number. The rationals are also a subfield of the reals, meaning they are closed under addition and multiplication. This property is fundamental in real ana"
specific_statement,,monotone bounded sequence converges,MCT for sequences,2,1,"Top-1 is a clear, on-target match for the convergence of monotone bounded sequences.","The sequence is bounded and increases monotonically. Therefore, it converges to a limit.","A bounded monotone sequence always converges. If the sequence is increasing and bounded above, it converges to its least upper bound. If the sequence is decreasing and bounded below, it converges to its greatest lower bound. This result is fundamental in real analysis.","A bounded monotone sequence of real numbers always converges. If the sequence is increasing and bounded above, it converges to its least upper bound. If the sequence is decreasing and bounded below, it converges to its greatest lower bound. This result holds for all such sequence"
specific_statement,,supremum of a bounded set in R exists,least upper bound axiom,2,1,Top-1 directly addresses the least upper bound axiom for bounded sets in R.,"A non-empty real set with an upper bound has a least upper bound, which is a real number. Similarly, a non-empty real set with a lower bound has a greatest lower bound, which is also a real number. Both the supremum and infimum exist under these conditions. The theorem establishe",Every nonempty set that is bounded from above in the ordered set of real numbers has a least upper bound.,"A real-valued function on a set has a finite supremum if and only if the function is bounded above and for every positive epsilon, there exists an element in the set whose function value is within epsilon of the supremum. The supremum is the least upper bound of the function's ra"
specific_statement,,limit of a sequence is unique,uniqueness of limit,2,1,Top-1 directly states the uniqueness of limits in converging sequences.,The limit of a converging sequence is unique.,The limit is unique.,A sequence in the real or complex numbers that converges strongly has a unique limit.
specific_statement,,every continuous function on a compact set is uniformly continuous,Heine-Cantor,2,1,Top-1 directly states the Heine-Cantor theorem clearly and accurately.,A continuous function on a compact domain is uniformly continuous.,A continuous function on a closed and bounded set is uniformly continuous.,A continuous function from a compact metric space to another metric space is uniformly continuous.
specific_statement,,Heine-Cantor theorem,Heine-Cantor,1,2,"A clear match appears in top-3 but not at rank 1, discussing uniform continuity.",A function that is continuous at every point in the closed interval from zero to one is also uniformly continuous on that interval. This holds for functions mapping to the real numbers. The interval must be closed and bounded. This result is known as the Heine-Cantor theorem.,A continuous function from a compact Hausdorff space to a uniform space is uniformly continuous. This holds without requiring the domain to be a metric space. The result generalizes the Heine-Cantor theorem to more abstract topological settings. Compactness of the domain and cont,A continuous function from a compact metric space to another metric space is uniformly continuous.
specific_statement,,uniform limit of continuous functions is continuous,uniform convergence preserves continuity,2,1,Top-1 directly states the preservation of continuity under uniform convergence.,"If a sequence of continuous functions converges uniformly to a function, then the limit function is also continuous.",A sequence of continuous real functions converges uniformly to a function. The limit function is also continuous.,"If a sequence of functions converges uniformly to another function, then the limit function is continuous."
specific_statement,,L^p is complete,L^p Banach space,2,1,Top-1 directly addresses L^p completeness and Banach space properties.,The space Lp of functions on a domain is complete under the p-norm. Every Cauchy sequence in this space converges to a function in Lp. The convergence is with respect to the p-norm metric. This means Lp is a Banach space.,The Lebesgue space L^p with the p-norm is a Banach space. This means it is a complete normed vector space. Every Cauchy sequence in this space converges to an element within the space.,The Lebesgue space L^p with its p-norm is a Banach space. Every Cauchy sequence in this space converges to a limit within the space. This property ensures the space is complete.
specific_statement,,L^2 is a Hilbert space,L^2 Hilbert,2,1,"Top-1 is a clear, on-target match for L^2 as a Hilbert space.",The space L squared H one is a Hilbert space.,Lp space with exponent 2 is a Hilbert space. The inner product is defined as the integral of the product of two functions with respect to the measure. This inner product induces the norm of the space. The space is complete under this norm.,L squared of Omega with the L squared inner product is a Hilbert space.
specific_statement,,Schwartz space is dense in L^p,S(R^n) dense in L^p,2,1,"Top-1 directly addresses the density of Schwartz space in L^p, matching the search intent perfectly.",The Schwartz space is dense in Lp space on n-dimensional Euclidean space for all p between 1 and infinity.,The Schwartz class is dense in the S-p space for p between 1 and infinity. This means any function in S-p can be approximated arbitrarily well by Schwartz functions. The result holds for all finite p values starting at 1.,"For any real number p between 1 and infinity, the Schwartz space on the real line embeds continuously into the Lp space with respect to a specific measure. Additionally, the Schwartz space is dense in that Lp space."
specific_statement,,Fourier transform is unitary on L^2,Plancherel,2,1,"Top-1 directly addresses the unitary nature of the Fourier transform on L^2, aligning perfectly with the search intent.",The Fourier transform defined on the Schwartz space has a unique extension to a unitary operator on all of L2. This extension maps L2 functions to L2 functions. The operator preserves the inner product and is invertible.,The Fourier transform uniquely extends to a unitary operator from L squared of A to L squared of the dual space of a. This operator preserves the L squared norm. The norm of the Fourier transform of a function equals the norm of the function itself.,The Fourier transform extends uniquely to a unitary operator from L2 space to a Hilbert space. Its inverse is the inverse Fourier transform. This operator preserves the inner product structure. The extension is both unique and unitary.
specific_statement,,Fourier inversion formula,Fourier inversion,2,1,Top-1 directly explains the Fourier inversion formula and its purpose clearly.,The Fourier inversion formula reconstructs a function from its Fourier transform. It expresses the function as an integral over the dual space. The integrand involves the Fourier transform and a kernel function. The formula holds for functions in a specified class.,"If a function and its Fourier transform are both integrable, then the function equals the integral of its Fourier transform multiplied by a complex exponential. This holds for almost every point in Euclidean space. The formula recovers the original function from its Fourier trans",A function f in a specific Lebesgue space with its inverse Fourier transform also in that space satisfies an inversion formula. The formula expresses f at a point as a double integral involving constants and exponential functions. The integration is over a vector space with respe
niche_pde,,Lax-Wendroff scheme stability,Lax-Wendroff stability,1,2,"A clear match appears in top-3 but not at rank 1, addressing stability conditions.","The Lax-Wendroff scheme for transport equations is second order accurate. Under a linear stability condition, the scheme reduces total variation. This property holds for certain ranges of a parameter related to the wave speed and grid spacing.","The Lax-Wendroff scheme's first variation is L2-stable if the product of its matrices over time steps has a bounded L2 norm. The bound must hold for all time steps up to a fixed time, with the constant independent of step sizes. The constant may depend on time but not on the disc","Given real numbers a and b, and CFL parameters lambda and mu satisfying a specific equation with a real delta between 0 and 1, the two-dimensional Lax-Wendroff scheme with initial condition in l squared space meets an inequality for all natural numbers n. The inequality relates t"
niche_pde,,Lax equivalence theorem,Lax equivalence (consistency + stability iff convergence),2,1,"Top-1 directly explains the Lax equivalence theorem, clearly addressing consistency, stability, and convergence.","A consistent finite difference scheme for a well-posed linear initial value problem converges if and only if it is stable. This result is known as the Lax equivalence theorem. It connects consistency, stability, and convergence for such numerical methods. The theorem is a fundame","The Lax Theorem applies to a two-level difference scheme for a linear initial-value problem. If the scheme is both accurate to a specified order and stable in a given norm, then it is also convergent to that same order in that norm.","The Lax-Richtmyer theorem states that for a partial differential equation and a consistent numerical method, convergence is equivalent to stability. A numerical method is convergent if its solutions approach the true solution as the grid is refined. It is stable if errors do not "
niche_pde,,Crank-Nicolson scheme,Crank-Nicolson,1,2,"A clear match appears in top-3 but not at rank 1, providing relevant information about the Crank-Nicolson scheme.",The Crank-Nicolson compact scheme for the convection diffusion equation is stable.,The Crank-Nicolson scheme converges in the ell-two norm under smoothness and consistency conditions. The global error is bounded by a constant times the sum of squared time and space step sizes. This bound holds for all time steps up to a fixed final time. The time step must also,The Crank-Nicholson finite difference scheme is unconditionally stable for alpha between zero and one.
niche_pde,,Galerkin method convergence,Galerkin FE convergence,2,1,"Top-1 directly addresses Galerkin method convergence, aligning perfectly with the search intent.",The Galerkin method converges to the unique solution under given conditions on the operator and the adaptive algorithm.,The Galerkin approximation converges under the given conditions. The convergence holds with a specific constant related to the problem parameters. This result applies in a Hilbert space setting. The bound depends on the constants from the underlying assumptions.,The Galerkin method converges under certain assumptions. A sequence of finite-dimensional subspaces increases and their union is dense in the full space. The error between the exact solution and the Galerkin solution tends to zero. This occurs as the dimension of the approximatio
niche_pde,,Pohozaev identity,Pohozaev identity,1,2,"A clear match appears in top-3 but not at rank 1, providing relevant details about the Pohozaev identity.",A Pohozaev-type identity holds for solutions to a certain equation. It relates integrals involving the gradient and powers of the function. The identity balances terms with different weights depending on the spatial dimension. It includes contributions from both the function and ,The Pohozaev identity applies to a star-shaped domain and solutions in a specific function space. It equates an expression involving integrals of gradients and boundary terms to another involving powers of the functions and parameters. The boundary term includes the dot product o,"The Pohozaev identity holds for a weak solution u in H^1 of R^3 to a given problem with p between 1 and 5. It involves integrals of the gradient of u squared, the potential V times u squared, and the derivative of V dotted with x times u squared. The identity also includes a term"
niche_pde,,Brezis-Gallouet inequality,Brezis-Gallouet logarithmic Sobolev inequality,0,,Only tangentially related; nothing in top-3 directly addresses the Brezis-Gallouet logarithmic Sobolev inequality.,The theorem establishes an inequality for functions in a specific function space defined by integrability conditions on the function and its gradient. It provides an upper bound for the L^{2q} norm of the function in terms of its gradient's L^2 norm and its L^{q+1} norm. The cons,The theorem states an inequality for distributions in Besov spaces. It relates the norm of the gradient of a function to the norm of the function itself. The gradient norm is bounded by a constant times the function norm. The spaces involved are homogeneous Besov spaces with spec,"A Gagliardo-Nirenberg type inequality holds for functions on a bounded Lipschitz domain. The inequality bounds the norm of a derivative of the function by a product of norms of a higher derivative and the function itself, raised to complementary powers. The exponents are linked b"
niche_pde,,Strichartz estimates for the Schrödinger equation,Strichartz estimates,2,1,"Top-1 directly addresses Strichartz estimates for the Schrödinger equation, providing relevant details.",The Strichartz estimates hold for the Schrödinger equation in three dimensions. The first estimate bounds the space-time norm of the solution in terms of the initial data's L2 norm. The second estimate bounds the norm of the inhomogeneous solution in terms of the forcing term's d,The Strichartz estimate holds for the Schrödinger propagator with initial data in a homogeneous Sobolev space. It bounds the space-time norm of the solution by the norm of the initial data. The estimate also applies to the inhomogeneous term involving the forcing function. The ex,Strichartz estimates hold for the Schrödinger equation with exponent pairs satisfying a scaling condition. The first estimate bounds the solution operator in mixed spacetime norms by the initial data in L2. The second estimate bounds the inhomogeneous solution operator by the for
niche_pde,,Strichartz estimates,Strichartz estimates,2,1,Top-1 directly addresses Strichartz estimates with clear mathematical context.,"The Strichartz estimate for the Klein-Gordon equation states that for admissible exponents, the spacetime norm of the solution is bounded by a weighted Sobolev norm of the initial data. The bound holds uniformly for all positive scaling parameters. The estimate involves a frequen",Strichartz estimates establish an inequality bounding the norm of a solution in mixed Lebesgue spaces by the homogeneous Sobolev norm of initial data. This holds for specific exponents related to the dispersive nature of the equation. The estimates also control the solution's Sob,The theorem establishes a Strichartz estimate for a system involving functions with specific regularity and an operator. It provides an inequality bounding a norm of the solution in terms of initial data and the operator applied to the solution. The estimate holds under condition
niche_pde,,"Bourgain space X^{s,b}","Bourgain X^{s,b} spaces",1,2,"Top-3 contains relevant information about Bourgain spaces, but top-1 is not a clear match.","The Bourgain space X to the s,b contains the linear solution map S of t applied to any function in H to the s of the two-sphere. For b greater than one half, the space continuously embeds into the space of continuous functions from the real numbers to H to the s of the two-sphere","The theorem establishes an inequality for functions in a specific function space. It holds under conditions on the parameters s, b, p, and q, with s exceeding a certain lower bound. The inequality bounds the mixed space-time norm of a function by its norm in the X^{s,b} space. Th","The norm of the time-localized integral involving the linear propagator and a function F in the X^{s,b} space is bounded by the norm of F in the X^{s,b-1} space. This holds for all real numbers s and for b greater than one half. The inequality does not depend on the specific choi"
niche_pde,,Kato-Ponce commutator estimate,Kato-Ponce inequality,2,1,Top-1 directly addresses the Kato-Ponce inequality and its application to commutators.,The Kato-Ponce commutator estimate bounds the Lp norm of the commutator of a fractional derivative operator and a function. The estimate involves the Lp norm of the derivative of the function and a fractional derivative of the other function. It also includes the Lp norm of the f,The Kato-Ponce commutator estimate provides inequalities for the Lp norm of commutators involving fractional derivatives. It applies to functions in Sobolev spaces with exponents between one and infinity. The bounds depend on products of norms of the functions and their derivativ,The Kato-Ponce theorem provides an inequality for the commutator of a fractional derivative operator and a function. It bounds the L2 norm of this commutator applied to another function. The estimate involves Sobolev norms of the functions and their derivatives. The constants dep
niche_pde,,div-curl lemma,div-curl lemma in compensated compactness,1,2,"Top-3 includes relevant information about the div-curl lemma, but top-1 is not a clear match.","The Div-Curl Lemma states that if two sequences of vector fields converge weakly in Lebesgue spaces with conjugate exponents, and their divergence and curl are precompact in negative Sobolev spaces, then the dot product of the sequences converges weakly to the dot product of the ","The div-curl lemma states that for two sequences of vector fields converging weakly in L2, if the divergence of one sequence and the curl of the other are compact in a local Sobolev space, then the dot product of the sequences converges to the dot product of their weak limits in ",The weak divergence of the weak curl of a vector field is zero. This identity holds for all vector fields in the specified function spaces. The weak curl and divergence operators are defined by given formulas. The result is analogous to the classical vector identity for smooth fu
niche_pde,,compensated compactness method,compensated compactness,1,2,"Top-2 entries provide relevant details about Tartar's theorem, but not a clear match at rank 1.",The theorem applies to compact sets.,Tartar's compensated compactness theorem applies to a sequence of vector-valued functions converging weakly in L2. The theorem assumes certain differential constraints on the sequence are compact in a negative Sobolev space. It also requires a quadratic form to vanish on a specif,Tartar's compensated compactness theorem applies to a sequence of vector-valued functions converging weakly in L2. The theorem requires certain differential constraints on the sequence to be relatively compact in a negative Sobolev space. It also assumes a quadratic form vanishes
niche_pde,,DiPerna-Lions theory,DiPerna-Lions for transport,1,2,Top-3 contains relevant information on DiPerna-Lions conditions for transport problems.,"Under extended DiPerna-Lions conditions, including bounded divergence and specific integrability and regularity on the vector field, there exists a unique measurable flow. For any bounded measurable initial data, composing with this flow yields a function. This function is the un","Under extended DiPerna-Lions conditions and bounded initial data, there exists a unique approximable solution to the Cauchy problem. This solution is renormalizable and bounded in space and time. It also belongs to a continuous function space in time with values in Lebesgue space","A measurable flow exists for a singular linear Cauchy problem under extended DiPerna-Lions conditions. The conditions require the divergence of b to be bounded, b to have locally bounded variation, and b over one plus absolute x to be in a sum of bounded and integrable function s"
niche_pde,,BV solutions to scalar conservation laws,Kruzhkov / BV theory,1,3,"Top-3 includes relevant information on weak solutions and bounded variation, but top-1 is not a direct match.",The entropy solution of the scalar conservation law has bounded variation over the specified time and space domain.,The theorem establishes the existence and properties of a solution to a boundary value problem for a scalar conservation law. The solution coincides with the gluing of Lax solutions for Riemann problems when initial and boundary data are piecewise constant. The range of the solut,"For any bounded initial data, there exists a unique admissible weak solution to the scalar conservation law. The solution is continuous in time with values in locally integrable functions. It also remains bounded for all positive times and spatial positions."
niche_pde,,Kruzhkov entropy condition,Kruzhkov entropy,1,3,"A clear match appears in top-3 but not at rank 1, relevant to Kruzhkov entropy.",A weak solution u to a conservation law satisfies an entropy inequality for the Kruzkov entropy pair. This holds under certain regularity assumptions on the solution and the flux function. The initial data is also bounded and integrable. The inequality involves integrals of the e,"For a given entropy solution to a Cauchy problem, define an entropy function as the absolute difference from a fixed real value. The corresponding flux function is defined using the sign function and the original flux evaluated at the solution and the fixed value. This pair satis","The adapted Kruzkov entropy is defined as the absolute difference between u and a function c_alpha of x. Its corresponding flux involves the sign of that difference and a function B. Under an assumption about the sign function at discontinuities, this entropy-flux pair satisfies "
niche_pde,,vanishing viscosity limit,vanishing viscosity,1,2,"A clear match appears in top-2 but not at rank 1, addressing vanishing viscosity limit.","The inviscid limit theorem states that for gradient flow solutions with initial data in a certain domain, the solutions with positive viscosity converge to the solution with zero viscosity. This convergence occurs in the space of probability measures with finite second moments. T",The vanishing viscosity limit is a distributional solution to the given system. The velocity component satisfies an entropy condition where its right-hand limit is less than or equal to its left-hand limit at any point.,"The contraction result from a referenced theorem applies to functions derived from a specific class of data. This holds in the limit as the viscosity parameter approaches zero. The functions are defined with parameters for density, viscosity, and another variable. The result is v"
niche_diff_geom,,Cheeger inequality,Cheeger constant and spectrum,2,1,Top-1 directly addresses the Cheeger constant and its relation to the spectrum.,The Cheeger constant is at most the smallest eigenvalue of the normalized Laplacian.,The Cheeger constant is bounded below and above by positive constants times the minimum nonzero eigenvalue of the Laplacian.,"The Cheeger constant squared is at most the spectral gap, which in turn is at most the Cheeger constant. These inequalities hold up to constant factors for any undirected graph and any probability distribution on its vertices. The result relates the graph's connectivity to its sp"
niche_diff_geom,,Cheeger-Gromoll splitting theorem,Cheeger-Gromoll splitting,2,1,"Top-1 is a clear, on-target match for the Cheeger-Gromoll splitting theorem.",A complete Riemannian manifold with nonnegative Ricci curvature that contains a line must be isometric to the product of the real line and another manifold. The second factor is an n minus one dimensional manifold which also has nonnegative Ricci curvature. This result is known a,"An open n-manifold with nonnegative Ricci curvature that contains a line splits isometrically as the product of the real line and another manifold. The splitting is a metric product, meaning the manifold is isometric to R cross N. The manifold N is an n-1 dimensional manifold wit",A complete Riemannian manifold with nonnegative sectional curvature that contains a line splits isometrically as a product. The product consists of a Euclidean factor and another complete Riemannian manifold. The second factor does not contain any lines. This result is known as t
niche_diff_geom,,Hamilton Ricci flow short-time existence,Ricci flow short-time existence,2,1,Top-1 directly addresses short-time existence of Ricci flow solutions.,The Ricci flow equation has a solution for a short time on any compact Riemannian manifold. This holds for any initial metric specified at time zero. The result guarantees the existence of a solution under these conditions.,"Given a complete Riemannian manifold with bounded initial curvature, a unique Ricci flow exists for a short time. The flow starts from the initial metric and maintains bounded curvature and completeness. The existence time depends only on the dimension and initial curvature bound","Given a smooth compact Riemannian manifold with an initial metric, there exists a unique smooth solution to the Ricci flow equation starting from that metric. This solution is defined for a short time interval. The result holds without any additional curvature assumptions."
niche_diff_geom,,Perelman entropy,Perelman F and W functionals,1,3,A clear match appears in top-3 but not at rank 1.,"If the Perelman entropy is finite, then a certain integral inequality holds. The inequality relates the integral of the gradient and scalar curvature terms to the entropy and a logarithmic term. This applies to any compactly supported Lipschitz function with unit L2 norm. The res","On a complete Riemannian manifold with bounded curvature, the Perelman entropy at a positive time is non-positive. Equality occurs if and only if the manifold is isometric to Euclidean space.",A closed manifold with Ricci curvature bounded below has a non-positive Perelman entropy functional for all time. The time derivative of this functional is non-positive and given by an integral expression. The derivative is strictly negative unless the manifold is Einstein with R
niche_diff_geom,,Perelman no local collapsing,Perelman no local collapsing,1,2,A clear match appears in top-3 but not at rank 1.,Perelman proved that no three-dimensional complete noncompact gradient shrinking soliton exists which is kappa-noncollapsed and has bounded positive sectional curvature.,Perelman's result states that no three-dimensional complete noncompact gradient shrinking soliton exists which is both kappa-noncollapsed and has bounded positive sectional curvature.,Perelman showed that a three-dimensional noncollapsing gradient shrinking Ricci soliton with positive and bounded sectional curvature is necessarily compact.
niche_diff_geom,,Hamilton-Ivey curvature pinching,Hamilton-Ivey,1,2,"A clear match appears in top-3 but not at rank 1, focusing on curvature pinching under Ricci flow.","Hamilton's theorem states that for a Ricci flow invariant curvature cone in dimensions at least two, if a compact manifold starts with nonnegative curvature relative to that cone, then the curvature remains nonnegative under the Ricci flow for as long as the flow exists.","A pinching condition on curvature terms holds initially if the squared norms of two tensors are bounded by a scaled squared norm of a third tensor. This inequality involves a positive constant and a dimension-dependent factor. Under Ricci flow, this condition persists for all fut",A solution to the mean curvature flow satisfies a pinching condition on the norm of the second fundamental form relative to the mean curvature and a curvature term at the initial time. This condition persists for the entire duration of the solution's existence. The specific inequ
niche_diff_geom,,Reilly formula,Reilly formula,2,1,"Top-1 is a clear, on-target match for the Reilly formula.",The Reilly formula relates integrals involving a differential form on a domain. It expresses the sum of the squared norms of the exterior derivative and codifferential as a bulk term plus boundary integrals. The bulk term includes the squared norm of the covariant derivative and ,The Reilly formula for a conformally Euclidean metric relates the integral of the squared Laplacian of a function over a domain to several other integrals. It involves a bulk term with a squared norm of a tensor expression and a term depending on the potential's Laplacian and gra,"Reilly's formula relates integrals over a compact manifold and its boundary pieces. It equates zero to a sum of interior and boundary terms involving curvature and derivatives of a function. The interior includes the Ricci tensor, Laplacian, and Hessian squared of the function. E"
niche_diff_geom,,Bochner formula,Bochner identity for Laplacian on differential forms,0,,"Top results discuss Bochner formula but focus on functions, not differential forms.","The Bochner formula relates the connection Laplacian of an endomorphism-valued p-form to the Hodge Laplacian plus curvature terms. For a general p-form, it involves the Riemann curvature tensor and the curvature of the connection. For a 1-form, the formula includes the Ricci curv","The Bochner formula relates the Laplacian of the squared norm of the gradient of a function to the squared norm of its Hessian, the inner product of the gradient with the gradient of its Laplacian, and the Ricci curvature evaluated on the gradient. It holds for smooth functions o",The Bochner formula for smooth functions relates the Laplacian of the squared gradient norm minus the derivative of the Laplacian along the gradient to the infinite-dimensional Ricci curvature and the Hessian norm squared. This holds on the set where the differential is nonzero. 
niche_diff_geom,,Weitzenböck identity,Weitzenböck,1,3,"A clear match appears in top-3 but not at rank 1, discussing the Weitzenböck identity.","The Weitzenbock formula expresses the Laplacian as the sum of two operators: one built from the covariant derivative and its adjoint, and another operator H. The operator H is defined as the sum of T composed with its adjoint and the adjoint composed with T. For compactly support",The Weitzenbock formula relates the negative adjoint of a covariant derivative to a Lichnerowicz Laplacian and a Lie derivative term. It applies to any metric in a specified space and smooth symmetric two-tensor fields. The identity involves the divergence of the deformation oper,The Weitzenbock formula relates the Hodge Laplacian to the connection Laplacian plus a curvature term. It applies to any differential k-form on a Riemannian manifold. The curvature term involves the Riemann curvature tensor acting on the form. This identity is fundamental in geom
niche_diff_geom,,Hodge decomposition,Hodge decomposition theorem,2,1,Top-1 directly describes the Hodge decomposition theorem clearly and accurately.,"The Hodge decomposition theorem states that the space of differential forms on a manifold decomposes into three orthogonal subspaces. These subspaces consist of harmonic forms, exact forms, and co-exact forms. The direct sum of these subspaces equals the entire space of different","Hodge decomposition states that the space of p-forms is an orthogonal direct sum of three subspaces. These subspaces are the image of the exterior derivative on p+1-forms, the image of the codifferential on p-1-forms, and the space of harmonic p-forms. The decomposition is orthog","The Hodge decomposition states that the space of square-integrable k-forms splits orthogonally into three parts. These parts are the image of the exterior derivative on (k-1)-forms, the kernel of the Hodge Laplacian on k-forms, and the image of the codifferential on (k+1)-forms. "
niche_diff_geom,,Hodge star operator,Hodge star,1,3,A clear match appears in top-3 but not at rank 1.,The Hodge star operator on R^n minus one composed with restriction to x_n equals zero and the inverse Hodge star on R^n equals negative one raised to the power of k plus one times the restriction composed with interior multiplication by the partial derivative with respect to x_n.,The Hodge star operator applied to a form equals the interior product of the form's sharp with the volume form. The Hodge star commutes with exterior multiplication by a one-form up to a sign and an interior product. The adjoint of exterior multiplication by a one-form is the neg,The Hodge-star operator maps a p-form to a unique (n-p)-form. This operator is defined by an inner product condition involving integration. The inner product of two p-forms equals the integral of the wedge product of one form with the Hodge-star of the other. This defines the Hod
niche_diff_geom,,Chern-Weil theory,Chern-Weil construction of characteristic classes,1,3,"A clear match appears in top-3 but not at rank 1, focusing on Chern-Weil forms and their properties.",Chern-Weil classes correspond to invariant polynomials applied to the curvature of a connection on a principal bundle. These classes are represented by closed differential forms constructed from the curvature. They provide explicit representatives for the cohomology classes descr,The k-th Chern-Weil form for a connection and metric is equal to the k-th Chern form for that connection and metric.,The Chern-Weil map applied to the Chern character yields a differential form. This form satisfies that its pullback under a specific map equals the Chern character of another bundle.
niche_diff_geom,,Pontryagin classes,Pontryagin characteristic classes,1,3,"A clear match appears in top-3 but not at rank 1, discussing Pontryagin classes in relevant contexts.",A smooth complete intersection in projective space has Pontryagin numbers that are integral multiples of powers of the fundamental class.,The Chow-Witt ring of the classifying space for the symplectic group over a perfect field of characteristic not two is isomorphic to the Grothendieck-Witt ring with adjoined Pontryagin classes. These Pontryagin classes have degrees twice their index. They are uniquely defined by ,The Euler class and Pontryagin classes of a tensor product of line bundles are contained in the image of a polynomial ring map. The ring is generated by squared elementary symmetric polynomials. The result holds under conditions on the base field characteristic relative to given 
niche_diff_geom,,Stiefel-Whitney classes,Stiefel-Whitney classes,1,3,"A clear match appears in top-3 but not at rank 1, providing relevant information about Stiefel-Whitney classes.","For every integer m at least 1 and every integer j between 1 and m, the Stiefel-Whitney class of lambda m infinity at degree 2 to the m minus 1 equals D m 0. Also, the Stiefel-Whitney class of mu m infinity at j at degree 2 to the m minus j equals V m m minus j.","The theorem gives a formula for the Stiefel-Whitney class of a symmetrized tensor power of a real vector bundle. The expression involves two sums over indices related to the bundle's dimension and a given integer. The first sum uses a tensor product of Stiefel-Whitney classes, wh",The total Stiefel-Whitney class of the vector bundle nu sub 2 to the m is given by one plus the sum of Dickson invariants d sub m comma m minus 1 through d sub m comma 0. The i-th Stiefel-Whitney class is zero for indices not equal to zero or of the form 2 to the m minus 2 to the
niche_diff_geom,,Chern classes of tangent bundle of CP^n,c(TCP^n) = (1+H)^{n+1},2,1,Top-1 directly matches the query about Chern classes of the tangent bundle of CP^n.,The total Chern class of the tangent bundle of n-dimensional complex projective space equals (1 plus the first Chern class of the dual tautological line bundle) raised to the power of n plus one.,The total Chern class of the tangent bundle of complex projective space is given by raising one plus the first Chern class of the dual tautological bundle to the power of n plus one. This formula expresses the Chern class in terms of the dual tautological line bundle. The result ,The pushforward under the structure map of the product of the first Chern class to the n-th power with the n-th tangent space class equals the class defined by P_n and M_n. This result holds for projective n-space with the given line bundle. The classes T_n and L_n are as defined
niche_algebra,,Maschke theorem,Maschke: char(k) doesn't divide |G| ⇒ kG is semisimple,2,1,Top-1 directly states the theorem's condition and conclusion clearly.,"Maschke's Theorem states that for a finite group and a field whose characteristic does not divide the group's order, the group algebra is semisimple.",Maschke's theorem states that every finite-dimensional representation of a finite group decomposes into a direct sum of irreducible representations. This holds over fields whose characteristic does not divide the order of the group. The result implies that such representations ar,"Maschke's Theorem states that for a finite group G and a nonzero G-module V, the module V can be decomposed as a direct sum of irreducible G-submodules. Each irreducible submodule is invariant under the group action. This decomposition holds when the characteristic of the field d"
niche_algebra,,Schur orthogonality,Schur orthogonality relations,2,1,Top-1 directly explains Schur orthogonality relations clearly and accurately.,"Schur's orthogonality relations state that matrix coefficients of inequivalent irreducible unitary representations are orthogonal. The inner product of coefficients from the same representation equals zero unless the indices match, in which case it is the reciprocal of the repres",The characters of irreducible representations of a finite group are orthonormal. The expected value of the product of a character with the conjugate of another is one if they are the same and zero otherwise. These characters form an orthonormal basis for all class functions on th,"Schur's orthogonality relations state that for a compact group with Haar measure, the matrix elements of two inequivalent irreducible unitary representations are orthogonal when integrated over the group. Specifically, the integral of the product of a matrix element from one repr"
niche_algebra,,Frobenius reciprocity,induction-restriction adjunction,2,1,Top-1 directly explains Frobenius reciprocity and its relation to induction-restriction adjunction.,"Frobenius reciprocity states that for a subgroup H of a group G, the multiplicity of an irreducible representation of H in the restriction of an irreducible representation of G equals the multiplicity of that representation of G in the induction of the irreducible representation ",The Frobenius reciprocity theorem relates induced and restricted representations. The inner product of an induced representation and another representation in the larger group equals the inner product of the original representation and the restricted representation in the subgrou,Frobenius reciprocity states that homomorphisms from a representation to an induced representation correspond to homomorphisms from the restricted representation to the original one. A dual version relates homomorphisms from a compactly induced representation to the contragredien
niche_algebra,,Mackey formula,Mackey formula for double cosets,1,2,"Top-3 includes relevant information about the Mackey formula, but not in the first position.",The theorem provides an integration formula for a unimodular locally compact group. It expresses the integral of a compactly supported continuous function over the group in terms of a double coset decomposition. The formula involves summing over double cosets of two given open co,"The theorem states that for any character in the dual group and any measurable subset of the irreducible representations, a specific equality holds.","The theorem establishes the existence of computable real analytic elementary functions defined on certain sets. It states that for smooth compactly supported functions on a group, the trace at the identity equals a sum over indices and regular elements. This sum involves integral"
niche_algebra,,Brauer's theorem on induced characters,Brauer induction,1,2,"Top-3 includes relevant information on Brauer's theorem and induced characters, but top-1 is not a clear match.","Brauer's theorem states that for a finite group G, any character of a complex representation is an integer linear combination of characters induced from one-dimensional representations of subgroups. Each such induced character comes from including a subgroup into G. The theorem s","If p is a prime, G is a finite group, and P is a Sylow p-subgroup of G, then the induced character of the trivial character of P is expressed as a sum over irreducible Brauer characters. The coefficients in this sum are given by the degree of the projective indecomposable charact",The theorem describes an isomorphism for induced modules. It relates the Brauer construction of an induced module to a direct sum over double cosets. The sum is taken over coset representatives satisfying a containment condition. Each summand is an induced module from a conjugate
niche_algebra,,Burnside p^a q^b theorem,Burnside p^a q^b solvability,1,4,"A clear match appears in top-3, specifically about solvability of groups with order p^a q^b.","Given primes p and q at least 3, with q dividing p minus 1, and distinct elements a, b and c, d each of order q in the multiplicative group modulo p, if A has trivial p-torsion, then the Burnside rings of the groups G(a,b) and G(c,d) are isomorphic.","If a group is both p-solvable and q-solvable, then Conjectures B and C hold.","If G is both p-solvable and q-solvable, and the set of irreducible characters in the principal p-block of G equals the set in the principal q-block of G, then neither p nor q divides the order of G."
niche_algebra,,Feit-Thompson theorem,Feit-Thompson odd order,1,3,"A clear match appears in top-3 but not at rank 1, focusing on the theorem's application to groups.","Feit's theorem classifies subgroups H of the symmetric group on p elements that contain the cyclic group of order p, where p is prime. It states that a minimal normal subgroup S of H is simple, and the normalizer N of S in the symmetric group has cyclic quotient N over S. The pos",Feit's conjecture holds for any finite group with abelian Sylow 2-subgroups.,The theorem applies to the groups specified in its own statements regarding sporadic and alternating groups.
niche_algebra,,classification of finite simple groups,CFSG,2,1,"Top-1 provides a clear, comprehensive classification of finite simple groups, directly addressing the query.","Finite simple groups are classified into four infinite families and twenty-six sporadic groups. The infinite families are cyclic groups of prime order, alternating groups of degree at least five, groups of Lie type, and the Tits group. The twenty-six sporadic groups do not fit in","Every finite simple group is isomorphic to one of four types: a cyclic group, an alternating group of degree at least five, a group of Lie type, or one of 27 sporadic groups. The Tits group is included among the sporadic groups. This classification provides a complete list of all","Every finite simple group is either an alternating group of degree at least five, a finite simple group of Lie type including the Tits group, or one of the twenty-six sporadic simple groups."
niche_algebra,,Tits alternative,Tits alternative,2,1,"Top-1 is a clear, on-target match for the Tits alternative in group theory.",The Tits alternative states that any subgroup of the general linear group over a vector space is either virtually solvable or contains a non-commutative free subgroup.,A finitely generated linear group is either virtually solvable or contains a nonabelian free subgroup. This result is known as the Tits alternative. It provides a fundamental dichotomy for such groups. The theorem has important consequences in geometric group theory.,A poly-free group satisfies the Tits alternative. Every nontrivial subgroup is either polycyclic or contains a nonabelian free subgroup.
niche_algebra,,Jordan-Chevalley decomposition,Jordan-Chevalley,2,1,Top-1 directly describes the Jordan-Chevalley decomposition clearly and accurately.,A matrix with a minimal polynomial that is a power of an irreducible separable polynomial has a unique decomposition into a semisimple part and a nilpotent part. The semisimple and nilpotent parts commute with each other. Both parts are polynomials in the original matrix. This de,An endomorphism with a split characteristic polynomial can be uniquely decomposed into a sum of two commuting endomorphisms. One part is diagonalizable and the other is nilpotent. Both components belong to the polynomial algebra generated by the original endomorphism. This decomp,Every linear map on a finite-dimensional complex vector space decomposes uniquely into a sum of a semisimple map and a nilpotent map. The semisimple and nilpotent parts commute with each other and with the original map. Both components can be written as polynomials in the origina
niche_algebra,,Levi decomposition,Levi decomposition of Lie algebra,2,1,Top-1 directly explains Levi decomposition of Lie algebras clearly and accurately.,"A finite-dimensional Lie algebra over the real numbers can be fully decomposed. This decomposition breaks it into simpler, solvable and semisimple parts. The result is a direct sum of these components. This structure is known as the Levi decomposition.",A Leibniz algebra L decomposes as the direct sum of a complete solvable ideal R and the special linear Lie algebra sl2. This decomposition is known as the Levi decomposition. The ideal R is described by a referenced theorem. The algebra L is therefore the direct sum of these two ,"A finite-dimensional Lie algebra over an algebraically closed field of characteristic zero can be fully decomposed. This decomposition breaks the algebra into simpler, solvable and semisimple parts. The result is a direct sum of these components. This structure is known as the Le"
niche_algebra,,Weyl character formula,Weyl character formula,2,1,"Top-1 is a clear, on-target match for the Weyl character formula.","The Weyl character formula expresses the character of an irreducible finite dimensional highest weight module. The character equals the quotient of two sums over the Weyl group. The numerator involves the sum over group elements with sign, applied to the highest weight plus a spe",The Weyl character formula gives the character of an irreducible finite-dimensional representation for a dominant weight. The numerator is an alternating sum over the Weyl group of terms involving the weight shifted by the Weyl vector. The denominator is the Weyl denominator. The,The Weyl character formula expresses the character of an irreducible finite-dimensional representation of a semisimple simply connected Lie group in terms of its highest weight. The numerator is an alternating sum over the Weyl group of exponentials applied to the shifted highest
niche_algebra,,Weyl integration formula,Weyl integration formula on compact Lie groups,2,1,Top-1 directly explains the Weyl integration formula for compact Lie groups.,The Weyl Integration Formula expresses the integral of a function over a compact Lie group as an average over its maximal torus. It relates the Haar integral on the group to an integral on the torus weighted by the square of the Weyl denominator. The function on the torus is defi,"The Weyl integration formula expresses the integral of a function over a compact Lie group as an integral over a maximal torus. The formula involves a determinant factor related to the adjoint representation. For simply connected groups, this determinant equals the squared modulu",The Weyl integration formula applies to a simply connected compact Lie group. It expresses the integral of a continuous class function over the group using a maximal torus. The formula relates the group's Haar measure to the torus's Haar measure. The integrand includes a factor i
niche_algebra,,Borel-Weil theorem,Borel-Weil construction of irreps,2,1,Top-1 directly addresses the Borel-Weil theorem and its application to irreducible representations.,"The Borel-Weil theorem states that for a dominant integral weight, the space of global sections of a certain line bundle over the flag variety is isomorphic to the dual of the irreducible representation with that highest weight. For weights that are not dominant, the space of glo","The Borel-Weil theorem states that for a positive integer t, the space of global sections of a certain line bundle on a flag variety is isomorphic to the irreducible finite-dimensional representation of a Lie algebra with highest weight t minus one. This isomorphism holds as modu",The Borel-Weil theorem states that an irreducible representation with a given highest weight can be realized as the space of sections of a line bundle over the flag variety. This line bundle is constructed from the Borel subgroup of negative roots acting on the highest weight spa
niche_algebra,,Borel-Weil-Bott theorem,Borel-Weil-Bott on cohomology of line bundles on G/B,2,1,"Top-1 directly addresses cohomology of line bundles on G/B, matching the search intent perfectly.","The Borel-Weil-Bott theorem describes the cohomology of line bundles on a flag variety. For a given weight, the cohomology is nonzero in exactly one degree. In that degree, it is isomorphic to the dual of a specific irreducible representation. In all other degrees, the cohomology","The Borel-Weil-Bott theorem describes the cohomology of line bundles on the flag variety G/B. If minus the weight is dominant, the zeroth cohomology is an irreducible representation with that lowest weight, and all higher cohomology vanishes. If minus the weight is not dominant a","The Borel-Weil-Bott theorem states that for certain vector bundles built from Weyl modules, only one cohomology group is non-zero. This cohomology appears in a specific dimension determined by the number of elementary transformations needed. If a weight can be transformed into a "
niche_algebra,,Kashiwara's theorem on holonomic D-modules,Kashiwara on D-modules,1,2,"A clear match appears in top-3, specifically regarding holonomic D-modules and their properties.",There exists a holonomic D-module that satisfies three specified conditions.,A coherent D-module is holonomic precisely when its derived de Rham complex has nonzero cohomology only in degree zero.,"Under certain conditions on holonomic D-modules, if two K-Betti structures agree on the complement of a divisor, then they are identical everywhere."
niche_algebra,,Beilinson-Bernstein localization,BB localization,2,1,"Top-1 is a clear, on-target match for Beilinson-Bernstein localization.","The Beilinson-Bernstein theorem establishes an isomorphism between a localization of the universal enveloping algebra and global sections of a certain sheaf. For dominant and regular weights, it provides an equivalence of categories between modules over this algebra and quasi-coh",The Beilinson-Bernstein theorem establishes an equivalence of categories for dominant regular weights. The localization functor sends modules over a universal enveloping algebra to twisted differential operator modules. The global sections functor provides the inverse equivalence,"The Beilinson-Bernstein localization theorem states that for an antidominant weight, the global sections and localization functors are inverse equivalences. This implies the category of modules over the universal enveloping algebra is equivalent to the category of twisted D-modul"
concrete_object,,icosahedral group is A_5,rotational symmetries of icosahedron = A_5,1,3,"Top-3 includes relevant information about A5 and icosahedral symmetries, but top-1 is not a direct match.",The automorphism group of the edge graph of a regular icosahedron is isomorphic to the alternating group on five elements.,The icosahedron is distance transitive for a group G acting on it only if G is either the full automorphism group S2 times A5 or the subgroup A5. It is not two-arc transitive under any such group action.,The icosahedral symmetry group A5 is isomorphic to a subgroup H of PGL2(C). There exists a unique minimal group BH contained in SL2(C). This group BH is the binary icosahedral group.
concrete_object,,PSL_2(F_5) is isomorphic to A_5,PSL_2(5) = A_5,1,4,"A clear match appears in top-3 but not at rank 1, specifically in rank 4.","If a group G is in the set S(2,5,5), then G is isomorphic to the alternating group A5.","Every action of the alternating group A5, which is isomorphic to the projective special linear group PSL2 of order 4, on a finite contractible 2-complex results in a fixed point.",The automorphism group of A is isomorphic to the symmetric group on five elements.
concrete_object,,monster group order,|M| ≈ 8 × 10^53,2,1,"Top-1 provides the exact order of the Monster group, directly addressing the searcher's intent.","The order of the Monster group is a very large integer. It equals 808,017,424,794,512,875,886,459,904,961,710,757,005,754,368,000,000,000. This number factors into primes raised to specific exponents. The prime factors include 2 to the 46th, 3 to the 20th, and many others up to 7",The Monster is a simple group. It is the largest sporadic finite simple group. Its order is extremely large. The Monster group has a unique structure among finite groups.,"The automorphism group of the monster vertex algebra has an order divisible by a large product of prime powers. The primes involved are 2, 3, 5, 7, 11, 13, 23, 29, 31, 41, 47, 59, and 71. The exponents range from 1 to 46, with the highest exponent for the prime 2. This divisibili"
concrete_object,,monstrous moonshine,monstrous moonshine,2,1,Top-1 directly addresses the concept of monstrous moonshine.,The automorphism group of the Moonshine module is the Monster group.,The automorphism group of the Moonshine module is the Monster simple group.,The monster vertex algebra and the moonshine module are isomorphic.
concrete_object,,Leech lattice,Leech lattice in 24 dimensions,2,1,Top-1 directly addresses the Leech lattice's properties in 24 dimensions.,The Leech lattice is an even unimodular lattice with no vectors of squared length two. It is unique up to isometry.,Leech lattices exist.,The described lattice is isometric to the complex Leech lattice.
concrete_object,,E8 lattice,E_8 root lattice,2,1,"Top-1 directly describes the E8 root lattice, matching the search intent perfectly.",The theorem applies to the group E8.,The E8 root lattice is the densest possible lattice packing in eight-dimensional Euclidean space. This lattice achieves the highest possible density for sphere packings in eight dimensions. Its optimality is unique up to scaling and rotations. No other lattice arrangement can ach,The E8 root lattice is the densest possible lattice packing in eight-dimensional Euclidean space. This property holds uniquely up to scaling and rigid motions. No other lattice arrangement achieves a higher packing density in eight dimensions.
concrete_object,,ADE classification,ADE Dynkin diagrams classification,1,2,"A clear match appears in top-3 but not at rank 1, specifically about Dynkin diagrams and ADE classification.",The conjecture holds for ADE singularities.,"Finite type quivers correspond precisely to the simply laced Dynkin diagrams of ADE type. These diagrams classify the quivers that have only finitely many isomorphism classes of indecomposable representations. The ADE classification includes the Dynkin diagrams A_n, D_n, E_6, E_7",The conjecture regarding the dual tangent space is valid in ADE type.
concrete_object,,Dynkin diagrams classification,Dynkin diagrams classify simple Lie algebras,2,1,Top-1 directly addresses the classification of Dynkin diagrams for simple Lie algebras.,"Every connected component of a Dynkin diagram belongs to a specific classification. The possible types are A sub n, B sub n, C sub n, D sub n, E sub 6, E sub 7, E sub 8, F sub 4, or G sub 2. This classification is exhaustive for the connected components.",The set S(Dynkin) contains the Dynkin diagrams from a specific list. These diagrams are illustrated in a provided figure. The figure includes all simple Dynkin diagrams. The diagrams are classified by their graphical structure.,Dynkin diagrams for indecomposable generalized Cartan matrices of finite type are exactly the ones listed in the referenced table.
concrete_object,,Coxeter group,Coxeter groups,2,1,"Top-1 provides a clear and comprehensive explanation of Coxeter groups, directly addressing the search intent.","Every finite Coxeter group can be represented as a finite reflection group. Conversely, every finite reflection group can be presented as a Coxeter group. This establishes a fundamental equivalence between these two types of groups. The result connects abstract group presentation","A finite Coxeter group is equivalent to a finite real reflection group. This means that any finite group generated by reflections in a real vector space is a Coxeter group. Conversely, every finite Coxeter group can be realized as such a reflection group. The theorem establishes ","The group G_gen is a Coxeter system with generating set Sigma. The generators are involutions, meaning each sigma squared equals one. For certain pairs of generators, the product of two distinct generators squared also equals one. These generators and relations form a complete pr"
concrete_object,,Tits building,Tits buildings,2,1,"Top-1 is a clear, on-target match discussing Tits buildings in detail.",The structure is a spherical Tits building. It consists of a simplicial complex and a set of apartments. Each apartment is a Coxeter complex of spherical type. The axioms of a building are satisfied.,"A building with a strongly transitive group action yields a Tits system from a Borel subgroup and normalizer. Conversely, any Tits system in a group defines a building structure using cosets of the Borel subgroup. The equivalence relation on chambers is determined by equality of ",The Tits boundary of a Euclidean building is a spherical building.
concrete_object,,fundamental group of trefoil knot,knot group of trefoil,2,1,Top-1 directly addresses the fundamental group of the trefoil knot complement.,"A surjective homomorphism from the fundamental group of a knot complement to a Euclidean triangle group implies the knot is the trefoil. The Euclidean triple must be a permutation of (2,3,6). The manifold in question is the complement of the trefoil knot. This result holds only f",The fundamental group of the trefoil knot complement is the braid group on three strands. Certain elements conjugate to a specific product involving the generators are generalized 3-torsion elements. These elements satisfy a condition where a power is conjugate to the identity. T,The three-strand braid group is isomorphic to the fundamental group of the complement of the trefoil knot. This means the group of three-strand braids has the same structure as the group of loops around the trefoil knot's exterior. The trefoil knot is the simplest nontrivial knot
concrete_object,,Alexander polynomial of the trefoil,Alexander polynomial of 3_1,0,,Only tangentially related; nothing in top-3 directly answers the specific query about the Alexander polynomial of the trefoil knot.,A knot's Alexander polynomial can be expressed using a specific Laurent polynomial. The formula relates the Alexander polynomial to another polynomial through a product. This product includes factors of one minus t and one minus t cubed. The identity holds for any knot.,"The Alexander polynomial for a knot exterior in the three-sphere minus the knot relates to Reidemeister torsion. For the trivial representation, the torsion equals the Alexander polynomial divided by t minus one. For a non-trivial acyclic representation, the torsion equals the tw",The corresponding link invariant is the Alexander polynomial.
concrete_object,,Jones polynomial of the unknot,Jones polynomial of unknot is 1,1,3,"A clear match appears in top-3, specifically stating the unknot's polynomial equals one.",The Jones polynomial of the unlink evaluates to zero.,A classical knot with unknotting number one has a Jones polynomial equal to one.,The unknot is characterized by its polynomial invariant equaling one.
concrete_object,,HOMFLY polynomial,HOMFLY-PT polynomial,1,2,"Top-3 includes relevant information about the HOMFLY polynomial, but not specifically the HOMFLY-PT polynomial.",The HOMFLY polynomial is an isotopy invariant for oriented links. It takes values in the ring of Laurent polynomials in two variables. The polynomial satisfies a specific skein relation involving three link diagrams that differ at a single crossing. Its value on the unknot is def,"The HOMFLY polynomial is a two-variable Laurent polynomial with integer coefficients assigned to oriented link diagrams. It is invariant under ambient isotopy and satisfies a specific skein relation involving positive, negative, and smoothed crossings. For the unknot, the polynom","The HOMFLY polynomial is a unique invariant for oriented links, assigning a two-variable Laurent polynomial with integer coefficients to each link diagram. It remains unchanged under ambient isotopy of the link. The polynomial satisfies a specific skein relation involving positiv"
concrete_object,,Khovanov homology,Khovanov homology of knots,1,2,"Top-3 includes relevant information about Khovanov homology, but top-1 is not a direct match.",Khovanov homology is an invariant of an oriented link. It is computed from a link diagram using a cohomology theory. The invariant is isomorphic to a shifted and twisted version of the cohomology of the diagram. The shifts depend on the number of positive and negative crossings i,Khovanov proved that the homology of a specific complex is a graded vector space. This homology depends only on the knot itself. It matches the triply graded homology defined by Khovanov and Rozansky.,"Khovanov homology is well-defined for links in the three-sphere, independent of the diagram chosen. The isomorphism induced by Reidemeister moves is canonical. For a smooth cobordism between two links, the induced map on Khovanov homology depends only on the isotopy class of the "
concrete_object,,Heegaard Floer homology,Heegaard Floer homology,1,3,"A clear match appears in top-3 but not at rank 1, providing relevant information on Heegaard Floer homology.","Given a Spin^c structure s on Y with projection s1 times s2, the Heegaard Floer homology group HF-hat(Y,s) is expressed as a pairing involving p0 of HF-hat(M0,s0) and a specific element alpha_s multiplied by p1-bar of HF-hat(M1,s1) in T-bar_Y. The relative Z/2 grading for a gener","For a negative definite 4-manifold with rational homology sphere boundary, the map from the hat Heegaard Floer homology of the 3-sphere to that of the boundary is nontrivial for any spin-c structure extending over the manifold. The hat Heegaard Floer homology of the 3-sphere is g",The chain complex for a 3-manifold has homology isomorphic to Heegaard Floer homology. This homology is an invariant of the 3-manifold.
concrete_object,,Donaldson invariants,Donaldson invariants of 4-manifolds,2,1,Top-1 directly addresses Donaldson invariants of 4-manifolds with relevant mathematical details.,"For a smooth, oriented manifold with first Betti number zero, the Donaldson invariant is expressed as a sum over characteristic classes. Each term in the sum involves the Seiberg-Witten invariant of a spin-c structure and a universal function. The universal function depends on th","For a closed, connected, oriented smooth four-manifold with specific Betti number conditions, the Donaldson invariant is expressed as a sum over Spin-c structures. Each term involves the Seiberg-Witten invariant and a polynomial in the first Chern class and a given cohomology cla","For a four-manifold X with certain cohomological conditions, the Donaldson invariant D^w_X(z) vanishes when the degree delta is less than two specified indices. When delta equals one index and is less than the other, the invariant is expressed as a sum over spin-c structures invo"
concrete_object,,Seiberg-Witten invariants,Seiberg-Witten invariants,1,4,"Top-3 includes relevant information about Seiberg-Witten invariants, but top-1 is not a clear match.","For an oriented, closed 4-manifold with positive second Betti number, the Seiberg-Witten moduli space is a smooth, closed submanifold under a generic metric and perturbation. Its dimension is given by a formula involving the first Chern class of the determinant line bundle, the s","Given a map p from X to Y with nontrivial Euler class, where Y has first Betti number 2 and X is symplectic with canonical class K, the Seiberg-Witten invariant for the twisted spin-c structure is nonzero. If a spin-c structure pulled back from Y has nonzero Seiberg-Witten invari","The theorem expresses a cobordism invariant in terms of Seiberg-Witten invariants and coefficients derived from characteristic numbers. It involves a sum over certain classes K in the set B'(X), with contributions weighted by a sign factor depending on w and K. The coefficients a"
concrete_object,,Gromov-Witten invariants,Gromov-Witten invariants,2,1,"Top-1 is a clear, on-target match for Gromov-Witten invariants.","The Gromov-Witten invariant for a set of cohomology classes and a homology class equals the pushforward of the virtual fundamental class of a moduli space of stable maps, multiplied by the product of the remaining classes. This relation holds for any number of classes from zero u",The theorem relates Gromov-Witten invariants for a compact symplectic manifold under certain conditions. It expresses an invariant with specific insertions as a sum over subsets of a given index set. Each term in the sum involves a product of binomial coefficients and another Gro,"The Gromov-Witten invariant is independent of the choice of regular pair used for its computation. It also does not depend on the specific projective embedding of the moduli space of curves. Furthermore, the invariant remains unchanged under isotopy of the symplectic form."
concrete_object,,Picard group of P^n,Pic(P^n) = Z,1,2,"A clear match appears in top-3, specifically about the Picard group being isomorphic to integers.",The Picard group of the variety has rank n.,The Picard group of projective n-space is isomorphic to the integers. The class group of projective n-space is also isomorphic to the integers. These two groups are equal.,The Picard group of projective n-space is isomorphic to the integers. The class group of projective n-space is also isomorphic to the integers. These two groups are equal.
concrete_object,,fundamental group of S^1 is Z,π_1(S^1) = Z,2,1,"Top-1 directly states the fundamental group of S^1 is Z, matching the search intent perfectly.",The fundamental group of the circle is isomorphic to the integers.,The fundamental group of the circle is isomorphic to the integers.,The fundamental group of the circle is isomorphic to the integers.
concrete_object,,homology groups of CP^n,H_*(CP^n) = Z in even degrees up to 2n,1,4,"A clear match appears in rank 4, but not in the top position.","The homology groups of the space CP^3(S^1 x S^1) are given in degrees zero through six. H0 is the integers, H1 is the integers squared, and H2 is the integers to the fifth power. H3 is the integers to the eighth power, H4 is the integers to the fifth power, and H5 is the direct s","The homology groups of complex projective space of dimension n+1 are torsion free. The rank of the homology group in dimension n-2 is 2 to the n plus the quantity 2 to the n minus 3n minus 2, all divided by 2. For dimensions between 0 and n-3, the rank is the binomial coefficient","If a space is simply connected and its homotopy groups up to dimension n minus one belong to a class C_P, then its integral homology groups in positive dimensions less than n also belong to C_P. The Hurewicz map from the nth homotopy group to the nth homology group is a C_P-isomo"
concrete_object,,Euler characteristic of S^2,chi(S^2) = 2,2,1,"Top-1 directly states the Euler characteristic of S^2 is two, matching the searcher's intent.",A surface homeomorphic to a sphere has an Euler characteristic of two. This value is a topological invariant. It holds regardless of the specific geometric realization of the sphere.,The surface is factorial. Its Euler characteristic equals two.,"The Euler characteristic of a compact surface is at most two. If the Euler characteristic equals two, the surface is homeomorphic to a sphere."
concrete_object,,Euler characteristic of genus g surface,chi = 2-2g,2,1,Top-1 directly states the formula for the Euler characteristic of a genus g surface.,"The Euler characteristic of a genus g surface equals 2 minus 2g. This holds for any closed, orientable surface. The genus counts the number of holes in the surface. The formula connects topology and geometry.","A surface with genus g has Euler characteristic equal to 2 minus 2g. The Euler characteristic is a topological invariant. It relates the genus to the number of holes in the surface. This formula applies to closed, orientable surfaces.","A map on a surface of genus g has v vertices, e edges, and f faces. The Euler characteristic is given by v minus e plus f. This equals 2 minus 2 times g. This formula generalizes Euler's formula to surfaces with handles."
specific_prob,,Wiener process exists,construction of Brownian motion,1,3,"A clear match appears in top-3, specifically about the existence of a Brownian motion.",The Wiener sheet is a well-defined mathematical object. It represents a two-parameter generalization of Brownian motion. Its construction ensures it has continuous sample paths almost surely. The process is defined rigorously using Gaussian random fields.,"Under the given hypothesis, for any process in the specified space, the stochastic integral with respect to the Wiener process is well defined.",There exists a stochastic process with continuous sample paths that satisfies the definition of a Brownian motion.
specific_prob,,Brownian motion is nowhere differentiable,BM is a.s. nowhere differentiable,2,1,Top-1 directly addresses the nowhere differentiable property of Brownian motion.,"Brownian motion is almost surely nowhere differentiable. This means that for almost every sample path, the function does not have a derivative at any point. The path is highly irregular and lacks smoothness everywhere.","Brownian motion paths are almost surely not differentiable at any fixed time t. Moreover, for almost every sample path, the set of times where differentiability occurs has Lebesgue measure zero. This implies that Brownian motion is nowhere differentiable with probability one.","Brownian motion paths are almost surely nowhere Lipschitz continuous. Consequently, these paths are also nowhere differentiable."
specific_prob,,Brownian motion has continuous paths,Wiener / Kolmogorov continuity,2,1,"Top-1 directly addresses the continuity of Brownian motion paths, aligning perfectly with the searcher's intent.",Standard Brownian motion exists on a probability space and has continuous sample paths.,There exists a stochastic process with continuous sample paths that satisfies the definition of a Brownian motion.,"Brownian motion paths are almost surely not differentiable at any fixed time t. Moreover, for almost every sample path, the set of times where differentiability occurs has Lebesgue measure zero. This implies that Brownian motion is nowhere differentiable with probability one."
specific_prob,,law of iterated logarithm for random walks,LIL,2,1,"Top-1 directly explains the law of iterated logarithm for random walks, clearly addressing the search intent.","The law of iterated logarithms describes the almost sure asymptotic behavior of a two-sided random walk. The random walk is built from independent, identically distributed random variables with zero mean and finite variance. The upper and lower growth rates of the walk are bounde","The law of the iterated logarithm states that, almost surely, the limit superior of the normalized partial sums of a random walk is equal to the square root of two. The normalization involves dividing by the square root of n times the natural logarithm of the natural logarithm of",A random walk scaled by the square root of two n log log n has its limit inferior equal to negative one with probability one. The limit superior of the same scaled random walk equals positive one with probability one. This describes the almost sure asymptotic bounds of the random
specific_prob,,Khintchine law of iterated logarithm,LIL,1,3,"A clear match appears in top-3 but not at rank 1, providing relevant details about LIL.",The law of the iterated logarithm states that the upper limit of the absolute value of a sequence divided by the square root of twice n times the logarithm of the logarithm of n is almost surely equal to one. This result describes the asymptotic behavior of the sequence. It chara,"A functional law of the iterated logarithm holds, stating that the normalized partial sum process is relatively compact with limit set K. An upper and lower class refinement gives that the probability of exceeding a certain bound infinitely often is zero or one based on an integr","For k at least 4, the sequence X_n of k satisfies the law of the iterated logarithm. The probability that the limit supremum of the normalized deviation equals one is one. The normalization involves subtracting the mean and dividing by the standard deviation times the square root"
specific_prob,,reflection principle for Brownian motion,reflection principle,2,1,Top-1 directly explains the reflection principle for Brownian motion clearly.,"The reflection principle states that for a standard Brownian motion and a stopping time, reflecting the path after the stopping time produces another standard Brownian motion. The new process is defined by the original path up to the stopping time and its reflection afterward. Th",The reflection principle for real-valued Brownian motion states that the probability the maximum value of the process over a time interval reaches or exceeds a threshold is twice the probability that the process ends above that threshold. This probability is expressed using the s,The reflection principle shows that the maximum of Brownian motion up to time t and the absolute value of Brownian motion at time t share the same distribution. The first hitting time of a level a is defined as the earliest time the process reaches a. The probability that this hi
specific_prob,,Girsanov theorem,Girsanov change of measure,1,2,"A clear match appears in top-3 but not at rank 1, focusing on the change of measure.","Girsanov's theorem states that under certain conditions, the Radon-Nikodym derivative between two probability measures equals a specific exponential process. This derivative is expressed in terms of a stochastic integral. The theorem also guarantees the existence of a weak soluti","Girsanov's Theorem states that if Z_t is a true martingale, then the process tilde W_t, defined as W_t minus the integral of theta_s from 0 to t, is a Brownian motion under the measure Q.","Given a filtered probability space and a Brownian motion, an adapted process satisfying an exponential integrability condition defines a stochastic exponential that is a martingale. This martingale induces a new probability measure via its terminal value. Under this new measure, "
specific_prob,,Feynman-Kac formula,Feynman-Kac,2,1,Top-1 directly explains the Feynman-Kac formula and its conditions.,The Feynman-Kac formula defines a solution under certain conditions. The function is expressed as an expectation involving an exponential functional of a stochastic process. The solution satisfies the given partial differential equation with the specified initial condition. The c,"Under given hypotheses, the Feynman-Kac formula is a weak solution to the specified equation for bounded functions f and phi.",The Feynman-Kac formula expresses a function h satisfying a partial differential equation as an expected value. It connects the solution to a stochastic process driven by a controlled stochastic differential equation. The expectation involves an integral of h along the paths of t
specific_prob,,Talagrand concentration inequality,Talagrand concentration,1,4,"A clear match appears in top-3 but not at rank 1, focusing on concentration inequalities.","Talagrand's inequality bounds the expected supremum of centered empirical processes. It applies to a countable class of measurable functions over independent random variables. The bound depends on the maximum function value, the expected supremum, and a variance term. The result ",Talagrand's inequalities provide bounds for the supremum of centered empirical processes over a class of functions. The expected value of the squared supremum exceeding a threshold is bounded by an expression involving exponential decay terms. The probability that this squared su,Talagrand's inequalities provide bounds for the supremum of empirical processes. The expected value of the squared supremum minus a constant is bounded by an expression involving variance and entropy terms. A tail probability bound shows the supremum exceeds a threshold with expo
specific_prob,,Stein's method,Stein's method for distributional approximation,1,2,"A clear match appears in top-3, specifically regarding Stein's theorem and its applications.","The theorem provides bounds on the supremum norm of a function and its forward difference, solving a Stein equation. These bounds depend on cumulative probabilities and functions tau_p plus and minus. The results hold under monotonicity conditions on certain ratios involving the ",Stein's theorem bounds the total variation distance between a random variable and a standard Gaussian. The bound is given by the supremum of a specific expectation involving a test function. The test function must have a derivative with an infinity norm of at most two. This resul,"Stein's Lemma has two parts. The first part states that for a standard normal variable Z and a function f with certain smoothness and integrability conditions, the expectation of g star of Z times f prime of Z minus Z times f of Z equals zero. The second part gives a converse: if"
specific_prob,,Berry-Esseen theorem,Berry-Esseen rate of CLT,2,1,Top-1 directly addresses the Berry-Esseen theorem and its relevance to the normal approximation.,The Berry-Esseen theorem bounds the error in approximating the cumulative distribution of a sum of independent random variables by the normal distribution. It states that the absolute difference between the true tail probability and the normal tail probability is at most a consta,The Berry-Esseen theorem bounds the maximum difference between the cumulative distribution function of a normalized sum of independent random variables and the standard normal distribution. The bound is expressed in terms of a universal constant and a quantity involving the secon,The Berry-Esseen theorem bounds the error between the sample mean distribution and the normal distribution. The bound depends on the sample size and the third central moment of the original distribution. The difference in cumulative distribution functions is at most a constant ti
specific_prob,,Glivenko-Cantelli theorem,Glivenko-Cantelli,2,1,"Top-1 is a clear, on-target match for the Glivenko-Cantelli theorem.",The empirical cumulative distribution function of a sequence of independent and identically distributed random variables converges uniformly to the true cumulative distribution function as the sample size increases. This convergence holds almost surely. The result is known as the,The Glivenko-Cantelli Theorem states that the empirical distribution function of an independent and identically distributed sample converges almost surely to the true distribution function. This convergence is uniform over all real numbers. The supremum of the absolute difference,The Glivenko-Cantelli theorem states that the supremum of the absolute difference between the empirical distribution function and the true distribution function converges completely to zero as the sample size goes to infinity. This holds for each of two distributions. The result 
specific_prob,,Vapnik-Chervonenkis dimension,VC dimension,2,1,"Top-1 directly addresses the VC dimension, clearly matching the search intent.",The Vapnik-Chervonenkis dimension of the hypothesis class is finite.,"A universal constant c exists such that for any positive epsilon and any family with VC dimension V, the covering number is at most c times V multiplied by (4e divided by epsilon) raised to the power of V.","A universal positive constant c exists such that for any finite set, any data distribution, any sample size, and any hypothesis class with VC dimension d, the probability that the empirical risk deviates from the true risk by more than a certain bound is controlled. This bound de"
specific_prob,,VC inequality,VC bound,2,1,"Top-1 directly addresses the VC bound, clearly matching the searcher's intent.","A universal positive constant c exists such that for any finite set, any data distribution, any sample size, and any hypothesis class with VC dimension d, the probability that the empirical risk deviates from the true risk by more than a certain bound is controlled. This bound de",The Vapnik-Chervonenkis inequality holds with probability at least one minus eta for all b and all positive integers n. It bounds the generalization error by a function of the training error and a term involving the VC dimension. The bound can be expressed in two equivalent forms,"The empirical measure deviation from the true measure over a VC class is bounded by a probability inequality. The bound depends on the VC dimension, sample size, and parameters y and t. The inequality holds for y and t above certain thresholds related to the variance and second m"
specific_prob,,Pinsker's inequality,Pinsker KL/TV bound,2,1,Top-1 directly explains Pinsker's inequality and its relation to KL divergence.,"Pinsker's inequality bounds the total variation distance between two probability distributions by the square root of twice their relative entropy. For any distribution in the interior of the simplex, there is a constant such that the total variation distance is at least that cons",Pinsker's inequality bounds the total variation distance between two probability distributions by the square root of half their Kullback-Leibler divergence. The total variation distance is always less than or equal to this function of the KL divergence. This holds for any two pro,Pinsker's inequality bounds the total variation distance between two probability measures by the relative entropy. The total variation squared is at most half the relative entropy of the Radon-Nikodym derivative. This holds for any two probability measures on a finite set. The in
specific_prob,,Csiszar-Kullback inequality,Csiszar-Kullback (Pinsker variant),1,2,"A clear match appears in top-3 but not at rank 1, specifically in the second entry.",The Csiszar-Kullback inequality bounds the L1 norm difference between two nonnegative integrable functions f and g with equal integrals. The bound is expressed in terms of a constant times the integral of a logarithmic expression involving f and g. The constant is positive and do,"The Csiszar-Kullback-Pinsker inequality states that for any two random vectors, twice the square of their total variation distance is at most the Kullback-Leibler divergence between them. This provides a lower bound on the divergence in terms of the total variation distance. The ","A Csiszar-Kullback-Pinsker-type inequality holds for the relative entropy difference between a system state and its equilibrium. The inequality provides a lower bound in terms of squared L1 distances for the density functions n, p, and n_tr. The constant in the inequality is expl"
specific_prob,,log-Sobolev inequality,logarithmic Sobolev inequality,1,2,"A clear match appears in top-3 but not at rank 1, specifically in item 2.","The equation holds, and it implies the log Sobolev inequality.",Logarithmic uncertainty implies the logarithmic Sobolev inequality.,The theorem establishes an inequality between two function norms. It states that the L^p log L norm of a function is bounded by its logarithmic Sobolev norm. This result holds under the assumptions of a referenced theorem. The inequality is expressed using a symbol indicating a b
specific_prob,,Bakry-Émery criterion,Bakry-Émery curvature-dimension condition,1,3,"Top-3 includes relevant information about the Bakry-Émery criterion, but top-1 is not a clear match.","The Bakry-Émery criterion states that if a measure on R^n has a density of the form e to the minus U of x, and the Hessian of U is bounded below by a times the identity matrix for some positive constant a, then the measure satisfies a log-Sobolev inequality with constant 1 over a",The Bakry-Emery Ricci curvature is non-negative on a given metric measure space. The space is equipped with a specific metric and weighted volume form. This property holds under the stated geometric and measure-theoretic conditions.,"The Bakry-Émery condition BE(K, infinity) is equivalent to an inequality involving the heat semigroup and the modulus of the gradient. This inequality holds for all functions in a certain Sobolev space, all positive times, and all compactly supported Lipschitz test functions. Ano"
specific_calc,,discrete Fourier transform inverse formula,DFT inverse,1,3,"A clear match appears in top-3 but not at rank 1, specifically in rank 3.",The inverse discrete Fourier transform of the discrete Fourier transform of a periodic discrete function returns the original function. This holds for all integer indices. The function must have period N. The result confirms the invertibility of the discrete Fourier transform for,"The vector-valued discrete Fourier transform is invertible exactly when the injective function s satisfies that for every n modulo d, the greatest common divisor of s(n) and N is 1. In that case, the inverse transform recovers the original function using a specific summation form",The discrete Fourier transform expresses a sequence in terms of complex exponentials. The inverse transform recovers the original sequence from its transform. The formula uses a primitive root of unity scaled by the reciprocal of the sequence length. This pair of transforms is va
specific_calc,,FFT Cooley-Tukey,FFT algorithm,0,,Top results discuss matrix factorization rather than directly addressing the FFT algorithm itself.,A 2^n by 2^n discrete Fourier transform matrix can be decomposed into a permutation matrix and a product of structured matrices. Each matrix in the product is built from a smaller block matrix involving identity and diagonal matrices. The block matrix itself factors into a direct,The factorization theorem expresses the Fourier transform of size n as a product of matrices. It decomposes the transform into smaller Fourier transforms of sizes k and m. The identity and permutation matrices are used to rearrange the data. This factorization holds when n is the,"The factorization expresses the Fourier transform of size n as a product of matrices. It involves permutation matrices, identity matrices, and smaller Fourier transforms. The result holds when n factors as k times m. This decomposition breaks a large transform into smaller, manag"
specific_calc,,Fast Fourier Transform complexity,FFT n log n,1,2,"A clear match appears in top-3 but not at rank 1, discussing FFT complexity.","The fast Fourier transform computes the discrete Fourier transform of a complex vector of length N, where N is a power of two. It requires at most fifteen fourths times N log N minus two hundred twenty-three over one hundred eight times N real operations. The remaining term is as","The discrete Fourier transform of a complex vector of length n, where n is a power of b, can be computed using a number of arithmetic operations proportional to n times the logarithm of n to base b.",The Fourier transform for any complex-valued function on the rook monoid of n elements can be computed using a number of operations proportional to the size of the monoid multiplied by the cube of the logarithm of its size. This result provides an efficient algorithm for such com
specific_calc,,binomial coefficient identity Vandermonde,Vandermonde's identity,2,1,Top-1 directly describes Vandermonde's identity clearly and accurately.,Vandermonde's theorem states that the sum over m from zero to n of the binomial coefficient of a choose m times the binomial coefficient of b choose n minus m equals the binomial coefficient of a plus b choose n. This identity holds for all real numbers a and b and any nonnegativ,"The binomial coefficient for the sum of m and n choose r equals the sum over i of the product of m choose i and n choose r minus i. This identity holds for all nonnegative integers r, m, and n. It expresses the number of ways to choose r items from two disjoint sets of sizes m an","The sum over k of the binomial coefficient of n choose k times the binomial coefficient of m choose j minus k equals the binomial coefficient of n plus m choose j. This holds for all integers n, m, and j. The identity is valid for any nonnegative integer j. The result is a combin"
specific_calc,,Vandermonde identity sum binomial,Vandermonde's identity,2,1,Top-1 directly explains Vandermonde's identity clearly and accurately.,Vandermonde's theorem states that the sum over m from zero to n of the binomial coefficient of a choose m times the binomial coefficient of b choose n minus m equals the binomial coefficient of a plus b choose n. This identity holds for all real numbers a and b and any nonnegativ,"The Vandermonde identity states that the sum of products of binomial coefficients over all ways to partition a total selection equals a single binomial coefficient. For natural numbers a1 through as summing to a, and t1 through ts summing to t, the sum of the products of the bino",The Vandermonde identity expresses the binomial coefficient of a sum as a sum over products of binomial coefficients. It states that the number of ways to choose n items from p disjoint sets is the sum over all ways to distribute n choices among the sets. Each term in the sum cor
specific_calc,,Catalan number formula,"C_n = (1/(n+1)) C(2n,n)",1,1,A clear match appears in top-3 but not at rank 1.,The nth Catalan number is given by the formula one divided by n plus one times the binomial coefficient of two n choose n.,The p-th Catalan number is given by the formula one over p plus one times the binomial coefficient of n choose p multiplied by the binomial coefficient of n plus one choose p.,"The Catalan number for a nonnegative integer n is given by an explicit formula. This formula involves a summation from zero to n. The summand includes binomial coefficients, powers of two, factorials, and double factorials. The expression combines these terms to compute the Catal"
specific_calc,,Stirling formula approximation factorial,Stirling's formula,2,1,"Top-1 is a clear, on-target match for Stirling's formula.",The factorial of n is asymptotically equivalent to the square root of two pi n times n to the n divided by e to the n. This approximation includes a relative error term of order one over n. The error term approaches zero as n tends to infinity. The formula is known as Stirling's ,Stirling's approximation gives an asymptotic formula for the factorial of a large integer n. The formula states that n factorial is approximately equal to the square root of two pi n times n over e raised to the n. A more precise version includes additional terms involving one ov,"Stirling's formula approximates the factorial of a natural number n. It states that n factorial equals the square root of two pi n times n over e raised to the n, multiplied by e raised to g of n over 12n. The function g of n lies strictly between zero and one. This provides a pr"
specific_calc,,n! is approximately sqrt(2 pi n) (n/e)^n,Stirling,2,1,"Top-1 is a clear, on-target match for Stirling's approximation.",The factorial of n is asymptotically equivalent to the square root of two pi n times n to the n divided by e to the n. This approximation includes a relative error term of order one over n. The error term approaches zero as n tends to infinity. The formula is known as Stirling's ,The factorial of n is asymptotically equal to the square root of two pi n times n over e raised to the n. This approximation becomes more accurate as n increases. It is known as Stirling's approximation.,The factorial of n is asymptotically equivalent to the square root of two pi n times n over e raised to the n. This approximation becomes increasingly accurate as n grows large. It is known as Stirling's approximation.
specific_calc,,inclusion exclusion principle,PIE,2,1,Top-1 directly explains the inclusion-exclusion principle clearly and accurately.,The inclusion-exclusion principle gives a formula for the number of elements in at least a specified number of sets from a collection. It expresses this count using alternating sums of intersections of the sets. The formula involves binomial coefficients and sums over subset size,"The size of the union of a finite collection of subsets equals the sum of the sizes of the individual subsets, minus the sum of the sizes of all pairwise intersections, plus the sum of the sizes of all triple intersections, and so on, with alternating signs. This alternating sum ","The inclusion-exclusion formula expresses the measure of the union of n sets in terms of the measures of their intersections. It states that the measure of the union equals the sum of the measures of the individual sets, minus the sum of the measures of pairwise intersections, pl"
specific_calc,,Möbius inversion,Möbius inversion formula,2,1,Top-1 directly explains the Möbius inversion formula clearly and accurately.,The Möbius inversion formula states that a function f defined as the sum of another function g over elements less than or equal to y is equivalent to g being expressible as a sum of f weighted by the Möbius function over the same interval. A dual version applies when f is defined,"The Möbius inversion formula states that a function f defined as the sum of g over all elements greater than or equal to x is equivalent to g being the sum of f times the Möbius function over the same elements. Similarly, f defined as the sum of h over all elements less than or e",The Möbius inversion formula applies to locally finite partially ordered sets. It states that a function f equals the sum of another function g over all elements less than or equal to a given element if and only if g equals the sum of f weighted by the Möbius function over the sa
specific_calc,,Mobius inversion formula,Möbius inversion,2,1,Top-1 provides a clear and accurate explanation of the Möbius inversion formula.,"The Möbius inversion formula states that a function f defined as the sum of g over all elements greater than or equal to x is equivalent to g being the sum of f times the Möbius function over the same elements. Similarly, f defined as the sum of h over all elements less than or e",The Möbius inversion formula states that a function f defined as the sum of another function g over elements less than or equal to y is equivalent to g being expressible as a sum of f weighted by the Möbius function over the same interval. A dual version applies when f is defined,"The Mobius inversion formula provides two equivalent ways to relate functions on a poset. If g sums f over all elements greater than or equal to p, then f can be recovered by summing g with the Mobius function over the same elements. Similarly, if g sums f over all elements less "
specific_calc,,Burnside lemma orbit counting,Burnside's lemma,2,1,"Top-1 is a clear, on-target match for Burnside's lemma.","When a group acts on a set, the number of orbits multiplied by the group's order equals the sum over all group elements of the number of fixed points. This result is known as Burnside's lemma. It provides a method to count distinct orbits by averaging fixed points. The formula is","Burnside's lemma states that for a finite group acting on a set, the number of orbits equals the average number of fixed points of the group elements. Each element's fixed points are summed over all group elements. This sum is then divided by the order of the group. The result gi",Burnside's lemma counts the number of orbits of a group action on a set. It states that the number of orbits equals the average number of fixed points of the group elements. The formula sums the fixed points of each group element and divides by the group's order. This result is a
specific_calc,,matrix-tree theorem,Kirchhoff matrix-tree theorem,2,1,Top-1 directly addresses the Kirchhoff matrix-tree theorem and its implications.,The determinant of the Kirchhoff matrix of a graph equals the number of spanning trees in the graph. This result holds for any orientation assigned to the graph's edges. It also remains valid regardless of which row is omitted when constructing the reduced incidence matrix. The o,"The number of spanning trees on a graph equals n raised to the power of the number of vertices minus one, multiplied by the determinant of the graph Laplacian. For a specific graph structure, this count is given by n to the power of the dimension of the lattice, multiplied by the","For a graph with weights, the determinant of a reduced Laplacian matrix equals the sum over all spanning trees of the product of the weights of their edges. This holds when removing any row and column from the matrix. In the unweighted case, the determinant gives the total number"
specific_geom,,Euler line of a triangle,Euler line,2,1,"Top-1 directly defines the Euler line and its properties, perfectly matching the search intent.","The Euler line theorem states that the orthocenter, centroid, and circumcenter of any triangle are collinear. The centroid lies exactly one-third of the way from the circumcenter to the orthocenter. This relationship holds for all non-equilateral triangles. The vector equation H ","The orthocenter, centroid, and circumcenter of any triangle lie on a single straight line. This line is known as the Euler line. The centroid lies between the orthocenter and the circumcenter. The distance from the centroid to the orthocenter is twice the distance from the centro","In any triangle, the orthocenter, centroid, and circumcenter lie on a straight line. The centroid lies between the orthocenter and the circumcenter. The distance from the orthocenter to the centroid is twice the distance from the centroid to the circumcenter. This line is known a"
specific_geom,,nine point circle,nine-point circle,2,1,Top-1 directly defines the nine-point circle and its properties.,Nine points lie on a common circle in any triangle. These include the three feet of the altitudes and the midpoints of the three sides. They also include the midpoints of the segments from each vertex to the orthocenter. This set of nine points is concyclic.,"The nine points consisting of the feet of the altitudes, the midpoints of the sides, and the midpoints of the segments from the vertices to the orthocenter all lie on a single circle. This circle is called the nine point circle or Feuerbach circle. Its center lies on the Euler li",The orthocenter lies on the nine-point circle.
specific_geom,,Ptolemy theorem,Ptolemy's theorem on cyclic quadrilateral,2,1,Top-1 directly defines Ptolemy's theorem for cyclic quadrilaterals.,"Ptolemy's theorem states that for a cyclic quadrilateral, the product of the diagonals equals the sum of the products of the pairs of opposite sides.","Ptolemy's inequality states that for four points forming a convex quadrilateral, the product of the lengths of the diagonals is at least the sum of the products of the lengths of opposite sides.","Ptolemy's Theorem states that for any four points in Euclidean space, the product of the distances between one pair of opposite points is at most the sum of the products of the distances between the other two pairs. Equality occurs exactly when the four points are concyclic and a"
specific_geom,,Stewart's theorem,Stewart's theorem,1,3,A clear match appears in top-3 but not at rank 1.,"In triangle ABC with sides a, b, and c, a cevian is drawn from vertex C to point P on side AB. The theorem states that a squared times AP plus b squared times PB equals c times the sum of CP squared and the product of AP and PB. This relation holds for any cevian from C to side A",The theorem involves a geometric diagram or figure.,"In a triangle with vertices A, B, and C, let M be a point on side BC. The square of the distance from A to M plus the product of the distances from B to M and from C to M equals a weighted sum of the squares of sides AB and AC. The weights are the ratios of the distances from M t"
specific_geom,,Heron's formula,Heron's formula triangle area,2,1,"Top-1 provides a clear, direct explanation of Heron's formula for triangle area.","Heron's formula gives the area of a triangle in terms of its side lengths. It states that the area equals the square root of s times s minus a, times s minus b, times s minus c. The value s is the semiperimeter, which is half the sum of the three sides. This formula applies to an",Heron's formula calculates the area of a triangle using its side lengths. The area squared equals the semi-perimeter multiplied by the semi-perimeter minus each side. The semi-perimeter is half the sum of the three sides. This formula provides the area without needing the height.,Heron's formula gives the area of a triangle in terms of its side lengths. The area equals the square root of the product of the semiperimeter and its difference with each side. The semiperimeter is half the sum of the three sides. This formula applies to any triangle without req
specific_geom,,Descartes circle theorem,Descartes circle theorem on tangent circles,1,3,"A clear match appears in top-3 but not at rank 1, specifically about the relationship of curvatures.","In a Descartes configuration of four mutually tangent circles, the sum of the squares of their curvatures equals half the square of the sum of the curvatures.",A Descartes configuration consists of four mutually tangent circles. Their curvatures and centers are related by a specific equation. The sum of the squares of the products of each curvature and its center equals half the square of the sum of these products. This holds for comple,"Four mutually tangent circles in the plane have curvatures b1, b2, b3, and b4, each defined as the reciprocal of the radius. The sum of the squares of these curvatures equals half the square of their sum. This relation holds for any such configuration of four circles all tangent "
specific_geom,,Apollonius circle,Apollonius circle,2,1,Top-1 directly explains the Apollonius circle concept clearly and accurately.,The square of the radius of the inner Apollonius circle equals the sum of the squares of the radii of three given circles. This circle is externally tangent to each of the three circles. The relationship holds regardless of the specific sizes or positions of the circles.,"Given three mutually tangent circles in the plane, there are exactly two distinct circles that are tangent to all three. These two circles may lie on opposite sides of the configuration formed by the original three. One of these circles may enclose the original three, while the o","Given three circles, their inner and outer Apollonius circles are defined. The radical center of the three circles lies on the line connecting the centers of these Apollonius circles. The ratio of distances from the radical center to these centers equals the ratio of the radii of"
specific_geom,,Steiner formula tubes,Steiner tube formula,1,3,"A clear match appears in top-3 but not at rank 1, discussing tube volume and integrals.",The global Steiner formula relates the integral of a function over the set difference between a tubular neighborhood and a bounded set to a sum of integrals over the normal bundle. It expresses this integral using a series involving the reach of the set and generalized curvature ,A compact smooth hypersurface without boundary in Euclidean space has a tube of a given radius around it. The volume of this tube is bounded by a constant multiple of the tube radius. The constant depends only on the hypersurface and not on the radius. This bound holds for all su,The volume of a tube around a compact Riemannian manifold embedded in Euclidean space is expressed by an integral formula involving the normal exponential map. This volume is given by a series whose terms depend on the radius of the tube and the curvature of the manifold. For sma
specific_geom,,Brunn-Minkowski inequality,Brunn-Minkowski,2,1,"Top-1 is a clear, on-target match for the Brunn-Minkowski inequality.",The sum of two nonempty compact sets in d-dimensional space has a Lebesgue measure whose d-th root is at least the sum of the d-th roots of the measures of the individual sets. This inequality is known as the Brunn-Minkowski inequality. It relates the volumes of sets and their Mi,"The Brunn-Minkowski inequality states that for two convex sets in n-dimensional space, the n-th root of the volume of their Minkowski sum is at least the sum of the n-th roots of their individual volumes. This result holds for compact convex sets and can be extended to more gener",The Brunn-Minkowski inequality states that the n-dimensional volume of the Minkowski sum of two convex bodies raised to the power of 1/n is at least the weighted sum of their volumes raised to the same power. Equality occurs for some intermediate weight if and only if the bodies 
specific_geom,,isoperimetric inequality,isoperimetric inequality,2,1,"Top-1 is a clear, on-target match for the isoperimetric inequality.","The isoperimetric inequality states that for a simple closed curve in the plane, the square of its perimeter is at least four pi times the area it encloses. Equality holds only when the curve is a circle and the enclosed region is a disk.","The isoperimetric inequality states that for a simple closed curve with length L enclosing area A, L squared is at least 4 pi times A. Equality occurs only when the curve is a circle.","The isoperimetric inequality holds for a bounded smooth domain in n-dimensional Euclidean space. The ratio of its perimeter to volume raised to the power (n-1)/n is at least that of a ball. Equality occurs only if the domain is a ball, up to scaling and translation."
specific_geom,,Sobolev inequality,Sobolev inequality,1,3,"A clear match appears in top-3 but not at rank 1, providing relevant information about the Sobolev inequality.","The Sobolev inequality holds for all functions in the Sobolev space H superscript n, with a sharp constant S. An upper bound S plus is given for this constant. Equality occurs when j equals theta times n, and S becomes a specific expression. Equality also holds when theta equals ","Given certain conditions, the inequality holds for all functions in a specified Sobolev space.","The Sobolev inequality of a given order states that a certain Sobolev space is contained in another. It provides an estimate for the norm of a derivative of a function in terms of norms of the function and a higher derivative. The inequality involves a constant S, which is the sm"
specific_geom,,Gagliardo-Nirenberg interpolation inequality,GN interpolation,2,1,"Top-1 is a clear, on-target match for Gagliardo-Nirenberg interpolation inequality.","Gagliardo-Nirenberg's inequality bounds the norm of a derivative of a function by interpolating between the function's norm and its higher-order Sobolev norm. The exponents satisfy a specific relation involving the order of the derivative, the smoothness parameter, and the Lebesg",The Gagliardo-Nirenberg inequality bounds the norm of a vector-valued function in a Sobolev space by a product of its norms in two other Sobolev spaces. This holds for functions defined on a bounded domain with Lipschitz boundary. The exponents and parameters satisfy specific rel,"The Gagliardo-Nirenberg inequality bounds the Sobolev norm of a function by interpolating between two other norms. It applies to smooth, compactly supported functions on d-dimensional Euclidean space. The exponents and parameters satisfy specific relations involving the dimension"
long_detailed,,Let M be a smooth compact Riemannian manifold without boundary; show that the spectrum of the Laplace-Beltrami operator is discrete and tends to infinity,spectrum of Laplacian on compact manifold,2,1,Top-1 directly addresses the spectrum of the Laplacian on a compact manifold.,The spectrum of the Laplacian operator on a closed manifold is discrete.,"For a compact space, the Laplacian operator has a purely discrete spectrum. The eigenvalues form an infinite sequence, with each eigenvalue repeated according to its multiplicity. The eigenvalues tend to infinity as their index increases.",The spectrum of the Laplace-Beltrami operator is discrete if and only if the Dirichlet Rayleigh quotient tends to infinity on each end. This condition is expressed as the limit of the first eigenvalue approaching infinity as the parameter t goes to infinity. The result holds for 
long_detailed,,spectrum of Laplace operator on compact Riemannian manifold,discrete spectrum theorem,1,2,"A clear match appears in top-3 but not at rank 1, addressing the discrete spectrum on compact Riemannian manifolds.","The spectrum of the Laplacian operator on L2 of the manifold, when intersected with the interval from zero to d squared over four, is a finite set of eigenvalues. These eigenvalues are given by lambda i equals s i times the quantity d minus s i, for i from zero to ell. The smalle",The spectrum of the Laplacian operator on a closed manifold is discrete.,The spectrum of the Laplace operator on a Riemannian manifold is discrete for every positive beta.
long_detailed,,Weyl law eigenvalue counting function,Weyl asymptotic,2,1,Top-1 directly addresses Weyl law asymptotic for eigenvalue counting function.,The Weyl law asymptotic holds for the eigenvalue counting function on a compact Riemannian manifold with a slowly varying function. The limit of the normalized eigenvalue count equals a constant involving the volume of the unit ball. This result applies to manifolds with compact ,The Weyl law asymptotic expansion holds for the eigenvalue counting function of the Laplacian on a compact manifold. The main term is proportional to the volume of the manifold times the eigenvalue to the power of the dimension. The remainder term is of smaller order than the eig,"The Weyl eigenvalue counting function for the operator L grows asymptotically as lambda to the power of d minus one, multiplied by a constant involving the volume of a certain set. The constant includes the dimension d and a parameter r. The remainder term is of order lambda to t"
long_detailed,,Weyl asymptotic formula for eigenvalues of the Laplacian,Weyl law,2,1,Top-1 directly addresses the Weyl law for eigenvalues of the Laplacian.,The Weyl law asymptotic expansion holds for the eigenvalue counting function of the Laplacian on a compact manifold. The main term is proportional to the volume of the manifold times the eigenvalue to the power of the dimension. The remainder term is of smaller order than the eig,The Weyl law estimates the number of eigenvalues of the Laplacian below a given value. It states that this count grows like the volume of the cosphere bundle times a constant times the eigenvalue to the power of the dimension. The next term in the asymptotic expansion is of order,"A constant c sub q exists in the positive reals. For any g in script G and any non-empty open subset U of K sub g with boundary of zero Hausdorff measure and closure contained in g of D, the eigenvalues of the Laplacian on L squared of U with measure mu to the g restricted to U f"
long_detailed,,"Suppose f is holomorphic on the unit disk and continuous on its closure, prove that |f| attains its max on the boundary",max modulus principle,2,1,Top-1 directly addresses the maximum modulus principle for holomorphic functions on the unit disk.,A continuous function that is holomorphic on a bounded open set in the complex plane and continuous on its closure achieves its maximum modulus on the boundary of that set.,"If a function is holomorphic on a bounded domain in the complex plane and extends continuously to the closure of the domain, then the absolute value of the function at any point inside is at most the maximum absolute value on the boundary.",An analytic function on an open disk and continuous on its closure attains its maximum modulus on the boundary. The modulus of the function at any point inside or on the boundary is at most this maximum boundary value. This result is a form of the maximum modulus principle.
long_detailed,,"Show that for compact metric space X, C(X) with sup norm is a Banach space",C(K) Banach,1,2,"A clear match appears in top-3, specifically about completeness under the sup-norm.",The space of continuous functions from a topological space to a compact metric space is complete under the sup-norm metric.,"The space of continuous functions from a compact Hausdorff space to a Banach space, equipped with the supremum norm, is a Banach space.","The space of continuous real-valued functions on a closed interval, equipped with the supremum norm, is a complete metric space. Every Cauchy sequence in this space converges uniformly to a continuous function. This implies the space is a Banach space."
user_real,,Random projection in linear algebra,Johnson-Lindenstrauss / random projection results,1,4,"Top-3 includes relevant information about random projections and their properties, but top-1 is not a clear match.",A random projection matrix preserves the norms of linear combinations of points. The projection reduces dimensionality by mapping points to a lower-dimensional space. The approximation holds with high probability when the target dimension is sufficiently large. The error in the n,"Given a set of independent random vectors and two subspaces of specified dimensions, the theorem provides a probabilistic bound on the norm of a weighted sum involving projections of the vectors. The bound holds with high probability under conditions on the dimensions and sample ","A random d-dimensional subspace P is chosen uniformly from all such subspaces in N-dimensional space. The squared lengths of the projections of standard basis vectors, sums of pairs of basis vectors, and a random vector onto P are considered. These specific projection measurement"
user_real,,Every finite group of order p^2 is abelian,groups of order p^2 are abelian,2,1,"Top-1 is a clear, on-target match explaining groups of order p^2 are abelian.",Every group of order p squared is abelian. It is isomorphic to either the cyclic group of order p squared or the direct product of two cyclic groups of order p.,A group with order p squared is either cyclic or isomorphic to the direct product of two cyclic groups of prime order p.,"A prime squared group is always abelian. For any prime p, every group with order p squared is commutative. This means the group operation is symmetric for all elements. The structure of such groups is well-understood and necessarily abelian."
user_real,,Any smooth proper X of dimension d with K_X trivial over a perfect field of char p has a lift to char zero,lifting Calabi-Yau varieties to char zero,1,2,"Top-3 includes relevant lifting conditions, but not a direct match for Calabi-Yau varieties.","A smooth projective variety over a perfect field of positive characteristic, with trivial canonical bundle and satisfying certain cohomological vanishing and torsion-freeness conditions, admits a canonical lifting to a projective scheme over the Witt vectors. This lifting is flat","A smooth projective irreducible scheme over an algebraically closed field of characteristic p with trivial canonical bundle lifts to a formal spectral scheme over the Witt vectors. Under this lifting condition, the scheme is finitely covered by an abelian variety through an etale",The hypothesis holds for varieties in positive characteristic that can be lifted to characteristic zero.
user_real,,Serre Vanishing for Quasi Projective varieties with codimension 2 complemnts,Serre vanishing on quasiprojective with codim 2 complement (typo),0,,Only tangentially related; none of the top results directly address Serre vanishing for quasi-projective varieties with codimension 2 complements.,"Serre vanishing states that for a projective regular variety, the cohomology groups vanish in positive degrees.","A two-dimensional projective variety with a nef and big line bundle satisfies certain vanishing conditions for cohomology groups. For positive j and indices i and j summing to more than the negative codimension of the singular locus, the cohomology vanishes. Specifically, the j-t",A smooth variety in projective space has vanishing cohomology groups under certain conditions. The vanishing holds for specific degrees and indices related to the dimension and codimension. The result applies to a particular sheaf twisted by a line bundle of a given integer twist
user_real,,Can you list the most important results that relate the Fixman correction term to group symmetries?,Fixman correction in molecular dynamics,0,,Only tangentially related; none of the top results directly address the Fixman correction in molecular dynamics.,The theorem provides two equalities involving group operations on functions f and g with given symmetries. The first equality expresses a group operation on the wedge product of f and g with a symmetric transformation. It relates this to the wedge of f with a group operation on g,The map Fixed_M is a refiner when M is a subgroup of the symmetric group on Omega.,The fixed point subspace of the group action equals the orthogonal complement of the symmetric algebra.
user_real,,Can you list the most important results about inverse design of symmetries in a physical system?,inverse design of symmetries,0,,Only tangentially related; nothing in top-3 directly addresses inverse design of symmetries.,"A symmetric framework on the sphere and its partial inversion counterpart have symmetry groups that must correspond to specific pairings. These pairings include cyclic groups mapping to reflection groups, dihedral groups, or other symmetric structures depending on the index. The ","A system is topologically isomorphic to its inverse if and only if, beyond some point, each generating element is built symmetrically from the previous one.","A difference equation has the identity form symmetry if a specific expression involving group operations is independent of the initial value for all indices. Similarly, it has the inversion form symmetry if a related expression with an inverse element is independent of the initia"
specific_random,,Johnson-Lindenstrauss lemma,JL lemma,2,1,"Top-1 is a clear, on-target match for the Johnson-Lindenstrauss lemma.",The Johnson-Lindenstrauss theorem states that any set of n points in high-dimensional space can be embedded into a lower-dimensional space while approximately preserving pairwise distances. The target dimension depends logarithmically on the number of points and inversely on the ,The Johnson-Lindenstrauss lemma states that any set of n points in Euclidean space can be embedded into a space of dimension logarithmic in n while approximately preserving all pairwise distances. The embedding distorts distances by at most a factor of one plus epsilon. The requi,"The Johnson-Lindenstrauss Lemma states that any set of n points in a high-dimensional space can be embedded into a lower-dimensional space while approximately preserving pairwise distances. The target dimension is logarithmic in n. With high probability, distances between points "
specific_random,,Johnson Lindenstrauss random projection,JL,2,1,"Top-1 is a clear, on-target match for the Johnson-Lindenstrauss random projection.","The Johnson-Lindenstrauss Lemma states that for any set of points in high-dimensional space, there exists a projection into a lower-dimensional space that approximately preserves pairwise distances. The projection is achieved via a random matrix, and the error in distance preserv",The Johnson-Lindenstrauss lemma states that pairwise distances among a set of points in high-dimensional space are approximately preserved when randomly projected to a lower-dimensional space. The target dimension depends logarithmically on the number of points and inversely on t,"The Johnson-Lindenstrauss theorem states that a set of points in high-dimensional space can be randomly projected into a lower-dimensional space while approximately preserving pairwise distances. The projection uses a random matrix to map the points, and the distance distortion i"
specific_random,,Hoeffding inequality,Hoeffding's inequality,2,1,"Top-1 is a clear, on-target match for Hoeffding's inequality.",Hoeffding's inequality bounds the probability that the sum of independent bounded random variables deviates above its expected value. Each variable must lie within a specific interval. The bound is an exponential decay function in terms of the deviation and the sum of squared int,Hoeffding's inequality bounds the probability that the sum of bounded random variables exceeds its expected value by more than a given amount. The bound is an exponential decay function of the deviation squared. The decay rate depends on the sum of the squared ranges of the indiv,Hoeffding's inequality bounds the probability that the average of independent bounded random variables deviates from its expected value. The variables must lie within a fixed interval. The upper tail probability is exponentially small in the sample size and the square of the devi
specific_random,,McDiarmid inequality,McDiarmid's bounded differences,2,1,"Top-1 is a clear, on-target match for McDiarmid's inequality and its bounded differences property.","McDiarmid's inequality bounds the probability that a function of independent random variables deviates from its expected value. The function must have bounded differences, meaning changing one variable alters the function by at most a fixed constant. The deviation probability dec","McDiarmid's inequality bounds the probability that a function of independent random variables exceeds its expected value by more than a given amount. The function must have the bounded differences property, meaning that changing any single input variable alters the function's val","McDiarmid's inequality bounds the probability that a function of independent random variables deviates from its expected value. The function must have bounded differences, meaning changing one variable alters the function by at most a fixed amount. The bound is exponential and de"
specific_random,,Bernstein inequality,Bernstein concentration inequality,1,3,"A clear match appears in top-3 but not at rank 1, focusing on the concentration aspect of Bernstein's inequality.",The scalar version of Bernstein's inequality bounds the probability that a sum of independent centered random variables exceeds a value. It applies when each variable has a known variance and a maximum absolute value. The upper bound is an exponential function involving the sum o,"Bernstein's inequality bounds the probability that the average of independent, identically distributed zero-mean random variables deviates from zero. The random variables must satisfy a moment condition involving an exponential bound. The tail probability decays exponentially wit","Bernstein's inequality bounds the probability that the sample mean of independent, identically distributed random variables exceeds a threshold. The bound depends on the variance and supremum norm of the function applied to the variables. The tail probability decays exponentially"
specific_random,,matrix Bernstein inequality,matrix Bernstein,2,1,"Top-1 is a clear, on-target match for the matrix Bernstein inequality.",The matrix Bernstein inequality bounds the deviation of a sum of independent random matrices from its expected value. Each matrix has bounded deviation from its mean. The probability that the norm of the deviation exceeds a threshold is controlled by an exponential tail bound. Th,The matrix Bernstein inequality bounds the deviation of a sum of independent random matrices from its expectation. It applies when each matrix has an almost sure spectral norm bound. The bound depends on the maximum variance parameter and the largest spectral norm. The tail proba,Matrix Bernstein's inequality bounds the deviation of a sum of independent random matrices from its mean. Each matrix must have bounded deviation from its expected value. The bound depends on the maximum norm of two covariance expressions and the deviation bound. The probability 
specific_random,,Tracy-Widom distribution,Tracy-Widom,2,1,Top-1 directly addresses the Tracy-Widom distribution with relevant details.,The limit of the probability that a certain function of random variables is bounded by a scaled and shifted threshold equals the Tracy-Widom distribution. This holds for all real numbers s and for almost every pair of parameter sequences. The scaling involves a linear term and a ,The theorem describes the asymptotic distribution of a scaled random variable under a gap constraint. The limit distribution is given by the Tracy-Widom distribution. The scaling involves centering by a linear function and normalizing by a term proportional to the cube root of n.,The scaled random variable converges in distribution to the Tracy-Widom law. The cumulative probabilities are bounded above and below by scaled versions of the Tracy-Widom distribution function. The bounds depend on the parameters alpha and beta derived from the gap constraint. T
specific_random,,semicircle law Wigner,Wigner semicircle,2,1,Top-1 directly addresses Wigner's semicircle law clearly and accurately.,The empirical spectral distribution of a Wigner matrix converges almost surely to the semicircular distribution.,Wigner's semicircle law states that the empirical spectral distribution of a Wigner random matrix converges almost surely to the semicircular distribution as the matrix size goes to infinity. The semicircular distribution has a probability density function defined on the interval,The empirical spectral distribution of a Wigner matrix converges almost surely to Wigner's semicircle law as the matrix size increases. The semicircle law has a probability density function defined on the interval from negative two sigma to positive two sigma. The density is prop
specific_random,,Marchenko-Pastur distribution,MP law,2,1,"Top-1 is a clear, on-target match for the Marchenko-Pastur distribution.","The Marchenko-Pastur Law describes the limiting spectral distribution of large sample covariance matrices. It applies to random matrices with independent, zero-mean, unit-variance entries when the matrix dimensions grow with a fixed ratio. The limiting distribution is a determini",The Marchenko-Pastur law describes the limiting spectral distribution of large sample covariance matrices. It applies when the matrix dimensions grow such that their ratio converges to a constant. The limiting distribution has a probability density function defined on a specific ,"The Marchenko-Pastur Law describes the limiting distribution of eigenvalues for large random matrices. It applies to a matrix formed from independent, zero-mean, unit-variance entries when the matrix dimensions grow with a fixed ratio. The limiting density is supported on an inte"
specific_random,,BBP transition phase,BBP phase transition for spiked covariance,1,3,"A clear match appears in top-3 but not at rank 1, discussing phase transitions relevant to BBP.","When the point is in the Tracy-Widom phase, the scaled height function converges in distribution to the Tracy-Widom distribution. At a transition point, the limit distribution becomes the BBP distribution with specific parameters. In the Gaussian phase, the scaled height function","A sum involving terms from a lemma equals a specific expression with parameters beta, rho, and n. When beta is set to gamma times log n, the normalized sum exhibits a phase transition as n grows large. If gamma is less than one over one minus rho, the limit is beta squared times ","For any beta greater than one, there exists a positive epsilon zero such that for any epsilon smaller than epsilon zero, a phase transition occurs. This transition results in at least two distinct pure phases, denoted mu epsilon plus and mu epsilon minus."
specific_signal,,Shannon sampling theorem,Nyquist-Shannon sampling theorem,2,1,Top-1 provides a clear and accurate description of the Nyquist-Shannon sampling theorem.,A function that is integrable and bandlimited to frequency R can be exactly reconstructed from its samples taken at twice the rate R. The reconstruction uses the sinc function to interpolate between the sample points. The samples are taken at integer multiples of the reciprocal o,Shannon's sampling theorem states that the sinc functions shifted by integers form an orthonormal basis for the Paley-Wiener space of bandlimited functions. Any continuous function in this space can be perfectly reconstructed from its samples taken at integer points. The reconstr,An entire analytic function of type at most T that is square-integrable on the real line can be reconstructed from its samples at integer multiples of pi over T. The reconstruction formula uses a sinc interpolation series. The L2 norm squared of the function equals the sum of squ
specific_signal,,Nyquist-Shannon theorem,sampling theorem,2,1,Top-1 directly explains the Nyquist-Shannon theorem and its sampling conditions.,A band-limited signal with a maximum frequency component can be perfectly reconstructed from its samples if the sampling rate is at least twice that maximum frequency. The sampling frequency must be greater than or equal to two times the highest frequency present in the signal. T,"The traditional Nyquist theorem states that for measures with support in a bounded interval, if the bandwidth is at most one-half, the zeroth cohomology group of the ambiguity sheaf is zero. This implies that any function in this class can be uniquely reconstructed from its integ",A bandlimited signal sampled at or above the Nyquist rate results in zero normalized mean squared error.
specific_signal,,Shannon source coding theorem,Shannon entropy lower bound,2,1,Top-1 directly addresses the Shannon source coding theorem and its relation to entropy as a lower bound.,"Shannon's source coding theorem states that for any uniquely decodable code, the expected length of the encoded output is at least the entropy of the source distribution. This holds for any random variable from that source. The entropy provides a fundamental lower bound on compre",The expected length of a code for a source is at least the entropy of the source. This holds for any uniquely decodable code. The entropy measures the average information content. This result is known as Shannon's source coding theorem.,"A large number of independent and identically distributed random variables can be compressed into slightly more than the total entropy times the number of variables with almost no information loss. As the number of variables grows very large, the risk of losing information become"
specific_signal,,Shannon channel capacity formula,Shannon channel capacity,1,3,"A clear match appears in top-3 but not at rank 1, discussing channel capacity.",The theorem gives a formula for the capacity of a certain channel. It involves a sum of terms with probabilities and logarithms. The expression includes both a negative sum and an additional logarithmic term. The probabilities used are p_i and p_1.,The Shannon capacity of a discrete memoryless channel equals the limit of the independence number of its strong product graph raised to the reciprocal of the number of dimensions. This value is also equivalent to the zero-error capacity of the channel. The result is expressed as ,"For a fixed noise variance, the capacity function defines the maximum achievable rate. Any rate below this capacity is achievable. No rate above this capacity is achievable. This result characterizes the fundamental limit of reliable communication over a noisy channel."
specific_signal,,rate-distortion function,rate-distortion,2,1,"Top-1 directly defines the rate-distortion function, clearly addressing the searcher's intent.",The rate distortion theorem gives the minimum rate needed to represent a source within a given average distortion. It defines the rate distortion function as the infimum of mutual information over all conditional distributions. This minimization is subject to the constraint that ,A minimum exists for the rate-distortion function under the given conditions.,The rate-distortion function is finitely generated.
ml_specific,,stochastic gradient descent convergence rate convex,SGD convergence in convex setting,2,1,Top-1 directly addresses SGD convergence in convex settings with clear details.,The sequence generated by stochastic gradient descent converges in expectation to the optimal solution. The expected squared distance to the optimum decreases exponentially over time. The convergence rate depends on the step size and problem constants. A residual error term remai,The expected suboptimality gap for the iterates of stochastic gradient descent decays at a rate proportional to the square of the logarithm of the number of iterations divided by the number of iterations raised to a power. This power is the minimum between alpha and one minus alp,"Stochastic gradient descent applied to a smooth and Lipschitz function yields a bound on the average expected squared gradient norm. The bound depends on the initial optimality gap, the smoothness constant, and the gradient variance. It also decreases with the square root of the "
ml_specific,,Polyak-Łojasiewicz inequality,PL inequality,1,3,"Top-3 contains relevant information about the PL inequality, but top-1 is not a clear match.",A function f satisfies the Polyak-Lojasiewicz inequality if there exists a positive constant mu. The inequality states that mu times the difference between f of x and the optimal value f star is at most half the squared norm of the gradient of f at x. This condition implies that ,The Polyak-Lojasiewicz inequality provides a lower bound for a sum of squared Frobenius norms. This bound is proportional to the difference between the function value at the current iterate and the optimal value. The inequality holds under the same conditions as a referenced theo,"If a function satisfies the Polyak-Lojasiewicz condition, then the squared distance from any point to the minimizer is bounded by a constant times the function value gap. The bound depends on the constant from the condition. This inequality holds for all points in the domain."
ml_specific,,neural tangent kernel,NTK,2,1,"Top-1 directly addresses the neural tangent kernel, providing relevant details about its properties.",The neural tangent kernel converges to a fixed deterministic kernel as the widths of all hidden layers approach infinity. This holds under the condition that the activation function is twice continuously differentiable and Lipschitz. The loss function must also be Lipschitz. The ,"Under certain conditions on the network and training process, the empirical neural tangent kernel converges uniformly in probability to the analytic neural tangent kernel over a finite time interval. This holds as the hidden layer widths tend to infinity. The result requires the ","In the infinite width limit, the neural tangent kernel for a network undergoing gradient descent converges uniformly to its initial value over any bounded time interval. This convergence holds in probability as the widths of all hidden layers approach infinity. The result applies"
ml_specific,,double descent,double descent in ML,0,,Only tangentially related; top results discuss conditions and properties but do not directly explain double descent in ML.,A necessary condition for the total generalization error to show a double descent pattern during learning is that at least one inflection point from either error curve lies between two specific time thresholds. This condition simplifies to requiring that the maximum inflection po,"The total generalization error is a sum of multiple individual error curves. For this error to show a double descent pattern during learning, at least one inflection point must exist. This inflection point must lie strictly between the minimum and maximum of a specific transforme","The mean squared error for Gaussian inputs and labels converges to a double descent error curve as dimensions grow proportionally to sample size. Under a condition on a function lambda of gamma, the scaled loss closely approximates another double descent curve for sufficiently sm"
ml_specific,,Rademacher complexity,Rademacher complexity,1,2,"Top-3 contains relevant information about Rademacher complexity, but top-1 is not a clear match.",The Rademacher complexity of a binary function class is bounded by a constant times the square root of its VC dimension divided by the number of samples. This bound holds for any fixed sequence of data points. The result does not depend on the specific distribution of the data. T,The Rademacher complexity of a binary function class is bounded by a constant times the square root of the logarithm of the function class's restriction size divided by the number of samples. The restriction is defined as the set of all possible labelings the functions assign to ,"For any positive M prime, the Rademacher complexity of the function class is bounded by a term proportional to M prime alpha over the square root of n plus a term proportional to M prime squared alpha. The first constant B1 involves the square root of a combination of squared gra"
ml_specific,,PAC learning sample complexity,PAC learning,2,1,"Top-1 directly addresses PAC learning sample complexity, providing a clear and relevant explanation.","The minimax sample complexity for PAC learning any hypothesis class is bounded above. The bound depends on the hypothesis class complexity, accuracy, and confidence parameters. It scales with the product of the hypothesis class complexity and the logarithm of the class size divid","The minimax sample complexity for PAC learning a hypothesis class is at least on the order of the complexity measure divided by epsilon squared, multiplied by the logarithm of one over delta. This lower bound holds for any given hypothesis class. The result provides a fundamental",The sample complexity for PAC learning a concept class with finite VC dimension has both upper and lower bounds. The upper bound is on the order of VC dimension over epsilon times log of one over delta. Another upper bound involves VC dimension over epsilon times log squared of V
ml_specific,,approximation theorem neural network universal,universal approximation theorem,2,1,Top-1 directly addresses the universal approximation theorem in neural networks.,A continuous function from a compact set to real m-space can be uniformly approximated by a neural network with a non-polynomial activation function. The required number of neurons grows at a rate on the order of the inverse of the error tolerance raised to the dimension n. The s,"A neural network with one hidden layer and a specific activation function can uniformly approximate any polynomial function of bounded degree. The approximation holds with arbitrarily small error. The weights in the second layer can be made arbitrarily small, excluding bias terms","For a given Borel probability measure on a specified space and parameters within certain bounds, there exists a neural network function with a bounded width. This function approximates a target function uniformly over a particular set. The approximation error in the L1 norm is le"
ml_specific,,Cybenko theorem universal approximation,Cybenko UAT,2,1,Top-1 directly addresses the Cybenko theorem and its implications for neural networks.,"Cybenko's theorem states that for any continuous activation function, the class of single hidden layer feedforward neural networks with that activation is dense in the space of continuous functions on a compact set. This density holds if and only if the activation function is non",A continuous function from a compact set to real m-space can be uniformly approximated by a neural network with a non-polynomial activation function. The required number of neurons grows at a rate on the order of the inverse of the error tolerance raised to the dimension n. The s,"For a given Borel probability measure on a specified space and parameters within certain bounds, there exists a neural network function with a bounded width. This function approximates a target function uniformly over a particular set. The approximation error in the L1 norm is le"
ml_specific,,Hornik universal approximation,Hornik UAT,1,3,"Top-3 includes relevant information about universal approximation, but top-1 is not a clear match.","A neural network with one hidden layer and a specific activation function can uniformly approximate any polynomial function of bounded degree. The approximation holds with arbitrarily small error. The weights in the second layer can be made arbitrarily small, excluding bias terms",A continuous function from a compact set to real m-space can be uniformly approximated by a neural network with a non-polynomial activation function. The required number of neurons grows at a rate on the order of the inverse of the error tolerance raised to the dimension n. The s,A neural network architecture with a specific activation function and sufficient depth can universally approximate continuous functions between Euclidean spaces. This holds when the architecture is a universal approximator on a non-empty open subset of such function spaces. The r
quant_specific,,Shor algorithm complexity,Shor's polynomial-time factoring,0,,Only tangentially related; nothing in top-3 directly answers Shor's algorithm complexity.,Shor's algorithm requires at least k to the power of two plus epsilon quantum operations to factor a k-bit modulus with high probability when the modulus is generated with gamma equal to k to the power of negative one-half plus epsilon. This lower bound on operations is proportio,The algorithm from the referenced theorem can be implemented using quantum computation. Its runtime is nearly linear in the input size n. The time complexity is expressed using soft-O notation.,The algorithm's oracle complexity is on the order of two to the power of d times one over delta squared times the logarithm of one over eta. The gate complexity is on the order of two to the power of d times the cost of an oracle query plus d times the logarithm squared of the gr
quant_specific,,Grover search quadratic speedup,Grover algorithm,2,1,Top-1 directly explains Grover's algorithm and its quadratic speedup clearly.,Grover search finds a specific element in an unsorted set using a quantum algorithm. It locates an item satisfying a given condition with high probability. The procedure requires only about the square root of the number of elements in queries. This represents a quadratic speedup ,Grover's algorithm finds a solution with probability at least one half when the number of solutions is known and between zero and two to the power of N. The algorithm uses a number of iterations defined by a specific angle theta. It queries the oracle at most the square root of t,Embedding tensor evaluations in amplitude-encoded quantum states allows Grover-type search over partial assignments to achieve a quadratic speedup. This reduces the worst-case time complexity from O of n to the power of 3g plus 3 to O of n to the power of 1.5g plus 1.5.
quant_specific,,Holevo bound,Holevo bound on accessible information,1,3,"A clear match appears in top-3 but not at rank 1, relevant to Holevo bound.","The Holevo information of a quantum channel is at least the conditional entropy of the output states given the channel input, divided by the number of channel uses. This lower bound holds for any encoding strategy. The result applies to general quantum communication scenarios.",The Holevo capacity of the quantum channel has a lower and upper bound expressed in terms of entropy and dimension. The lower bound is n times the logarithm of d minus the entropy of the measurement outcome. The upper bound is n times the logarithm of d minus the entropy of the s,"The Holevo capacity of the quantum channel E_sigma lies between n log d minus the entropy of M(sigma) and n log d minus the entropy of sigma. If sigma is in MSPS, the Holevo capacity equals n log d minus the entropy of sigma."
quant_specific,,no-cloning theorem,no cloning of quantum states,2,1,"Top-1 is a clear, on-target match explaining the no-cloning theorem.","The no-cloning theorem states that no linear operation can duplicate an arbitrary quantum state. It is impossible to create an exact copy of an unknown quantum state. This result holds for any quantum system, including multi-qubit states. The theorem is a fundamental limitation i","No unitary map can clone an arbitrary quantum state. This holds even with the aid of an ancillary system and a reference state. The transformation would require copying an unknown state perfectly, which is impossible. The result is known as the no-cloning theorem.",No physical process can take an arbitrary quantum state and output two identical copies of it. This is known as the no-cloning theorem. It is a fundamental result in quantum mechanics. The theorem prevents exact duplication of an unknown quantum state.
quant_specific,,Kraus representation theorem,Kraus operators,1,3,"Top-3 includes relevant information about Kraus operators, but top-1 is not a clear match.","Krauss's theorem states that for a finite-dimensional Hilbert space of dimension n, every completely positive map can be expressed as a sum of terms. Each term involves an operator V_i, its adjoint, and the input operator A. The representation uses a finite set of operators V_i. ","Kraus's theorem states that any normal unital completely positive map on bounded operators can be expressed as a sum of operator conjugation terms. This representation involves a row contraction, which is a tuple of operators satisfying a norm condition. The number of terms in th",A completely positive linear map between matrix spaces can be expressed as a sum of terms. Each term involves multiplying the input matrix by a fixed matrix and its transpose. The number of terms required is at most the product of the matrix dimensions. This representation is kno
quant_specific,,Stinespring dilation,Stinespring dilation,2,1,"Top-1 is a clear, on-target match for Stinespring dilation.","A unital completely positive linear map from a unital C-star algebra to bounded operators on a Hilbert space can be represented using a dilation. There exists a larger Hilbert space, a unital star-algebra homomorphism into its bounded operators, and an isometry from the original ","Stinespring's theorem states that for a unital C-star algebra and a unital completely positive map to bounded operators on a Hilbert space, there exists a larger Hilbert space with a star representation of the algebra. The map can be expressed as the composition of an isometric e","Stinespring's dilation theorem states that every completely positive map from a unital C-star algebra into bounded operators on a Hilbert space can be represented using a star representation and an operator. Specifically, there exists a larger Hilbert space, a star representation"
dyn_specific,,Smale horseshoe,Smale's horseshoe map,1,3,A clear match appears in top-3 but not at rank 1.,The map has a topological Smale horseshoe in the specified parameter region.,"The Smale Horseshoe theorem establishes the existence of universal constants and a threshold such that for sufficiently small parameters, the Poincare map contains an invariant set. This set's dynamics are equivalent to a shift on an infinite sequence space of natural numbers bou","A Smale horseshoe map has an uncountable family of disjoint Borel measurable subsets. Each subset is dense in the horseshoe, forward-invariant under the map, and contained in a certain set defined by a continuous function. The topological entropy of the map restricted to any such"
dyn_specific,,Anosov diffeomorphism,Anosov / hyperbolic,1,4,"Top-3 includes relevant information about Anosov diffeomorphisms, but top-1 is not a clear match.",The map tilde f from tilde M to tilde M is an Anosov diffeomorphism.,"For an Anosov diffeomorphism, the stable manifolds of any two points are either disjoint or identical. The same property holds for the unstable manifolds.","The diffeomorphism is smooth and Anosov, with all its derivatives uniformly bounded."
dyn_specific,,Pesin entropy formula,Pesin formula,2,1,"Top-1 is a clear, on-target match for the Pesin entropy formula.","Pesin's formula states that the metric entropy of a smooth endomorphism equals the integral of the sum of positive Lyapunov exponents, each multiplied by their multiplicity. This holds for invariant probability measures that are absolutely continuous with respect to a reference m",Pesin's formula relates the measure-theoretic entropy of a smooth map to the sum of its positive Lyapunov exponents. The formula holds for a twice differentiable map preserving a Borel probability measure. The measure must be absolutely continuous with respect to a reference meas,"Pesin's formula states that the metric entropy of a smooth endomorphism equals the integral of the sum of positive Lyapunov exponents, each multiplied by their multiplicity. This holds for any invariant Borel probability measure that is absolutely continuous with respect to a ref"
dyn_specific,,stable manifold theorem,stable/unstable manifold theorem,1,3,"A clear match appears in top-3 but not at rank 1, addressing the stable manifold theorem.",The stable manifold is unique under the hypotheses of two referenced theorems.,A diffeomorphism near a fixed point has a stable manifold under certain conditions. The stable manifold consists of points whose orbits converge to the fixed point. This manifold is smooth and its dimension equals the number of contracting eigenvalues. The result holds provided n,"The Stable Manifold Theorem states that for a fixed point of a flow, there exists a small neighborhood where the local stable set forms an invariant affine submanifold. This submanifold lies within the kernel of the fixed point and a given delta-neighborhood. The result holds und"
dyn_specific,,Arnold cat map mixing,Arnold cat map is mixing,0,,Top results discuss mixing but do not specifically address the Arnold cat map.,The Katok map is multiply mixing.,Random rotations are mixing under the conditions of the referenced ergodic mapping lemma. This means they satisfy the mixing property as defined in the specified dynamical system definition.,The map F is purely mixing.
dyn_specific,,Sharkovskii theorem on periodic points,Sharkovskii ordering,2,1,Top-1 directly explains Sharkovskii's theorem and its implications on periodic points.,A continuous map on an interval has a period-m point. It also has a period-n point exactly when m precedes n in Sharkovsky's ordering. The ordering is defined in a specific section. This result is known as Sharkovsky's theorem.,"Sharkovsky's theorem orders the positive integers in a specific sequence starting with powers of two and ending with odd numbers in decreasing order. If a continuous function on an interval has a periodic orbit of period n, then it also has periodic orbits for every period m that","Sharkovskii's theorem applies to continuous maps on the real line. It establishes a specific ordering of natural numbers. If a map has a periodic point with minimal period k, then it must also have periodic points with minimal period l for every l that comes after k in Sharkovski"
dyn_specific,,period three implies chaos,Li-Yorke / Sharkovskii,2,1,"Top-1 directly addresses the connection between period three and chaos, aligning perfectly with the search intent.",A continuous function mapping a closed bounded interval into itself has periodic orbits of all periods if it has a periodic orbit of period three. The result holds even without the assumption that the function maps the interval into itself. This is a key finding in the study of d,"A continuous map on an interval with a period-three orbit is Li-Yorke chaotic. This implies the system has an uncountable scrambled set. It also exhibits periodic points of every period. The result connects periodicity to complex, chaotic behavior.",A continuous map from the unit interval to itself is Li-Yorke chaotic if it has a periodic point of period three. This means the map exhibits sensitive dependence on initial conditions and contains an uncountable scrambled set. The presence of such a periodic point implies comple
punctuation,punct_pair,"every continuous function on [0,1] is bounded",EVT corollary,2,1,"Top-1 directly states the boundedness of continuous functions on the interval, matching the searcher's intent perfectly.",A continuous function from the closed interval zero to one to the real numbers is bounded.,A continuous function on a closed interval is bounded.,A continuous real function on a closed interval is bounded on that interval.
punctuation,punct_pair,"every continuous function on $[0,1]$ is bounded",EVT corollary,2,1,"Top-1 is a clear, on-target match for the query about bounded continuous functions.",A continuous function from the closed interval zero to one to the real numbers is bounded.,A continuous function on a closed interval is bounded.,A continuous real function on a closed interval is bounded on that interval.
punctuation,punct_pair,every continuous function on the closed unit interval is bounded,EVT corollary,2,1,"Top-1 directly states the theorem, clearly matching the searcher's intent.",A continuous function on a closed interval is bounded.,A continuous real function on a closed interval is bounded on that interval.,A continuous function from the closed interval zero to one to the real numbers is bounded.
specific_random,,Lindeberg condition for CLT,Lindeberg-Feller,2,1,Top-1 directly addresses the Lindeberg condition and its relevance to the central limit theorem.,"Under the given assumption, the Lindeberg condition is satisfied.","The Lindeberg-Feller theorem states that a sum of independent, mean-zero, square-integrable random variables converges to a Gaussian distribution under two conditions. The first condition requires the sum of variances to approach a finite limit. The second condition, known as the",The Lindeberg condition ensures that the normalized sum of independent random variables converges to a standard normal distribution. This condition requires that the sum of scaled integrals of squared deviations beyond a threshold becomes negligible as the number of terms increas
specific_random,,Lyapunov condition CLT,Lyapunov CLT,2,1,Top-1 directly addresses the Lyapunov condition for the central limit theorem.,Ljapunov's condition for the central limit theorem is satisfied in this case.,"Lyapunov's theorem gives conditions for the central limit theorem to hold. It applies to a sequence of independent random variables with finite moments. The key condition is that a normalized sum of absolute moments tends to zero. Under this condition, the standardized partial su","The Lyapunov Central Limit Theorem applies to a sequence of independent random variables with finite variances. It states that if a certain condition involving the sum of absolute moments holds, then the standardized sum converges in distribution to a standard normal. The conditi"
specific_random,,Kolmogorov's strong law of large numbers,SLLN,2,1,"Top-1 is a clear, on-target match for Kolmogorov's strong law of large numbers.","Kolmogorov's strong law of large numbers applies to a sequence of independent and identically distributed random variables with finite mean and finite variance. The sample mean, defined as the sum of the first k variables divided by k, converges completely to the true mean. This ","Kolmogorov's theorem states that for a sequence of independent and identically distributed random variables, the strong law of large numbers holds if and only if the expected absolute value of the first variable is finite.","Kolmogorov's Law of Large Numbers applies to a sequence of independent, identically distributed random variables with finite expected value. The partial sum of the first n variables divided by n converges almost surely to the common mean as n approaches infinity."
specific_random,,Etemadi strong law,Etemadi SLLN proof,0,,Only tangentially related; nothing in top-3 directly answers the request for Etemadi's SLLN proof.,The estimator is strongly consistent under the conditions of the referenced theorem.,A sequence of pairwise independent random variables meeting the Kolmogoroff condition and an additional boundedness condition on the average expected absolute deviations satisfies the strong law of large numbers. The variables must have finite expected values. The result holds un,The theorem states that the strong law of large numbers implies the weak law of large numbers.
real_typo,,Cauchy Riemman equations,Cauchy-Riemann equations (typo),2,1,Top-1 provides a clear and accurate explanation of the Cauchy-Riemann equations.,"If a complex function is differentiable at a point, then its real and imaginary parts have partial derivatives at that point. The derivative can be expressed in terms of these partial derivatives. This leads to two equations known as the Cauchy-Riemann equations. These equations ","If a function is differentiable at a point, then it satisfies the Cauchy-Riemann equations at that point. The derivative equals the partial derivative of the real part with respect to x plus i times the partial derivative of the imaginary part with respect to x. Alternatively, it","If a complex function is differentiable at a point, then its real and imaginary parts have first-order partial derivatives at that point. The partial derivative of the real part with respect to x equals the partial derivative of the imaginary part with respect to y. The partial d"
real_typo,,Cauchy-Riemann equations,CR equations,2,1,Top-1 provides a clear and accurate explanation of the Cauchy-Riemann equations.,"If a complex function is differentiable at a point, then its real and imaginary parts have partial derivatives at that point. The derivative can be expressed in terms of these partial derivatives. This leads to two equations known as the Cauchy-Riemann equations. These equations ",A smooth complex function is holomorphic if and only if it satisfies the Cauchy-Riemann equations. These equations require the partial derivatives of the real and imaginary parts to be related in a specific way. The first condition states that the x-derivative of the real part eq,"If a complex function is differentiable at a point, then its real and imaginary parts have first-order partial derivatives at that point. The partial derivative of the real part with respect to x equals the partial derivative of the imaginary part with respect to y. The partial d"
real_typo,,Schurr lemma,Schur's lemma (typo),0,,Only tangentially related; nothing in top-3 directly answers the query about Schur's lemma.,The statement implies a specific lemma.,The lemma states a specific mathematical result.,Schur's lemma states that no three certificates exist.
real_typo,,Schur lemma,Schur's lemma,2,1,"Top-1 is a clear, on-target match for Schur's lemma.","Schur's Lemma states that for simple modules V and W over a Lie algebra, any nonzero homomorphism between them is an isomorphism. In particular, if there exists a nonzero homomorphism from V to W, then V is isomorphic to W. The kernel of such a homomorphism must be trivial becaus","Schur's lemma states that for a finite-dimensional irreducible representation over an algebraically closed field, any intertwining operator must be a scalar multiple of the identity map.","Schur's Lemma states that for an irreducible representation of a group on a complex separable Hilbert space, any bounded linear operator commuting with the representation must be a scalar multiple of the identity operator. This scalar is a complex number. The result holds under t"
specific_repr,,Schur's lemma representation theory,Schur's lemma,2,1,"Top-1 directly defines Schur's lemma, perfectly matching the search intent.","Schur's Lemma states that for an irreducible complex representation of a group, any equivariant linear map from the representation to itself must be a scalar multiple of the identity map.","Schur's Lemma states that for a finite group and its complex irreducible representation, the only linear maps on the representation space that commute with the group action are scalar multiples of the identity map.","Schur's Lemma states that for two irreducible representations of a group, any homomorphism between them is either an isomorphism or the zero map. If the two representations are identical, then every homomorphism is a scalar multiple of the identity transformation. This result hol"
specific_repr,,every irreducible complex representation of finite group has dimension dividing |G|,dimension divides group order,2,1,"Top-1 directly states the dimension divides the group order, matching the search intent perfectly.",The dimension of any irreducible complex representation of a finite group divides the order of the group.,The dimension of any complex irreducible representation of a finite group divides the order of the group.,"For a finite group, the dimension of any irreducible complex representation divides the order of the group."
specific_repr,,characters of irreducible representations form an orthonormal basis,orthonormality of characters,2,1,Top-1 directly addresses orthonormality of characters in irreducible representations.,"The irreducible characters of a finite group form an orthonormal basis for the space of class functions. The inner product of two distinct irreducible characters is zero, while the inner product of a character with itself is one. The number of irreducible representations equals t",The set of irreducible characters forms an orthonormal basis for the space of class functions. A representation is irreducible exactly when the inner product of its character with itself equals one. Two representations are isomorphic if and only if their characters are equal. The,The irreducible characters of a group form an orthonormal basis for the space of class functions. This basis consists of functions constant on conjugacy classes. The orthonormality is with respect to the standard inner product on class functions. This property is fundamental in c
specific_repr,,number of irreps equals number of conjugacy classes,irreps ↔ conjugacy classes,2,1,"Top-1 is a clear, on-target match for the query about irreps and conjugacy classes.",The number of irreducible representations of a group equals the number of its conjugacy classes.,The number of irreducible representations of a finite group equals the number of conjugacy classes in that group.,The number of irreducible characters in a group equals the number of conjugacy classes.
specific_repr,,Peter-Weyl theorem,Peter-Weyl,2,1,"Top-1 is a clear, on-target match for the Peter-Weyl theorem.",The Peter-Weyl theorem states that the space of finite linear combinations of matrix coefficients is dense in the square-integrable functions on a compact group. The matrix coefficients form an orthonormal basis for this Hilbert space. The space decomposes as a completed orthogon,The space of square-integrable functions on a compact group decomposes as a direct sum over all irreducible representations. Each summand is a tensor product of the representation space with its dual. This decomposition is orthogonal and respects the group action. The result is k,"The Peter-Weyl theorem states that for a compact group K, the set of matrix coefficients from all irreducible unitary representations, scaled by the square root of their dimensions, forms an orthonormal basis for the space of square-integrable functions on K. This basis is indexe"
obscure_anal,,Ehrhart polynomial,Ehrhart polynomial of lattice polytope,2,1,Top-1 directly explains the Ehrhart polynomial and its significance for lattice polytopes.,"The generating function L(Delta; t) counts the number of integer lattice points in the dilation of an n-dimensional polytope Delta by a factor t. For natural number values of t, this function is a polynomial in t called the Ehrhart polynomial. The polynomial's leading term is the","The function H_P counts the number of lattice points in integer dilations of a polytope P and is given by a polynomial called the Ehrhart polynomial. For nonnegative integers, this polynomial matches the Hilbert function and Hilbert polynomial of a certain algebra. The Ehrhart po",The Ehrhart function of an integral polytope in d-dimensional space is a polynomial.
obscure_anal,,Brion's formula,Brion's formula for lattice point counting,1,3,"Top-3 contains relevant information about Brion's theorem, but top-1 is not a direct match for lattice point counting.","Brion's theorem states that for an integral polyhedron, the generating function of its lattice points equals the sum of the generating functions of the supporting cones at each vertex.",Brion's theorem states that the characteristic function of a rational polyhedron equals the sum of the characteristic functions of its vertex cones modulo a certain subspace. It also expresses the generating function of a polyhedron as the sum of generating functions of its verte,Brion's theorem gives a formula for the volume of a simple rational convex polytope. The volume is expressed as a sum over all vertices of the polytope. Each vertex contributes a term involving its coordinates and the generators of its tangent cone. The formula holds for any comp
obscure_anal,,polylogarithm functional equation,Li_n functional equations,1,2,"Top-3 includes relevant functional equations involving polylogarithms, but top-1 is not a direct match.","Two assertions are equivalent: a functional equation involving polylogarithms equals a polynomial, and a specific tensor expression in a vector space is zero. If these conditions hold, then a related sum involving logarithms and polylogarithms remains constant for each integer fr",A functional equation relates three polylogarithm functions evaluated at specific arguments. The equation involves zeta functions and additional terms with path-dependent functions. It holds for all elements of the Galois group G_K. The paths are chosen appropriately based on a g,The theorem expresses a polylogarithm function with a specific pattern of arguments in terms of sums involving zeta functions and other polylogarithms. It involves alternating signs and multiple summation indices. The result holds for any positive integer a and non-negative integ
obscure_anal,,Hurwitz zeta function,Hurwitz zeta,2,1,"Top-1 provides a clear, detailed definition and properties of the Hurwitz zeta function.",The theorem provides a representation of the Hurwitz zeta function for integer orders greater than one. It expresses the function as an infinite sum over nonnegative integers. Each term involves a product of gamma functions evaluated at specific complex arguments. The formula als,The Hurwitz-zeta function is defined as a sum over arithmetic progressions and is holomorphic everywhere except for a simple pole at s equals one. It satisfies a functional equation involving the Lerch zeta-function and a specified gamma factor. The functional equation expresses ,"The Hurwitz zeta function is defined as a series that converges absolutely for real parts of s greater than one and q greater than zero. It can be extended to a meromorphic function on all complex s except at s equals one, where it has a simple pole with residue one. The function"
obscure_anal,,Lerch zeta function,Lerch transcendent,1,3,"A clear match appears in top-3 but not at rank 1, focusing on the Lerch zeta function.","The Lerch function is defined by an integral representation. The integral is valid when z equals one and the real part of s is greater than one. It is also valid when z is not one and the real part of s is greater than zero. The integral involves the gamma function, an exponentia","The Lerch zeta function can be analytically continued to a single-valued holomorphic function given by a specific sum formula. This continuation is valid on several domains defined by conditions on the complex variables z, s, and w. The formula involves Apostol's rational functio","The Lerch zeta function is expressed as a sum over indices from zero to M, plus a transformed sum over indices from zero to N, multiplied by a complex exponential and power factor. An additional term involves a function phi evaluated at a specific linear combination of parameters"
obscure_anal,,Selberg zeta function,Selberg zeta function,2,1,"Top-1 is a clear, on-target match for the Selberg zeta function.",Selberg's zeta function satisfies a functional equation.,The Selberg zeta function has a meromorphic continuation to the entire complex plane. The complete Selberg zeta function satisfies a functional equation relating its values at s and one minus s. It is composed of several explicitly defined factors involving gamma functions and ot,The Selberg zeta function extends meromorphically to the complex plane and satisfies a specific determinant identity. Its zeros and poles are located at points determined by the spectrum of a certain operator. The order of each zero depends on the multiplicity of the correspondin
obscure_anal,,Ihara zeta function of a graph,Ihara zeta,2,1,Top-1 directly explains the Ihara zeta function of a graph clearly and accurately.,The Ihara zeta function of a graph is given by a formula involving its adjacency matrix and a diagonal degree matrix. The expression includes a determinant term and a factor raised to the power of the graph's cyclomatic number. The cyclomatic number is computed from the trace of ,"The Ihara zeta function for a graph X is given by a formula involving its adjacency and degree matrices. The reciprocal of the zeta function equals (1 minus u squared) raised to the power of r minus 1, multiplied by the determinant of I minus A times u plus (D minus I) times u sq",The Ihara zeta function of a graph is expressed in terms of its adjacency matrix and a diagonal matrix of adjusted vertex degrees. The formula involves the determinant of a matrix combining these with a variable. The exponent in the formula relates to the trace of a matrix derive
obscure_anal,,Maass cusp form,Maass forms,1,2,"Top-3 includes relevant information about Maass cusp forms, but the best match is not at rank 1.",A non-constant eigenfunction of the Laplacian with finite norm and a certain inner product defines an absolutely convergent function. This function is a Maass cusp form of specific weight and discriminant for a congruence subgroup. The eigenvalue of the cusp form is expressed in ,"A Maass cusp form of weight zero with given Laplace eigenvalue and eigenfunction properties under Atkin-Lehner operators satisfies a specific identity. The identity expresses a certain L-function action as a sum over divisors of the level. Each term involves coefficients, Whittak","For a Maass cusp form, there is a constant depending only on the eigenvalue such that for any small positive epsilon, the supremum of the absolute value of the form at certain points is bounded by a constant times the square root of the logarithm of one over epsilon."
obscure_anal,,Kuznetsov trace formula,Kuznetsov trace formula,2,1,Top-1 directly addresses the Kuznetsov trace formula and its implications.,The Kuznetsov trace formula relates sums over automorphic forms to arithmetic sums. It connects spectral data involving Fourier coefficients and zeta functions to Kloosterman sums. The formula includes both discrete and continuous spectrum contributions. It expresses a weighted s,The Kuznetsov trace formula relates sums over Kloosterman sums to spectral data from Maass forms and holomorphic cusp forms. It expresses a weighted sum of Kloosterman sums multiplied by a test function as three distinct spectral contributions. The first sum involves Maass cusp f,"The Kuznetsov trace formula relates a sum over Kloosterman sums to spectral data from Maass forms, holomorphic modular forms, and an integral involving L-functions. It expresses a weighted sum of Kloosterman sums with a test function in terms of three components. The first compon"
obscure_anal,,Petersson inner product modular forms,Petersson inner product,1,3,"A clear match appears in top-3 but not at rank 1, providing relevant details about the Petersson inner product.","For any two modular forms f and g of weight k, their Petersson inner product equals a specific sum. The sum involves binomial coefficients and the completed L-functions of f and g evaluated at integers. The terms are multiplied by a complex factor depending on the imaginary unit ","The Petersson inner product of two modular forms equals a constant involving the discriminant of a field and the value of an adjoint L-function at one. The constant is expressed as a product of powers of pi, factorials, and binomial coefficients. It also includes a sum over integ","The Petersson inner product of two modular forms equals a sum over indices of two types of terms. Each term I_j is defined using a function G_j with arguments A1, A2, Z_j, and a transformed Z. Similarly, each term J_j uses G_j with arguments A3, A4, Z_j, and another transformed Z"
obscure_anal,,Rankin-Selberg method,Rankin-Selberg L-function,1,3,"A clear match appears in top-3 but not at rank 1, discussing Rankin-Selberg L-functions.",The conjecture holds for the Rankin-Selberg case involving the quotient of the product of general linear groups by one of its factors.,"The Dirichlet series associated with the Rankin-Selberg convolution of two cusp forms grows at most polynomially in the imaginary part of s. This bound holds uniformly for s in vertical strips with real part between two fixed values, avoiding poles. The growth rate is independent",The greatest common divisor of the Rankin-Selberg L-function for pi times tau is contained in a product involving the greatest common divisors for pi times each tau_i. This product is multiplied by a specific factor related to the inducing representation and a ring of Laurent pol
specific_alg_proof,,every prime ideal in a commutative ring is contained in a maximal ideal,Zorn implies maximal ideal exists / prime contained,1,2,"A clear match appears in top-3, specifically regarding maximal ideals and prime ideals.",Every commutative ring has a proper ideal contained in a maximal ideal. This holds for any commutative ring and any proper ideal within it. The result ensures the existence of maximal ideals containing a given proper ideal.,The principle that every prime ideal is contained in a unique maximal ideal for all prime numbers is equivalent to the same statement holding over the integers.,"In a commutative ring, every primitive ideal is a maximal ideal."
specific_alg_proof,,in a Noetherian ring every ideal has a primary decomposition,Lasker-Noether,2,1,"Top-1 directly addresses primary decomposition in Noetherian rings, matching the search intent.",Every proper ideal in a Noetherian ring has a primary decomposition. This means the ideal can be expressed as a finite intersection of primary ideals. The result is a fundamental property of Noetherian rings. It generalizes the factorization of ideals in Dedekind domains.,"An ideal in a polynomial ring over a field, if not the whole ring, can be expressed as a finite intersection of primary ideals. This decomposition is known as a primary decomposition. It holds for ideals in Noetherian rings.","In a Noetherian commutative ring, every proper ideal has a decomposition into finitely many primary ideals. This means the ideal can be expressed as the intersection of these primary components. The decomposition is not necessarily unique, but it always exists. This result is kno"
specific_alg_proof,,Lasker-Noether decomposition,primary decomposition,1,1,"A clear match appears in top-3, specifically about primary decomposition in Noetherian rings.","In a Noetherian commutative ring, every proper ideal has a decomposition into finitely many primary ideals. This means the ideal can be expressed as the intersection of these primary components. The decomposition is not necessarily unique, but it always exists. This result is kno",A fully Lasker-Noetherian integrally closed domain is a Krull ring with complete decomposition.,A noetherian domain is decomposable.
specific_alg_proof,,Hilbert syzygy theorem,Hilbert syzygy,2,1,"Top-1 is a clear, on-target match for the Hilbert syzygy theorem.",Hilbert's Syzygy Theorem states that every finitely generated graded module over a polynomial ring in n variables has a graded free resolution of length at most n. This implies the projective dimension of such a module is bounded by the number of variables. The result holds over ,Every finitely generated module over a polynomial ring in n variables has a finite free resolution. The length of this resolution is at most n. This holds for modules over polynomial rings with coefficients in a field. The result is known as the Hilbert syzygy theorem.,Every finitely generated module over a polynomial ring in n variables has projective dimension at most n. The projective dimension is bounded by the number of variables. This result is known as the Hilbert Syzygy Theorem.
specific_alg_proof,,graded Nakayama lemma,graded Nakayama,1,2,"Top-3 includes relevant information about graded Nakayama lemma, but top-1 is not a clear match.","Graded Nakayama's lemma applies to a local ring with a maximal ideal. It states that for a finitely generated graded module and a graded submodule, if the submodule plus the product of a proper graded ideal and the module equals the entire module, then the submodule must be the w","If the quotient module M over IM is finitely generated as a module over the quotient ring R over I, then the graded module M is finitely generated over the graded ring R. This holds for a graded ring R and a graded R-module M, where I is the ideal of positive degree elements. The","A polynomial ring with a nice grading has a property for finitely generated graded modules. If the maximal ideal times the module equals the module itself, then the module must be zero. This holds under the specified grading conditions."
specific_alg_proof,,every Artinian ring is Noetherian,Akizuki / Hopkins-Levitzki,2,1,Top-1 directly addresses the relationship between Artinian and Noetherian rings.,A left Artinian ring ensures that every Artinian left module over it is also Noetherian. This means that modules satisfying the descending chain condition automatically satisfy the ascending chain condition. The result connects two important finiteness conditions in module theory,A commutative ring is Artinian if and only if it is Noetherian and every prime ideal is maximal.,"A unital left artinian ring is also left noetherian. Similarly, a unital right artinian ring is also right noetherian. This means that for rings with identity, the descending chain condition on left ideals implies the ascending chain condition on left ideals. The same holds for r"
specific_alg_proof,,Hopkins-Levitzki theorem,every right Artinian ring is right Noetherian,-1,,Top results are off-topic and do not directly address the Hopkins-Levitzki theorem.,"For a commutative Noetherian ring R and a finitely generated co-Hopfian R-module M with annihilator I, the following conditions are equivalent. M has finite length. The quotient ring R by I is Artinian. M has maximal orders. M is Artinian as a module over R by I. M is finitely co","An Artinian ring's radical is denoted by J. If the quotient module M over JM is Hopfian, then M itself is Hopfian. Similarly, if M over JM is co-Hopfian, then M is also co-Hopfian. This holds for any module M over such a ring.","The result states that for an ideal generated by a single element up to radical in a local ring and a finitely generated module, certain Tor modules involving local cohomology are Artinian. This holds for all indices of the Tor and local cohomology functors. The Artinian property"
specific_alg_proof,,Wedderburn little theorem,every finite division ring is a field,2,1,"Top-1 is a clear, on-target match for Wedderburn's little theorem.","A finite division ring is always a commutative field. This result is known as Wedderburn's little theorem. It implies that in the finite case, the multiplicative structure is necessarily abelian. There are no finite non-commutative division rings.","A finite division ring must be commutative. Therefore, it satisfies all the properties of a field. This result is known as Wedderburn's little theorem. It implies no finite non-commutative division rings exist.",A finite division ring must be a field. This means multiplication is commutative. There are no finite non-commutative division rings. This result is known as Wedderburn's little theorem.
specific_alg_proof,,every finite division ring is commutative,Wedderburn,2,1,"Top-1 directly states that every finite division ring is commutative, aligning perfectly with the search intent.",A finite division ring is always commutative. This means every finite division ring is a field.,Every finite division ring is a field. This means that multiplication in such a structure is commutative. The theorem applies to all finite rings with multiplicative inverses. It is a fundamental result in algebra.,"A finite division ring must be a field. In a division ring, multiplication is not necessarily commutative. But if the ring is finite, multiplication is forced to be commutative. Therefore, all finite division rings are commutative and thus fields."
specific_alg_proof,,Skolem-Noether theorem,Skolem-Noether automorphisms of central simple algebras,2,1,Top-1 directly addresses the Skolem-Noether theorem and its implications for automorphisms of central simple algebras.,The Skolem-Noether theorem states that every automorphism of a central simple algebra is inner. This means such automorphisms are given by conjugation with an invertible element. The result applies to automorphisms that fix the center of the algebra. It is a fundamental result in,"The Skolem-Noether theorem states that for a central simple algebra over a field with a simple subalgebra, any isomorphism between two subalgebras can be extended to an inner automorphism of the larger algebra. This means there exists an invertible element such that the isomorphi","The Skolem-Noether theorem applies to a simple algebra central over a field. It states that for two isomorphic subalgebras of this algebra, any isomorphism between them can be extended to an inner automorphism of the entire algebra. This extension is achieved by conjugation with "
specific_alg_proof,,double centralizer theorem,DC theorem in semisimple algebras,1,2,"Top-3 includes relevant concepts of double centralizers, but top-1 is not a direct match for the DC theorem in semisimple algebras.","The double centralizer lemma applies to a finite dimensional vector space with two subalgebras of endomorphisms. If one subalgebra is the centralizer of another that is a direct sum of matrix algebras, then both are direct sums of matrix algebras. The vector space decomposes as a",The double centralizer of the coordinate functions in the moment map equals the centralizer of the invariant functions. This result relates two algebraic structures defined by commutation. It holds under the conditions of the theorem.,The actions of two algebras on a tensor space are double centralizers. Each algebra is the centralizer of the other. This means they mutually centralize each other's actions. The result holds for the specified tensor power.
specific_alg_proof,,Hilbert 90,Hilbert's theorem 90,2,1,"Top-1 directly explains Hilbert's Theorem 90, clearly addressing the searcher's intent.",Hilbert's Theorem 90 states that the first cohomology group of the Galois group with coefficients in the general linear group is trivial. This holds for any finite Galois extension of fields. The result implies that all 1-cocycles are 1-coboundaries. It is a foundational result i,"Hilbert's Theorem 90 applies to cyclic Galois extensions. If an element has trace zero, it equals the difference of some element and its Galois conjugate. If an element has norm one, it equals the quotient of some element by its Galois conjugate. These results hold for cyclic ext",Hilbert's Theorem 90 states that the first cohomology set of the absolute Galois group with coefficients in the additive group is trivial. It also states that the first cohomology set with coefficients in the general linear group is trivial for any positive integer n. Both sets c
specific_alg_proof,,Hilbert theorem 90,Hilbert 90,2,1,"Top-1 is a clear, on-target match for Hilbert's Theorem 90.",Hilbert's Theorem 90 states that the first cohomology group of the Galois group with coefficients in the general linear group is trivial. This holds for any finite Galois extension of fields. The result implies that all 1-cocycles are 1-coboundaries. It is a foundational result i,"The first cohomology group of a finite group acting on a field's multiplicative group is finite. If the group action is faithful, this cohomology group is trivial. This result is known as Hilbert's Theorem 90.","Hilbert's Theorem 90 applies to cyclic Galois extensions. If an element has trace zero, it equals the difference of some element and its Galois conjugate. If an element has norm one, it equals the quotient of some element by its Galois conjugate. These results hold for cyclic ext"
specific_alg_proof,,additive Hilbert 90,additive form of Hilbert 90,0,4,Only tangentially related; nothing in top-3 directly addresses the additive form of Hilbert 90.,Hilbert's Theorem 90 states that the first cohomology set of the absolute Galois group with coefficients in the additive group is trivial. It also states that the first cohomology set with coefficients in the general linear group is trivial for any positive integer n. Both sets c,Hilbert's Additive Theorem 90 applies to a cyclic extension of fields with a specified Galois group. It states that the trace of an element in the extension field is zero. This occurs exactly when the element equals the difference between some element and its image under a genera,Hilbert's Theorem 90 states that the first cohomology group of the Galois group with coefficients in the general linear group is trivial. This holds for any finite Galois extension of fields. The result implies that all 1-cocycles are 1-coboundaries. It is a foundational result i
phys_specific,,Lorentz transformation,Lorentz transformations in special relativity,1,3,"A clear match appears in top-3 but not at rank 1, discussing Lorentz transformations in detail.","A compact solution of the nonlinear wave equation remains a compact solution under a Lorentz boost transformation. The transformation depends on a velocity vector with magnitude less than one. After aligning the coordinate system, the transformation applies a specific change of v",A linear transformation is derived under the assumption of constant relative velocity between frames. The transformation equations for position and time depend on a convergent product of parameters and the speed of light. The result ensures the invariance of a specific squared qu,A general isometric pure Lorentz transformation for an event's coordinates between two reference systems is parameterized by a bivector involving a preferred observer and a velocity-related vector. The transformation equations relate the time and spatial coordinates in the two sy
phys_specific,,Maxwell equations vacuum,Maxwell's equations in vacuum,1,2,A clear match appears in top-3 but not at rank 1.,The divergence of the magnetic field is zero. The curl of the electric field plus the time derivative of the magnetic field is also zero. These equations describe the behavior of electromagnetic fields in a vacuum. They are two of Maxwell's equations.,"Under the given conditions, the reduced equation is equivalent to the Maxwell equation in vacuum. This equation states that the codifferential of the dual electromagnetic field strength is zero. The codifferential is defined as the composition of the Hodge star operator and the e",Maxwell's equations are satisfied.
phys_specific,,Einstein field equations,Einstein field equations of GR,1,2,"A clear match appears in top-3 but not at rank 1, specifically in rank 2.","The Einstein-Scalar equations describe the motion derived from an action functional. They consist of two equations: one equating the Einstein tensor to a scalar stress-energy tensor, and another setting a related quantity to zero. The scalar stress-energy tensor is defined in ter",The Einstein field equations relate spacetime curvature to matter and energy. They state that the generalized Einstein tensor equals a constant times the stress-energy tensor of matter. The generalized Einstein tensor includes contributions from electromagnetic fields. The consta,"The Einstein equations simplify into constraint equations involving the metric and second fundamental form. They also yield elliptic equations for the lapse and shift variables. Additionally, evolution equations describe how the metric and second fundamental form change over time"
phys_specific,,Schwarzschild metric,Schwarzschild solution,1,3,A clear match appears in top-3 but not at rank 1.,"The Schwarzschild metric is the only static, asymptotically flat solution to the vacuum Einstein equations with a smooth, compact boundary. The boundary may consist of multiple disconnected components. The solution is complete away from the boundary and has positive mass.",A neighborhood exists around a certain hypersurface where the metric matches the Schwarzschild solution. This region is described by the standard form of a non-rotating black hole's geometry. The result holds in a local vicinity of the specified surface.,The Schwarzschild exterior metric is a solution to the Einstein equations in a generalized wave gauge. It satisfies the vacuum field equations. This metric describes the gravitational field outside a spherical mass.
phys_specific,,Friedmann equations,Friedmann cosmological equations,1,2,"Top-3 includes relevant information about Friedmann equations, but not the most direct match.","The Friedmann equations and related matter and radiation equations are equivalent to a system of differential equations for the density parameters. The equations describe the evolution of Omega m, Omega r, and Omega Lambda with respect to a normalized time derivative. The sum of ",An FLRW spacetime with a metric defined by a scale factor and a spatial metric of constant curvature admits homogeneous and isotropic solutions for a scalar field and a distribution function. The energy density and pressure from the distribution function are given by specific int,The Einstein equations with a cosmological constant are equivalent to two specific equations involving the Laplacian of a function f and the scalar curvature of a manifold. The first equation relates the cosmological constant to a combination of the Laplacian of f and the scalar 
phys_specific,,Pauli exclusion principle,fermions can't share state,-2,,Top slogans are irrelevant to the Pauli exclusion principle and do not address fermions or shared states.,The theorem states that p is not equal to two.,The theorem states that p is not equal to two.,The theorem states that p is less than or equal to two.
phys_specific,,Bose-Einstein statistics,BE statistics,-1,,Top-3 results are off-topic and do not directly address Bose-Einstein statistics.,The theorem defines a probability density function for a system of particles. It involves a sum over an integer m and an integral over a domain of m variables. The integrand includes a function g evaluated at both the original and additional variables. The expression is normalize,This theorem is cited from a reference labeled BE1.,"The theorem states an equidistribution property for fully commutative elements in type B. It equates two generating functions over these elements, each tracking different statistics. The left side uses q to the block number and t to the complement of the last descent. The right s"
phys_specific,,Fermi-Dirac statistics,FD statistics,-1,,Top results are off-topic and do not address Fermi-Dirac statistics.,The theorem presents an identity involving a function F of two variables. The left-hand side is denoted H sub r comma d of F. The right-hand side is a fraction with F raised to a power in the numerator and a binomial term raised to a power in the denominator. This is multiplied b,"The theorem expresses a combinatorial sum over pairs of partitions in a specific set. The sum involves weights based on the sizes and properties of the partitions. It equals a product of parameters raised to a power, multiplied by a sequence of delta functions. The result is also","The theorem defines three relations FDT, RDS, and FDS involving functions L and D. It states that FDT equals a sum of FDS and RDS terms. The sum includes FDS for all i equal to j, twice FDS for all j less than i, and twice RDS for all i from 1 to p-1. This provides an identity co"
phys_specific,,Stefan-Boltzmann law,T^4 radiation,-2,,Retrieved slogans are meta and do not address the Stefan-Boltzmann law or T^4 radiation.,The theorem presents a mathematical statement with a formal designation.,The theorem is stated.,The theorem is stated.
phys_specific,,Wien displacement law,Wien's law,-1,,Top results are off-topic and do not address Wien's law directly.,"If u is in W, then Au at T and x is at least as large as Au at a higher temperature T prime. The value of Au at T and x is between zero and Delta two of T. This holds for all points in the specified time and space intervals.","For a given temperature and energy range, if u is in the set W, then the function Au of T and x is bounded between two values that depend on temperature.",The theorem is equivalent to Widom's formula.
phys_specific,,Planck radiation formula,Planck's blackbody formula,-1,,Top results are off-topic and do not address Planck's blackbody formula.,The formula in the theorem matches with the given equation.,The formula holds as stated.,The representation formula holds as stated.
phys_specific,,Bell inequality,Bell's inequalities,1,2,"A clear match appears in top-3 but not at rank 1, focusing on Bell's inequalities.",The Bell inequality is non-negative for the input state.,"Under Alice and Bob's joint measurements satisfying a specific condition, the perfect correlation form of the original Bell inequality holds. This inequality relates the differences and correlations of measurement outcomes. It applies to any separable quantum state of a particula","A Bell square for a measurement theory involves four plus-or-minus one valued random variables. If the sum of three pairwise expectations minus a fourth exceeds two, the theory cannot satisfy local realism. This inequality violation indicates non-classical behavior. The result sh"
phys_specific,,CHSH inequality,CHSH,1,2,"A clear match appears in top-3 but not at rank 1, discussing CHSH inequalities directly.",A distribution on the boundary of a diamond extends to the diamond if and only if the CHSH inequalities hold. These inequalities involve sums of signed correlation terms with binary exponents. The exponents are binary values whose sum modulo two equals one. The inequalities must ,A distribution in the CHSH scenario is noncontextual exactly when it meets the CHSH inequalities. The CHSH inequalities are necessary and sufficient conditions for noncontextuality. This characterizes noncontextual distributions through these specific constraints.,A distribution on the boundary of the diamond scenario can be extended to the full diamond if and only if it satisfies the CHSH inequalities. The CHSH inequalities are given by equation CHSH234. This condition is both necessary and sufficient for the extension to exist.
specific_calc,,integration by parts formula,integration by parts,-1,,Top results are overly technical and not directly relevant to basic integration by parts.,"Integration by parts applies to two functions f and g on an interval from a to b, where their product is differentiable. The formula states that the integral of f times the alpha derivative of g equals the product f g evaluated from a to b minus the integral of g times the alpha ",The integration by parts formula holds for functions f and g in a specified function space. The formula relates the integral of the partial derivative of f times g to the integral of f times the partial derivative of g. It includes an additional term involving the inner product o,The theorem states an integration by parts formula for functions in the space of bounded deformation. It relates integrals over a domain and its boundary involving a function v and a test function phi. The formula involves symmetric derivatives and the outward unit normal vector.
specific_calc,,u substitution change of variables,u-sub / change of variables,1,3,"A clear match appears in top-3 but not at rank 1, discussing substitution in integrals.",The theorem describes a method for evaluating the integral of a function using substitution. It applies when a function phi is differentiable on a closed interval and maps it into an open interval. The function f must be continuous on that open interval. The integral of f of x is,"The integral of the product of the composition of g with f and the derivative of f equals the integral of g with respect to u. This holds when u is defined as f of x. The functions f and g must be integrable, and their composition must also be integrable. This result is a form of",The integral of a smooth function f over an interval from phi of u to phi of v equals the integral from u to v of f composed with phi multiplied by the derivative of phi. This holds for non-infinitesimal intervals in the extended real numbers. The functions phi and f are both smo
specific_calc,,chain rule for derivatives,chain rule,2,1,Top-1 provides a clear and accurate definition of the chain rule for derivatives.,The derivative d satisfies the chain rule.,"The chain rule states that the derivative of a composition of functions is the product of their derivatives. For functions f and g mapping reals to reals, the derivative of g composed with f at a point x equals the derivative of g at f of x times the derivative of f at x. This re",The derivative of the composition of two formal objects equals the product of their individual derivatives.
specific_calc,,product rule for derivatives,product rule,2,1,Top-1 provides a clear and accurate definition of the product rule for derivatives.,The derivative of the product of two integers equals the first integer times the derivative of the second plus the second integer times the derivative of the first.,The derivative of the product of two functions equals the derivative of the first function times the second plus the first function times the derivative of the second. This holds for any two functions in the specified space. The rule applies to the star product operation.,The product rule for derivatives states that the derivative of the product of two functions f and g is given by f prime times g plus f times g prime. This holds for all real-valued functions f and g and for every real number x. The rule expresses the derivative of the product in 
specific_calc,,quotient rule for derivatives,quotient rule,1,2,A clear match appears in top-3 but not at rank 1.,"The derivative of a quotient of two formal functions equals the derivative of the numerator times the denominator minus the numerator times the derivative of the denominator, all divided by the square of the denominator. This rule applies to formal functions and their derivatives",The quotient of two differentiable functions is differentiable where the denominator is nonzero. The derivative of the quotient function is given by a specific formula. This formula involves the derivatives of the numerator and denominator functions. The result holds at any point,The derivative of the quotient of Q and A of Q equals the derivative of Q divided by A of Q.
specific_calc,,fundamental theorem of calculus part 1,FTC1,2,1,"Top-1 is a clear, on-target match for the Fundamental Theorem of Calculus Part 1.","The derivative of the accumulation function defined by the integral from a to x of a continuous function f is f itself. For a continuous function f on a closed interval, the function F defined as the integral from a to x of f is differentiable. The derivative of F at any point x ","The Fundamental Theorem of Calculus Part I states that for a differentiable curve in an open simply connected set, the derivative of the integral of a differentiable function along the curve equals the function evaluated at the endpoint.","If a function F is differentiable at every point in an interval, then its derivative f is Sequential Henstock integrable. The integral of f from a to b equals the difference F(b) minus F(a). This result connects differentiation and integration. It is known as the Fundamental Theo"
specific_calc,,fundamental theorem of calculus part 2,FTC2,2,1,"Top-1 provides a clear, accurate explanation of the fundamental theorem of calculus part 2.","The second part of the fundamental theorem of calculus states that if a function f is the derivative of F along a curve C from point P to point Q, then the integral of f along C equals the difference of F evaluated at Q and P. This result connects differentiation and integration.","If f and g are integrable functions on a finite real interval from a to b, and F is an integrable function whose derivative is f, then the integral of f over that interval equals the standard part of the difference F(b) minus F(a).",The integral of the derivative of a function from a to b equals the function evaluated at b minus the function evaluated at a. This result holds under appropriate conditions on the function and its derivative. It connects differentiation and integration as inverse processes. This
specific_calc,,Leibniz rule for differentiation under integral sign,Leibniz integral rule,1,2,"A clear match appears in top-3 but not at rank 1, specifically in rank 2.","The derivative of an integral with variable limits and an integrand depending on x equals the integrand evaluated at the upper limit times the derivative of that limit, minus the integrand at the lower limit times its derivative, plus the integral of the partial derivative of the","The Leibniz integral rule gives the derivative of an integral with variable limits. It applies to a function that is measurable and integrable in its second variable. The derivative equals the function evaluated at the upper limit times the derivative of that limit, minus the fun","The Leibniz rule states that for an oriented manifold, the derivative of an integral of a family of differential forms equals the integral of the derivative of those forms. This holds when the forms depend differentiably on a parameter and the integration region is compact. The r"
specific_calc,,differentiation under the integral sign,Leibniz integral rule,2,1,Top-1 provides a clear and accurate explanation of the Leibniz integral rule.,The derivative of an integral of a function with a parameter can be computed by interchanging the derivative and the integral. This holds under conditions that ensure the function is integrable and its partial derivative is bounded by an integrable function. The result states tha,"Differentiation under the integral sign states that if a function of two variables has an integrable partial derivative with respect to one variable, then the derivative of the integral equals the integral of the partial derivative. The function must be integrable in the first va",The derivative of an integral with respect to a parameter equals the integral of the partial derivative of the integrand with respect to that parameter. This holds when the integrand's partial derivative is continuous in the parameter and uniformly continuous in the integration v
specific_calc,,Cauchy mean value theorem,Cauchy MVT,2,1,"Top-1 is a clear, on-target match for Cauchy's mean value theorem.",Cauchy's mean value theorem applies to two continuous and differentiable functions on a closed interval. It states that there is a point in the open interval where the product of one function's change and the other's derivative equals the reverse product. This result relates the ,"Cauchy's Mean Value Theorem states that for two functions continuous on a closed interval and differentiable on its open interior, there exists a point in the open interval where the product of the difference in the first function's values and the derivative of the second equals ","Cauchy's Mean Value Theorem states that for two differentiable functions on a closed interval, there exists a point in the open interval where the product of the derivative of the first function and the difference of the second function's endpoints equals the product of the deriv"
specific_calc,,Rolle's theorem,Rolle's theorem,2,1,"Top-1 is a clear, on-target match for Rolle's theorem.","Rolle's theorem applies to a function continuous on a closed interval and differentiable on the open interval. If the function takes equal values at both endpoints, then there exists at least one point in the interior where the derivative is zero.","Rolle's Theorem states that for a continuous function on a closed interval that is differentiable on the open interval, if the function values at the endpoints are equal, then there is at least one point in the interior where the derivative is zero.","Rolle's Theorem states that for a continuous function on a closed interval that is differentiable on the open interval, if the function has the same value at both endpoints, then there is at least one point in the interior where the derivative is zero."
specific_calc,,second derivative test,second derivative test for extrema,1,1,Top-1 is relevant but not a perfect match; top-3 includes useful information about the second derivative test.,"For a twice-differentiable function at a stationary point, a negative second derivative indicates a local maximum. A positive second derivative indicates a local minimum. If the second derivative is zero, the test is inconclusive for local extrema.","A function with two continuous derivatives on a closed domain achieves its maximum or minimum at a boundary point where its gradient is zero. At such a point, the Hessian matrix of second derivatives is negative semi-definite for a maximum. For a minimum, the Hessian is positive ",The symbol satisfies the second order condition.
abbreviation,fta_more,FTA,fundamental theorem of algebra,-1,,Top-3 results are off-topic and do not address the fundamental theorem of algebra.,Theorem 1 implies Theorem FPT.,This theorem states a fundamental result.,The theorem presents a mathematical statement with a formal designation.
abbreviation,fta_more,F.T.A.,fundamental theorem of algebra,0,,Only tangentially related; nothing in top-3 directly answers the query about the fundamental theorem of algebra.,The theorem presents a mathematical statement with a formal designation.,The theorem holds when the field is algebraically closed.,This theorem states a fundamental result.
abbreviation,fta_more,F T A,fundamental theorem of algebra,0,,Only tangentially related; nothing in top-3 directly answers the fundamental theorem of algebra.,The theorem considers a polynomial f in variables x and y over a field F.,Theorem 1 implies Theorem FPT.,"Under the conditions of the referenced theorem, the polynomial f of T minus z times g of T is considered over the algebraic closure of F in the variable z. This polynomial is irreducible when viewed in that setting. Its Galois group is exactly G."
abbreviation,fta_more,(FTA),fundamental theorem of algebra,1,3,"A clear match appears in top-3, specifically about algebraically closed fields.",This theorem states a fundamental result.,The theorem presents a mathematical statement with a formal designation.,The theorem holds when the field is algebraically closed.
abbreviation,fta_more,the FTA,fundamental theorem of algebra,0,,Only tangentially related; nothing in top-3 directly answers the query about the fundamental theorem of algebra.,This theorem states a fundamental result.,The theorem applies to every algebraically closed field.,The theorem holds when the field is algebraically closed.
abbreviation,ac_more,AC,axiom of choice,1,3,"A clear match appears in top-3 but not at rank 1, discussing AC-groups related to the Axiom of Choice.","For any group G, there exists an AC-group and a homomorphism from G into it. This homomorphism has a universal property: any homomorphism from G to an AC-group factors uniquely through it. The pair is unique up to isomorphism.","The intersection of any family of AC-subgroups in an AC-group is also an AC-subgroup. The direct product of any family of AC-groups is also an AC-group. If a group is a central extension of another, then it is an AC-group exactly when the other group is an AC-group. Direct and in",The intersection of any family of AC-subgroups of an AC-group is itself an AC-subgroup. The direct product of any family of AC-groups is also an AC-group. A central extension of a group is an AC-group exactly when the base group is an AC-group. Direct and inverse limits of system
abbreviation,ac_more,(AC),axiom of choice,-1,,"Top slogans are off-topic, discussing lemmas and theorems without addressing the axiom of choice.",The ACC Lemma and the Upper Bounds Lemma together imply the Local Finiteness Theorem. This result is derived directly from the proof of a referenced theorem.,The theorem includes the referenced lemma.,The theorem defines a set A under the geometric conditions established in a prior lemma.
abbreviation,ac_more,AC axiom,axiom of choice,1,3,"A clear match appears in top-3 but not at rank 1, focusing on the axiom of choice.","The axiom of choice is equivalent to the statement that for every regular cardinal, the forcing axiom for the class of forcing notions with the kappa chain condition holds. This equivalence is established within the framework of Zermelo-Fraenkel set theory without the axiom of ch","The Axiom of Choice is equivalent to the principle that for every cardinal kappa, the axiom of dependent choice for sequences of length kappa holds. This equivalence is established within the framework of Zermelo-Fraenkel set theory without the Axiom of Choice.",An existential equality sentence with five quantifiers is equivalent to the axiom of choice. This sentence is denoted as AC**.
single_word,top_more,topology,topology definition,-1,,Top-3 results focus on theorems rather than providing a definition of topology.,The theorem states properties for topological spaces A and B. It lists assertions regarding these spaces. The first assertion is provided. The theorem is from a cited source.,The theorem describes the properties of a topological space. It characterizes the space using specific mathematical conditions. The result establishes fundamental relationships within the space.,The theorem considers a topological space defined by a set and its topology. It also introduces a subset of that set.
single_word,top_more,topology definition,topology,2,1,"Top-1 provides a clear and direct definition of topology, meeting the searcher's intent.",A topological space consists of a set and a topology on that set.,The theorem considers a topological space defined by a set and its topology. It also introduces a subset of that set.,The theorem defines a set P and its associated topology T_P.
single_word,top_more,definition of a topology,topology,2,1,"Top-1 provides a clear and accurate definition of a topology, directly addressing the searcher's intent.",A topological space consists of a set and a topology on that set.,The definition specifies a topology on the set SS.,A topological space consists of a set and a topology. The topology is a collection of subsets that are considered open. This structure defines the notion of openness and continuity.
single_word,top_more,what is topology,topology,1,2,"A clear match appears in top-3 but not at rank 1, providing relevant information about topology.",A topological space consists of a set and a topology on that set.,The theorem describes the properties of a topological space. It characterizes the space using specific mathematical conditions. The result establishes fundamental relationships within the space.,The theorem considers a topological space defined by a set and its topology. It also introduces a subset of that set.
single_word,man_more,manifold,manifold definition,-1,,"Top results focus on theorems involving manifolds, not a definition.",The theorem concerns a manifold M.,The domain is a smooth manifold. \end{theorem},The theorem assumes that M to the n is a manifold.
single_word,man_more,manifold definition,manifold definition,0,,Only tangentially related; nothing in top-3 directly defines a manifold.,The object is a smooth manifold.,The theorem concerns a manifold M.,The domain is a smooth manifold. \end{theorem}
single_word,man_more,smooth manifold,smooth manifold,2,1,"Top-1 is a clear, on-target match for the query 'smooth manifold'.",The domain is a smooth manifold. \end{theorem},The object is a smooth manifold.,The manifold M is smooth.
single_word,grp_more,group,group definition,-2,,no results returned,,,
single_word,grp_more,definition of a group,group,1,3,"A clear match appears in top-3 but not at rank 1, providing relevant information about group structure.",The structure is a group.,The structure G is a group.,The theorem defines a group structure. It specifies the group operation and identity element. It also states the existence of inverses for every element. The group is shown to satisfy the associative property.
single_word,grp_more,group axioms,group axioms,1,5,"A clear match appears in top-3, but not at rank 1. Relevant information is present.",The theorem defines a group structure. It specifies the group operation and identity element. It also states the existence of inverses for every element. The group is shown to satisfy the associative property.,The theorem is presented within a group environment.,The structure is a group.
phys_specific,pauli_more,Pauli exclusion principle,Pauli exclusion principle,-1,,"Top slogans are unrelated to the Pauli exclusion principle, focusing instead on unrelated mathematical statements.",The theorem states that p is not equal to two.,The theorem states that p is not equal to two.,The theorem states that p is less than or equal to two.
phys_specific,pauli_more,fermions cannot share quantum state,Pauli exclusion,2,1,Top-1 directly explains the Pauli exclusion principle for fermions sharing quantum states.,"Given k fermions in any state on the exterior power of a Hilbert space, no two fermions can share the same birthday. This is due to the Pauli exclusion principle, which prohibits identical fermions from occupying the same quantum state. The result holds regardless of the specific","The local exclusion principle for fermions states that for any cube in space, the energy of a fermionic wave function is bounded below by a constant times the cube's size to a negative power, multiplied by the excess of the number of particles in the cube over a fixed integer. Th","For a fermionic state, the sum of single-particle entropies minus the joint entropy is bounded below by a function of the one-particle density matrix eigenvalues. Equality holds for the first inequality if and only if the state is a pure Slater determinant. The second inequality "
phys_specific,pauli_more,no two identical fermions can occupy the same state,Pauli exclusion,-1,,Top results are off-topic and do not address the Pauli exclusion principle or identical fermions.,"If a pertinent SCI filter exists for the state of A, then no pertinent SCI filter exists for the state of B. This holds regardless of the specific states or systems involved. The theorem establishes a mutual exclusivity between such filters for the two states.","If two states are orthogonal, then it is necessary that they are not both true. This follows from an axiom linking orthogonality to the impossibility of both states holding. The proof uses modus ponens and basic modal logic principles. The result is that the two states cannot be ",The theorem presents a mathematical statement with a formal designation.
user_log,landau_more,Landau equation,Landau equation,-1,,"Top-3 results do not mention the Landau equation specifically, focusing instead on general equations.",The referenced equation in the lemma holds.,The theorem considers an equation.,The equation is satisfied by applying a lemma.
user_log,landau_more,Landau equation in plasma,Landau equation,1,2,"A clear match appears in top-3 but not at rank 1, focusing on the Landau equation.","Given an initial datum satisfying certain assumptions, there exists a unique solution to the Landau equation. This solution converges to a Maxwellian distribution with the same mass, momentum, and energy as the initial data. The gradient of the difference between the solution and","Given initial data close to equilibrium in an Lp norm, a unique global solution exists for the Landau equation. The solution remains continuous in time with values in Lp. It is also smooth for positive times and belongs to Schwartz space in the spatial variables. The required clo","Under certain smoothness and boundedness conditions on the initial data and Euler solution, and for sufficiently small parameter epsilon, the Cauchy problem for the Landau equation has a unique smooth nonnegative solution over a finite time interval. This solution can be expresse"
user_log,landau_more,Landau-Lifshitz equation,Landau-Lifshitz equation,2,1,"Top-1 is a clear, on-target match for the Landau-Lifshitz equation.","For non-negative parameters and an initial function in a high-regularity space, there exists a unique solution to the Landau-Lifshitz equation on a maximal time interval. The solution and its time derivative have specific regularity properties in Lebesgue and Sobolev spaces. If t","Given nonnegative parameters and an integer k greater than N over 2 plus 1, for any initial condition in a certain energy space, there exists a unique solution to the Landau-Lifshitz equation on a maximal time interval. The solution and its time derivative have specified regulari","Given non-negative parameters and an integer k greater than N over 2 plus 1, there exists a unique solution to the equation with initial data in a specified function space, defined on a maximal time interval. The solution and its time derivative belong to certain Lebesgue and Sob"
user_log,landau_more,Landau kinetic equation,Landau kinetic equation,1,3,A clear match appears in top-3 but not at rank 1.,"The limit of the solution to the Fokker-Planck-Landau equation with a small parameter satisfies a kinetic equation involving averaged electromagnetic fields. The equation includes terms for advection in position and velocity space, as well as a collision operator. The initial con",The theorem establishes uniform bounds on the distance and relative entropy between the N-particle system and its mean-field limit for the Landau equation with Maxwellian molecules. The Wasserstein distance per particle between the N-particle distribution and the tensorized mean-,"The Landau equation for Maxwell molecules with specified parameters satisfies the conditions of a main theorem. For an initial distribution in a certain class, the expected squared maximum difference between a particle system and its limit is bounded by a constant times n inverse"
latex,int_more,"$\int_0^1 x^2 \, dx = 1/3$",integral 0 to 1 of x^2 = 1/3,-1,,Top results are off-topic and do not address the integral from 0 to 1 of x^2.,The definite integral of x squared from 0 to 2 equals eight thirds.,"For a function continuous on the interval from negative one-half to three-halves, the integral of f of three x squared minus two x cubed from negative one-half to three-halves equals twice the integral of the same function from zero to one.","The Lebesgue integral of f over the interval from zero to one equals a rational expression in terms of p0, p1, and p2. The numerator is p1 squared plus p0 times p1 plus p0 times p2. The denominator is one minus p0 squared minus two times p1 times p2. This equality holds under the"
latex,int_more,integral from 0 to 1 of x squared equals 1/3,integral 0 to 1 of x^2 = 1/3,-1,,Top results are off-topic and do not address the integral from 0 to 1 of x squared.,The definite integral of x squared from 0 to 2 equals eight thirds.,"The integral of one over the square root of a squared minus x squared, raised to the third power, equals x divided by a squared times the square root of a squared minus x squared, plus a constant of integration.","The integral of one over the quantity square root of x squared plus a squared, raised to the third power, equals x divided by a squared times the square root of x squared plus a squared, plus a constant of integration."
latex,int_more,antiderivative of x squared is x cubed over 3,antiderivative,-1,,Top results are off-topic and do not address the antiderivative of x squared.,"The integral of x squared over the quantity x cubed plus a cubed, squared, equals negative one divided by three times the quantity x cubed plus a cubed, plus a constant of integration.","The integral of x over the quantity x cubed plus a cubed squared equals x squared over three a cubed times the quantity x cubed plus a cubed, plus one over three a cubed times the integral of x over the quantity x cubed plus a cubed.","The indefinite integral of sine cubed x is equal to one-third times cosine cubed x minus cosine x, plus a constant of integration."
definition,homo_def_more,definition of group homomorphism,group homomorphism definition,1,1,A clear match appears in top-3 but not at rank 1.,The mapping is a group homomorphism.,The map is a group homomorphism.,The set map is a group homomorphism.
definition,homo_def_more,group homomorphism,group homomorphism,2,1,"Top-1 is a clear, on-target match for the query about group homomorphism.",The mapping is a group homomorphism.,The map is a group homomorphism.,The set map is a group homomorphism.
definition,homo_def_more,group homomorphism preserves group operation,homomorphism,2,1,Top-1 directly addresses the preservation of group operation in homomorphisms.,The mapping is a group homomorphism.,A function phi is a group homomorphism. It preserves the group operation between elements.,A function phi is a group homomorphism. It preserves the group operation between elements.
definition,homo_def_more,f(xy)=f(x)f(y),homomorphism / function preserving multiplication,1,2,"A clear match appears in top-3, specifically about preserving multiplication.",The theorem states that the P S of x times y equals the P S prime of x and the P S of y.,The function f preserves multiplication. Applying f to the product of two elements equals the product of applying f to each element individually.,The function f applied to the commutator of lambda and mu equals the product of f applied to lambda and f applied to mu.
non_english,french_more,théorème de Fermat,Fermat's theorem (French),-1,,Top results are generic and do not specifically address Fermat's theorem.,A theorem is stated with a specific number and a formal name.,The theorem presents a mathematical statement with a formal designation.,The theorem is stated.
non_english,french_more,Grand théorème de Fermat,Fermat's last theorem (French),-2,,Retrieved slogans do not address Fermat's last theorem or provide relevant information.,A theorem is stated with a specific number and a formal name.,The theorem presents a mathematical statement with a formal designation.,The theorem is stated.
non_english,french_more,Théorème de Fermat,Fermat theorem (French capitalized),-2,,The slogans are meta and do not provide relevant information about Fermat's theorem.,The theorem presents a mathematical statement with a formal designation.,A theorem is stated with a specific number and a formal name.,The theorem is stated.
abbreviation,zfc_more,ZFC,ZFC set theory,1,3,"A clear match appears in top-3 but not at rank 1, discussing ZFC set theory concepts.","In ZFC set theory, several statements are equivalent. One such statement involves a specific property of sets. The equivalence holds under the axioms of ZFC. The theorem lists these equivalent conditions.",Such a space and logic exist within the ZFC framework.,Lemma follows from a given equation. It is consistent with ZFC.
abbreviation,zfc_more,Zermelo-Fraenkel axioms,ZFC axioms,1,3,"Top-3 includes relevant information about Zermelo-Fraenkel axioms, but top-1 is not a direct match.",The structure satisfies the axioms of Zermelo-Fraenkel set theory. It models the standard set-theoretic framework. This implies all ZF axioms hold within the structure.,The axioms are consistent with Zermelo-Fraenkel set theory with the axiom of choice. This means no contradictions arise from these axioms within that system.,The structure V with the membership relation satisfies all axioms of Zermelo-Fraenkel set theory.
abbreviation,grr_more,GRR,Grothendieck-Riemann-Roch,-1,,Top results are off-topic and do not address Grothendieck-Riemann-Roch directly.,The theorem referenced as Theorem Gg is valid.,The theorem holds in the system G plus R-g.,The theorem holds in the system G plus R to the s.
abbreviation,grr_more,Grothendieck-Riemann-Roch,GRR,2,1,"Top-1 is a clear, on-target match for the Grothendieck-Riemann-Roch theorem.","The Riemann-Roch-Grothendieck theorem applies to a proper morphism between smooth algebraic varieties. It relates pushforwards in K-theory and cohomology via the Chern character and Todd class. The formula states that the Chern character of the K-theory pushforward, multiplied by","The Grothendieck-Riemann-Roch theorem connects two pushforward maps in K-theory and Chow theory. It states that the Chern character of the pushforward in K-theory, multiplied by the Todd genus of the base, equals the pushforward of the Chern character times the Todd genus of the ",The Grothendieck-Riemann-Roch theorem applies to a projective morphism between smooth projective varieties. It relates the Chern character of the pushforward of an element in K-theory to a pushforward involving the Chern character and Todd class. The formula states that the Chern
abbreviation,grr_more,GRR theorem,Grothendieck-Riemann-Roch,-1,,Top-3 results are off-topic and do not reference Grothendieck-Riemann-Roch directly.,The theorem referenced as Theorem Gg is valid.,The theorem holds in the system G plus R-g.,The theorem holds in the system G plus R to the s.
phys_specific,pauli_more2,Stefan-Boltzmann law,Stefan-Boltzmann,-2,,Retrieved slogans are meta and do not provide relevant information about the Stefan-Boltzmann law.,The theorem presents a mathematical statement with a formal designation.,The theorem is stated.,The theorem is stated.
phys_specific,pauli_more2,blackbody radiation power scales with T to the fourth,Stefan-Boltzmann,-1,,Top results are off-topic and do not address blackbody radiation or the Stefan-Boltzmann law.,The theorem assumes that the third and fourth powers of T and tilde T are equal.,The theorem states that T of two and omega squared equals four.,"Under the theorem's hypotheses, the density is bounded by a constant. The integral of the fourth power of temperature over the domain is also bounded by a constant. Additionally, the integral of the squared magnitude of the magnetic field is bounded by a constant. These bounds ho"
phys_specific,pauli_more2,total radiated power is proportional to T^4,Stefan-Boltzmann,-1,,Top-3 results are off-topic and do not directly address the Stefan-Boltzmann law.,The theorem assumes that the third and fourth powers of T and tilde T are equal.,"For T at least 10 and y equal to T raised to the three-fourths, the integral of the fourth power of the function R from T over 2 to T equals a constant times the integral of x over the same interval, divided by 32 pi to the fourth power. The constant depends on the ratios of l1 t","Under the theorem's hypotheses, the density is bounded by a constant. The integral of the fourth power of temperature over the domain is also bounded by a constant. Additionally, the integral of the squared magnitude of the magnetic field is bounded by a constant. These bounds ho"
pde,lions_more,Lions trace theorem,trace theorem,-1,,Top results are off-topic and do not directly address the Lions trace theorem or its relevance.,Theorem ref Thm main local result one var implies theorem ref Thm fundamental lemma s i Lie.,The theorem includes the referenced lemma.,"Under the conditions of a referenced theorem, for every nonnegative integer L, there exists a unique solution u^L to a specified truncated equation. The solution has finite norm in a quotient Sobolev space for every p between one and infinity. This norm is bounded uniformly with "
pde,lions_more,trace theorem Sobolev,trace theorem,2,1,"Top-1 directly explains the trace theorem in Sobolev spaces, clearly addressing the search intent.","The trace theorem states that functions in a Sobolev space on a manifold have well-defined boundary values in a Lebesgue space. The trace operator is continuous and matches the classical restriction for continuous functions. Additionally, the embedding into certain Lebesgue space",The trace of a function in a Sobolev space on a domain belongs to a Besov space on the boundary. The norm of the trace is bounded by the norm of the function in the Sobolev space. The constant in the bound does not depend on the function. This holds under the hypotheses of a refe,"For a domain in d dimensions, the trace operator from a Sobolev space to an L^r space on a (d-1)-set is continuous and compact under certain conditions. When sp is less than d and s plus (d-1)/q equals d/p, the trace is continuous at r equals q and compact for r less than q. When"
pde,lions_more,Sobolev trace theorem,trace theorem,1,3,"A clear match appears in top-3 but not at rank 1, providing relevant details about the trace theorem.","The trace theorem states that functions in a Sobolev space on a manifold have well-defined boundary values in a Lebesgue space. The trace operator is continuous and matches the classical restriction for continuous functions. Additionally, the embedding into certain Lebesgue space","For a domain in d dimensions, the trace operator from a Sobolev space to an L^r space on a (d-1)-set is continuous and compact under certain conditions. When sp is less than d and s plus (d-1)/q equals d/p, the trace is continuous at r equals q and compact for r less than q. When",The trace of a function in a Sobolev space on a domain belongs to a Besov space on the boundary. The norm of the trace is bounded by the norm of the function in the Sobolev space. The constant in the bound does not depend on the function. This holds under the hypotheses of a refe
pde,cea_more,Cea lemma,Cea's lemma,-1,,Top results are off-topic and do not directly address Cea's lemma.,The statement implies a specific lemma.,A lemma is presented.,A lemma is presented.
pde,cea_more,Céa's lemma,Cea's lemma,2,1,"Top-1 is a clear, on-target match for Cea's lemma.",Cea's lemma states that a coercive bounded linear operator leads to a unique solution in a finite-dimensional subspace for a variational problem. The error between the exact solution and the approximate solution is bounded by a constant times the best approximation error in that ,Cea's Lemma states that the error between the true solution and its finite element approximation is the best possible approximation error in the energy norm. This means the Galerkin method yields the closest possible solution from the chosen finite-dimensional subspace. The error,Cea's lemma provides an error estimate for the Galerkin approximation of a variational problem. The error between the exact solution and the approximate solution is bounded by a constant times the best approximation error from the subspace. The constant depends on the coercivity 
pde,cea_more,Cea's lemma finite element,Cea's lemma,2,1,Top-1 directly explains Cea's lemma in the context of finite element solutions.,"Cea's lemma states that the error in the finite element solution is bounded by a constant times the best approximation error. The constant depends only on the domain, the shape regularity of the mesh, and the polynomial degree. This holds for vector-valued functions in the Sobole",Cea's Lemma states that the error between the true solution and its finite element approximation is the best possible approximation error in the energy norm. This means the Galerkin method yields the closest possible solution from the chosen finite-dimensional subspace. The error,Cea's lemma states that a coercive bounded linear operator leads to a unique solution in a finite-dimensional subspace for a variational problem. The error between the exact solution and the approximate solution is bounded by a constant times the best approximation error in that 
nt_named,thue_more,Thue theorem,Thue's theorem,-1,,Top results do not directly address Thue's theorem; they are vague and off-topic.,This theorem is discussed in reference to a result by Thomsen.,A theorem is stated with a specific number and a formal name.,A theorem is stated with a specific name and number.
nt_named,thue_more,Thue's theorem,Thue's theorem,-1,,Top results do not directly address Thue's theorem; they are vague and off-topic.,This theorem is discussed in reference to a result by Thomsen.,A theorem is stated with a specific number and a formal name.,A theorem is stated with a specific name and number.
nt_named,thue_more,Thue Diophantine approximation,Thue's Diophantine approx,0,,Only tangentially related; nothing in top-3 directly addresses Thue's Diophantine approximation.,The theorem relates the asymptotic density of certain Diophantine approximations to the continued fraction expansion of a real number. It provides bounds on the lower and upper limits of a normalized count function involving primitive integer pairs. The lower bound is expressed i,The Thue-Morse constant is not badly approximable. There exists a positive constant c such that the absolute difference between the constant and p over q is at most c divided by q times the square of the log log of q. This inequality holds for infinitely many pairs of natural num,"For almost every real number x, there are infinitely many coprime integer pairs a and n such that the absolute difference between nx minus a plus m times y is less than psi of n for some integer m. Alternatively, for almost every x, there are infinitely many integers m for which "
math_phys,ah_more,Aharonov-Bohm effect,AB effect,-1,,Top-3 slogans are off-topic and do not address the Aharonov-Bohm effect.,The arrow from A to B is taut and topologically of finite type. It satisfies the condition described in a specific lemma.,The lemma states a specific mathematical result.,The result holds under the conditions specified in theorem A.
math_phys,ah_more,magnetic vector potential phase shift,Aharonov-Bohm,1,2,Top-3 includes relevant concepts but lacks a direct mention of Aharonov-Bohm effect.,"If U is a solution to the magnetic Schrödinger equation with vector potential A_a and potential V in domain D_a under Dirichlet boundary conditions, then multiplying U by a specific phase factor e^{i Theta} yields a new function U prime. This U prime satisfies the magnetic Schröd","A conjugation of the magnetic Schrodinger operator by a complex exponential phase yields an operator with a shifted magnetic potential. The shift equals the gradient of the phase function. If the phase function vanishes on the boundary, the Dirichlet-to-Neumann maps for the origi",A function transformation by a phase factor changes the Dirichlet-to-Neumann map to correspond to a gauge-transformed magnetic potential. The map remains unchanged if the magnetic potential is adjusted by the gradient of a function vanishing on the boundary. This adjustment can b
obvious_fact,zero_more,0 + 0 = 0,trivial,-1,,Top-3 results are off-topic and do not directly address the trivial nature of the query.,The theorem describes a structure involving the zero tuple and a specific algebraic object. It relates to an operation defined on an ordinal or similar set. The result establishes a property or identity within this framework. The context is likely set-theoretic or algebraic in na,The theorem holds when n equals zero.,The theorem holds for the case when n equals zero.
obvious_fact,zero_more,zero plus zero equals zero,trivial,0,,Only tangentially related; nothing in top-3 directly answers the query.,The theorem states that the sum is zero.,The theorem describes a structure involving the zero tuple and a specific algebraic object. It relates to an operation defined on an ordinal or similar set. The result establishes a property or identity within this framework. The context is likely set-theoretic or algebraic in na,"A finite sum of zeros equals zero. This is derived using a restricted identity scheme applied twice. The derivation relies on three axioms: zero plus zero is zero, transitivity of equality, and a cancellation property. The result holds for any finite number of zeros added togethe"
paper_query,paper_more,Fermat's Last Theorem and the Dirac equation,Fermat-Dirac arXiv paper,-1,,Top results focus on Fermat's Last Theorem without addressing the Dirac equation or the specific arXiv paper.,"Given integers D, E, and n with n at least 3 and D and E coprime, the equation has no nontrivial integer solutions for C. This result is equivalent to the truth of Fermat's Last Theorem.",Fermat's Last Theorem holds if all semistable elliptic curves are modular.,"Fermat's Last Theorem states that no three positive integers can satisfy the equation x to the fourth plus y to the fourth equals z to the fourth. This is a specific case of the theorem, which applies to all exponents greater than two. The equation has no nonzero integer solution"
paper_query,paper_more,FLT and Dirac,Fermat-Dirac,0,,Only tangentially related; nothing in top-3 directly addresses Fermat-Dirac connection.,"Given integers D, E, and n with n at least 3 and D and E coprime, the equation has no nontrivial integer solutions for C. This result is equivalent to the truth of Fermat's Last Theorem.","If a certain conjecture is true, then the weak FLT2 theorem holds. This result, combined with Terjanian's theorem, implies that the Fermat equation x to the 2p plus y to the 2p plus z to the 2p equals zero has no nonzero integer solutions. The proof considers two cases based on t","For a given d in the set 2, 3, 5, 7, 13, and an even Dirichlet character chi with conductor D coprime to d, the theorem relates certain algebraic invariants. It states an equality involving the new part of a plus norm at dp squared. The formula subtracts a scaled version of a twi"
wp_short,apple_more,apple,(adversarial) but actually returns nonsense,-2,,All retrieved slogans are nonsensical and irrelevant to the query 'apple'.,The theorem presents a mathematical statement with a formal designation.,The lemma states a specific mathematical result.,The theorem is stated.
wp_short,apple_more,Apple,(adversarial),-2,,All retrieved slogans are irrelevant to the query about 'Apple'.,Refer to the appendix for the theorem statement.,The theorem presents a mathematical statement with a formal designation.,The theorem is stated as a proposition. Its proof is provided in an appendix.
concatenation,repeat_more,Landau,Landau,-1,,Top results are technical and do not directly address the search term 'Landau'.,The asymptotic formula holds for every positive integer L. The constants involved are defined by a specific equation. This result confirms the main theorem.,"Under the conditions of Lemma 2, the logarithm of the absolute value of L at sigma zero is bounded above by the real part of a sum involving the von Mangoldt function and logarithmic terms. The sum is taken over n less than or equal to x. The bound includes an error term involvin","The theorem provides an asymptotic formula for a certain quantity Lambda_mn^LC in terms of natural numbers m and n. It expresses n as lambda times m plus p, where lambda and p are natural numbers with p between 1 and m minus 1. The main term involves four over pi squared multipli"
concatenation,repeat_more,Landau Landau,Landau,-1,,Top-3 slogans are off-topic and do not directly address the search for 'Landau'.,The lemma states a specific mathematical result.,The lemma holds as stated.,The lemma is stated.
concatenation,repeat_more,Landau Landau Landau,Landau,-1,,Top slogans are off-topic and do not address the search for 'Landau'.,The lemma states a specific mathematical result.,The lemma holds as stated.,The lemma is stated.
concatenation,repeat_more,Landau Landau Landau Landau,Landau,-1,,Top-3 slogans are off-topic and do not address the searcher's intent for 'Landau'.,The lemma states a specific mathematical result.,The lemma holds as stated.,The lemma is stated.
concatenation,repeat_more,Landau equation Landau equation,Landau equation,-1,,Top results are off-topic and do not directly address the Landau equation.,The referenced equation in the lemma holds.,The function L satisfies the given equation.,The equation is satisfied by applying a specific lemma.
pde,aubin_lions,Aubin-Lions lemma,Aubin-Lions compactness,2,1,"Top-1 is a clear, on-target match for Aubin-Lions compactness.",The Lions-Aubin lemma states that a bounded sequence of functions in two Lebesgue spaces with values in Banach spaces is relatively compact under certain conditions. The sequence must also have a uniformly bounded time derivative in a third Lebesgue space. The Banach spaces must ,"The Aubin-Lions lemma states that a sequence of functions bounded in a space of functions with values in a Banach space X, and with time derivatives bounded in a space of functions with values in a Banach space Z, is relatively compact in a space of functions with values in an in","The Aubin-Lions Lemma applies to three Banach spaces with compact embeddings. For a bounded set in a Lebesgue space of functions with values in the first space, if the time derivatives are bounded in a Lebesgue space with values in the third space, then the set is relatively comp"
pde,aubin_lions,Aubin Lions lemma,Aubin-Lions,2,1,"Top-1 is a clear, on-target match for the Aubin-Lions lemma.",The Lions-Aubin lemma states that a bounded sequence of functions in two Lebesgue spaces with values in Banach spaces is relatively compact under certain conditions. The sequence must also have a uniformly bounded time derivative in a third Lebesgue space. The Banach spaces must ,"The Aubin-Lions Lemma applies to three Banach spaces with compact embeddings. For a bounded set in a Lebesgue space of functions with values in the first space, if the time derivatives are bounded in a Lebesgue space with values in the third space, then the set is relatively comp","The Aubin-Lions theorem states that if three Banach spaces are nested such that the first is compactly embedded in the second and the second is continuously embedded in the third, then a certain function space is compactly embedded in a Lebesgue space of functions mapping into th"
pde,aubin_lions,compactness in time-dependent function spaces,Aubin-Lions,1,2,"A clear match appears in top-3 but not at rank 1, relevant to compactness in function spaces.","If a set of functions is bounded in an Lp space with values in a Banach space X and their weak time derivatives are bounded in L1 with values in Y, then the set is relatively compact in Lp with values in an intermediate space B. If the set is bounded in L infinity with values in ","A compact embedding result holds for functions in time-dependent Banach spaces. If a function and its time derivative lie in certain Lebesgue spaces with values in Banach spaces, then the function embeds compactly into another Lebesgue space. Specifically, the first case gives co",A set G bounded in Lp from 0 to T of X0 with time derivative bounded in L1 of X1 is relatively compact in Lp of X. A set F bounded in L infinity of X0 with time derivative bounded in Lq of X1 for q greater than 1 is relatively compact in continuous functions from 0 to T with valu
garbage_safety,,what's the point of math,"(meta-philosophical, expect graceful no-op)",-1,,"Top results focus on theorems, not the philosophical purpose of math.",The theorem states a specific mathematical result.,The theorem states a specific mathematical result.,The theorem presents a mathematical statement with a formal designation.
garbage_safety,,lol math,(garbage),-2,,The slogans are irrelevant and do not address the searcher's intent for 'lol math'.,The lemma states a specific mathematical result.,The theorem presents a mathematical statement with a formal designation.,The lemma is stated.
obvious_fact,obv_more,x = x,reflexivity,1,3,"A clear match appears in top-3, specifically about reflexivity in equality.",The theorem states that x equals y.,The theorem states that K is equal to itself.,"For all x and y, the statement that x equals x is equivalent to the statement that y equals y."
obvious_fact,obv_more,for all x x equals x,reflexivity,1,3,"A clear match appears in top-3, specifically about self-equivalence and reflexivity.","For all x and y, the statement that x equals x is equivalent to the statement that y equals y.",Every element is equal to itself. This holds for all elements.,The theorem states that every object is equivalent to itself. This equivalence holds for any object of a given type. The statement is a fundamental reflexivity property. It asserts self-equivalence without any additional conditions.
obvious_fact,obv_more,reflexivity of equality,reflexivity,2,1,Top-1 directly addresses reflexivity of equality clearly and accurately.,The theorem states that every object is equivalent to itself. This equivalence holds for any object of a given type. The statement is a fundamental reflexivity property. It asserts self-equivalence without any additional conditions.,The theorem states that a proposition is equal to itself. This is a fundamental law of identity in logic. It asserts the reflexivity of equality for propositions.,A reflexive relation on a type implies identity. The type must be a set. The relation between any two elements is equivalent to their equality.
concatenation,rh_repeat,Riemann hypothesis Riemann hypothesis Riemann hypothesis,Riemann hypothesis (repeated),1,5,"A clear match appears in top-3, but not at rank 1. The information is relevant.",The Riemann hypothesis is true.,The conjecture is equivalent to the Riemann hypothesis.,The conjecture is equivalent to the Riemann hypothesis.
truncation,trunc,fermat last,Fermat's Last Theorem (truncated),0,,Slogans are too vague and do not directly address Fermat's Last Theorem.,The theorem presents a mathematical statement with a formal designation.,A theorem is stated with a specific number and a formal name.,The theorem presents a formal mathematical statement. It is identified by a specific number and a distinctive name. The content establishes a precise mathematical relationship or property. The result is foundational within its context.
truncation,trunc,fermat,Fermat (any),0,,Only tangentially related; nothing in top-3 directly answers the query about Fermat.,A theorem is stated with a specific number and a formal name.,The theorem presents a mathematical statement with a formal designation.,A theorem is stated with a specific name and number.
truncation,trunc,Riemann hypoth,Riemann hypothesis (truncated),1,2,"A clear match appears in top-3, but the top result is not directly informative.",The Riemann hypothesis is true.,The conjecture is equivalent to the Riemann hypothesis.,The conjecture is equivalent to the Riemann hypothesis.
concatenation,concat_word,fermatlasttheorem,FLT (no spaces),2,1,"Top-1 is a clear, on-target match for Fermat's Last Theorem.",Fermat's Last Theorem holds for all odd integers greater than two.,"Fermat's Last Theorem states that for any integer n greater than or equal to three, there are no nonzero integer solutions to the equation X to the n plus Y to the n equals Z to the n. The only exceptions occur when at least one of the variables X, Y, or Z is zero. This result wa","Fermat's Last Theorem states that for natural numbers n greater than two, there are no solutions to the equation x raised to the n plus y raised to the n equals z raised to the n. This holds for all positive integers x, y, and z. The theorem was famously proven by Andrew Wiles in"
concatenation,concat_word,RiemannHypothesis,Riemann hypothesis (camelCase),0,,Top results discuss equivalence but do not directly address the Riemann Hypothesis itself.,The Riemann hypothesis is true.,The conjecture implies the Riemann Hypothesis.,The conjecture is equivalent to the Riemann hypothesis.
concatenation,concat_word,BanachTarski,Banach-Tarski,2,1,"Top-1 is a clear, on-target match for the Banach-Tarski paradox.",A unit ball in three-dimensional Euclidean space can be cut into finitely many pieces. These pieces can be reassembled to form two identical unit balls. This means the original ball is equidecomposable into two copies of itself. The result holds specifically in three dimensions.,A ball can be broken into a finite number of pieces. These pieces can be rearranged using only rotation and translation. The reassembly produces two balls identical to the original. This holds true for any ball in three dimensions.,The unit sphere can be split into two disjoint parts. Each part can be further divided into a countable number of pieces. These pieces can be rotated to reassemble into a full copy of the unit sphere. This holds true for both parts of the original partition.
