body,slogan,label,tag,link
Let $A$ be a ring. Let $\varphi : F \to G$ be a map of adequate functors on $\textit{Alg}_A$. Then $\mathop{\mathrm{Coker}}(\varphi)$ is adequate.,The cokernel of a map of adequate functors on the category of algebras over a ring is adequate.,lemma-cokernel-adequate,06V2,https://stacks.math.columbia.edu/tag/06V2
"Let $R$ be a ring, and let $M$ be a finite $R$-module. There exists a filtration by finite $R$-submodules $$ 0 = M_0 \subset M_1 \subset \ldots \subset M_n = M $$ such that each quotient $M_i/M_{i - 1}$ is isomorphic to $R/I_i$ for some ideal $I_i$ of $R$.",Finite modules have filtrations such that successive quotients are cyclic modules.,lemma-trivial-filter-finite-module,00KZ,https://stacks.math.columbia.edu/tag/00KZ
"Let $I$ be a directed set. Let $(L_i, \lambda_{ij})$, $(M_i, \mu_{ij})$, and $(N_i, \nu_{ij})$ be systems of $R$-modules over $I$. Let $\varphi_i : L_i \to M_i$ and $\psi_i : M_i \to N_i$ be morphisms of systems over $I$. Assume that for all $i \in I$ the sequence of $R$-modules $$ \xymatrix{ L_i \ar[r]^{\varphi_i} & M_i \ar[r]^{\psi_i} & N_i } $$ is a complex with homology $H_i$. Then the $R$-modules $H_i$ form a system over $I$, the sequence of $R$-modules $$ \xymatrix{ \mathop{\mathrm{colim}}\nolimits_i L_i \ar[r]^\varphi & \mathop{\mathrm{colim}}\nolimits_i M_i \ar[r]^\psi & \mathop{\mathrm{colim}}\nolimits_i N_i } $$ is a complex as well, and denoting $H$ its homology we have $$ H = \mathop{\mathrm{colim}}\nolimits_i H_i. $$",Filtered colimits are exact. Directed colimits are exact.,lemma-directed-colimit-exact,00DB,https://stacks.math.columbia.edu/tag/00DB
Let $L\xrightarrow{u} M\xrightarrow{v} N$ be an exact sequence of $R$-modules. Then $S^{-1}L \to S^{-1}M \to S^{-1}N$ is also exact.,Localization is exact.,proposition-localization-exact,00CS,https://stacks.math.columbia.edu/tag/00CS
"Each ideal $I'$ of $S^{-1}A$ takes the form $S^{-1}I$, where one can take $I$ to be the inverse image of $I'$ in $A$.",Ideals in the localization of a ring are localizations of ideals.,lemma-ideal-in-localization,02C9,https://stacks.math.columbia.edu/tag/02C9
Let $R$ be a ring. Let $M_i$ be a directed system of $R$-modules. Then $\mathop{\mathrm{colim}}\nolimits_i \text{T}(M_i) = \text{T}(\mathop{\mathrm{colim}}\nolimits_i M_i)$ and similarly for the symmetric and exterior algebras.,Taking tensor algebras commutes with filtered colimits.,lemma-colimit-tensor-algebra,00DQ,https://stacks.math.columbia.edu/tag/00DQ
"Let $A$ be a ring. Let $I$ be an ideal of $A$. \begin{enumerate} \item If $\gamma$ is a divided power structure\footnote{Here and in the following, $\gamma$ stands short for a sequence of maps $\gamma_1, \gamma_2, \gamma_3, \ldots$ from $I$ to $I$.} on $I$, then $n! \gamma_n(x) = x^n$ for $n \geq 1$, $x \in I$. \end{enumerate} Assume $A$ is torsion free as a $\mathbf{Z}$-module. \begin{enumerate} \item[(2)] A divided power structure on $I$, if it exists, is unique. \item[(3)] If $\gamma_n : I \to I$ are maps then $$ \gamma\text{ is a divided power structure} \Leftrightarrow n! \gamma_n(x) = x^n\ \forall x \in I, n \geq 1. $$ \item[(4)] The ideal $I$ has a divided power structure if and only if there exists a set of generators $x_i$ of $I$ as an ideal such that for all $n \geq 1$ we have $x_i^n \in (n!)I$. \end{enumerate}",1. In an affine scheme if a finite number of points are contained in an open subset then they are contained in a smaller principal open subset. 2. Affine opens are cofinal among the neighborhoods of a given finite set of an affine scheme,lemma-silly,07GM,https://stacks.math.columbia.edu/tag/07GM
Let $R$ be a nonzero ring. Let $n \geq 1$. Let $M$ be an $R$-module generated by $< n$ elements. Then any $R$-module map $f : R^{\oplus n} \to M$ has a nonzero kernel.,A map of finite free modules cannot be injective if the source has rank bigger than the target.,lemma-map-cannot-be-injective,05WI,https://stacks.math.columbia.edu/tag/05WI
"Let $(X, \mathcal{O}_X)$ be a ringed space. Suppose that the support of $\mathcal{O}_X$ is $X$, i.e., all stalks of $\mathcal{O}_X$ are nonzero rings. Let $\mathcal{F}$ be a locally free sheaf of $\mathcal{O}_X$-modules. There exists a locally constant function $$ \text{rank}_\mathcal{F} : X \longrightarrow \{0, 1, 2, \ldots\}\cup\{\infty\} $$ such that for any point $x \in X$ the cardinality of any set $I$ such that $\mathcal{F}$ is isomorphic to $\bigoplus_{i\in I} \mathcal{O}_X$ in a neighbourhood of $x$ is $\text{rank}_\mathcal{F}(x)$.",The rank of a finite free module is well defined.,lemma-rank,01C9,https://stacks.math.columbia.edu/tag/01C9
"Suppose that $\varphi : R \to R'$ is a ring homomorphism. The induced map $$ \mathop{\mathrm{Spec}}(\varphi) : \mathop{\mathrm{Spec}}(R') \longrightarrow \mathop{\mathrm{Spec}}(R), \quad \mathfrak p' \longmapsto \varphi^{-1}(\mathfrak p') $$ is continuous for the Zariski topologies. In fact, for any element $f \in R$ we have $\mathop{\mathrm{Spec}}(\varphi)^{-1}(D(f)) = D(\varphi(f))$.",Functoriality of the spectrum,lemma-spec-functorial,00E2,https://stacks.math.columbia.edu/tag/00E2
"Let $\mathcal{C}$ be a site. Let $U$ be an object of $\mathcal{C}$. The following are equivalent \begin{enumerate} \item $U$ is quasi-compact, and \item for every surjection of sheaves $\coprod_{i \in I} \mathcal{F}_i \to h_U^\#$ there is a finite subset $J \subset I$ such that $\coprod_{i \in J} \mathcal{F}_i \to h_U^\#$ is surjective. \end{enumerate}",The spectrum of a ring is quasi-compact,lemma-quasi-compact,0D06,https://stacks.math.columbia.edu/tag/0D06
"Let $R$ be a ring. Let $M$ be an $R$-module. Let $S$ be an $R$-algebra. Suppose that $f_1, \ldots, f_n$ is a finite list of elements of $R$ such that $\bigcup D(f_i) = \mathop{\mathrm{Spec}}(R)$, in other words $(f_1, \ldots, f_n) = R$. \begin{enumerate} \item If each $M_{f_i} = 0$ then $M = 0$. \item If each $M_{f_i}$ is a finite $R_{f_i}$-module, then $M$ is a finite $R$-module. \item If each $M_{f_i}$ is a finitely presented $R_{f_i}$-module, then $M$ is a finitely presented $R$-module. \item Let $M \to N$ be a map of $R$-modules. If $M_{f_i} \to N_{f_i}$ is an isomorphism for each $i$ then $M \to N$ is an isomorphism. \item Let $0 \to M'' \to M \to M' \to 0$ be a complex of $R$-modules. If $0 \to M''_{f_i} \to M_{f_i} \to M'_{f_i} \to 0$ is exact for each $i$, then $0 \to M'' \to M \to M' \to 0$ is exact. \item If each $R_{f_i}$ is Noetherian, then $R$ is Noetherian. \item If each $S_{f_i}$ is a finite type $R_{f_i}$-algebra, then $S$ is a finite type $R$-algebra. \item If each $S_{f_i}$ is of finite presentation over $R_{f_i}$, then $S$ is a finitely presented $R$-algebra. \end{enumerate}",Zariski-local properties of modules and algebras,lemma-cover,00EO,https://stacks.math.columbia.edu/tag/00EO
Any finitely generated ring over a Noetherian ring is Noetherian. Any localization of a Noetherian ring is Noetherian.,Noetherian property is stable by passage to finite type extension and localization.,lemma-Noetherian-permanence,00FN,https://stacks.math.columbia.edu/tag/00FN
A Noetherian scheme has a finite number of irreducible components.,A Noetherian affine scheme has finitely many generic points.,lemma-Noetherian-irreducible-components,0BA8,https://stacks.math.columbia.edu/tag/0BA8
"Let $R$ be a Noetherian ring. Let $I, J$ be ideals of $R$. Suppose $J \subset \sqrt{I}$. Then $J^n \subset I$ for some $n$. In particular, in a Noetherian ring the notions of ``locally nilpotent ideal'' and ``nilpotent ideal'' coincide.",An ideal in a Noetherian ring is nilpotent if each element of the ideal is nilpotent.,lemma-Noetherian-power,00IM,https://stacks.math.columbia.edu/tag/00IM
Suppose that $R \to S$ and $S \to T$ are integral ring maps. Then $R \to T$ is integral.,A composition of integral ring maps is integral,lemma-integral-transitive,00GN,https://stacks.math.columbia.edu/tag/00GN
"Let $\varphi : R \to S$ be a ring map. Let $x \in S$. The following are equivalent: \begin{enumerate} \item $x$ is integral over $R$, and \item for every prime ideal $\mathfrak p \subset R$ the element $x \in S_{\mathfrak p}$ is integral over $R_{\mathfrak p}$. \end{enumerate}",An element of an algebra over a ring is integral over the ring if and only if it is locally integral at every prime ideal of the ring.,lemma-integral-closure-stalks,034K,https://stacks.math.columbia.edu/tag/034K
The base change of an integral (resp.\ finite) morphism is integral (resp.\ finite).,Integrality and finiteness are preserved under base change.,lemma-base-change-integral,03ZS,https://stacks.math.columbia.edu/tag/03ZS
"Let $M$ be a flat $R$-module. The following are equivalent: \begin{enumerate} \item $M$ is faithfully flat, \item for every nonzero $R$-module $N$, then tensor product $M \otimes_R N$ is nonzero, \item for all $\mathfrak p \in \mathop{\mathrm{Spec}}(R)$ the tensor product $M \otimes_R \kappa(\mathfrak p)$ is nonzero, and \item for all maximal ideals $\mathfrak m$ of $R$ the tensor product $M \otimes_R \kappa(\mathfrak m) = M/{\mathfrak m}M$ is nonzero. \end{enumerate}",A flat module is faithfully flat if and only if it has nonzero fibers.,lemma-ff,00HP,https://stacks.math.columbia.edu/tag/00HP
Let $R$ be a ring. Let $M$ be an $R$-module. Then $$ M = (0) \Leftrightarrow \text{Supp}(M) = \emptyset. $$,A module over a ring has empty support if and only if it is the trivial module.,lemma-support-zero,0585,https://stacks.math.columbia.edu/tag/0585
Let $k$ be a field with perfection $k^{perf}$. Let $X$ be a connected scheme over $k$. Then $X_{k^{perf}}$ is connected and $\pi_1(X_{k^{perf}}) \to \pi_1(X)$ is an isomorphism.,Every field has a unique perfect closure.,lemma-perfection,0BTW,https://stacks.math.columbia.edu/tag/0BTW
"Let $I$ be a directed set. Let $(A_i, \varphi_{ij})$ be a system of valuation rings over $I$. Then $A = \mathop{\mathrm{colim}}\nolimits A_i$ is a valuation ring.",Valuation rings are stable under filtered direct limits,lemma-colimit-valuation-rings,0AS4,https://stacks.math.columbia.edu/tag/0AS4
Let $R$ be a ring. Let $M$ be an $R$-module. If $\text{length}_R(M) < \infty$ then $M$ is a finite $R$-module.,Modules of finite length are finite.,lemma-finite-length-finite,02LZ,https://stacks.math.columbia.edu/tag/02LZ
If $0 \to M' \to M \to M'' \to 0$ is a short exact sequence of modules over $R$ then the length of $M$ is the sum of the lengths of $M'$ and $M''$.,Length is additive in short exact sequences.,lemma-length-additive,00IV,https://stacks.math.columbia.edu/tag/00IV
Let $X$ be a locally Noetherian scheme. Let $\mathcal{F}$ be a quasi-coherent $\mathcal{O}_X$-module. Then $$ \mathcal{F} = 0 \Leftrightarrow \text{Ass}(\mathcal{F}) = \emptyset. $$,Over a Noetherian ring each nonzero module has an associated prime.,lemma-ass-zero,05AG,https://stacks.math.columbia.edu/tag/05AG
Let $X$ be a scheme. Let $\mathcal{F}$ be a quasi-coherent $\mathcal{O}_X$-module. Then $$ \mathcal{F} = (0) \Leftrightarrow \text{WeakAss}(\mathcal{F}) = \emptyset $$,Every nonzero module has a weakly associated prime.,lemma-weakly-ass-zero,05AP,https://stacks.math.columbia.edu/tag/05AP
"Let $R, S$ be local rings. Let $R \to S$ be a flat local ring homomorphism. Let $x_1, \ldots, x_r$ be a sequence in $R$. Let $M$ be an $R$-module. The following are equivalent \begin{enumerate} \item $x_1, \ldots, x_r$ is an $M$-regular sequence in $R$, and \item the images of $x_1, \ldots, x_r$ in $S$ form a $M \otimes_R S$-regular sequence. \end{enumerate}",Flat local ring homomorphisms preserve and reflect regular sequences.,lemma-flat-increases-depth,00LM,https://stacks.math.columbia.edu/tag/00LM
If $R$ is reduced then every (affine) blowup algebra of $R$ is reduced.,Being reduced is invariant under blowup,lemma-blowup-reduced,052S,https://stacks.math.columbia.edu/tag/052S
"If $P$ is a projective $R$-module, then $P$ is a direct sum of countably generated projective $R$-modules.",Any projective module is a direct sum of countably generated projective modules.,theorem-projective-direct-sum,058Y,https://stacks.math.columbia.edu/tag/058Y
"If $P$ is a projective module over a local ring $R$, then $P$ is free.",Projective modules over local rings are free.,theorem-projective-free-over-local-ring,0593,https://stacks.math.columbia.edu/tag/0593
Let $R$ be a Noetherian local ring. Assume there exists a Cohen-Macaulay module $M$ with $\mathop{\mathrm{Spec}}(R) = \text{Supp}(M)$. Then any maximal chain of prime ideals $\mathfrak p_0 \subset \mathfrak p_1 \subset \ldots \subset \mathfrak p_n$ has length $n = \dim(R)$.,"In a local Cohen-Macaulay ring, any maximal chain of prime ideals has length equal to the dimension.",lemma-maximal-chain-maximal-CM,0AAE,https://stacks.math.columbia.edu/tag/0AAE
"Let $R$ be a Noetherian local Cohen-Macaulay ring with maximal ideal $\mathfrak m $. Let $x_1, \ldots, x_c \in \mathfrak m$ be elements. Then $$ x_1, \ldots, x_c \text{ is a regular sequence } \Leftrightarrow \dim(R/(x_1, \ldots, x_c)) = \dim(R) - c $$ If so $x_1, \ldots, x_c$ can be extended to a regular sequence of length $\dim(R)$ and each quotient $R/(x_1, \ldots, x_i)$ is a Cohen-Macaulay ring of dimension $\dim(R) - i$.",Regular sequences in Cohen-Macaulay local rings are characterized by cutting out something of the correct dimension.,lemma-reformulate-CM,02JN,https://stacks.math.columbia.edu/tag/02JN
"Let $R \to S$ be a ring map. The following are equivalent \begin{enumerate} \item $R \to S$ is an epimorphism and finite, and \item $R \to S$ is surjective. \end{enumerate}",A ring map is surjective if and only if it is a finite epimorphism.,lemma-finite-epimorphism-surjective,04VT,https://stacks.math.columbia.edu/tag/04VT
"Let $R$ be a ring. If $I, J \subset R$ are pure ideals, then $V(I) = V(J)$ implies $I = J$.",Pure ideals are determined by their vanishing locus.,lemma-pure-ideal-determined-by-zero-set,04PT,https://stacks.math.columbia.edu/tag/04PT
"Let $k$ be a field. Let $S = k[x_1, \ldots, x_n]/I$ for some ideal $I$. If $I \neq (1)$, there exist $r\geq 0$, and $y_1, \ldots, y_r \in k[x_1, \ldots, x_n]$ such that (a) the map $k[y_1, \ldots, y_r] \to S$ is injective where the source is the polynomial ring on $y_1, \ldots, y_r$, and (b) the map $k[y_1, \ldots, y_r] \to S$ is finite. In this case the integer $r$ is the dimension of $S$. Moreover we may choose $y_i$ to be in the $\mathbf{Z}$-subalgebra of $k[x_1, \ldots, x_n]$ generated by $x_1, \ldots, x_n$.",Noether normalization,lemma-Noether-normalization,00OY,https://stacks.math.columbia.edu/tag/00OY
"Let $R \to S$ be a ring map. Let $M$ be an $S$-module. Assume \begin{enumerate} \item $R$ is a domain, \item $R \to S$ is of finite presentation, and \item $M$ is an $S$-module of finite presentation. \end{enumerate} Then there exists a nonzero $f \in R$ such that $M_f$ is a free $R_f$-module.",Generic freeness.,lemma-generic-flatness-finitely-presented,051S,https://stacks.math.columbia.edu/tag/051S
Let $A$ be a ring. Let $I$ and $J$ be nonzero ideals of $A$ such that $IJ = (f)$ for some nonzerodivisor $f \in A$. Then $I$ and $J$ are finitely generated ideals and finitely locally free of rank $1$ as $A$-modules.,A product of ideals is an invertible module iff both factors are.,lemma-product-ideals-principal,09ME,https://stacks.math.columbia.edu/tag/09ME
"Let $R \to S$ be a ring map of finite type. Let $\mathfrak q \subset S$ be a prime lying over $\mathfrak p \subset R$. Let $F = \mathop{\mathrm{Spec}}(S \otimes_R \kappa(\mathfrak p))$ be the fibre of $\mathop{\mathrm{Spec}}(S) \to \mathop{\mathrm{Spec}}(R)$, see Remark \ref{remark-fundamental-diagram}. Denote $\overline{\mathfrak q} \in F$ the point corresponding to $\mathfrak q$. The following are equivalent \begin{enumerate} \item $\overline{\mathfrak q}$ is an isolated point of $F$, \item $S_{\mathfrak q}/\mathfrak pS_{\mathfrak q}$ is finite over $\kappa(\mathfrak p)$, \item there exists a $g \in S$, $g \not \in \mathfrak q$ such that the only prime of $D(g)$ mapping to $\mathfrak p$ is $\mathfrak q$, \item $\dim_{\overline{\mathfrak q}}(F) = 0$, \item $\overline{\mathfrak q}$ is a closed point of $F$ and $\dim(S_{\mathfrak q}/\mathfrak pS_{\mathfrak q}) = 0$, and \item the field extension $\kappa(\mathfrak q)/\kappa(\mathfrak p)$ is finite and $\dim(S_{\mathfrak q}/\mathfrak pS_{\mathfrak q}) = 0$. \end{enumerate}",Equivalent conditions for isolated points in fibres,lemma-isolated-point-fibre,00PK,https://stacks.math.columbia.edu/tag/00PK
"Let $k$ be a field. Let $S$ be a finite type $k$-algebra. Suppose there is a quasi-finite $k$-algebra map $k[t_1, \ldots, t_n] \subset S$. Then $\dim(S) \leq n$.",A quasi-finite cover of affine n-space has dimension at most n.,lemma-dimension-quasi-finite-over-polynomial-algebra,00QG,https://stacks.math.columbia.edu/tag/00QG
"Let $R \to S$ be a local homomorphism of Noetherian local rings. Assume \begin{enumerate} \item $R$ is regular, \item $S$ Cohen-Macaulay, \item $\dim(S) = \dim(R) + \dim(S/\mathfrak m_R S)$. \end{enumerate} Then $R \to S$ is flat.",Miracle flatness,lemma-CM-over-regular-flat,00R4,https://stacks.math.columbia.edu/tag/00R4
"The module of differentials of $S$ over $R$ has the following universal property. The map $$ \mathop{\mathrm{Hom}}\nolimits_S(\Omega_{S/R}, M) \longrightarrow \text{Der}_R(S, M), \quad \alpha \longmapsto \alpha \circ \text{d} $$ is an isomorphism of functors.",Maps out of the module of differentials are the same as derivations.,lemma-universal-omega,00RO,https://stacks.math.columbia.edu/tag/00RO
"Let $A \to B$ be a ring map. Let $g \in B$. Suppose $\alpha : P \to B$ is a presentation with kernel $I$. Then a presentation of $B_g$ over $A$ is the map $$ \beta : P[x] \longrightarrow B_g $$ extending $\alpha$ and sending $x$ to $1/g$. The kernel $J$ of $\beta$ is generated by $I$ and the element $f x - 1$ where $f \in P$ is an element mapped to $g \in B$ by $\alpha$. In this situation we have \begin{enumerate} \item $J/J^2 = (I/I^2)_g \oplus B_g (f x - 1)$, \item $\Omega_{P[x]/A} \otimes_{P[x]} B_g = \Omega_{P/A} \otimes_P B_g \oplus B_g \text{d}x$, \item $\mathop{N\!L}\nolimits(\beta) \cong \mathop{N\!L}\nolimits(\alpha) \otimes_B B_g \oplus (B_g \xrightarrow{g} B_g)$ \end{enumerate} Hence the canonical map $\mathop{N\!L}\nolimits_{B/A} \otimes_B B_g \to \mathop{N\!L}\nolimits_{B_g/A}$ is a homotopy equivalence.",The formation of the naive cotangent complex commutes with localization at an element.,lemma-principal-localization-NL,08JZ,https://stacks.math.columbia.edu/tag/08JZ
Let $R \to S$ be a ring map. Let $R \to R'$ be a faithfully flat ring map. Set $S' = R'\otimes_R S$. Then $R \to S$ is syntomic if and only if $R' \to S'$ is syntomic.,Being syntomic is fpqc local on the base.,lemma-syntomic-descends,00SM,https://stacks.math.columbia.edu/tag/00SM
The base change of a morphism which is smooth is smooth.,Smoothness is preserved under base change,lemma-base-change-smooth,01VB,https://stacks.math.columbia.edu/tag/01VB
Let $R \to S$ be a ring map. Then $R \to S$ is smooth if and only if $R \to S$ is smooth at every prime $\mathfrak q$ of $S$.,A ring map is smooth if and only if it is smooth at all primes of the target,lemma-locally-smooth,00TC,https://stacks.math.columbia.edu/tag/00TC
"Let $\varphi : R \to S$ be a smooth ring map. Let $\sigma : S \to R$ be a left inverse to $\varphi$. Set $I = \mathop{\mathrm{Ker}}(\sigma)$. Then \begin{enumerate} \item $I/I^2$ is a finite locally free $R$-module, and \item if $I/I^2$ is free, then $S^\wedge \cong R[[t_1, \ldots, t_d]]$ as $R$-algebras, where $S^\wedge$ is the $I$-adic completion of $S$. \end{enumerate}","If $R$ is a summand of $S$ and $S$ is smooth over $R$, then the $I$-adic completion of $S$ is often a power series over $R$ where $I$ is the kernel of the projection map from $S$ to $R$.",lemma-section-smooth,05D5,https://stacks.math.columbia.edu/tag/05D5
Let $R$ be a ring and let $I \subset R$ be an ideal. Let $R/I \to \overline{S}$ be an \'etale ring map. Then there exists an \'etale ring map $R \to S$ such that $\overline{S} \cong S/IS$ as $R/I$-algebras.,\'Etale ring maps lift along surjections of rings,lemma-lift-etale,04D1,https://stacks.math.columbia.edu/tag/04D1
"Let $R \to S$ be a ring map. Let $\mathfrak p$ be a prime of $R$. If $R \to S$ is unramified then there exist \begin{enumerate} \item an \'etale ring map $R \to R'$, \item a prime $\mathfrak p' \subset R'$ lying over $\mathfrak p$. \item a product decomposition $$ R' \otimes_R S = A_1 \times \ldots \times A_n \times B $$ \end{enumerate} with the following properties \begin{enumerate} \item $R' \to A_i$ is surjective, \item $\mathfrak p'A_i$ is a prime of $A_i$ lying over $\mathfrak p'$, and \item there is no prime of $B$ lying over $\mathfrak p'$. \end{enumerate}","In an unramified ring map, one can separate the points in a fiber by passing to an \'etale neighbourhood.",lemma-etale-makes-unramified-closed,00UY,https://stacks.math.columbia.edu/tag/00UY
"Let $(R, \mathfrak m, \kappa)$ be a local ring. The following are equivalent \begin{enumerate} \item $R$ is henselian, \item for every $f \in R[T]$ and every root $a_0 \in \kappa$ of $\overline{f}$ such that $\overline{f'}(a_0) \not = 0$ there exists an $a \in R$ such that $f(a) = 0$ and $a_0 = \overline{a}$, \item for any monic $f \in R[T]$ and any factorization $\overline{f} = g_0 h_0$ with $\gcd(g_0, h_0) = 1$ there exists a factorization $f = gh$ in $R[T]$ such that $g_0 = \overline{g}$ and $h_0 = \overline{h}$, \item for any monic $f \in R[T]$ and any factorization $\overline{f} = g_0 h_0$ with $\gcd(g_0, h_0) = 1$ there exists a factorization $f = gh$ in $R[T]$ such that $g_0 = \overline{g}$ and $h_0 = \overline{h}$ and moreover $\deg_T(g) = \deg_T(g_0)$, \item for any $f \in R[T]$ and any factorization $\overline{f} = g_0 h_0$ with $\gcd(g_0, h_0) = 1$ there exists a factorization $f = gh$ in $R[T]$ such that $g_0 = \overline{g}$ and $h_0 = \overline{h}$, \item for any $f \in R[T]$ and any factorization $\overline{f} = g_0 h_0$ with $\gcd(g_0, h_0) = 1$ there exists a factorization $f = gh$ in $R[T]$ such that $g_0 = \overline{g}$ and $h_0 = \overline{h}$ and moreover $\deg_T(g) = \deg_T(g_0)$, \item for any \'etale ring map $R \to S$ and prime $\mathfrak q$ of $S$ lying over $\mathfrak m$ with $\kappa = \kappa(\mathfrak q)$ there exists a retraction $\tau : S \to R$ of $R \to S$, \item for any \'etale ring map $R \to S$ and prime $\mathfrak q$ of $S$ lying over $\mathfrak m$ with $\kappa = \kappa(\mathfrak q)$ there exists a unique retraction $\tau : S \to R$ of $R \to S$ such that $\mathfrak q = \tau^{-1}(\mathfrak m)$, \item any finite $R$-algebra is a product of local rings, \item any finite $R$-algebra is a finite product of local rings, \item any finite type $R$-algebra $S$ can be written as $A \times B$ with $R \to A$ finite and $R \to B$ not quasi-finite at any prime lying over $\mathfrak m$, \item any finite type $R$-algebra $S$ can be written as $A \times B$ with $R \to A$ finite such that each irreducible component of $\mathop{\mathrm{Spec}}(B \otimes_R \kappa)$ has dimension $\geq 1$, and \item any quasi-finite $R$-algebra $S$ can be written as $S = A \times B$ with $R \to A$ finite such that $B \otimes_R \kappa = 0$. \end{enumerate}",Characterizations of henselian local rings,lemma-characterize-henselian,04GG,https://stacks.math.columbia.edu/tag/04GG
"Let $(R, \mathfrak m, \kappa)$ be a complete local ring, see Definition \ref{definition-complete-local-ring}. Then $R$ is henselian.",Complete local rings are Henselian by Newton's method,lemma-complete-henselian,04GM,https://stacks.math.columbia.edu/tag/04GM
"Let $(R, \mathfrak m)$ be a local ring of dimension $0$. Then $R$ is henselian.",Local rings of dimension zero are henselian.,lemma-local-dimension-zero-henselian,06RS,https://stacks.math.columbia.edu/tag/06RS
Let $R$ be a local ring with henselization $R^h$. Let $I \subset \mathfrak m_R$. Then $R^h/IR^h$ is the henselization of $R/I$.,Henselization is compatible with quotients.,lemma-quotient-henselization,05WQ,https://stacks.math.columbia.edu/tag/05WQ
Let $X$ be a locally Noetherian scheme. Then $X$ is reduced if and only if $X$ has properties $(S_1)$ and $(R_0)$.,Reduced equals R0 plus S1.,lemma-criterion-reduced,0344,https://stacks.math.columbia.edu/tag/0344
Let $X$ be a locally Noetherian scheme. Then $X$ is normal if and only if $X$ has properties $(S_2)$ and $(R_1)$.,Normal equals R1 plus S2.,lemma-criterion-normal,0345,https://stacks.math.columbia.edu/tag/0345
"Let $k$ be a field. \begin{enumerate} \item If the characteristic of $k$ is zero, then any extension field of $k$ is formally smooth over $k$. \item If the characteristic of $k$ is $p > 0$, then $K/k$ is formally smooth if and only if it is a separable field extension. \end{enumerate}",Formally smooth equals separable for field extensions.,lemma-fields-are-formally-smooth,0321,https://stacks.math.columbia.edu/tag/0321
"Let $\varphi : R \to S$ be a ring map. Assume \begin{enumerate} \item $\varphi$ is regular, \item $S$ is Noetherian, and \item $R$ is Noetherian and regular. \end{enumerate} Then $S$ is regular.",Regularity ascends along smooth maps of rings.,lemma-regular-goes-up,0H7S,https://stacks.math.columbia.edu/tag/0H7S
Let $k$ be a field. A localization of a geometrically normal $k$-algebra is geometrically normal.,Localization preserves geometric normality.,lemma-localization-geometrically-normal-algebra,06DE,https://stacks.math.columbia.edu/tag/06DE
"Let $k$ be a field. Let $A \to B$ be a faithfully flat $k$-algebra map. If $B$ is geometrically regular over $k$, so is $A$.",Geometric regularity descends through faithfully flat maps of algebras,lemma-geometrically-regular-descent,07NH,https://stacks.math.columbia.edu/tag/07NH
"Let $S$ be a scheme. Let $$ \xymatrix{ X \ar[r] \ar[d] & X' \ar[d] \\ Y \ar[r] & Y' } $$ be a pushout in the category of schemes over $S$ where $X \to X'$ is a thickening and $X \to Y$ is affine, see More on Morphisms, Lemma \ref{more-morphisms-lemma-pushout-along-thickening}. Let $\mathcal{Z}$ be an algebraic stack over $S$. Then the functor of fibre categories $$ \mathcal{Z}_{Y'} \longrightarrow \mathcal{Z}_Y \times_{\mathcal{Z}_X} \mathcal{Z}_{X'} $$ is an equivalence of categories.",Algebraic stacks satisfy the (strong) Rim-Schlessinger condition,lemma-pushout,07WN,https://stacks.math.columbia.edu/tag/07WN
Let $S$ be a scheme. Let $$ \xymatrix{ G' \times_G F \ar[r] \ar[d]^{a'} & F \ar[d]^a \\ G' \ar[r] & G } $$ be a fibre square of presheaves on $(\mathit{Sch}/S)_{fppf}$. If $a$ is representable by algebraic spaces so is $a'$.,A base change of a representable by algebraic spaces morphism of presheaves is representable by algebraic spaces.,lemma-base-change-transformation,03Y0,https://stacks.math.columbia.edu/tag/03Y0
"Let $S$ be a scheme contained in $\mathit{Sch}_{fppf}$. Let $F$ be a presheaf of sets on $(\mathit{Sch}/S)_{fppf}$. The following are equivalent: \begin{enumerate} \item the diagonal $F \to F \times F$ is representable, \item for $U \in \mathop{\mathrm{Ob}}\nolimits((\mathit{Sch}/S)_{fppf})$ and any $a \in F(U)$ the map $a : h_U \to F$ is representable, \item for every pair $U, V \in \mathop{\mathrm{Ob}}\nolimits((\mathit{Sch}/S)_{fppf})$ and any $a \in F(U)$, $b \in F(V)$ the fibre product $h_U \times_{a, F, b} h_V$ is representable. \end{enumerate}",The diagonal of a presheaf is representable by algebraic spaces if and only if every map from a scheme to the presheaf is representable by algebraic spaces.,lemma-representable-diagonal,025W,https://stacks.math.columbia.edu/tag/025W
"Let $S$ be a scheme. Let $F : (\mathit{Sch}/S)_{fppf}^{opp} \to \textit{Sets}$ be a functor. Let $\{S_i \to S\}_{i \in I}$ be a covering of $(\mathit{Sch}/S)_{fppf}$. Assume that \begin{enumerate} \item $F$ is a sheaf, \item each $F_i = h_{S_i} \times F$ is an algebraic space, and \item $\coprod_{i \in I} F_i$ is an algebraic space (see Spaces, Lemma \ref{spaces-lemma-coproduct-algebraic-spaces}). \end{enumerate} Then $F$ is an algebraic space.",The definition of an algebraic space is fppf local.,lemma-locally-algebraic-space,04SK,https://stacks.math.columbia.edu/tag/04SK
"Let $S$ be a scheme. Let $\{X_i \to X\}_{i \in I}$ be an fppf covering of algebraic spaces over $S$. \begin{enumerate} \item If $I$ is countable\footnote{The restriction on countablility can be ignored by those who do not care about set theoretical issues. We can allow larger index sets here if we can bound the size of the algebraic spaces which we are descending. See for example Lemma \ref{lemma-locally-algebraic-space-finite-type}.}, then any descent datum for algebraic spaces relative to $\{X_i \to X\}$ is effective. \item Any descent datum $(Y_i, \varphi_{ij})$ relative to $\{X_i \to X\}_{i \in I}$ (Descent on Spaces, Definition \ref{spaces-descent-definition-descent-datum-for-family-of-morphisms}) with $Y_i \to X_i$ of finite type is effective. \end{enumerate}",Fppf descent data for algebraic spaces are effective.,lemma-descend-algebraic-space,0ADV,https://stacks.math.columbia.edu/tag/0ADV
Let $A$ be a simple finite $k$-algebra. Then $A$ is a matrix algebra over a finite $k$-algebra $K$ which is a skew field.,Simple finite algebras over a field are matrix algebras over a skew field.,theorem-wedderburn,0747,https://stacks.math.columbia.edu/tag/0747
Let $A$ be a finite central skew field over $k$. Then every maximal subfield $K \subset A$ satisfies $[A : k] = [K : k]^2$.,The dimension of a finite central skew field is the square of the dimension of any maximal subfield.,lemma-maximal-subfield,074W,https://stacks.math.columbia.edu/tag/074W
"Let $M : \mathcal{I} \to \mathcal{C}$ be a diagram. Write $I = \mathop{\mathrm{Ob}}\nolimits(\mathcal{I})$ and $A = \text{Arrows}(\mathcal{I})$. Denote $s, t : A \to I$ the source and target maps. Suppose that $\coprod_{i \in I} M_i$ and $\coprod_{a \in A} M_{s(a)}$ exist. Suppose that the coequalizer of $$ \xymatrix{ \coprod_{a \in A} M_{s(a)} \ar@<1ex>[r]^\phi \ar@<-1ex>[r]_\psi & \coprod_{i \in I} M_i } $$ exists, where the morphisms are determined by their components as follows: The component $M_{s(a)}$ maps via $\psi$ to the component $M_{t(a)}$ via the morphism $M(a)$. The component $M_{s(a)}$ maps via $\phi$ to the component $M_{s(a)}$ by the identity morphism. Then this coequalizer is the colimit of the diagram.","If all coproducts and coequalizers exist, all colimits exist.",lemma-colimits-coproducts-coequalizers,002P,https://stacks.math.columbia.edu/tag/002P
"Let $\mathcal{C}$ be a category. The only $2$-morphisms between categories fibred in sets are identities. In other words, the $2$-category of categories fibred in sets is a category. Moreover, there is an equivalence of categories $$ \left\{ \begin{matrix} \text{the category of presheaves}\\ \text{of sets over }\mathcal{C} \end{matrix} \right\} \leftrightarrow \left\{ \begin{matrix} \text{the category of categories}\\ \text{fibred in sets over }\mathcal{C} \end{matrix} \right\} $$ The functor from left to right is the construction $F \to \mathcal{S}_F$ discussed in Example \ref{example-presheaf}. The functor from right to left assigns to $p : \mathcal{S} \to \mathcal{C}$ the presheaf of objects $U \mapsto \mathop{\mathrm{Ob}}\nolimits(\mathcal{S}_U)$.",Categories fibred in sets are precisely presheaves.,lemma-2-category-fibred-sets,02Y2,https://stacks.math.columbia.edu/tag/02Y2
"Let $X$ be a scheme. Let $\mathcal{F}$ be a quasi-coherent $\mathcal{O}_X$-module. For any affine open $U \subset X$ we have $H^p(U, \mathcal{F}) = 0$ for all $p > 0$.",Serre vanishing: Higher cohomology vanishes on affine schemes for quasi-coherent modules.,lemma-quasi-coherent-affine-cohomology-zero,01XB,https://stacks.math.columbia.edu/tag/01XB
"\begin{reference} \cite{Serre-criterion}, \cite[II, Theorem 5.2.1 (d') and IV (1.7.17)]{EGA} \end{reference}  Let $X$ be a scheme. Assume that \begin{enumerate} \item $X$ is quasi-compact, \item for every quasi-coherent sheaf of ideals $\mathcal{I} \subset \mathcal{O}_X$ we have $H^1(X, \mathcal{I}) = 0$. \end{enumerate} Then $X$ is affine.",Serre's criterion for affineness.,lemma-quasi-compact-h1-zero-covering,01XF,https://stacks.math.columbia.edu/tag/01XF
"\begin{reference} \cite{Serre-criterion}, \cite[II, Theorem 5.2.1]{EGA} \end{reference}  Let $X$ be a scheme. Assume that \begin{enumerate} \item $X$ is quasi-compact, \item $X$ is quasi-separated, and \item $H^1(X, \mathcal{I}) = 0$ for every quasi-coherent sheaf of ideals $\mathcal{I}$ of finite type. \end{enumerate} Then $X$ is affine.",Serre's criterion for affineness.,lemma-quasi-separated-h1-zero-covering,01XG,https://stacks.math.columbia.edu/tag/01XG
"Let $X$ be a quasi-compact scheme with affine diagonal (for example if $X$ is separated). Let $t = t(X)$ be the minimal number of affine opens needed to cover $X$. Then $H^n(X, \mathcal{F}) = 0$ for all $n \geq t$ and all quasi-coherent sheaves $\mathcal{F}$.","For schemes with affine diagonal, the cohomology of quasi-coherent modules vanishes in degrees bigger than the number of affine opens needed in a covering.",lemma-vanishing-nr-affines,01XI,https://stacks.math.columbia.edu/tag/01XI
"Let $S$ be a scheme. Let $f : X \to Y$ be a morphism of algebraic spaces over $S$. Let $y \in |Y|$. Assume \begin{enumerate} \item $f$ is proper, and \item $f$ is quasi-finite at all $x \in |X|$ lying over $y$ (Decent Spaces, Lemma \ref{decent-spaces-lemma-conditions-on-fibre-and-qf}). \end{enumerate} Then there exists an open neighbourhood $V \subset Y$ of $y$ such that $f|_{f^{-1}(V)} : f^{-1}(V) \to V$ is finite.",A proper morphism is finite in a neighbourhood of a finite fiber.,lemma-proper-finite-fibre-finite-in-neighbourhood,0A4Y,https://stacks.math.columbia.edu/tag/0A4Y
Let $X$ be a ringed space. Let $U' \subset U \subset X$ be open subspaces. For any injective $\mathcal{O}_X$-module $\mathcal{I}$ the restriction mapping $\mathcal{I}(U) \to \mathcal{I}(U')$ is surjective.,Injectives are flasque.,lemma-injective-restriction-surjective,01EA,https://stacks.math.columbia.edu/tag/01EA
"Let $X$ be a ringed space. Let $\mathcal{F}$ be an $\mathcal{O}_X$-module such that $$ \check{H}^p(\mathcal{U}, \mathcal{F}) = 0 $$ for all $p > 0$ and any open covering $\mathcal{U} : U = \bigcup_{i \in I} U_i$ of an open of $X$. Then $H^p(U, \mathcal{F}) = 0$ for all $p > 0$ and any open $U \subset X$.","If higher {\v C}ech cohomology of an abelian sheaf vanishes for all open covers, then higher cohomology vanishes.",lemma-cech-vanish,01EV,https://stacks.math.columbia.edu/tag/01EV
Let $f : X \to Y$ and $g : Y \to Z$ be morphisms of ringed spaces. In this case $Rg_* \circ Rf_* = R(g \circ f)_*$ as functors from $D^{+}(X) \to D^{+}(Z)$.,The total derived functor of a composition is the composition of the total derived functors.,lemma-higher-direct-images-compose,01F5,https://stacks.math.columbia.edu/tag/01F5
"Let $\mathcal{C}$ be a category. Let $\mathcal{O}$ be a presheaf of rings. Let $$ 0 \to \mathcal{F}'' \to \mathcal{F}' \to \mathcal{F} \to 0 $$ be a short exact sequence of presheaves of $\mathcal{O}$-modules. Let $\mathcal{G}$ be a presheaf of $\mathcal{O}$-modules. \begin{enumerate} \item If $\mathcal{F}$ is a flat presheaf of modules, then the sequence $$ 0 \to \mathcal{F}'' \otimes_{p, \mathcal{O}} \mathcal{G} \to \mathcal{F}' \otimes_{p, \mathcal{O}} \mathcal{G} \to \mathcal{F} \otimes_{p, \mathcal{O}} \mathcal{G} \to 0 $$ is exact. \item If $\mathcal{C}$ is a site, $\mathcal{O}$, $\mathcal{F}$, $\mathcal{F}'$, $\mathcal{F}''$, and $\mathcal{G}$ are sheaves, and $\mathcal{F}$ is flat as a sheaf of modules, then the sequence $$ 0 \to \mathcal{F}'' \otimes_\mathcal{O} \mathcal{G} \to \mathcal{F}' \otimes_\mathcal{O} \mathcal{G} \to \mathcal{F} \otimes_\mathcal{O} \mathcal{G} \to 0 $$ is exact. \end{enumerate}",Tor measures the deviation of flatness.,lemma-flat-tor-zero,03EX,https://stacks.math.columbia.edu/tag/03EX
Let $X$ be a topological space. Let $\mathcal{B}$ be a basis for the topology on $X$. Let $\mathcal{F}$ be a sheaf of sets on $X$. There exists a set $I$ and for each $i \in I$ an element $U_i \in \mathcal{B}$ and a finite set $S_i$ such that there exists a surjection $\coprod_{i \in I} j_{U_i!}\underline{S_i} \to \mathcal{F}$.,The cohomology of the cotangent complex of a surjective ring map is trivial in degree zero; it is the kernel modulo its square in degree $-1$.,lemma-surjection,0CAH,https://stacks.math.columbia.edu/tag/0CAH
"Let $S$ be a scheme. Let $F : \mathcal{X} \to \mathcal{Y}$ be a $1$-morphism of stacks in groupoids over $(\mathit{Sch}/S)_{fppf}$. If \begin{enumerate} \item $\mathcal{X}$ is representable by an algebraic space, and \item $F$ is representable by algebraic spaces, surjective, flat and locally of finite presentation, \end{enumerate} then $\mathcal{Y}$ is an algebraic stack.",Artin's theorem on representability of flat groupoids,theorem-bootstrap,06DC,https://stacks.math.columbia.edu/tag/06DC
"Let $k$ be a field. Let $G$ be an affine group scheme over $k$. If the stack $[\mathop{\mathrm{Spec}}(k)/G]$ has a smooth covering by a scheme, then $G$ is of finite type over $k$.",Gerbes are algebraic if and only if the associated groups are flat and locally of finite presentation,lemma-BG-algebraic,04AH,https://stacks.math.columbia.edu/tag/04AH
"Let $k$ be a field. Let $f : X \to Y$ be a morphism of smooth curves over $k$. The following are equivalent \begin{enumerate} \item $\text{d}f : f^*\Omega_{Y/k} \to \Omega_{X/k}$ is nonzero, \item $\Omega_{X/Y}$ is supported on a proper closed subset of $X$, \item there exists a nonempty open $U \subset X$ such that $f|_U : U \to Y$ is unramified, \item there exists a nonempty open $U \subset X$ such that $f|_U : U \to Y$ is \'etale, \item the extension $k(X)/k(Y)$ of function fields is finite separable. \end{enumerate}",A morphism of smooth curves is separable iff it is etale almost everywhere,lemma-generically-etale,0C1C,https://stacks.math.columbia.edu/tag/0C1C
Let $S$ be a scheme. Let $f : X \to Y$ be a morphism of algebraic spaces over $S$. Let $y \in |Y|$ and assume that $y$ is represented by a quasi-compact monomorphism $\mathop{\mathrm{Spec}}(k) \to Y$. Then $|X_k| \to |X|$ is a homeomorphism onto $f^{-1}(\{y\}) \subset |X|$ with induced topology.,Fibers of field points of algebraic spaces have the expected Zariski topologies.,lemma-topology-fibre,0AC8,https://stacks.math.columbia.edu/tag/0AC8
Let $\mathcal{D}$ be a triangulated category. Let $\mathcal{B}$ be a full triangulated subcategory of $\mathcal{D}$. Let $Q : \mathcal{D} \to \mathcal{D}/\mathcal{B}$ be the quotient functor. \begin{enumerate} \item If $H : \mathcal{D} \to \mathcal{A}$ is a homological functor into an abelian category $\mathcal{A}$ such that $\mathcal{B} \subset \mathop{\mathrm{Ker}}(H)$ then there exists a unique factorization $H' : \mathcal{D}/\mathcal{B} \to \mathcal{A}$ such that $H = H' \circ Q$ and $H'$ is a homological functor too. \item If $F : \mathcal{D} \to \mathcal{D}'$ is an exact functor into a pre-triangulated category $\mathcal{D}'$ such that $\mathcal{B} \subset \mathop{\mathrm{Ker}}(F)$ then there exists a unique factorization $F' : \mathcal{D}/\mathcal{B} \to \mathcal{D}'$ such that $F = F' \circ Q$ and $F'$ is an exact functor too. \end{enumerate},The universal property of the Verdier quotient.,lemma-universal-property-quotient,05RJ,https://stacks.math.columbia.edu/tag/05RJ
Assumptions and notation as in Situation \ref{situation-derived-functor}. Let $X$ be an object of $\mathcal{D}$ and $n \in \mathbf{Z}$. \begin{enumerate} \item $RF$ is defined at $X$ if and only if it is defined at $X[n]$. In this case there is a canonical isomorphism $RF(X)[n]= RF(X[n])$ between values. \item $LF$ is defined at $X$ if and only if it is defined at $X[n]$. In this case there is a canonical isomorphism $LF(X)[n] \to LF(X[n])$ between values. \end{enumerate},Derived functors are compatible with shifts,lemma-derived-shift,05SU,https://stacks.math.columbia.edu/tag/05SU
"Let $F : \mathcal{A} \to \mathcal{B}$ be an additive functor of abelian categories. \begin{enumerate} \item If every object of $\mathcal{A}$ injects into an object acyclic for $RF$, then $RF$ is defined on all of $K^{+}(\mathcal{A})$ and we obtain an exact functor $$ RF : D^{+}(\mathcal{A}) \longrightarrow D^{+}(\mathcal{B}) $$ see (\ref{equation-everywhere}). Moreover, any bounded below complex $A^\bullet$ whose terms are acyclic for $RF$ computes $RF$. \item If every object of $\mathcal{A}$ is quotient of an object acyclic for $LF$, then $LF$ is defined on all of $K^{-}(\mathcal{A})$ and we obtain an exact functor $$ LF : D^{-}(\mathcal{A}) \longrightarrow D^{-}(\mathcal{B}) $$ see (\ref{equation-everywhere}). Moreover, any bounded above complex $A^\bullet$ whose terms are acyclic for $LF$ computes $LF$. \end{enumerate}",A functor on Abelian categories is extended to the (bounded below or above) derived category by resolving with a complex that is acyclic for that functor.,proposition-enough-acyclics,05TA,https://stacks.math.columbia.edu/tag/05TA
"Let $\mathcal{A}$ be an abelian category. Let $$ \ldots \to I_3^\bullet \to I_2^\bullet \to I_1^\bullet $$ be an inverse system of complexes. Assume \begin{enumerate} \item each $I_n^\bullet$ is $K$-injective, \item each map $I_{n + 1}^m \to I_n^m$ is a split surjection, \item the limits $I^m = \mathop{\mathrm{lim}}\nolimits I_n^m$ exist. \end{enumerate} Then the complex $I^\bullet$ is K-injective.",The limit of a ``split'' tower of K-injective complexes is K-injective.,lemma-limit-K-injectives,070L,https://stacks.math.columbia.edu/tag/070L
"Let $R \to A$ be a faithfully flat ring map. Then \begin{enumerate} \item any descent datum on modules with respect to $R \to A$ is effective, \item the functor $M \mapsto (A \otimes_R M, can)$ from $R$-modules to the category of descent data is an equivalence, and \item the inverse functor is given by $(N, \varphi) \mapsto H^0(s(N_\bullet))$. \end{enumerate}",Effective descent for modules along faithfully flat ring maps.,proposition-descent-module,023N,https://stacks.math.columbia.edu/tag/023N
"Let $S$ be a scheme. Let $\mathcal{F}$ be a quasi-coherent sheaf on $S$. Let $\tau \in \{Zariski, \linebreak[0] {\acute{e}tale}, \linebreak[0] smooth, \linebreak[0] syntomic, \linebreak[0] fppf\}$. \begin{enumerate} \item There is a canonical isomorphism $$ H^q(S, \mathcal{F}) = H^q((\mathit{Sch}/S)_\tau, \mathcal{F}^a). $$ \item There are canonical isomorphisms $$ H^q(S, \mathcal{F}) = H^q(S_{Zar}, \mathcal{F}^a) = H^q(S_{\acute{e}tale}, \mathcal{F}^a). $$ \end{enumerate}",Cohomology of quasi-coherent sheaves is the same no matter which topology you use.,proposition-same-cohomology-quasi-coherent,03DW,https://stacks.math.columbia.edu/tag/03DW
The property $\mathcal{P}(S) =$``$S$ is normal'' is local in the smooth topology.,Normality is local in the smooth topology.,lemma-normal-local-smooth,034F,https://stacks.math.columbia.edu/tag/034F
"In Situation \ref{situation-ABC} suppose that $$ \xymatrix{ x_1 \ar[r]_{f_1} \ar[d]_a & y_1 \ar[d]^b \\ x_2 \ar[r]^{f_2} & y_2 } $$ is a diagram of $\text{Comp}(\mathcal{A})$ commutative up to homotopy. Then there exists a morphism $c : c(f_1) \to c(f_2)$ which gives rise to a morphism of triangles $$ (a, b, c) : (x_1, y_1, c(f_1)) \to (x_1, y_1, c(f_1)) $$ in $K(\mathcal{A})$.",The homotopy category is a triangulated category. This lemma proves a part of the axioms of a triangulated category.,lemma-cone,09P7,https://stacks.math.columbia.edu/tag/09P7
"Let $X$ be a scheme. \begin{enumerate} \item If $D \subset X$ is an effective Cartier divisor, then the canonical section $1_D$ of $\mathcal{O}_X(D)$ is regular. \item Conversely, if $s$ is a regular section of the invertible sheaf $\mathcal{L}$, then there exists a unique effective Cartier divisor $D = Z(s) \subset X$ and a unique isomorphism $\mathcal{O}_X(D) \to \mathcal{L}$ which maps $1_D$ to $s$. \end{enumerate} The constructions $D \mapsto (\mathcal{O}_X(D), 1_D)$ and $(\mathcal{L}, s) \mapsto Z(s)$ give mutually inverse maps $$ \left\{ \begin{matrix} \text{effective Cartier divisors on }X \end{matrix} \right\} \leftrightarrow \left\{ \begin{matrix} \text{isomorphism classes of pairs }(\mathcal{L}, s)\\ \text{consisting of an invertible } \mathcal{O}_X\text{-module}\\ \mathcal{L}\text{ and a regular global section }s \end{matrix} \right\} $$",Effective Cartier divisors on a scheme are the same as invertible sheaves with fixed regular global section.,lemma-characterize-OD,01X0,https://stacks.math.columbia.edu/tag/01X0
"Let $X$ be a Noetherian scheme which has an ample invertible sheaf. Then every invertible $\mathcal{O}_X$-module is isomorphic to $$ \mathcal{O}_X(D - D') = \mathcal{O}_X(D) \otimes_{\mathcal{O}_X} \mathcal{O}_X(D')^{\otimes -1} $$ for some effective Cartier divisors $D, D'$ in $X$. Moreover, given a finite subset $E \subset X$ we may choose $D, D'$ such that $E \cap D = \emptyset$ and $E \cap D' = \emptyset$. If $X$ is quasi-affine, then we may choose $D' = \emptyset$.","On a projective scheme, every line bundle has a regular meromorphic section.",lemma-quasi-projective-Noetherian-pic-effective-Cartier,0AYM,https://stacks.math.columbia.edu/tag/0AYM
Let $X_1 \to X_2$ be a flat morphism of schemes. Let $Z_2 \subset X_2$ be a closed subscheme. Let $Z_1$ be the inverse image of $Z_2$ in $X_1$. Let $X'_i$ be the blowup of $Z_i$ in $X_i$. Then there exists a cartesian diagram $$ \xymatrix{ X_1' \ar[r] \ar[d] & X_2' \ar[d] \\ X_1 \ar[r] & X_2 } $$ of schemes.,Blowing up commutes with flat base change.,lemma-flat-base-change-blowing-up,0805,https://stacks.math.columbia.edu/tag/0805
"Let $X$ be a quasi-compact and quasi-separated scheme. Let $Z \subset X$ be a closed subscheme of finite presentation. Let $b : X' \to X$ be the blowing up with center $Z$. Let $Z' \subset X'$ be a closed subscheme of finite presentation. Let $X'' \to X'$ be the blowing up with center $Z'$. There exists a closed subscheme $Y \subset X$ of finite presentation, such that \begin{enumerate} \item $Y = Z \cup b(Z')$ set theoretically, and \item the composition $X'' \to X$ is isomorphic to the blowing up of $X$ in $Y$. \end{enumerate}",Composition of blowing ups is a blowing up,lemma-composition-finite-type-blowups,080B,https://stacks.math.columbia.edu/tag/080B
Let $X$ be a quasi-compact and quasi-separated scheme. Let $U \subset X$ be a quasi-compact open subscheme. Let $b : X' \to X$ be a $U$-admissible blowup. Let $X'' \to X'$ be a $U$-admissible blowup. Then the composition $X'' \to X$ is a $U$-admissible blowup.,Admissible blowups are stable under composition.,lemma-composition-admissible-blowups,080L,https://stacks.math.columbia.edu/tag/080L
"Let $X$ be a quasi-compact and quasi-separated scheme. Let $U, V$ be quasi-compact disjoint open subschemes of $X$. Then there exist a $U \cup V$-admissible blowup $b : X' \to X$ such that $X'$ is a disjoint union of open subschemes $X' = X'_1 \amalg X'_2$ with $b^{-1}(U) \subset X'_1$ and $b^{-1}(V) \subset X'_2$.",Separate irreducible components by blowing up.,lemma-separate-disjoint-opens-by-blowing-up,080P,https://stacks.math.columbia.edu/tag/080P
"Let $f : X \to Y$ be a flat morphism of locally Noetherian schemes. If $X$ is Gorenstein, then $f$ is Gorenstein and $\mathcal{O}_{Y, f(x)}$ is Gorenstein for all $x \in X$.",Gorensteinnes of the total space of a flat fibration implies same for base and fibres,lemma-flat-morphism-from-gorenstein-scheme,0C12,https://stacks.math.columbia.edu/tag/0C12
"Let $A$ be a ring and let $I$ be a finitely generated ideal. Let $R\Gamma_Z$ be as in Lemma \ref{lemma-local-cohomology-adjoint}. Let ${\ }^\wedge$ denote derived completion as in More on Algebra, Lemma \ref{more-algebra-lemma-derived-completion}. For an object $K$ in $D(A)$ we have $$ R\Gamma_Z(K^\wedge) = R\Gamma_Z(K) \quad\text{and}\quad (R\Gamma_Z(K))^\wedge = K^\wedge $$ in $D(A)$.",Results of this nature are sometimes referred to as Greenlees-May duality.,lemma-complete-and-local,0A6W,https://stacks.math.columbia.edu/tag/0A6W
"[Yoneda]   Let $\mathcal{C}$ be a category, and $X, Y \in \mathop{\mathrm{Ob}}\nolimits(\mathcal{C})$. There is a natural bijection $$ \begin{matrix} \mathop{\mathrm{Mor}}\nolimits_\mathcal{C}(X, Y) & \longrightarrow & \mathop{\mathrm{Mor}}\nolimits_{\textit{PSh}(\mathcal{C})} (h_X, h_Y) \\ \psi & \longmapsto & h_\psi = \psi \circ - : h_X \to h_Y. \end{matrix} $$",Morphisms between objects are in bijection with natural transformations between the functors they represent.,lemma-yoneda,03NE,https://stacks.math.columbia.edu/tag/03NE
"Let $S$ be a scheme. Let $X$ be an algebraic space over $S$. Let $\overline{x}$ be a geometric point of $X$. Let $(U, \overline{u})$ be an \'etale neighbourhood of $\overline{x}$ where $U$ is a scheme. Then we have $$ \mathcal{O}_{X, \overline{x}} = \mathcal{O}_{U, \overline{u}} = \mathcal{O}_{U, u}^{sh} $$ where the left hand side is the stalk of the structure sheaf of $X$, and the right hand side is the strict henselization of the local ring of $U$ at the point $u$ at which $\overline{u}$ is centered.",The stalk of the structure sheaf of a scheme in the etale topology is the strict henselization.,lemma-describe-etale-local-ring,04KF,https://stacks.math.columbia.edu/tag/04KF
"Let $K$ be a field and let $K^{sep}$ be a separable algebraic closure. Then the set of isomorphism classes of central simple algebras of degree $d$ over $K$ is in bijection with the non-abelian cohomology $H^1(\text{Gal}(K^{sep}/K), \text{PGL}_d(K^{sep}))$.",Central simple algebras are classified by Galois cohomology of PGL.,lemma-central-simple-algebra-pgln,03R6,https://stacks.math.columbia.edu/tag/03R6
Let $f : X \to Y$ be a finite morphism of schemes. Then cohomology commutes with base change for $f$.,Proper base change for \'etale cohomology holds for finite morphisms.,lemma-finite,0A4E,https://stacks.math.columbia.edu/tag/0A4E
Let $A \to B$ be of finite type with $A$ a Noetherian ring. Let $\mathfrak q$ be a prime of $B$ lying over $\mathfrak p \subset A$. Then $A \to B$ is unramified at $\mathfrak q$ if and only if $A_{\mathfrak p} \to B_{\mathfrak q}$ is an unramified homomorphism of local rings.,Unramifiedness is a stalk local condition.,lemma-characterize-unramified-Noetherian,039G,https://stacks.math.columbia.edu/tag/039G
"Let $A$, $B$ be Noetherian local rings. Let $f : A \to B$ be an \'etale homomorphism of local rings. Then $A$ is Cohen-Macaulay if and only if $B$ is so.",Being Cohen-Macaulay ascends and descends along \'etale maps.,proposition-etale-CM,025Q,https://stacks.math.columbia.edu/tag/025Q
"Let $X$ be a locally Noetherian scheme. Let $D \subset X$ be a strict normal crossings divisor. If $f : Y \to X$ is a smooth morphism of schemes, then the pullback $f^*D$ is a strict normal crossings divisor on $Y$.",Pullback of a strict normal crossings divisor by a smooth morphism is a strict normal crossings divisor.,lemma-smooth-pullback-strict-normal-crossings,0CBP,https://stacks.math.columbia.edu/tag/0CBP
"Let $X$ be a locally Noetherian scheme. Let $D \subset X$ be a normal crossings divisor. If $f : Y \to X$ is a smooth morphism of schemes, then the pullback $f^*D$ is a normal crossings divisor on $Y$.",Pullback of a normal crossings divisor by a smooth morphism is a normal crossings divisor.,lemma-smooth-pullback-normal-crossings,0CBQ,https://stacks.math.columbia.edu/tag/0CBQ
"Let $S$ be a scheme. Let $B$ be an algebraic space over $S$. Let $G$ be a group algebraic space over $B$. Then the stacks in groupoids $$ [B/G],\quad [[B/G]],\quad G\textit{-Torsors},\quad \mathcal{G}/\mathcal{B}\textit{-Torsors} $$ are all canonically equivalent. If $G \to B$ is flat and locally of finite presentation, then these are also equivalent to $G\textit{-Principal}$.",The classifying stack of a group scheme or group algebraic space.,lemma-classifying-stacks,0CQJ,https://stacks.math.columbia.edu/tag/0CQJ
Completion is not an exact functor in general; it is not even right exact in general. This holds even when $I$ is finitely generated on the category of finitely presented modules.,Completion is neither left nor right exact in general.,lemma-completion-not-exact,05JG,https://stacks.math.columbia.edu/tag/05JG
There exists a local ring $R$ with a unique prime ideal and a nonzero ideal $I \subset R$ which is a flat $R$-module,Zero dimensional ring with flat ideal.,lemma-zero-dimensional-flat-ideal,05G0,https://stacks.math.columbia.edu/tag/05G0
"Let $k$ be a field, and let $\alpha_1, \alpha_2, \ldots, \alpha_n$ be elements of some extension field such that each $\alpha_i$ is algebraic over $k$. Then the extension $k(\alpha_1, \ldots, \alpha_n)/k$ is finite. That is, a finitely generated algebraic extension is finite.",A finitely generated algebraic extension is finite.,lemma-algebraic-finitely-generated,09GH,https://stacks.math.columbia.edu/tag/09GH
Let $E/F$ be an algebraic field extension. There exists a unique subextension $E/E_{sep}/F$ such that $E_{sep}/F$ is separable and $E/E_{sep}$ is purely inseparable.,Any algebraic field extension is uniquely a separable field extension followed by a purely inseparable one.,lemma-separable-first,030K,https://stacks.math.columbia.edu/tag/030K
Let $E/F$ be a finite extension of fields. There exists a unique smallest finite extension $K/E$ such that $K$ is normal over $F$.,Existence of normal closure of finite extensions of fields.,lemma-normal-closure,09DT,https://stacks.math.columbia.edu/tag/09DT
"Let $S$ be a scheme. Let $f : X \to Y$ be a morphism of algebraic spaces over $S$. Let $\mathcal{F}$ be a quasi-coherent $\mathcal{O}_X$-module. Let $V \subset Y$ be an open subspace. Assume \begin{enumerate} \item $f$ is locally of finite presentation, \item $\mathcal{F}$ is of finite type and flat over $Y$, \item $V \to Y$ is quasi-compact and scheme theoretically dense, \item $\mathcal{F}|_{f^{-1}V}$ is of finite presentation. \end{enumerate} Then $\mathcal{F}$ is of finite presentation.",$S$-flat and finite type extensions of finitely presented modules on a (good) open are also $X$-finitely presented.,lemma-flat-finite-type-finitely-presented-over-dense-open,0876,https://stacks.math.columbia.edu/tag/0876
"Let $S$ be a scheme. Let $f : X \to Y$ be a morphism of algebraic spaces over $S$. Let $\mathcal{F}$ be a quasi-coherent $\mathcal{O}_X$-module. Assume \begin{enumerate} \item $X \to Y$ is locally of finite presentation, \item $\mathcal{F}$ is an $\mathcal{O}_X$-module of finite type, and \item the set of weakly associated points of $Y$ is locally finite in $Y$. \end{enumerate} Then $U = \{x \in |X| : \mathcal{F}\text{ flat at }x\text{ over }Y\}$ is open in $X$ and $\mathcal{F}|_U$ is an $\mathcal{O}_U$-module of finite presentation and flat over $Y$.",The flat locus is open (non-Noetherian version).,theorem-finite-type-flat,0DLR,https://stacks.math.columbia.edu/tag/0DLR
Let $\mathfrak X$ be a formal scheme. The functor of points $h_\mathfrak X$ (see Lemma \ref{lemma-fully-faithful}) satisfies the sheaf condition for fpqc coverings.,Formal schemes are fpqc sheaves,lemma-formal-scheme-sheaf-fppf,0AI2,https://stacks.math.columbia.edu/tag/0AI2
Let $S$ be a scheme. Let $X$ be a formal algebraic space over $S$. Then $X$ satisfies the sheaf property for the fpqc topology.,Formal algebraic spaces are fpqc sheaves,lemma-sheaf-fpqc,0AQD,https://stacks.math.columbia.edu/tag/0AQD
Let $k$ be a field. Let $A$ be a nonzero abelian variety over $k$. Then $[d] : A \to A$ is \'etale if and only if $d$ is invertible in $k$.,Multiplication by an integer on an abelian variety is an etale morphism if and only if the integer is invertible in the base field.,lemma-abelian-variety-multiplication-by-d-etale,0BFH,https://stacks.math.columbia.edu/tag/0BFH
"Let $(A, \text{d})$ be a differential graded algebra. Let $f, g : L \to M$ be homomorphisms of differential graded $A$-modules. Suppose given further homomorphisms $a : K \to L$, and $c : M \to N$. If $h : L \to M$ is an $A$-module map which defines a homotopy between $f$ and $g$, then $c \circ h \circ a$ defines a homotopy between $c \circ f \circ a$ and $c \circ g \circ a$.",Hom functors of $\text{Ch}(\mathcal{A})$ respect the homotopy relation.,lemma-compose-homotopy,09JP,https://stacks.math.columbia.edu/tag/09JP
Let $\mathcal{A}$ be an abelian category. Suppose that $$ 0 \to A^\bullet \to B^\bullet \to C^\bullet \to 0 $$ is a short exact sequence of cochain complexes of $\mathcal{A}$. Then there is a long exact cohomology sequence $$ \xymatrix{ \ldots & \ldots & \ldots \ar[lld] \\ H^i(A^\bullet) \ar[r] & H^i(B^\bullet) \ar[r] & H^i(C^\bullet) \ar[lld] \\ H^{i + 1}(A^\bullet) \ar[r] & H^{i + 1}(B^\bullet) \ar[r] & H^{i + 1}(C^\bullet) \ar[lld] \\ \ldots & \ldots & \ldots \\ } $$ The construction produces long exact cohomology sequences which are functorial in the short exact sequence and compatible with shifts as in Definition \ref{definition-cohomology-shift}.,Short exact sequences of complexes give rise to long exact sequences of (co)homology.,lemma-long-exact-sequence-cochain,0117,https://stacks.math.columbia.edu/tag/0117
Let $\mathcal{A}$ be an abelian category. The category of differential objects of $\mathcal{A}$ is abelian.,The category of differential objects of an abelian category is itself an abelian category.,lemma-differential-objects-abelian,011W,https://stacks.math.columbia.edu/tag/011W
"Let $\mathcal{A}$ and $\mathcal{B}$ be abelian categories. Let $u : \mathcal{A} \to \mathcal{B}$ and $v : \mathcal{B} \to \mathcal{A}$ be additive functors with $u$ right adjoint to $v$. Consider the following conditions: \begin{enumerate} \item[(a)] $v$ transforms injective maps into injective maps, \item[(b)] $v$ is exact, and \item[(c)] $u$ transforms injectives into injectives. \end{enumerate} Then (a) $\Leftrightarrow$ (b) $\Rightarrow$ (c). If $\mathcal{A}$ has enough injectives, then all three conditions are equivalent.",A functor with an exact left adjoint preserves injectives,lemma-adjoint-preserve-injectives,015Z,https://stacks.math.columbia.edu/tag/015Z
"Let $R$ be a ring. Let $E$ be an $R$-module. The following are equivalent \begin{enumerate} \item $E$ is an injective $R$-module, and \item given an ideal $I \subset R$ and a module map $\varphi : I \to E$ there exists an extension of $\varphi$ to an $R$-module map $R \to E$. \end{enumerate}","To check that an object is injective, one only needs to check that lifting holds for subobjects of a generator.",lemma-characterize-injective,08XU,https://stacks.math.columbia.edu/tag/08XU
"Let $\mathcal{A}$ be a Grothendieck abelian category. For every complex $M^\bullet$ there exists a quasi-isomorphism $M^\bullet \to I^\bullet$ such that $M^n \to I^n$ is injective and $I^n$ is an injective object of $\mathcal{A}$ for all $n$ and $I^\bullet$ is a K-injective complex. Moreover, the construction is functorial in $M^\bullet$.",Existence of K-injective complexes for Grothendieck abelian categories.,theorem-K-injective-embedding-grothendieck,079P,https://stacks.math.columbia.edu/tag/079P
"Let $S$ be a scheme. Let $I$ be a set and for each $i \in I$ let $f_i : T_i \to S$ be an affine morphism. Then the product $T = \prod T_i$ exists in the category of schemes over $S$. In fact, we have $$ T = \mathop{\mathrm{lim}}\nolimits_{\{i_1, \ldots, i_n\} \subset I} T_{i_1} \times_S \ldots \times_S T_{i_n} $$ and the projection morphisms $T \to T_{i_1} \times_S \ldots \times_S T_{i_n}$ are affine.",Infinite products of affine schemes exist and are affine.,lemma-infinite-product,0CNI,https://stacks.math.columbia.edu/tag/0CNI
In Example \ref{example-schemes} let $X = \mathop{\mathrm{Spec}}(P)$ be an affine scheme over $k$. With $\mathcal{D}\!\mathit{ef}_P$ as in Example \ref{example-rings} there is a natural equivalence $$ \mathcal{D}\!\mathit{ef}_X \longrightarrow \mathcal{D}\!\mathit{ef}_P $$ of deformation categories.,"A scheme, admitting a finite surjective map from an affine scheme, is affine.",lemma-affine,0DYX,https://stacks.math.columbia.edu/tag/0DYX
"Let $S$ be a scheme. Let $f : X \to Y$ be a morphism of algebraic spaces over $S$. Assume that $X$ is affine and $f$ is surjective and universally closed\footnote{An integral morphism is universally closed, see Morphisms of Spaces, Lemma \ref{spaces-morphisms-lemma-integral-universally-closed}.}. Then $Y$ is affine.",A scheme admitting a surjective integral map from an affine scheme is affine.,proposition-affine,07VT,https://stacks.math.columbia.edu/tag/07VT
"Assumptions and notation as in Situation \ref{situation-descent-property}. If \begin{enumerate} \item $f$ is proper, and \item $f_0$ is locally of finite type, \end{enumerate} then there exists an $i$ such that $f_i$ is proper.","If the base change of a scheme to a limit is proper, then already the base change is proper at a finite level.",lemma-eventually-proper,08K1,https://stacks.math.columbia.edu/tag/08K1
"\begin{reference} \cite[Proposition 2.1]{Hartshorne-connectedness} \end{reference}  Let $A$ be a Noetherian local ring of depth $\geq 2$. Then the punctured spectra of $A$, $A^h$, and $A^{sh}$ are connected.",Hartshorne's connectedness,lemma-depth-2-connected-punctured-spectrum,0BLR,https://stacks.math.columbia.edu/tag/0BLR
"[Koll\'ar]  \begin{reference} See \cite{k-coherent} and see \cite[IV, Proposition 7.2.2]{EGA} for a special case. \end{reference}  Let $j : U \to X$ be an open immersion of locally Noetherian schemes with complement $Z$. Let $\mathcal{F}$ be a coherent $\mathcal{O}_U$-module. The following are equivalent \begin{enumerate} \item $j_*\mathcal{F}$ is coherent, \item for $x \in \text{Ass}(\mathcal{F})$ and $z \in Z \cap \overline{\{x\}}$ and any associated prime $\mathfrak p$ of the completion $\mathcal{O}_{\overline{\{x\}}, z}^\wedge$ we have $\dim(\mathcal{O}_{\overline{\{x\}}, z}^\wedge/\mathfrak p) \geq 2$. \end{enumerate}","Weak analogue of Hartogs' Theorem: On Noetherian schemes, the restriction of a coherent sheaf to an open set with complement of codimension 2 in the sheaf's support, is coherent.",proposition-kollar,0BK3,https://stacks.math.columbia.edu/tag/0BK3
"Let $C$ be a smooth projective curve over $K$ with $H^0(C, \mathcal{O}_C) = K$. If $X$ is a regular proper model for $C$, then there exists a sequence of morphisms $$ X = X_m \to X_{m - 1} \to \ldots \to X_1 \to X_0 $$ of proper regular models of $C$, such that each morphism is a contraction of an exceptional curve of the first kind, and such that $X_0$ is a minimal model.",A regular proper model of a curve is obtained by successive blowups from a minimal model,lemma-pre-exists-minimal-model,0CD9,https://stacks.math.columbia.edu/tag/0CD9
"Let $(X, \mathcal{O}_X)$ be a ringed space. Let $\mathcal{F}$, $\mathcal{G}$ be sheaves of $\mathcal{O}_X$-modules. If $\mathcal{F}$ and $\mathcal{G}$ are generated by global sections then so is $\mathcal{F} \otimes_{\mathcal{O}_X} \mathcal{G}$.",The tensor product of globally generated sheaves of modules is globally generated.,lemma-tensor-product-globally-generated,01AO,https://stacks.math.columbia.edu/tag/01AO
"Let $(X, \mathcal{O}_X)$ be a ringed space. Let $\mathcal{F}$ be a sheaf of $\mathcal{O}_X$-modules. If $\mathcal{F}$ is of finite type then support of $\mathcal{F}$ is closed.","Over any ringed space, sheaves of modules of finite type have closed support.",lemma-support-finite-type-closed,01BA,https://stacks.math.columbia.edu/tag/01BA
Let $\mathcal{C}$ be a category. Let $\mathcal{O}$ be a presheaf of rings. Let $$ 0 \to \mathcal{F}_2 \to \mathcal{F}_1 \to \mathcal{F}_0 \to 0 $$ be a short exact sequence of presheaves of $\mathcal{O}$-modules. \begin{enumerate} \item If $\mathcal{F}_2$ and $\mathcal{F}_0$ are flat so is $\mathcal{F}_1$. \item If $\mathcal{F}_1$ and $\mathcal{F}_0$ are flat so is $\mathcal{F}_2$. \end{enumerate} If $\mathcal{C}$ is a site and $\mathcal{O}$ is a sheaf of rings then the same result holds in $\textit{Mod}(\mathcal{O})$.,Kernels of epimorphisms and extensions of flat sheaves of modules over a ringed space are again flat.,lemma-flat-ses,03EY,https://stacks.math.columbia.edu/tag/03EY
"Let $X$ be a ringed space. Assume that each stalk $\mathcal{O}_{X, x}$ is a local ring with maximal ideal $\mathfrak m_x$. Let $\mathcal{L}$ be an invertible $\mathcal{O}_X$-module. For any section $s \in \Gamma(X, \mathcal{L})$ the set $$ X_s = \{x \in X \mid \text{image }s \not\in \mathfrak m_x\mathcal{L}_x\} $$ is open in $X$. The map $s : \mathcal{O}_{X_s} \to \mathcal{L}|_{X_s}$ is an isomorphism, and there exists a section $s'$ of $\mathcal{L}^{\otimes -1}$ over $X_s$ such that $s' (s|_{X_s}) = 1$.",A (local) trivialisation of a linebundle is the same as a (local) nonvanishing section.,lemma-s-open,01CY,https://stacks.math.columbia.edu/tag/01CY
"The functor of Lemma \ref{lemma-henselization} associates to a local ring $(A, \mathfrak m)$ its henselization.",Compatibility henselization of pairs and of local rings.,lemma-henselization-local-ring,0A03,https://stacks.math.columbia.edu/tag/0A03
"Let $(A, I)$ be a pair with $A$ Noetherian.  Let $(A^h, I^h)$ be as in Lemma \ref{lemma-henselization}. Then the map of $I$-adic completions $$ A^\wedge \to (A^h)^\wedge $$ is an isomorphism. Moreover, $A^h$ is Noetherian, the maps $A \to A^h \to A^\wedge$ are flat, and $A^h \to A^\wedge$ is faithfully flat.",The henselization of a Noetherian pair is a Noetherian pair with the same completion,lemma-henselization-Noetherian-pair,0AGV,https://stacks.math.columbia.edu/tag/0AGV
"Let $A$ be a ring with ideals $I$ and $J$. If $V(I) = V(J)$ then the functor of Lemma \ref{lemma-henselization} produces the same ring for the pair $(A, I)$ as for the pair $(A, J)$.",The henselization of a pair only depends on the radical of the ideal,lemma-henselization-change-ideal,0F0L,https://stacks.math.columbia.edu/tag/0F0L
"Let $(A, I) \to (B, J)$ be a map of pairs such that $V(J) = V(IB)$. Let $(A^h , I^h) \to (B^h, J^h)$ be the induced map on henselizations (Lemma \ref{lemma-henselization}). If $A \to B$ is integral, then the induced map $A^h \otimes_A B \to B^h$ is an isomorphism.",Henselization commutes with integral base change,lemma-henselization-integral,0DYE,https://stacks.math.columbia.edu/tag/0DYE
"Let $R$ be a local ring. The following are equivalent: $R$ is reduced, the henselization $R^h$ of $R$ is reduced, and the strict henselization $R^{sh}$ of $R$ is reduced.",Reducedness passes to the (strict) henselization.,lemma-henselization-reduced,06DH,https://stacks.math.columbia.edu/tag/06DH
Let $R$ be a regular ring. Let $f \in R$. Assume there exists a derivation $D : R \to R$ such that $D(f)$ is a unit of $R/(f)$. Then $R/(f)$ is regular.,"The Jacobian criterion for hypersurfaces, done right.",lemma-quotient-regular,07PF,https://stacks.math.columbia.edu/tag/07PF
"\begin{reference} \cite[Theorem 5.3 i)]{Greco} \end{reference} Let $A$ be a G-ring. Let $I \subset A$ be an ideal. Let $(A^h, I^h)$ be the henselization of the pair $(A, I)$, see Lemma \ref{lemma-henselization}. Then $A^h$ is a G-ring.",Being a G-ring is stable under Henselizations along ideals,lemma-henselization-pair-G-ring,0AH3,https://stacks.math.columbia.edu/tag/0AH3
"Let $A$ be a $P$-ring where $P$ satisfies (B), (C), (D), and (E). Let $I \subset A$ be an ideal. Let $(A^h, I^h)$ be the henselization of the pair $(A, I)$, see Lemma \ref{lemma-henselization}. Then $A^h$ is a $P$-ring.",Henselization of a ring inherits good properties of formal fibers,lemma-henselization-pair-P-ring,0BKA,https://stacks.math.columbia.edu/tag/0BKA
"Let $(\mathcal{C}, \mathcal{O})$ be a ringed site. Let $(K_n)_{n \in \mathbf{N}}$ be a system of perfect objects of $D(\mathcal{O})$. Let $K = \text{hocolim} K_n$ be the derived colimit (Derived Categories, Definition \ref{derived-definition-derived-colimit}). Then for any object $E$ of $D(\mathcal{O})$ we have $$ R\mathop{\mathcal{H}\!\mathit{om}}\nolimits(K, E) = R\mathop{\mathrm{lim}}\nolimits E \otimes^\mathbf{L}_\mathcal{O} K_n^\vee $$ where $(K_n^\vee)$ is the inverse system of dual perfect complexes.",Trivial duality for systems of perfect objects.,lemma-colim-and-lim-of-duals,0A0A,https://stacks.math.columbia.edu/tag/0A0A
"Let $I$ be a finitely generated ideal of a ring $A$. The inclusion functor $D_{comp}(A, I) \to D(A)$ has a left adjoint, i.e., given any object $K$ of $D(A)$ there exists a map $K \to K^\wedge$ of $K$ into a derived complete object of $D(A)$ such that the map $$ \mathop{\mathrm{Hom}}\nolimits_{D(A)}(K^\wedge, E) \longrightarrow \mathop{\mathrm{Hom}}\nolimits_{D(A)}(K, E) $$ is bijective whenever $E$ is a derived complete object of $D(A)$. In fact, if $I$ is generated by $f_1, \ldots, f_r \in A$, then we have $$ K^\wedge = R\mathop{\mathrm{Hom}}\nolimits\left((A \to \prod\nolimits_{i_0} A_{f_{i_0}} \to \prod\nolimits_{i_0 < i_1} A_{f_{i_0}f_{i_1}} \to \ldots \to A_{f_1\ldots f_r}), K\right) $$ functorially in $K$.","Derived completions along finitely generated ideals exist, and can be computed by a {\v C}ech procedure.",lemma-derived-completion,091V,https://stacks.math.columbia.edu/tag/091V
"\begin{reference} A related result is \cite[Proposition 6.5]{Dwyer-Greenlees}. The derived Nakayama lemma can for example be found in Bhatt's 3rd lecture on Prismatic cohomology at Columbia University in Fall 2018 as Section 2 property (2). Leonid Positselski proposed a proof in \url{https://mathoverflow.net/a/331501}. However, we follow the proof suggested by Anonymous in the comments. \end{reference} Let $I$ be a finitely generated ideal of a ring $A$. Let $K$ be a derived complete object of $D(A)$. If $K \otimes_A^\mathbf{L} A/I = 0$, then $K = 0$.",Derived Nakayama,lemma-derived-complete-zero-bis,0G1U,https://stacks.math.columbia.edu/tag/0G1U
"[Eilenberg's lemma]   \begin{history} In \cite{Bass} we find: ``...is an elegant little swindle, observed several years ago by Eilenberg, and which might well have sprung from the brow of Barry Mazur.'' \end{history} \begin{reference} \cite[Eilenberg's lemma]{Bass} \end{reference} If $P \oplus Q \cong F$ with $F$ a nonfinitely generated free module, then $P \oplus F \cong F$.",Eilenberg swindle,lemma-eilenberg-swindle,0GVF,https://stacks.math.columbia.edu/tag/0GVF
\begin{reference} The case of a finite order thickening is \cite[Proposition 5.1.9]{EGA1}. \end{reference} Any thickening of an affine scheme is affine.,Affineness is insensitive to thickenings,lemma-thickening-affine-scheme,06AD,https://stacks.math.columbia.edu/tag/06AD
"Let $S$ be a scheme. If $X \subset X'$ and $X' \subset X''$ are thickenings of algebraic spaces over $S$, then so is $X \subset X''$.",Compositions of thickenings are thickenings,lemma-composition-thickening,0BPH,https://stacks.math.columbia.edu/tag/0BPH
"Let $S$ be a scheme. Let $f : X \to Y$ be a morphism of algebraic spaces over $S$. The following are equivalent: \begin{enumerate} \item The morphism $f$ is unramified, \item the morphism $f$ is locally of finite type and $\Omega_{X/Y} = 0$, and \item the morphism $f$ is locally of finite type and formally unramified. \end{enumerate}",Unramified morphisms are the same as formally unramified morphism that are locally of finite type.,lemma-unramified-formally-unramified,04GA,https://stacks.math.columbia.edu/tag/04GA
"Let $f : X \to S$ be a morphism of schemes. Assume that \begin{enumerate} \item $S$ is the spectrum of a discrete valuation ring, \item $f$ is flat, \item $X$ is connected, \item the closed fibre $X_s$ is reduced. \end{enumerate} Then the generic fibre $X_\eta$ is connected.",A flat degeneration of a disconnected scheme is either disconnected or nonreduced.,lemma-connected-flat-over-dvr,055J,https://stacks.math.columbia.edu/tag/055J
"Let $X \to S$ be a morphism of schemes. Let $x \in X$ with image $s \in S$. Let $(V, v) \to (X_s, x)$ be an \'etale neighbourhood. Then there exists an \'etale neighbourhood $(U, u) \to (X, x)$ such that there exists a morphism $(U_s, u) \to (V, v)$ of \'etale neighbourhoods of $(X_s, x)$ which is an open immersion.",Lift \'etale neighbourhood of point on fibre to total space.,lemma-lift-etale-neighbourhood-fibre,0CAS,https://stacks.math.columbia.edu/tag/0CAS
"Let $f : X \to S$ be a smooth morphism of schemes. Let $s \in S$ be a point in the image of $f$. Then there exists an \'etale neighbourhood $(S', s') \to (S, s)$ and a $S$-morphism $S' \to X$.",Smooth morphisms admit \'etale local sections.,lemma-etale-nbhd-dominates-smooth,055U,https://stacks.math.columbia.edu/tag/055U
Let $S$ be a scheme. Let $f : X \to Y$ be a morphism of algebraic spaces over $S$. Assume $f$ is quasi-finite and separated. Let $Y'$ be the normalization of $Y$ in $X$. Picture: $$ \xymatrix{ X \ar[rd]_f \ar[rr]_{f'} & & Y' \ar[ld]^\nu \\ & Y & } $$ Then $f'$ is a quasi-compact open immersion and $\nu$ is integral. In particular $f$ is quasi-affine.,"Quasi-finite, separated morphisms are quasi-affine",lemma-quasi-finite-separated-quasi-affine,0ABS,https://stacks.math.columbia.edu/tag/0ABS
"Let $f : X \to S$ be a morphism. Let $x \in X$ and set $s = f(x)$. Assume that $f$ is locally of finite type and that $n = \dim_x(X_s)$. Then there exists a commutative diagram $$ \xymatrix{ X \ar[dd] & X' \ar[l]^g \ar[d]^\pi & x \ar@{|->}[dd] & x' \ar@{|->}[l] \ar@{|->}[d] \\ & Y' \ar[d]^h & & y' \ar@{|->}[d] \\ S & S' \ar[l]_e & s & s' \ar@{|->}[l] } $$ and a point $x' \in X'$ with $g(x') = x$ such that with $y' = \pi(x')$, $s' = h(y')$ we have \begin{enumerate} \item $h : Y' \to S'$ is smooth of relative dimension $n$, \item all fibres of $Y' \to S'$ are geometrically integral, \item $g : (X', x') \to (X, x)$ is an elementary \'etale neighbourhood, \item $\pi$ is finite, and $\pi^{-1}(\{y'\}) = \{x'\}$, \item $\kappa(y')$ is a purely transcendental extension of $\kappa(s')$, and \item $e : (S', s') \to (S, s)$ is an elementary \'etale neighbourhood. \end{enumerate} Moreover, if $f$ is locally of finite presentation, then $\pi$ is of finite presentation.","A morphism of finite type is, in \'etale neighbourhoods, finite over a smooth morphism.",lemma-local-local-structure-finite-type,057K,https://stacks.math.columbia.edu/tag/057K
"Let $X \to S$ be a morphism of schemes which is locally of finite type. Let $\mathcal{F}, \mathcal{F}'$ be quasi-coherent $\mathcal{O}_X$-modules. If $\mathcal{F} \oplus \mathcal{F}'$ is finitely presented relative to $S$, then so are $\mathcal{F}$ and $\mathcal{F}'$.",A direct summand of a module inherits the property of being finitely presented relative to a base.,lemma-sum-relatively-finite-presentation,09TE,https://stacks.math.columbia.edu/tag/09TE
"Let $S$ be a scheme. Let $f : X \to Y$ be a morphism of algebraic spaces over $S$. The following are equivalent \begin{enumerate} \item $f$ is flat and a local complete intersection morphism, and \item $f$ is syntomic. \end{enumerate}",A morphism is flat and lci if and only if it is syntomic.,lemma-flat-lci,06C9,https://stacks.math.columbia.edu/tag/06C9
Let $f : X \to S$ be a quasi-compact morphism of schemes. Then $f$ is dominant if and only if for every irreducible component $Z \subset S$ the generic point of $Z$ is in the image of $f$.,Morphisms whose image contains the generic points are dominant,lemma-quasi-compact-dominant,01RL,https://stacks.math.columbia.edu/tag/01RL
"Let $f : X \to S$ be a morphism of schemes. Assume $f$ is locally of finite type. Then the following are equivalent \begin{enumerate} \item $f$ is locally quasi-finite, \item for every $s \in S$ the fibre $X_s$ is a discrete topological space, and \item for every morphism $\mathop{\mathrm{Spec}}(k) \to S$ where $k$ is a field the base change $X_k$ has an underlying discrete topological space. \end{enumerate}",Finite type morphisms with discrete fibers are quasi-finite.,lemma-locally-quasi-finite-fibres,06RT,https://stacks.math.columbia.edu/tag/06RT
A base change of a quasi-finite morphism is quasi-finite. The same holds for locally quasi-finite.,(Locally) quasi-finite morphisms are stable under base change.,lemma-base-change-quasi-finite,03XL,https://stacks.math.columbia.edu/tag/03XL
A closed immersion $i : Z \to X$ is of finite presentation if and only if the associated quasi-coherent sheaf of ideals $\mathcal{I} = \mathop{\mathrm{Ker}}(\mathcal{O}_X \to i_*\mathcal{O}_Z)$ is of finite type (as an $\mathcal{O}_X$-module).,Closed immersions of finite presentation correspond to quasi-coherent sheaves of ideals of finite type.,lemma-closed-immersion-finite-presentation,084Q,https://stacks.math.columbia.edu/tag/084Q
Let $f : X \to S$ be a morphism. \begin{enumerate} \item If $S$ is locally Noetherian and $f$ locally of finite type then $f$ is locally of finite presentation. \item If $S$ is locally Noetherian and $f$ of finite type then $f$ is of finite presentation. \end{enumerate},"Over a locally Noetherian base, finite type is finite presentation.",lemma-noetherian-finite-type-finite-presentation,01TX,https://stacks.math.columbia.edu/tag/01TX
Let $f : X \to Y$ be a flat morphism of schemes. Let $g : V \to Y$ be a quasi-compact morphism of schemes. Let $Z \subset Y$ be the scheme theoretic image of $g$ and let $Z' \subset X$ be the scheme theoretic image of the base change $V \times_Y X \to X$. Then $Z' = f^{-1}Z$.,Taking scheme theoretic images commutes with flat base change in the quasi-compact case,lemma-flat-base-change-scheme-theoretic-image,081I,https://stacks.math.columbia.edu/tag/081I
"Let $f : X \to S$ be a morphism of schemes. Assume that \begin{enumerate} \item $f$ is flat, \item $f$ is locally of finite presentation, and \item for all $s \in S$ the fibre $X_s$ is Cohen-Macaulay (Properties, Definition \ref{properties-definition-Cohen-Macaulay}) \end{enumerate} Then there exist open and closed subschemes $X_d \subset X$ such that $X = \coprod_{d \geq 0} X_d$ and $f|_{X_d} : X_d \to S$ has relative dimension $d$.",Cohen-Macaulay morphisms decompose into clopens of pure relative dimension,lemma-flat-finite-presentation-CM-fibres-relative-dimension,02NM,https://stacks.math.columbia.edu/tag/02NM
"Let $f : X  \to S$ be a morphism of schemes. Let $x \in X$ be a point. Let $V \subset S$ be an affine open neighbourhood of $f(x)$. The following are equivalent \begin{enumerate} \item The morphism $f$ is smooth at $x$. \item There exists an affine open $U \subset X$, with $x \in U$ and $f(U) \subset V$ such that the induced morphism $f|_U : U \to V$ is standard smooth. \end{enumerate}",Smooth morphisms are locally standard smooth.,lemma-smooth-locally-standard-smooth,01V7,https://stacks.math.columbia.edu/tag/01V7
"Fibres of \'etale morphisms. \begin{enumerate} \item Let $X$ be a scheme over a field $k$. The structure morphism $X \to \mathop{\mathrm{Spec}}(k)$ is \'etale if and only if $X$ is a disjoint union of spectra of finite separable field extensions of $k$. \item If $f : X \to S$ is an \'etale morphism, then for every $s \in S$ the fibre $X_s$ is a disjoint union of spectra of finite separable field extensions of $\kappa(s)$. \end{enumerate}",Description of the \'etale schemes over fields and fibres of \'etale morphisms.,lemma-etale-over-field,02GL,https://stacks.math.columbia.edu/tag/02GL
"Let $f : X \to Y$ be a morphism of schemes over $S$. If $X$ and $Y$ are \'etale over $S$, then $f$ is \'etale.",Cancellation law for \'etale morphisms,lemma-etale-permanence,02GW,https://stacks.math.columbia.edu/tag/02GW
"Let $\varphi : X \to Y$ be a morphism of schemes. Let $x \in X$. Let $V \subset Y$ be an affine open neighbourhood of $\varphi(x)$. If $\varphi$ is smooth at $x$, then there exists an integer $d \geq 0$ and an affine open $U \subset X$ with $x \in U$ and $\varphi(U) \subset V$ such that there exists a commutative diagram $$ \xymatrix{ X \ar[d] & U \ar[l] \ar[d] \ar[r]_-\pi & \mathbf{A}^d_V \ar[ld] \\ Y & V \ar[l] } $$ where $\pi$ is \'etale.",Smooth schemes are \'etale-locally like affine spaces.,lemma-smooth-etale-over-affine-space,054L,https://stacks.math.columbia.edu/tag/054L
"Let $f : X \to S$ be a morphism of schemes. The following are equivalent \begin{enumerate} \item $f$ is integral, and \item $f$ is affine and universally closed. \end{enumerate}",integral $=$ affine $+$ universally closed,lemma-integral-universally-closed,01WM,https://stacks.math.columbia.edu/tag/01WM
Let $f : X \to S$ be a morphism of schemes. The set of points of $X$ where $f$ is quasi-finite is an open $U \subset X$. The induced morphism $U \to S$ is locally quasi-finite.,The locally quasi-finite locus of a morphism is open,lemma-quasi-finite-points-open,01TI,https://stacks.math.columbia.edu/tag/01TI
"Let $(A, \mathfrak m)$ be a Noetherian local ring of depth $\geq 2$. Let $B = A[[x_1, \ldots, x_d]]$ with $d \geq 1$. For any open $V \subset Y = \mathop{\mathrm{Spec}}(B)$ which contains \begin{enumerate} \item any prime $\mathfrak q \subset B$ such that $\mathfrak q \cap A \not = \mathfrak m$, \item the prime $\mathfrak m B$ \end{enumerate} the functor $ \textit{F\'Et}_Y \to \textit{F\'Et}_V $ is an equivalence. In particular purity holds for $B$.",Ramanujam-Samuel for finite \'etale covers,lemma-purity-power-series-over-depth2,0EYA,https://stacks.math.columbia.edu/tag/0EYA
"Let $S$ be a scheme. Let $X$ be a normal integral algebraic space over $S$. Then $\Gamma(X, \mathcal{O}_X)$ is a normal domain.",The ring of functions on a normal scheme is normal.,lemma-normal-integral-sections,0BH3,https://stacks.math.columbia.edu/tag/0BH3
"Let $X$ be a scheme. Let $f \in \Gamma(X, \mathcal{O}_X)$. Denote $X_f \subset X$ the open where $f$ is invertible, see Schemes, Lemma \ref{schemes-lemma-f-open}. If $X$ is quasi-compact and quasi-separated, the canonical map $$ \Gamma(X, \mathcal{O}_X)_f \longrightarrow \Gamma(X_f, \mathcal{O}_X) $$ is an isomorphism. Moreover, if $\mathcal{F}$ is a quasi-coherent sheaf of $\mathcal{O}_X$-modules the map $$ \Gamma(X, \mathcal{F})_f \longrightarrow \Gamma(X_f, \mathcal{F}) $$ is an isomorphism.",Sections of quasi-coherent sheaves have only meromorphic singularities at infinity.,lemma-invert-f-sections,01P7,https://stacks.math.columbia.edu/tag/01P7
Let $X = \mathop{\mathrm{Spec}}(R)$ be an affine scheme. Let $\mathcal{F} = \widetilde{M}$ for some $R$-module $M$. The quasi-coherent sheaf $\mathcal{F}$ is a flat $\mathcal{O}_X$-module if and only if $M$ is a flat $R$-module.,Flatness is the same for modules and sheaves.,lemma-flat-module,05P0,https://stacks.math.columbia.edu/tag/05P0
"Let $X$ be a scheme. Assume $X$ is quasi-compact and quasi-separated. Let $\mathcal{F}$ be a quasi-coherent $\mathcal{O}_X$-module. There exist \begin{enumerate} \item a filtered index category $\mathcal{I}$ (see Categories, Definition \ref{categories-definition-directed}), \item a diagram $\mathcal{I} \to \textit{Mod}(\mathcal{O}_X)$ (see Categories, Section \ref{categories-section-limits}), $i \mapsto \mathcal{F}_i$, \item morphisms of $\mathcal{O}_X$-modules $\varphi_i : \mathcal{F}_i \to \mathcal{F}$ \end{enumerate} such that each $\mathcal{F}_i$ is of finite presentation and such that the morphisms $\varphi_i$ induce an isomorphism $$ \mathop{\mathrm{colim}}\nolimits_i \mathcal{F}_i = \mathcal{F}. $$",Quasi-coherent modules on quasi-compact and quasi-separated schemes are filtered colimits of finitely presented modules.,lemma-directed-colimit-diagram-finite-presentation,01PJ,https://stacks.math.columbia.edu/tag/01PJ
"[Strong formal effectiveness for polarized schemes]   Let $(R_n)$ be an inverse system of rings with surjective transition maps whose kernels are locally nilpotent. Set $R = \mathop{\mathrm{lim}}\nolimits R_n$. Set $S_n = \mathop{\mathrm{Spec}}(R_n)$ and $S = \mathop{\mathrm{Spec}}(R)$. Consider a commutative diagram $$ \xymatrix{ X_1 \ar[r]_{i_1} \ar[d] & X_2 \ar[r]_{i_2} \ar[d] & X_3 \ar[r] \ar[d] & \ldots \\ S_1 \ar[r] & S_2 \ar[r] & S_3 \ar[r] & \ldots } $$ of schemes with cartesian squares. Suppose given $(\mathcal{L}_n, \varphi_n)$ where each $\mathcal{L}_n$ is an invertible sheaf on $X_n$ and $\varphi_n : i_n^*\mathcal{L}_{n + 1} \to \mathcal{L}_n$ is an isomorphism. If \begin{enumerate} \item $X_n \to S_n$ is proper, flat, of finite presentation, and \item $\mathcal{L}_1$ is ample on $X_1$ \end{enumerate} then there exists a morphism of schemes $X \to S$ proper, flat, and of finite presentation and an ample invertible $\mathcal{O}_X$-module $\mathcal{L}$ and isomorphisms $X_n \cong X \times_S S_n$ and $\mathcal{L}_n \cong \mathcal{L}|_{X_n}$ compatible with the morphisms $i_n$ and $\varphi_n$.",Grothendieck's algebraization theorem continues to hold in the non-Noetherian setting if one assumes flatness and finite presentation.,lemma-polarized-strong-effectiveness,0D4T,https://stacks.math.columbia.edu/tag/0D4T
"Let $S$ be a scheme. Let $f : X \to Y$ and $g : Y \to Z$ be morphisms of formal algebraic spaces over $S$. Assume $X$, $Y$, $Z$ are locally Noetherian and $f$ and $g$ locally of finite type. Then if $f$ and $g$ are rig-surjective, so is $g \circ f$.",Rig-surjectivity of locally finite type morphisms is preserved under composition,lemma-composition-rig-surjective,0AQR,https://stacks.math.columbia.edu/tag/0AQR
"Let $X$, $Y$ be locally ringed spaces. If $f : X \to Y$ is an isomorphism of ringed spaces, then $f$ is an isomorphism of locally ringed spaces.",An isomorphism of ringed spaces between locally ringed spaces is an isomorphism of locally ringed spaces.,lemma-isomorphism-locally-ringed,01HC,https://stacks.math.columbia.edu/tag/01HC
"Let $(X, \mathcal{O}_X) = (\mathop{\mathrm{Spec}}(R), \mathcal{O}_{\mathop{\mathrm{Spec}}(R)})$ be an affine scheme. Let $i : Z \to X$ be any closed immersion of locally ringed spaces. Then there exists a unique ideal $I \subset R$ such that the morphism $i : Z \to X$ can be identified with the closed immersion $\mathop{\mathrm{Spec}}(R/I) \to \mathop{\mathrm{Spec}}(R)$ constructed in Example \ref{example-closed-immersion-affines} above.","For affine schemes, closed immersions correspond to ideals.",lemma-closed-immersion-affine-case,01IH,https://stacks.math.columbia.edu/tag/01IH
"Given any glueing data of locally ringed spaces there exists a locally ringed space $X$ and open subspaces $U_i \subset X$ together with isomorphisms $\varphi_i : X_i \to U_i$ of locally ringed spaces such that \begin{enumerate} \item $X=\bigcup_{i\in I} U_i$, \item $\varphi_i(U_{ij}) = U_i \cap U_j$, and \item $\varphi_{ij} = \varphi_j^{-1}|_{U_i \cap U_j} \circ \varphi_i|_{U_{ij}}$. \end{enumerate} The locally ringed space $X$ is characterized by the following mapping properties: Given a locally ringed space $Y$ we have \begin{eqnarray*} \mathop{\mathrm{Mor}}\nolimits(X, Y) & = & \{ (f_i)_{i\in I} \mid f_i : X_i \to Y, \ f_j \circ \varphi_{ij} = f_i|_{U_{ij}}\} \\ f & \mapsto & (f|_{U_i} \circ \varphi_i)_{i \in I} \\ \mathop{\mathrm{Mor}}\nolimits(Y, X) & = & \left\{ \begin{matrix} \text{open covering }Y = \bigcup\nolimits_{i \in I} V_i\text{ and } (g_i : V_i \to X_i)_{i \in I} \text{ such that}\\ g_i^{-1}(U_{ij}) = V_i \cap V_j \text{ and } g_j|_{V_i \cap V_j} = \varphi_{ij} \circ g_i|_{V_i \cap V_j} \end{matrix} \right\} \\ g & \mapsto & V_i = g^{-1}(U_i), \ g_i = \varphi_i^{-1} \circ g|_{V_i} \end{eqnarray*}","If you have two locally ringed spaces, and a subspace of the first one is isomorphic to a subspace of the other, then you can glue them together into one big locally ringed space.",lemma-glue,01JB,https://stacks.math.columbia.edu/tag/01JB
"In Lemma \ref{lemma-glue} above, assume that all $X_i$ are schemes. Then the resulting locally ringed space $X$ is a scheme.",Schemes can be glued to give new schemes.,lemma-glue-schemes,01JC,https://stacks.math.columbia.edu/tag/01JC
"Let $f : X \to S$ and $g : Y \to S$ be morphisms of schemes with the same target. Let $S = \bigcup U_i$ be any affine open covering of $S$. For each $i \in I$, let $f^{-1}(U_i) = \bigcup_{j \in J_i} V_j$ be an affine open covering of $f^{-1}(U_i)$ and let $g^{-1}(U_i) = \bigcup_{k \in K_i} W_k$ be an affine open covering of $g^{-1}(U_i)$. Then $$ X \times_S Y = \bigcup\nolimits_{i \in I} \bigcup\nolimits_{j \in J_i, \ k \in K_i} V_j \times_{U_i} W_k $$ is an affine open covering of $X \times_S Y$.",Bare-hands construction of fiber products: an affine open cover of a fiber product of schemes can be assembled from compatible affine open covers of the pieces.,lemma-affine-covering-fibre-product,01JS,https://stacks.math.columbia.edu/tag/01JS
"Let $S$ be a scheme. Let $s' \leadsto s$ be a specialization of points of $S$. Then \begin{enumerate} \item there exists a valuation ring $A$ and a morphism $f : \mathop{\mathrm{Spec}}(A) \to S$ such that the generic point $\eta$ of $\mathop{\mathrm{Spec}}(A)$ maps to $s'$ and the special point maps to $s$, and \item given a field extension $K/\kappa(s')$ we may arrange it so that the extension $\kappa(\eta)/\kappa(s')$ induced by $f$ is isomorphic to the given extension. \end{enumerate}",Specializations are witnessed by valuation rings.,lemma-points-specialize,01J8,https://stacks.math.columbia.edu/tag/01J8
Let $X$ be a scheme over $S$. The diagonal morphism $\Delta_{X/S}$ is an immersion.,The diagonal morphism for relative schemes is an immersion.,lemma-diagonal-immersion,01KJ,https://stacks.math.columbia.edu/tag/01KJ
Let $S$ be a scheme. Let $f : X \to Y$ and $g : Y \to Z$ be morphisms of algebraic spaces over $S$. \begin{enumerate} \item If $g \circ f$ is separated then so is $f$. \item If $g \circ f$ is locally separated then so is $f$. \item If $g \circ f$ is quasi-separated then so is $f$. \end{enumerate},Separated and quasi-separated morphisms satisfy cancellation.,lemma-compose-after-separated,03KR,https://stacks.math.columbia.edu/tag/03KR
"Let $S$ be a scheme. Let $j : X \to Y$ be a morphism of algebraic spaces over $S$. The following are equivalent: \begin{enumerate} \item $j$ is a monomorphism (as in Definition \ref{definition-monomorphism}), \item $j$ is a monomorphism in the category of algebraic spaces over $S$, and \item the diagonal morphism $\Delta_{X/Y} : X \to X \times_Y X$ is an isomorphism. \end{enumerate}",A scheme morphism is a monomorphism iff its diagonal is an isomorphism.,lemma-monomorphism,042M,https://stacks.math.columbia.edu/tag/042M
"Let $\mathcal{A}$ be an abelian category. Let $f : U \to V$ be a morphism of simplicial objects of $\mathcal{A}$. If the induced morphisms $N(f)_i : N(U)_i \to N(V)_i$ are injective for all $i$, then $f_i$ is injective for all $i$. Same holds with ``injective'' replaced with ``surjective'', or ``isomorphism''.","The Dold-Kan normalization functor reflects injectivity, surjectivity, and isomorphy.",lemma-injective-map-simplicial-abelian,017W,https://stacks.math.columbia.edu/tag/017W
"Let $\mathcal{C}, \mathcal{C}', \mathcal{D}, \mathcal{D}'$ be categories. With terminology as in Remarks \ref{remark-homotopy-cosimplicial-better} and \ref{remark-homotopy-better}. \begin{enumerate} \item Let $a, b : U \to V$ be morphisms of simplicial objects of $\mathcal{D}$. Let $F : \mathcal{D} \to \mathcal{D}'$ be a covariant functor. If $a$ and $b$ are homotopic, then $F(a)$, $F(b)$ are homotopic morphisms $F(U) \to F(V)$ of simplicial objects. \item Let $a, b : U \to V$ be morphisms of cosimplicial objects of $\mathcal{C}$. Let $F : \mathcal{C} \to \mathcal{C}'$ be a covariant functor. If $a$ and $b$ are homotopic, then $F(a)$, $F(b)$ are homotopic morphisms $F(U) \to F(V)$ of cosimplicial objects. \item Let $a, b : U \to V$ be morphisms of simplicial objects of $\mathcal{D}$. Let $F : \mathcal{D} \to \mathcal{C}$ be a contravariant functor. If $a$ and $b$ are homotopic, then $F(a)$, $F(b)$ are homotopic morphisms $F(V) \to F(U)$ of cosimplicial objects. \item Let $a, b : U \to V$ be morphisms of cosimplicial objects of $\mathcal{C}$. Let $F : \mathcal{C} \to \mathcal{D}$ be a contravariant functor. If $a$ and $b$ are homotopic, then $F(a)$, $F(b)$ are homotopic morphisms $F(V) \to F(U)$ of simplicial objects. \end{enumerate}",Functors preserve homotopic morphisms of (co)simplicial objects.,lemma-functorial-homotopy,019Y,https://stacks.math.columbia.edu/tag/019Y
"Let $\mathcal{A}$ be an additive category. Let $a, b : U \to V$ be morphisms of cosimplicial objects of $\mathcal{A}$. If $a$, $b$ are homotopic, then $s(a), s(b) : s(U) \to s(V)$ are homotopic maps of cochain complexes. If in addition $\mathcal{A}$ is abelian, then $Q(a), Q(b) : Q(U) \to Q(V)$ are homotopic maps of cochain complexes.",The (cosimplicial) Dold-Kan functor carries homotopic maps to homotopic maps.,lemma-homotopy-s-Q,01A0,https://stacks.math.columbia.edu/tag/01A0
Let $X_i \to Y_i$ be a set of trivial Kan fibrations. Then $\prod X_i \to \prod Y_i$ is a trivial Kan fibration.,Products of trivial Kan fibrations are trivial Kan fibrations.,lemma-product-trivial-kan,08NR,https://stacks.math.columbia.edu/tag/08NR
"Let $\mathcal{C}$ be a category. Let $\mathcal{U} = \{f_i : U_i \to U\}_{i \in I}$ be a family of morphisms with fixed target such that all fibre products $U_{i_0} \times_U \ldots \times_U U_{i_p}$ exist in $\mathcal{C}$. Let $\mathcal{O}$ be a presheaf of rings on $\mathcal{C}$. The chain complex $$ \mathbf{Z}_{\mathcal{U}, \bullet} \otimes_{p, \mathbf{Z}} \mathcal{O} $$ is exact in positive degrees. Here $\mathbf{Z}_{\mathcal{U}, \bullet}$ is the chain complex of Lemma \ref{lemma-cech-map-into}, and the tensor product is over the constant presheaf of rings with value $\mathbf{Z}$.",The integral presheaf {\v C}ech complex is a flat resolution of the constant presheaf of integers.,lemma-complex-tensored-still-exact,03F5,https://stacks.math.columbia.edu/tag/03F5
"Let $(\mathcal{C}, \mathcal{O})$ be a ringed site. Given $K, L, M$ in $D(\mathcal{O})$ there is a canonical morphism $$ R\mathop{\mathcal{H}\!\mathit{om}}\nolimits(L, M) \otimes_\mathcal{O}^\mathbf{L} R\mathop{\mathcal{H}\!\mathit{om}}\nolimits(K, L) \longrightarrow R\mathop{\mathcal{H}\!\mathit{om}}\nolimits(K, M) $$ in $D(\mathcal{O})$.",Composition on RSheafHom.,lemma-internal-hom-composition,0A98,https://stacks.math.columbia.edu/tag/0A98
"Let $(\mathcal{C}, \mathcal{O})$ be a ringed site. Let $(K_n)_{n \in \mathbf{N}}$ be a system of perfect objects of $D(\mathcal{O})$. Let $K = \text{hocolim} K_n$ be the derived colimit (Derived Categories, Definition \ref{derived-definition-derived-colimit}). Then for any object $E$ of $D(\mathcal{O})$ we have $$ R\mathop{\mathcal{H}\!\mathit{om}}\nolimits(K, E) = R\mathop{\mathrm{lim}}\nolimits E \otimes^\mathbf{L}_\mathcal{O} K_n^\vee $$ where $(K_n^\vee)$ is the inverse system of dual perfect complexes.",Trivial duality for systems of perfect objects.,lemma-colim-and-lim-of-duals,0A0A,https://stacks.math.columbia.edu/tag/0A0A
Let $\mathcal{F} : \mathcal{I} \to \mathop{\mathit{Sh}}\nolimits(\mathcal{C})$ be a diagram. Then $\mathop{\mathrm{lim}}\nolimits_\mathcal{I} \mathcal{F}$ exists and is equal to the limit in the category of presheaves.,Limit of diagram of sheaves exists and coincides with limit as presheaves,lemma-limit-sheaf,00W2,https://stacks.math.columbia.edu/tag/00W2
Let $\mathcal{F} : \mathcal{I} \to \mathop{\mathit{Sh}}\nolimits(\mathcal{C})$ be a diagram. Then $\mathop{\mathrm{colim}}\nolimits_\mathcal{I} \mathcal{F}$ exists and is the sheafification of the colimit in the category of presheaves.,Colimit in category of sheaves equals sheafification of colimit in category of presheaves.,lemma-colimit-sheaves,00WI,https://stacks.math.columbia.edu/tag/00WI
"Let $\mathcal{C}$ be a site. If $\{U_i \to U\}_{i \in I}$ is a covering of the site $\mathcal{C}$, then the morphism of presheaves of sets $$ \coprod\nolimits_{i \in I} h_{U_i} \to h_U $$ becomes surjective after sheafification.",Coverings become surjective after sheafification.,lemma-covering-surjective-after-sheafification,00WT,https://stacks.math.columbia.edu/tag/00WT
"Let $\mathcal{C}_i$, $i = 1, 2, 3$ be sites. Let $u : \mathcal{C}_2 \to \mathcal{C}_1$ and $v : \mathcal{C}_3 \to \mathcal{C}_2$ be continuous functors which induce morphisms of sites. Then the functor $u \circ v : \mathcal{C}_3 \to \mathcal{C}_1$ is continuous and defines a morphism of sites $\mathcal{C}_1 \to \mathcal{C}_3$.",Composition of site functors respects continuity of site functors.,lemma-composition-morphisms-sites,03CB,https://stacks.math.columbia.edu/tag/03CB
"Let $\mathcal{C}$ be a site. \begin{enumerate} \item If $U \to V$ is a morphism of $\mathcal{C}$ such that $h_U^\# \to h_V^\#$ is surjective and $U$ is quasi-compact, then $V$ is quasi-compact. \item If $\mathcal{F} \to \mathcal{G}$ is a surjection of sheaves of sets and $\mathcal{F}$ is quasi-compact, then $\mathcal{G}$ is quasi-compact. \end{enumerate}",Sheaf surjections transmit quasi-compactness.,lemma-image-of-quasi-compact,0GMP,https://stacks.math.columbia.edu/tag/0GMP
"Let $\mathcal{C}$ be a site. If $n \geq 1$ and $\mathcal{F}_1, \ldots, \mathcal{F}_n$ are quasi-compact sheaves on $\mathcal{C}$, then $\coprod_{i = 1, \ldots, n} \mathcal{F}_i$ is quasi-compact.",Finite copoducts of sheaves conserve quasi-compactness.,lemma-coproduct-quasi-compact,0GMQ,https://stacks.math.columbia.edu/tag/0GMQ
"Let $u : \mathcal{C} \to \mathcal{D}$, and $v : \mathcal{D} \to \mathcal{E}$ be cocontinuous functors. Then $v \circ u$ is cocontinuous and we have $h = g \circ f$ where $f : \mathop{\mathit{Sh}}\nolimits(\mathcal{C}) \to \mathop{\mathit{Sh}}\nolimits(\mathcal{D})$, resp.\ $g : \mathop{\mathit{Sh}}\nolimits(\mathcal{D}) \to \mathop{\mathit{Sh}}\nolimits(\mathcal{E})$, resp.\ $h : \mathop{\mathit{Sh}}\nolimits(\mathcal{C}) \to \mathop{\mathit{Sh}}\nolimits(\mathcal{E})$ is the morphism of topoi associated to $u$, resp.\ $v$, resp.\ $v \circ u$.",Composition of site functors respects cocontinuity of site functors.,lemma-composition-cocontinuous,03L5,https://stacks.math.columbia.edu/tag/03L5
"Let $\mathcal{C}$ and $\mathcal{D}$ be sites. Let $u : \mathcal{C} \to \mathcal{D}$ be a functor. Assume that \begin{enumerate} \item[(a)] $u$ is cocontinuous, and \item[(b)] $u$ is continuous. \end{enumerate} Let $g : \mathop{\mathit{Sh}}\nolimits(\mathcal{C}) \to \mathop{\mathit{Sh}}\nolimits(\mathcal{D})$ be the associated morphism of topoi. Then \begin{enumerate} \item sheafification in the formula $g^{-1} = (u^p\ )^\#$ is unnecessary, in other words $g^{-1}(\mathcal{G})(U) = \mathcal{G}(u(U))$, \item $g^{-1}$ has a left adjoint $g_{!} = (u_p\ )^\#$, and \item $g^{-1}$ commutes with arbitrary limits and colimits. \end{enumerate}",Sheafification is redundant in topoi morphisms associated to simultaneously continuous and cocontinuous site functors.,lemma-when-shriek,00XR,https://stacks.math.columbia.edu/tag/00XR
"Let $\mathcal{C}$ be a site. Let $\{U_i \to U\}$ be a covering of $\mathcal{C}$. Let $\mathcal{F}$, $\mathcal{G}$ be sheaves on $\mathcal{C}$. Given a collection $$ \varphi_i : \mathcal{F}|_{\mathcal{C}/U_i} \longrightarrow \mathcal{G}|_{\mathcal{C}/U_i} $$ of maps of sheaves such that for all $i, j \in I$ the maps $\varphi_i, \varphi_j$ restrict to the same map $\varphi_{ij} : \mathcal{F}|_{\mathcal{C}/U_i \times_U U_j} \to \mathcal{G}|_{\mathcal{C}/U_i \times_U U_j}$ then there exists a unique map of sheaves $$ \varphi : \mathcal{F}|_{\mathcal{C}/U} \longrightarrow \mathcal{G}|_{\mathcal{C}/U} $$ whose restriction to each $\mathcal{C}/U_i$ agrees with $\varphi_i$.",Maps of sheaves glue.,lemma-glue-maps,04TQ,https://stacks.math.columbia.edu/tag/04TQ
"Let $\mathcal{C}$ be a site. Let $\mathcal{F}$, $\mathcal{G}$ and $\mathcal{H}$ be sheaves on $\mathcal{C}$. There is a canonical bijection $$ \mathop{\mathrm{Mor}}\nolimits_{\mathop{\mathit{Sh}}\nolimits(\mathcal{C})}(\mathcal{F}\times\mathcal{G},\mathcal{H}) = \mathop{\mathrm{Mor}}\nolimits_{\mathop{\mathit{Sh}}\nolimits(\mathcal{C})}(\mathcal{F},\mathop{\mathcal{H}\!\mathit{om}}\nolimits(\mathcal{G},\mathcal{H})) $$ which is functorial in all three entries.",The category of sheaves on a site is cartesian closed,lemma-internal-hom-sheaf,0BWQ,https://stacks.math.columbia.edu/tag/0BWQ
"Let $f : \mathcal{D} \to \mathcal{C}$ be a morphism of sites given by a continuous functor $u : \mathcal{C} \to \mathcal{D}$. Let $q$ be a point of $\mathcal{D}$ given by the functor $v : \mathcal{D} \to \textit{Sets}$, see Definition \ref{definition-point}. Then the functor $v \circ u : \mathcal{C} \to \textit{Sets}$ defines a point $p$ of $\mathcal{C}$ and moreover there is a canonical identification $$ (f^{-1}\mathcal{F})_q = \mathcal{F}_p $$ for any sheaf $\mathcal{F}$ on $\mathcal{C}$.","A map of sites defines a map on points, and pullback respects stalks.",lemma-point-morphism-sites,05V1,https://stacks.math.columbia.edu/tag/05V1
"Let $\mathcal{C}$, $\mathcal{D}$ be sites. Let $f = (f^{-1}, f_*)$ be a morphism of topoi from $\mathop{\mathit{Sh}}\nolimits(\mathcal{D}) \to \mathop{\mathit{Sh}}\nolimits(\mathcal{C})$. The method introduced above gives rise to an adjoint pair of functors $(f^{-1}, f_*)$ on sheaves of algebraic structures compatible with taking the underlying sheaves of sets for the following types of algebraic structures: \begin{enumerate} \item pointed sets, \item abelian groups, \item groups, \item monoids, \item rings, \item modules over a fixed ring, and \item lie algebras over a fixed field. \end{enumerate} Moreover, in each of these cases the results above labeled ($\alpha$), ($\beta$), ($\gamma$), ($\delta$), ($\epsilon$), and ($\zeta$) hold.",Morphisms of topoi preserve algebraic structure.,proposition-functoriality-algebraic-structures-topoi,00YV,https://stacks.math.columbia.edu/tag/00YV
"Let $R \to R_0$ be a surjective ring map with kernel $I$. \begin{enumerate} \item If $R_0 \to A_0$ is a syntomic ring map, then there exists a syntomic ring map $R \to A$ such that $A/IA \cong A_0$. \item If $R_0 \to A_0$ is a smooth ring map, then there exists a smooth ring map $R \to A$ such that $A/IA \cong A_0$. \end{enumerate}",Smooth and syntomic algebras lift along surjections,proposition-lift-smooth,07M8,https://stacks.math.columbia.edu/tag/07M8
Let $R \subset \Lambda$ be an extension of discrete valuation rings which has ramification index $1$ and induces a separable extension of residue fields and of fraction fields. Then $\Lambda$ is a filtered colimit of smooth $R$-algebras.,Unramified extensions of DVRs are ind-smooth AKA N\'eron desingularization,lemma-neron-colimit,0BJ7,https://stacks.math.columbia.edu/tag/0BJ7
"Let $R \to \Lambda$ be a ring map. Let $I \subset R$ be an ideal. Assume that \begin{enumerate} \item $I$ is nilpotent, \item $\Lambda/I\Lambda$ is a filtered colimit of smooth $R/I$-algebras, and \item $R \to \Lambda$ is flat. \end{enumerate} Then $\Lambda$ is a filtered colimit of smooth $R$-algebras.",Ind-smoothness of an algebra is stable under infinitesimal deformations,proposition-lift,07CM,https://stacks.math.columbia.edu/tag/07CM
"If for every Situation \ref{situation-global} where $R$ is a field PT holds, then PT holds in general.",Proving Popescu approximation reduces to algebras over a field,lemma-reduce-to-field,07F5,https://stacks.math.columbia.edu/tag/07F5
"Let $(A, I)$ be a henselian pair with $A$ Noetherian. Let $A^\wedge$ be the $I$-adic completion of $A$. Assume at least one of the following conditions holds \begin{enumerate} \item $A \to A^\wedge$ is a regular ring map, \item $A$ is a Noetherian G-ring, or \item $(A, I)$ is the henselization (More on Algebra, Lemma \ref{more-algebra-lemma-henselization}) of a pair $(B, J)$ where $B$ is a Noetherian G-ring. \end{enumerate} Given $f_1, \ldots, f_m \in A[x_1, \ldots, x_n]$ and $\hat{a}_1, \ldots, \hat{a}_n \in A^\wedge$ such that $f_j(\hat{a}_1, \ldots, \hat{a}_n) = 0$ for $j = 1, \ldots, m$, for every $N \geq 1$ there exist $a_1, \ldots, a_n \in A$ such that $\hat{a}_i - a_i \in I^N$ and such that $f_j(a_1, \ldots, a_n) = 0$ for $j = 1, \ldots, m$.",Approximation for henselian pairs.,lemma-henselian-pair,0AH5,https://stacks.math.columbia.edu/tag/0AH5
Let $S$ be a scheme. Let $f : X \to Y$ be a quasi-compact and quasi-separated morphism of algebraic spaces over $S$. Let $\mathcal{F} = \mathop{\mathrm{colim}}\nolimits \mathcal{F}_i$ be a filtered colimit of abelian sheaves on $X_{\acute{e}tale}$. Then for any $p \geq 0$ we have $$ R^pf_*\mathcal{F} = \mathop{\mathrm{colim}}\nolimits R^pf_*\mathcal{F}_i. $$,Higher direct images of qcqs morphisms commute with filtered colimits of sheaves.,lemma-colimit-cohomology,07U6,https://stacks.math.columbia.edu/tag/07U6
"A quasi-compact and quasi-separated algebraic space is affine if and only if all higher cohomology groups of quasi-coherent sheaves vanish. More precisely, any algebraic space as in Situation \ref{situation-vanishing} is an affine scheme.",Serre's criterion for affineness in the setting of algebraic spaces.,proposition-vanishing-affine,07V6,https://stacks.math.columbia.edu/tag/07V6
"Let $S$ be a scheme. Let $f : X \to Y$ be a morphism of algebraic spaces over $S$. Let $\overline{y}$ be a geometric point of $Y$. Assume \begin{enumerate} \item $Y$ locally Noetherian, \item $f$ is proper, and \item $\dim(X_{\overline{y}}) = d$. \end{enumerate} Then for any coherent sheaf $\mathcal{F}$ on $X$ we have $(R^pf_*\mathcal{F})_{\overline{y}} = 0$ for all $p > d$.","For proper maps, stalks of higher direct images are trivial in degrees larger than the dimension of the fibre.",lemma-higher-direct-images-zero-above-dimension-fibre,0A4T,https://stacks.math.columbia.edu/tag/0A4T
"Let $S$ be a scheme. Let $f : X \to Y$ be a morphism of algebraic spaces over $S$. If $f$ is flat and surjective and $X$ is reduced, then $Y$ is reduced.",A flat and surjective morphism of algebraic spaces with a reduced source has a reduced target.,lemma-descend-reduced,06MI,https://stacks.math.columbia.edu/tag/06MI
[Universal property blowing up]  Let $X$ be a scheme. Let $Z \subset X$ be a closed subscheme. Let $\mathcal{C}$ be the full subcategory of $(\mathit{Sch}/X)$ consisting of $Y \to X$ such that the inverse image of $Z$ is an effective Cartier divisor on $Y$. Then the blowing up $b : X' \to X$ of $Z$ in $X$ is a final object of $\mathcal{C}$.,Blow up a closed subset to make it Cartier.,lemma-universal-property-blowing-up,0806,https://stacks.math.columbia.edu/tag/0806
Let $S$ be a scheme. Let $f : X \to Y$ be a closed immersion of algebraic spaces over $S$. Assume $Y$ quasi-compact and quasi-separated. Then $X$ can be written as a directed limit $X = \mathop{\mathrm{lim}}\nolimits X_i$ where the transition maps are closed immersions and the morphisms $X_i \to Y$ are closed immersions of finite presentation.,Closed immersions of qcqs algebraic spaces can be approximated by finitely presented closed immersions.,lemma-closed-is-limit-closed-and-finite-presentation,0A0U,https://stacks.math.columbia.edu/tag/0A0U
"Let $k$ be a field. Let $n \geq 1$ and let $(\mathbf{P}^1_k)^n$ be the $n$-fold self product over $\mathop{\mathrm{Spec}}(k)$. Let $f : (\mathbf{P}^1_k)^n \to Z$ be a morphism of algebraic spaces over $k$. If $Z$ is separated of finite type over $k$, then $f$ factors as $$ (\mathbf{P}^1_k)^n \xrightarrow{projection} (\mathbf{P}^1_k)^m \xrightarrow{finite} Z. $$",A morphism from a nonempty product of projective lines over a field to a separated finite type algebraic space over a field factors as a finite morphism after a projection to a product of projective lines.,lemma-quotient-power-P1,0AEM,https://stacks.math.columbia.edu/tag/0AEM
Let $k$ be a field. Let $G$ be a separated group algebraic space locally of finite type over $k$. There does not exist a nonconstant morphism $f : \mathbf{P}^1_k \to G$ over $\mathop{\mathrm{Spec}}(k)$.,No complete rational curves on groups.,lemma-no-nonconstant-morphism-from-P1-to-group,0AEN,https://stacks.math.columbia.edu/tag/0AEN
"Let $S$ be a scheme. Let $$ \xymatrix{ X \ar[rr]_h \ar[rd]_f & & Y \ar[ld]^g \\ & B } $$ be a commutative diagram of morphism of algebraic spaces over $S$. Let $b \in B$ and let $\mathop{\mathrm{Spec}}(k) \to B$ be a morphism in the equivalence class of $b$. Assume \begin{enumerate} \item $X \to B$ is a proper morphism, \item $Y \to B$ is separated and locally of finite type, \item one of the following is true \begin{enumerate} \item the image of $|X_k| \to |Y_k|$ is finite, \item the image of $|f|^{-1}(\{b\})$ in $|Y|$ is finite and $B$ is decent. \end{enumerate} \end{enumerate} Then there is an open subspace $B' \subset B$ containing $b$ such that $X_{B'} \to Y_{B'}$ factors through a closed subspace $Z \subset Y_{B'}$ finite over $B'$.",Collapsing a fibre of a proper family forces nearby ones to collapse too.,lemma-flat-proper-family-cannot-collapse-fibre,0AEJ,https://stacks.math.columbia.edu/tag/0AEJ
"Let $S$ be a scheme. Let $i : Z \to X$ be a Koszul-regular, $H_1$-regular, or quasi-regular immersion of algebraic spaces over $S$. Let $X' \to X$ be a flat morphism of algebraic spaces over $S$. Then the base change $i' : Z \times_X X' \to X'$ is a Koszul-regular, $H_1$-regular, or quasi-regular immersion.",Regular immersions are stable under flat base change.,lemma-flat-base-change-regular-immersion,09RX,https://stacks.math.columbia.edu/tag/09RX
"Let $S$ be a scheme. Let $f : X \to Y$ be a morphism of algebraic spaces over $S$. The following are equivalent \begin{enumerate} \item $f$ is flat and a local complete intersection morphism, and \item $f$ is syntomic. \end{enumerate}",Syntomic equals flat plus lci (for algebraic spaces).,lemma-flat-lci,06C9,https://stacks.math.columbia.edu/tag/06C9
"Let $S$ be a scheme. Let $f : X \to Z$, $g : Y \to Z$ and $Z \to T$ be morphisms of algebraic spaces over $S$. Consider the induced morphism $i : X \times_Z Y \to X \times_T Y$. Then \begin{enumerate} \item $i$ is representable, locally of finite type, locally quasi-finite, separated and a monomorphism, \item if $Z \to T$ is locally separated, then $i$ is an immersion, \item if $Z \to T$ is separated, then $i$ is a closed immersion, and \item if $Z \to T$ is quasi-separated, then $i$ is quasi-compact. \end{enumerate}","The top arrow of a ``magic diagram'' of algebraic spaces has nice immersion-like properties, and under separatedness hypotheses these get stronger.",lemma-fibre-product-after-map,03KN,https://stacks.math.columbia.edu/tag/03KN
"Let $S$ be a scheme. Let $T$ be an algebraic space over $S$. Let $g : X \to Y$ be a morphism of algebraic spaces over $T$. Consider the graph $i : X \to X \times_T Y$ of $g$. Then \begin{enumerate} \item $i$ is representable, locally of finite type, locally quasi-finite, separated and a monomorphism, \item if $Y \to T$ is locally separated, then $i$ is an immersion, \item if $Y \to T$ is separated, then $i$ is a closed immersion, and \item if $Y \to T$ is quasi-separated, then $i$ is quasi-compact. \end{enumerate}",Properties of the graph of a morphism of algebraic spaces as a consequence of separation properties of the target.,lemma-semi-diagonal,03KO,https://stacks.math.columbia.edu/tag/03KO
"Let $S$ be a scheme. \begin{enumerate} \item If $X \to Y$ is a surjective morphism of algebraic spaces over $S$, and $X$ is quasi-compact then $Y$ is quasi-compact. \item If $$ \xymatrix{ X \ar[rr]_f \ar[rd]_p & & Y \ar[dl]^q \\ & Z } $$ is a commutative diagram of morphisms of algebraic spaces over $S$ and $f$ is surjective and $p$ is quasi-compact, then $q$ is quasi-compact. \end{enumerate}",The image of a quasi-compact algebraic space under a surjective morphism is quasi-compact.,lemma-surjection-from-quasi-compact,040W,https://stacks.math.columbia.edu/tag/040W
"Let $S$ be a scheme. Let $f : X \to Y$ be a morphism of algebraic spaces over $S$. The following are equivalent: \begin{enumerate} \item $f$ is quasi-compact, \item for every scheme $Z$ and any morphism $Z \to Y$ the morphism of algebraic spaces $Z \times_Y X \to Z$ is quasi-compact, \item for every affine scheme $Z$ and any morphism $Z \to Y$ the algebraic space $Z \times_Y X$ is quasi-compact, \item there exists a scheme $V$ and a surjective \'etale morphism $V \to Y$ such that $V \times_Y X \to V$ is a quasi-compact morphism of algebraic spaces, and \item there exists a surjective \'etale morphism $Y' \to Y$ of algebraic spaces such that $Y' \times_Y X \to Y'$ is a quasi-compact morphism of algebraic spaces, and \item there exists a Zariski covering $Y = \bigcup Y_i$ such that each of the morphisms $f^{-1}(Y_i) \to Y_i$ is quasi-compact. \end{enumerate}",Quasi-compact morphisms of algebraic spaces are preserved under pullback and local on the target.,lemma-quasi-compact-local,03KG,https://stacks.math.columbia.edu/tag/03KG
Let $S$ be a scheme. Let $f : X \to Y$ be a morphism of algebraic spaces over $S$. There exists a closed subspace $Z \subset Y$ such that $f$ factors through $Z$ and such that for any other closed subspace $Z' \subset Y$ such that $f$ factors through $Z'$ we have $Z \subset Z'$.,The scheme-theoretic image of a morphism of algebraic spaces exists.,lemma-scheme-theoretic-image,082X,https://stacks.math.columbia.edu/tag/082X
An \'etale morphism is locally of finite presentation.,\'Etale implies locally of finite presentation.,lemma-etale-locally-finite-presentation,02GR,https://stacks.math.columbia.edu/tag/02GR
Let $S$ be a scheme. Let $f : X \to Y$ be an \'etale and universally injective morphism of algebraic spaces over $S$. Then $f$ is an open immersion.,Universally injective \'etale maps are open immersions.,lemma-etale-universally-injective-open,05W5,https://stacks.math.columbia.edu/tag/05W5
"Let $S$ be a scheme. Let $X$ be an algebraic space over $S$. Let $x \in |X|$. If $X$ is separated, locally Noetherian, and the dimension of the local ring of $X$ at $x$ is $\leq 1$ (Properties of Spaces, Definition \ref{spaces-properties-definition-dimension-local-ring}), then there exists an open subspace of $X$ containing $x$ which is a scheme.",Separated algebraic spaces are schemes in codimension 1.,lemma-codim-1-point-in-schematic-locus,0ADD,https://stacks.math.columbia.edu/tag/0ADD
"Let $S$ be a scheme. Let $X$ be an algebraic space over $S$. Let $\overline{x}$ be a geometric point of $X$. Consider the functor $$ u : X_{\acute{e}tale} \longrightarrow \textit{Sets}, \quad U \longmapsto |U_{\overline{x}}| $$ Then $u$ defines a point $p$ of the site $X_{\acute{e}tale}$ (Sites, Definition \ref{sites-definition-point}) and its associated stalk functor $\mathcal{F} \mapsto \mathcal{F}_p$ (Sites, Equation \ref{sites-equation-stalk}) is the functor $\mathcal{F} \mapsto \mathcal{F}_{\overline{x}}$ defined above.",A geometric point of an algebraic space gives a point of its \'etale topos.,lemma-stalk-gives-point,04K0,https://stacks.math.columbia.edu/tag/04K0
"In Situation \ref{situation-simplicial-site}. If $\mathcal{I}$ is injective in $\textit{Ab}(\mathcal{C}_{total})$, then $\mathcal{I}_n$ is injective in $\textit{Ab}(\mathcal{C}_n)$. If $\mathcal{I}^\bullet$ is a K-injective complex in $\textit{Ab}(\mathcal{C}_{total})$, then $\mathcal{I}_n^\bullet$ is K-injective in $\textit{Ab}(\mathcal{C}_n)$.",An injective abelian sheaf on a simplicial site is injective on each component,lemma-restriction-injective-to-component-site,09WH,https://stacks.math.columbia.edu/tag/09WH
Let $S$ be a scheme contained in $\mathit{Sch}_{fppf}$. Let $F$ be an algebraic space over $S$. Let $G \to F$ be a representable transformation of functors. Then $G$ is an algebraic space.,A functor that admits a representable morphism to an algebraic space is an algebraic space.,lemma-representable-over-space,02WY,https://stacks.math.columbia.edu/tag/02WY
"Let $S$ be a scheme contained in $\mathit{Sch}_{fppf}$. Let $f : X \to Y$ be a morphism of algebraic spaces over $S$. Let $\Delta_{X/Y} : X \to X \times_Y X$ be the diagonal morphism. Then \begin{enumerate} \item $\Delta_{X/Y}$ is representable, \item $\Delta_{X/Y}$ is locally of finite type, \item $\Delta_{X/Y}$ is a monomorphism, \item $\Delta_{X/Y}$ is separated, and \item $\Delta_{X/Y}$ is locally quasi-finite. \end{enumerate}",Diagonals of morphisms of algebraic stacks are representable by algebraic spaces and locally of finite type.,lemma-properties-diagonal,03HK,https://stacks.math.columbia.edu/tag/03HK
"Let $S$ be a scheme. If $X \to Y$ is a monomorphism of algebraic spaces over $S$, then $|X| \to |Y|$ is injective.",Monomorphisms of stacks are injective on points.,lemma-monomorphism-injective-points,06RV,https://stacks.math.columbia.edu/tag/06RV
"Let $f : \mathcal{U} \to \mathcal{X}$ be a $1$-morphism of algebraic stacks. \begin{enumerate} \item Let $\mathcal{F}$ be an abelian \'etale sheaf on $\mathcal{X}$. Assume that $f$ is representable by algebraic spaces, surjective, and smooth. Then there is a spectral sequence $$ E_1^{p, q} = H^q_{\acute{e}tale}(\mathcal{U}_p, f_p^{-1}\mathcal{F}) \Rightarrow H^{p + q}_{\acute{e}tale}(\mathcal{X}, \mathcal{F}) $$ \item Let $\mathcal{F}$ be an abelian sheaf on $\mathcal{X}$. Assume that $f$ is representable by algebraic spaces, surjective, flat, and locally of finite presentation. Then there is a spectral sequence $$ E_1^{p, q} = H^q_{fppf}(\mathcal{U}_p, f_p^{-1}\mathcal{F}) \Rightarrow H^{p + q}_{fppf}(\mathcal{X}, \mathcal{F}) $$ \end{enumerate}",Cohomology of a stack can be computed on the Cech nerve of a presentation,proposition-smooth-covering-compute-cohomology,06XJ,https://stacks.math.columbia.edu/tag/06XJ
"Let $f : X \to Y$ be a continuous map of topological spaces. If $Y$ is Hausdorff, then the graph of $f$ is closed in $X \times Y$.",Graphs of maps to Hausdorff spaces are closed.,lemma-graph-closed,08ZF,https://stacks.math.columbia.edu/tag/08ZF
"Let $f : X \to Y$ be a continuous map of topological spaces. If $X$ is quasi-compact and $Y$ is Hausdorff, then $f$ is universally closed.",A map from a compact space to a Hausdorff space is universally closed.,lemma-closed-map,08YD,https://stacks.math.columbia.edu/tag/08YD
"Suppose $X$ is a Jacobson topological space. Let $X_0$ be the set of closed points of $X$. There is a bijective, inclusion preserving correspondence $$ \{\text{finite unions loc. closed subsets of } X\} \leftrightarrow \{\text{finite unions loc. closed subsets of } X_0\} $$ given by $E \mapsto E \cap X_0$. This correspondence preserves the subsets of locally closed, of open and of closed subsets.","For Jacobson spaces, closed points see everything about the topology.",lemma-jacobson-equivalent-locally-closed,005Z,https://stacks.math.columbia.edu/tag/005Z
"Let $X$ be a quasi-compact Hausdorff space. There exists a continuous surjection $X' \to X$ with $X'$ quasi-compact, Hausdorff, and extremally disconnected. If we require that every proper closed subset of $X'$ does not map onto $X$, then $X'$ is unique up to isomorphism.",Every quasi-compact Hausdorff space has a canonical extremally disconnected cover,lemma-existence-projective-cover,090D,https://stacks.math.columbia.edu/tag/090D
"Let $k$ be an algebraically closed field. Let $X$, $Y$ be varieties over $k$. Then $X \times_{\mathop{\mathrm{Spec}}(k)} Y$ is a variety over $k$.",Products of varieties are varieties over algebraically closed fields.,lemma-product-varieties,05P3,https://stacks.math.columbia.edu/tag/05P3
"Let $k$ be a field. Let $X$ be an algebraic space over $k$. Let $x \in |X|$. The following are equivalent \begin{enumerate} \item $X$ is geometrically reduced at $x$, \item for some \'etale neighbourhood $(U, u) \to (X, x)$ where $U$ is a scheme, $U$ is geometrically reduced at $u$, \item for any \'etale neighbourhood $(U, u) \to (X, x)$ where $U$ is a scheme, $U$ is geometrically reduced at $u$. \end{enumerate}",Geometric reducedness can be checked on local rings.,lemma-geometrically-reduced-at-point,0DMR,https://stacks.math.columbia.edu/tag/0DMR
"Let $k$ be a field. Let $X$ be a scheme over $k$. The following are equivalent \begin{enumerate} \item $X$ is geometrically irreducible over $k$, \item for every nonempty affine open $U$ the $k$-algebra $\mathcal{O}_X(U)$ is geometrically irreducible over $k$ (see Algebra, Definition \ref{algebra-definition-geometrically-irreducible}), \item $X$ is irreducible and there exists an affine open covering $X = \bigcup U_i$ such that each $k$-algebra $\mathcal{O}_X(U_i)$ is geometrically irreducible, and \item there exists an open covering $X = \bigcup_{i \in I} X_i$ with $I \not = \emptyset$ such that $X_i$ is geometrically irreducible for each $i$ and such that $X_i \cap X_j \not = \emptyset$ for all $i, j \in I$. \end{enumerate} Moreover, if $X$ is geometrically irreducible so is every nonempty open subscheme of $X$.",Geometric irreductibility is Zariski local modulo connectedness.,lemma-geometrically-irreducible-local,038G,https://stacks.math.columbia.edu/tag/038G
"Let $k$ be a field. Let $X$ be a scheme over $k$. The following are equivalent: \begin{enumerate} \item $X$ is geometrically irreducible over $k$, \item for every finite separable field extension $k'/k$ the scheme $X_{k'}$ is irreducible, and \item $X_{\overline{k}}$ is irreducible, where $k \subset \overline{k}$ is a separable algebraic closure of $k$. \end{enumerate}",Geometric irreducibility can be tested over a separable algebraic closure of the base field.,lemma-characterize-geometrically-irreducible,038I,https://stacks.math.columbia.edu/tag/038I
"Let $k$ be a field. Let $X$, $Y$ be locally algebraic $k$-schemes. \begin{enumerate} \item For $z \in X \times Y$ lying over $(x, y)$ we have $\dim_z(X \times Y) = \dim_x(X) + \dim_y(Y)$. \item We have $\dim(X \times Y) = \dim(X) + \dim(Y)$. \end{enumerate}",The dimension of the product is the sum of the dimensions.,lemma-dimension-product-locally-algebraic,0B2M,https://stacks.math.columbia.edu/tag/0B2M
A smooth morphism is regular.,Smooth over a field implies regular,lemma-smooth-regular,07R9,https://stacks.math.columbia.edu/tag/07R9
Let $k$ be a field and $n \geq 0$. Then $\mathbf{P}^n_k$ is a smooth projective variety of dimension $n$ over $k$.,Projective space is smooth.,lemma-projective-space-smooth,0B2P,https://stacks.math.columbia.edu/tag/0B2P
