"i","informal_sid","formal_sid","informal_ref","informal_paper","formal_decl_name","primary_label","primary_reason","secondary_label","secondary_reason"
"1","97895080-f3e4-45cc-baef-b2c07340a13f","967400da-b97c-4a18-9336-727c6744d0c5","2.2.53","RemyDegenne/brownian-motion","MeasureTheory.MonotoneClass","correct","The formal declaration defines the type of monotone classes on α, which matches the informal statement's definition of a monotone class as a collection of subsets closed under countable monotone unions and intersections.","partial","The formal declaration is just a type constructor signature without the actual definition of what makes a collection a monotone class (the closure properties under countable monotone unions and intersections), so while it represents the right concept, it doesn't formalize the defining properties stated in the informal statement."
"2","555637dc-5852-4f43-b3b7-5ab691d0b4ed","89e6b65f-14e9-4cdc-b296-60ab080dacdd","2.4.2","RemyDegenne/brownian-motion","ProbabilityTheory.ElementaryPredictableSet","correct","The formal declaration defines a type for elementary predictable sets over a filtration, which matches the informal description of sets that are finite unions of either {0} × B for B ∈ F₀ or (s,t] × B for B ∈ Fₛ, with the appropriate order structure (LinearOrder ι, OrderBot ι) corresponding to the time domain T with 0 as the initial time.","partial","The formal declaration defines ElementaryPredictableSet as a type (a predicate on subsets of ι × Ω) parameterized by a filtration, while the informal statement describes the specific structure of such sets (finite unions of {0}×B or (s,t]×B forms); the formal signature is a faithful type-theoretic encoding but doesn't expose the constructive definition that characterizes membership in the set, making it a correct but more abstract formalization than the informal description suggests."
"3","7e0b3557-d993-4123-a061-a346ed410de4","8557d05e-3ea9-4854-bfe2-3ebec21c6f6a","11.1.3","fpvandoorn/carleson","control_approximation_effect","wrong","The informal statement is about bounding the supremum of the difference |S_Nf(x) - S_Nf_0(x)| between partial Fourier sums of two functions f and f_0, while the formal statement bounds the absolute value of the partial Fourier sum of a single function h.","wrong","The informal statement concerns the difference between partial Fourier sums of two functions (f and f₀), but the formal declaration only bounds the partial Fourier sums of a single function h, not their difference."
"4","2d1dea8c-c9e8-435b-8c2c-b77dcf696b26","62986d16-dc70-4ff1-af26-711f1ae88e5c","1.2.2","YaelDillies/toric","CategoryTheory.Equivalence.mapGrp","correct","The formal declaration faithfully captures the informal statement: both assert that an equivalence between cartesian-monoidal categories induces an equivalence between their categories of group objects, with the formal version making explicit the necessary monoidal functor conditions.","correct","The formal declaration faithfully formalizes the informal statement: it takes an equivalence e between two cartesian-monoidal categories C and D (with the requirement that both the functor and inverse are monoidal) and produces an equivalence between Grp(C) and Grp(D), which is exactly what the informal statement claims."
"5","fedf7e28-f84c-444c-9052-0871d5fce7f9","eb068440-45a1-4e6c-b0fc-f713f6b8c6ed","7.6.4","fpvandoorn/carleson","TileStructure.Forest.square_function_count","correct","The formal Lean declaration faithfully captures the informal statement's bound on the average of the squared sum of indicator functions over J, with matching conditions on I (scale equality, disjointness from 𝓘(u₁), and ball intersection with J), and the bound C7_6_4 corresponding to the stated constant 2^{14a+1}(8D^{-s})^κ.","partial","The formal declaration captures the core mathematical content but differs in generality: the informal statement has a universal bound 2^{14a+1}(8D^{-s})^κ independent of s', while the formal version has a bound C7_6_4(a,s') that depends on s', and the formal version uses a different parametrization (defaultD, defaultκ, defaultS) rather than explicit constants D and κ from the informal statement."
"6","2309dca8-d3bb-4821-91cb-80c137b91ea7","b81171e7-62b6-44d7-8fef-6367b05f1606","2.1.21","RemyDegenne/brownian-motion","MeasureTheory.stoppedProcess","correct","The formal declaration matches the informal statement: both define a stopped process that takes a stochastic process indexed by time and a stopping time, returning the process value at time t if t ≤ τ and the process value at τ otherwise, with the formal version using WithTop ι to handle the extended stopping time.","partial","The formal declaration correctly captures the stopped process concept but uses `WithTop ι` for the stopping time τ rather than `ι` directly, which is a generalization that allows for the stopping time to potentially be infinity, adding extra generality beyond the informal statement's simpler formulation."
"7","0875a1b4-1d69-46e0-97e8-0765abe1651e","3a218f0b-2d69-4998-9a73-fd2cc5929dce","1.1.11","RemyDegenne/brownian-motion","ProbabilityTheory.posSemidef_covMatrix","correct","The formal declaration states that the covariance matrix is positive semidefinite, which directly matches the informal statement's claim that the covariance matrix is 'positive semidefinite' and the slogan's description of the quadratic form giving non-negative results.","partial","The formal declaration correctly formalizes that the covariance matrix is positive semidefinite, but it only proves this specific property rather than the full characterization of the covariance matrix given in the informal statement (which defines it via the bilinear form equation and mentions it represents the covariance bilinear form)."
"8","8405ac3e-6192-4a23-93ef-d987e322de17","922ae451-3cd3-41be-8b2e-18084cc8f430","10.2.5","fpvandoorn/carleson","eLpNorm_czRemainder_le","wrong","The formal declaration only proves one specific inequality about the L1 norm of the remainder term g in a special case (when ¬GeneralCase), whereas the informal statement describes the full Calderón-Zygmund decomposition with multiple properties including the decomposition f = g + Σb_j, bounds on g and b_j, support conditions, mean-zero properties, and several integral inequalities.","wrong","The formal declaration only formalizes a single bound on the L1 norm of the remainder term (czRemainder), whereas the informal statement describes a complete Calderon-Zygmund decomposition with multiple properties including the decomposition f = g + Σb_j, bounds on g, properties of each b_j, and bounds on the total measure of balls and sum of b_j integrals."
"9","be925934-ddc5-48be-8669-a4c52eb88e4e","cf835580-27a0-43c9-b6e3-3c814a856617","2.6.2","RemyDegenne/brownian-motion","komlos_norm","partial","The formal declaration uses a complete inner product space over ℝ instead of a Hilbert space, and uses `convexHull NNReal` instead of the informal's `convex(f_n, f_{n+1}, ...)`, which are equivalent but represent different levels of generality in the typeclass hierarchy.","correct","The formal declaration faithfully captures the informal statement: a bounded sequence in a complete inner product space (Hilbert space) admits a subsequence of convex combinations of tails that converges to some limit point in the space."
"10","b7f60492-c501-4d9a-b5d7-849a9cec77d0","0c8f030c-2b5b-44af-8b47-ed890a734d88","1.1","thefundamentaltheor3m/Sphere-Packing-Lean","SpherePacking.balls","wrong","The informal statement defines the sphere packing itself as the union of balls (the set $\mathcal{P}(X)$), while the formal declaration `SpherePacking.balls` extracts the set of center points from an already-defined sphere packing structure, which is the opposite direction of the definition.","wrong","The formal declaration is a function that extracts balls from an already-defined SpherePacking, whereas the informal statement defines what a sphere packing IS (the union of balls given a set X and radius r), so they describe different things entirely."
"11","872dbfb0-e308-45f4-9c8e-b054c43767ce","f9510a46-50ec-4968-8613-8814c8619e2b","36","kbuzzard/ClassFieldTheory","Rep.dimensionShift.δUpIso","wrong","The formal declaration states an isomorphism between H^(n+1)(up(M)) and H^(n+2)(M), but the informal statement claims the connecting map gives an isomorphism between H^n(S, up(M)) and H^(n+1)(S, M), which differs by one degree in both cohomology groups.","wrong","The formal declaration states an isomorphism between H^(n+1)(up(M)) and H^(n+2)(M), but the informal statement claims the connecting map gives an isomorphism between H^n(up(M)) and H^(n+1)(M) for n ≥ 1, which are different degree shifts."
"12","de2bcdd4-2328-480a-a370-a95411b2fa5e","bf1941aa-329e-4a31-b6ce-87a01acda0b9","4.1.8","fpvandoorn/carleson","smaller_boundary","correct","The formal Lean declaration faithfully captures the informal statement: it sums over points y' at scale k - n*K that satisfy a closeness property (corresponding to the informal notation (y',k-nK|y,k)), bounds this sum by 2^(-n) times the measure of I3(y,k), and includes the necessary hypothesis that k is in the valid range [-S, S] via the conditions hk and hk_mnK.","partial","The formal declaration correctly captures the main mathematical content (bounding the sum of measures at a finer scale by 2^-n times the measure at the original scale), but uses `2⁻¹ ^ n` (which equals (1/2)^n) instead of `2^(-n)` (which are mathematically equivalent but the formal version is more restrictive in its generality by working in a specific pseudometric space setting rather than the abstract measure-theoretic framework suggested by the informal statement)."
"13","5e79b126-b0ff-42cc-8791-a6dd11c7eaa6","77c73fb1-f7e4-44bf-822d-53014e71a8b1","1.5.58","RemyDegenne/brownian-motion","ProbabilityTheory.lintegral_sup_rpow_edist_le_sum_rpow","partial","The formal declaration includes an additional hypothesis `hX : ProbabilityTheory.IsAEKolmogorovProcess X P p q M` that is not mentioned in the informal statement, making it more restrictive than the general chaining bound described in the blueprint.","partial","The formal declaration uses a Kolmogorov-type condition (IsAEKolmogorovProcess) rather than explicit finite covers with epsilon-nets as stated informally, and uses a chainingSequence function instead of explicit reference points, making it more general but requiring additional assumptions not mentioned in the informal statement."
"14","6bea918e-e0fb-4f5a-a2a6-c47ed4ab4b1b","0749f9f9-0004-4f06-a121-ccffdc5a75da","8.5","ImperialCollegeLondon/FLT","Algebra.IsInvariant.charpoly_mem_lifts","ambiguous","The informal statement is too vague to determine if it matches the formal declaration - it mentions 'F_b' and 'M_b' without defining them, and the formal declaration's signature/body is not provided, making it impossible to verify if the formalization correctly captures the intended meaning about lifting monic polynomials.","wrong","The formal declaration is about characteristic polynomials and group invariance in Mathlib, whereas the informal statement is about lifting a monic polynomial F_b to a polynomial M_b in A[X] from a specific paper (FLT reference 8.5), which are entirely different mathematical contexts."
"15","245ad251-821b-4a51-9ca3-d886dc694113","ad9c695f-703c-4123-b0eb-41e64c6c6b6d","5.3.3","fpvandoorn/carleson","wiggle_order_100","correct","The formal declaration faithfully captures the second implication from the informal statement: if 10𝔮 ≲ 𝔮' and 𝓘(𝔮) ≠ 𝓘(𝔮'), then 100𝔮 ≲ 100𝔮', with the appropriate type class assumptions for the tile structure.","partial","The formal declaration correctly formalizes the second equation (10𝔮 ≲ 𝔮' ∧ 𝓘(𝔮) ≠ 𝓘(𝔮') ⟹ 100𝔮 ≲ 100𝔮'), but the informal statement contains three separate implications, while the formal declaration only captures one of them, and uses ≤ instead of ≲ (wiggle order)."
"16","e4143156-67bc-4df7-9a1b-04b2fd0d9f38","bc04342d-6fc0-49de-8ab3-6bf6c1430467","11.2.2","fpvandoorn/carleson","hasSum_fourier_series_of_summable","partial","The formal declaration is more general (works for any positive period T and continuous functions on AddCircle T) than the informal statement (which specifically concerns functions on ℝ with period 2π), and uses HasSum convergence rather than explicitly stating uniform convergence of partial sums, though these are equivalent for the conclusion.","partial","The formal declaration proves pointwise convergence of the Fourier series (HasSum) rather than uniform convergence of partial sums to f on [0,2π], and uses a general period T instead of specifically 2π, though the core mathematical content about absolute summability of Fourier coefficients implying convergence is preserved."
"17","49e70b25-f538-495c-9f24-1d9c619a4a55","5ba33137-07f5-496c-a272-6952d5ce6a23","2.1.18","RemyDegenne/brownian-motion","MeasureTheory.IsStoppingTime","correct","The formal declaration matches the informal statement: both define a stopping time as a function from Ω to extended time values (WithTop ι corresponds to T ∪ {∞}) with respect to a filtration, where the measurability condition on preimages of {j | j ≤ i} is captured in the definition (though not shown in the signature, this is the standard definition of IsStoppingTime in Lean).","ambiguous","secondary_err: bedrock failed after 4 retries: Expecting ',' delimiter: line 1 column 383 (char 382)"
"18","df6edcfb-973e-4ca3-b232-55234287ecff","8d5c1187-091a-481c-abb7-49b10b5dbd10","2.3.3","RemyDegenne/brownian-motion","ProbabilityTheory.isLocalizingSequence_const_top","correct","The formal declaration faithfully captures that the constant sequence τ_n = ⊤ (top/infinity) is a localizing sequence, with appropriate generality for a filtered probability space indexed by a preordered topological space with order topology.","correct","The formal declaration correctly formalizes that the constant sequence with value ⊤ (top/infinity) is a localizing sequence, matching the informal statement that τ_n = ∞ is a localizing sequence."
"19","475e920c-53e6-4728-940e-c1f0814a856f","33074f5a-98fa-4ce0-bb1a-a630165899c4","12.48","teorth/pfr","torsion_PFR_conjecture_aux","correct","The formal Lean declaration faithfully captures the informal statement: it states that for a finite abelian group G with m-torsion, if A is nonempty and has doubling constant K, then A can be covered by at most K^(128m³+1)|A|^(1/2)|H|^(-1/2) translates of a subgroup H where |H|/|A| is bounded by K^(±256m³), matching all the key quantitative bounds in the informal statement.","correct","The formal declaration faithfully captures all key elements: the torsion condition (∀ x, m • x = 0), the doubling condition (|A+A| ≤ K|A|), the existence of a subgroup H with size comparable to A (within K^(256m³) factors), and the covering by at most K^(128m³+1)|A|^(1/2)/|H|^(1/2) translates, with the bound on c.ncard matching the LaTeX formula exactly."
"20","167438b3-bd6c-4348-808c-75e6b18969e1","5c862a8a-b072-4f6a-b032-4909ff1dc86a","2.9","teorth/pfr","ProbabilityTheory.entropy_comm","partial","The formal declaration only proves the first part of the informal statement (H[X,Y] = H[Y,X]) but omits the second part about associativity (H[X,(Y,Z)] = H[(X,Y),Z]).","partial","The formal declaration only formalizes the first part of the informal statement (H[X,Y] = H[Y,X]) and omits the second part about associativity of joint entropy (H[X,(Y,Z)] = H[(X,Y),Z]), making it incomplete relative to the full informal statement despite being a correct formalization of what it does cover."
"21","d237cecd-095e-4699-8757-9844eee3468e","9cd8645f-b873-42ae-99db-91edcbd960d5","1.1.8","RemyDegenne/brownian-motion","ProbabilityTheory.covarianceBilinDual_self_eq_variance","correct","The formal declaration faithfully captures the informal statement that the covariance bilinear form applied to a continuous linear functional L with itself equals the variance of L under measure μ, with the appropriate finite second moment condition (MemLp id 2 μ).","partial","The formal declaration adds an explicit integrability hypothesis `h : MeasureTheory.MemLp id 2 μ` (square-integrability of the identity), whereas the informal statement only requires that the measure has finite second moment, which is a weaker/different condition that should be implicit in the setup rather than explicitly required as a hypothesis."
"22","16ac6d43-2402-477c-848f-986fa1eeaa20","376bd503-62f8-4fe4-817b-c8208e086e30","3.4","thefundamentaltheor3m/Sphere-Packing-Lean","span_E8Matrix_eq_top","partial","The informal statement claims B8 is a basis of ℝ^8 (which requires both spanning and linear independence), but the formal declaration only proves the spanning property (span = ⊤) without asserting linear independence, and is generalized to arbitrary fields R with NeZero 2 rather than specifically ℝ.","partial","The formal declaration proves that the E8 matrix rows span the full space over any field R with NeZero 2, which is more general than the informal statement's claim about a specific basis of ℝ^8, and it only establishes spanning (not linear independence, which is needed for a basis)."
"23","c0b5970b-44a6-42ca-bc61-8ed8a9c46248","a7b1f63a-bc1d-41d6-b229-3222ea04dc41","1.2","leanprover-community/sphere-eversion","exist_loops","correct","The formal declaration faithfully captures all key components of the informal statement: the compact set K, open set Ω, smooth maps g and β (named b in Lean), the condition that g(x) equals b(x) near K, the convex hull condition for g(x) in the connected component of Ω_x containing b(x), and the existence of a smooth family of loops with the specified properties (encoded in the NiceLoop predicate).","partial","The formal declaration correctly captures the main theorem structure but abstracts away the detailed properties of γ into a `NiceLoop` predicate, which is not fully expanded in the signature, making it impossible to verify that all four bullet points from the informal statement are faithfully encoded without seeing the definition of `NiceLoop`."
"24","23d7728a-66dd-4550-974c-e93a3875c854","d4c10054-4ffd-4c81-b66c-45c9d7f0d490","2.6.11","RemyDegenne/brownian-motion","MeasureTheory.predictablePart","correct","The formal declaration matches the informal statement: both define a function that takes a process indexed by ℕ with values in a Banach space (E with NormedAddCommGroup, NormedSpace ℝ, and CompleteSpace), a filtration, and a measure, returning the predictable part as described in the informal definition.","partial","The formal declaration correctly captures the type signature and general concept of the predictable part, but the informal statement provides an explicit formula (A_n = sum of conditional expectations) while the formal declaration only provides the type signature without showing the actual definition or formula implementation."
"25","ace823d4-30ed-4df6-8e40-779ef8504334","13fcd3aa-c659-46ec-bbc5-172adeac1ddd","1.1","leanprover-community/sphere-eversion","Loop.support","partial","The formal declaration defines the support for loops taking values in any type X' without requiring it to be a finite-dimensional vector space as specified in the informal statement, making it more general than the blueprint description.","partial","The formal declaration correctly captures the support of a loop family as a set in X, but it generalizes to arbitrary topological spaces X' rather than restricting to finite-dimensional vector spaces as stated in the informal definition, and the signature doesn't explicitly show the closure operation or the characterization of support as the closure of non-constant points."
"26","cc2a8f6f-9689-4944-bb00-05a04ff05f0c","559955a3-f25a-4181-bf29-724f7532edad","7.5.9","fpvandoorn/carleson","TileStructure.Forest.global_tree_control1_supbound","partial","The formal declaration proves only the first inequality (supremum bound) from the informal statement, but omits the second inequality about the phase-adjusted difference between two points in B'(J), making it an incomplete formalization of the full theorem.","partial","The formal declaration captures the first inequality (supremum bound) from the informal statement but omits the second inequality about the phase-adjusted Hölder continuity condition, making it incomplete relative to the full informal statement."
"27","cf0c8db4-4fad-4c74-814f-c8e511b7d3c3","bad962f9-69ce-4093-86b3-4d128b414d40","3.7","thefundamentaltheor3m/Sphere-Packing-Lean","instDiscreteE8Lattice","correct","The formal declaration establishes that E8Lattice has discrete topology (as a subspace of ℝ⁸), which directly matches the informal statement that cΛ₈ (the E8 lattice) is discrete with the subspace topology induced by its inclusion into ℝ⁸.","partial","The formal declaration correctly formalizes that E8Lattice has discrete topology, but uses E8Lattice (a specific lattice with integer/half-integer coordinates) rather than the scaled lattice cΛ₈ mentioned in the informal statement, representing a difference in scope/generality."
"28","05486031-c140-46d8-8232-4b920050d294","422d31de-c68b-4035-ba44-10f171747d81","2.9","YaelDillies/apap","boringEnergy_eq","correct","The formal declaration correctly formalizes the informal statement that energy of order 2m equals the sum of squares of the m-fold convolution of the indicator function, with the additive group notation being equivalent to the multiplicative group notation in the informal statement.","correct","The formal declaration correctly formalizes the informal statement: boringEnergy (the energy of order 2n) equals the sum over all elements x of the squared n-fold convolution of the indicator function, with appropriate formalization choices (additive group, finite sets via Finset, decidable equality for computability)."
"29","1b523743-7963-4f78-b97c-8c287fa132ce","0e2b1fd1-4006-4984-9dd1-418985212b13","62","kbuzzard/ClassFieldTheory","Rep.dimensionShift.down_trivialCohomology","partial","The formal declaration only covers the 'down(M)' case of trivial cohomology preservation, while the informal statement claims both 'up(M)' and 'down(M)' have trivial cohomology.","partial","The formal declaration only proves the result for the `down` functor, while the informal statement claims the result holds for both `up(M)` and `down(M)`, and the formal declaration is missing the corresponding `up_trivialCohomology` theorem."
"30","e61c8f5b-9639-46b0-8f61-93f6b496657e","1698f94d-36a3-488f-bc93-2c49d6e05470","12.17","teorth/pfr","multidist_ruzsa_I","partial","The formal declaration requires m ≥ 1 instead of m ≥ 2 as stated in the informal statement, and uses a different summation structure (nested sums with conditional) rather than the explicit j ≠ k constraint, though these are mathematically equivalent.","partial","The formal declaration requires m ≥ 1 and additional finiteness/measurability conditions not mentioned in the informal statement, and uses a different indexing scheme (Fin m with explicit measure spaces) rather than the abstract tuple notation, making it more restrictive in scope despite formalizing the same core inequality."
"31","cfb2ab68-2a65-4ed9-9777-52acb8e2e67b","437008a0-a674-4b32-89af-c7708cb565f9","61","kbuzzard/ClassFieldTheory","groupCohomology.trivialCohomology_of_even_of_odd","partial","The formal declaration requires specific fixed degrees (2*n+2 and 2*m+1) to be zero for all subgroups via injective homomorphisms, while the informal statement requires arbitrary even degree e and odd degree o to be zero for all subgroups, which is a stronger condition that should quantify over all even/odd degrees rather than fixing specific ones.","partial","The formal declaration requires the hypotheses to hold for all subgroups H with injective homomorphisms φ : H →* G (a stronger condition than just all subgroups), and it only assumes triviality in one specific even degree (2*n+2) and one specific odd degree (2*m+1) rather than all even and odd degrees as stated informally."
"32","04f63caf-436c-4305-aed7-2be4f397c9bd","4b738e41-76b9-4679-b948-9eba298da7c4","1.2.4","YaelDillies/toric","CategoryTheory.Functor.FullyFaithful.homMulEquiv","partial","The formal declaration uses MonObj (monoid object) instead of group object as stated in the informal statement, and produces a MulEquiv instead of a group isomorphism, making it less general than what the informal statement claims.","partial","The formal declaration requires F to be monoidal (via [F.Monoidal]) in addition to fully faithful, while the informal statement only requires F to be fully faithful and to preserve products (which is implied by being a functor between cartesian-monoidal categories), making the formal version stronger/more restrictive than stated informally."
"33","09638709-50d1-4f32-ab88-d47857962640","480afac0-7e8a-41d9-876f-d66de6809678","10.20","ImperialCollegeLondon/FLT","IsSimpleRing.mulLeft_det_eq_mulRight_det","partial","The formal declaration uses `IsSimpleRing` instead of the more specific `IsCentralSimpleAlgebra` from the informal statement, and applies to all elements `d : D` rather than just invertible elements `u ∈ B×`, making it more general than stated.","partial","The formal declaration generalizes from central simple algebras (which require the algebra to be simple) to any simple ring with a central field action, removing the explicit requirement that D be a central simple algebra, though the central algebra typeclass and simple ring typeclass together capture this structure."
"34","b3205137-2cfa-4977-86eb-fa3b3ea1aa99","a9714080-8239-4f82-8d5d-a69e85118f9f","12.14","teorth/pfr","multiDist_indep","correct","The formal Lean declaration faithfully captures the informal statement: it states that for independent random variables X indexed by Fin m, the multidistance D[X] equals the entropy of their sum H[∑ i, X i] minus the average of individual entropies (∑ i, H[X i]) / m, with appropriate measurability and probability measure conditions.","correct","The formal declaration faithfully formalizes the informal statement: it declares that for jointly independent random variables X indexed by Fin m, the multi-distance D[X] equals the entropy of their sum minus the average of their individual entropies, with appropriate technical assumptions (measurability, countability, probability measure) needed for the formal setting."
"35","5dc66e40-0353-4eec-8402-29bfc4654e8e","a901a9ca-3de6-4bde-bcd5-8e6e6b9fc3e4","4.1.4","YaelDillies/toric","bialgSpec.fullyFaithful","wrong","The informal statement claims the functor maps to monoid schemes, but the formal declaration `bialgSpec.fullyFaithful` is about group schemes (as indicated by the module name `Toric.GroupScheme.HopfAffine` and the slogan mentioning 'group schemes'), which is a stronger/different structure than monoid schemes.","partial","The formal declaration correctly captures that Spec is fully faithful, but it specializes to group schemes (affine group schemes) over Spec R rather than the more general monoid schemes stated in the informal statement, representing a narrower scope than what the blueprint claims."
"36","ef636974-ba49-4a4c-8631-a0d8237b7613","b37e7e0b-1b91-4744-af08-d5c467297b88","2.2.15","RemyDegenne/brownian-motion","IsCompactSystem.image2_prod","correct","The formal declaration faithfully captures that if p and q are compact systems, then the collection of all products (using Set.image2 with the product operation ×ˢ) forms a compact system, which matches the informal statement that the product of two compact systems is a compact system.","ambiguous","secondary_err: bedrock failed after 4 retries: Expecting ',' delimiter: line 1 column 342 (char 341)"
"37","e3d48deb-e32b-4ff2-ad59-6a79fa318c3e","c22df155-4383-42c9-a7bf-e61655a24cf1","2.1.52","RemyDegenne/brownian-motion","MeasureTheory.Martingale.uniformIntegrable_stoppedValue_of_countable_range","correct","The formal declaration faithfully captures the informal statement: it states that for a martingale X and a sequence of stopping times τ_k that are bounded by n and have countable range, the family of stopped values is uniformly integrable, with appropriate technical conditions (complete normed space, finite measure, sigma-finite filtration) that are standard for this result.","partial","The formal declaration generalizes the informal statement by working over an arbitrary countable linear order with finite measure rather than just ℕ, and requires additional technical conditions (SigmaFiniteFiltration, FirstCountableTopology, CompleteSpace) that are not mentioned in the informal statement, making it more general but not a direct formalization of the stated result."
"38","5fd4a4e5-c21c-423d-b635-3b9e68c9388f","d8544b82-a14d-4ecf-92f1-c79802ec3778","38","kbuzzard/ClassFieldTheory","Representation.ind₁'_lequiv","partial","The formal declaration provides a linear equivalence between finitely supported functions and the induced representation space for a single representation ρ, but the informal statement claims an isomorphism of functors ind₁' and ind₁(G,-) ∘ forget, which is a stronger categorical statement about natural isomorphisms between functors rather than just a linear equivalence for individual objects.","partial","The formal declaration provides a linear equivalence between finitely supported functions and an induced representation, which captures the core isomorphism claim, but the informal statement emphasizes the functorial isomorphism between ind₁' and ind₁(G,-) ∘ forget, whereas the formal declaration only shows a single linear equivalence for a fixed representation ρ rather than a natural isomorphism of functors."
"39","908a968c-8318-4b35-8510-c365f9f296c0","64de1404-d52f-426a-a428-329b2dc74196","4.2","leanprover-community/sphere-eversion","loc_immersion_rel_ample","ambiguous","The informal statement refers to 'the relation $\mathcal{R}$ above' without providing sufficient context to determine what relation is being discussed, and while the formal declaration specifies `immersionSphereRel E F`, we cannot verify this matches the intended informal relation without seeing the surrounding blueprint context.","partial","The formal declaration proves that a specific relation (immersionSphereRel) is ample under concrete dimensional constraints, whereas the informal statement discusses a general relation R being ample due to abstract properties about dual pairs and update maps, making the formal version more specific and concrete than the informal statement's general characterization."
"40","4d1255e2-5eb9-4419-83e5-86339c24e8f4","b4adc56c-b15a-468a-82dc-ec385197d8fe","2.1.20","RemyDegenne/brownian-motion","MeasureTheory.IsStoppingTime.measurableSpace_mono","correct","The formal declaration faithfully captures the informal statement that if τ ≤ σ are stopping times, then the σ-algebra 𝓕_τ is contained in 𝓕_σ, expressed as measurableSpace inequality in Lean.","ambiguous","secondary_err: bedrock failed after 4 retries: Expecting ',' delimiter: line 1 column 296 (char 295)"
"41","f4f12193-9441-4ab3-ad20-a72883b7916c","05f99c8d-bdbd-4f61-a08a-3f1748d169ec","1.1","YaelDillies/gibbs-measure","juxt","correct","The formal declaration matches the informal statement: both define a function that takes a set (Λ/Δ), a background function (η/ω), a function on the set (ζ/ζ), and returns a combined function that uses ζ on the set and η/ω outside it.","correct","The formal declaration faithfully captures the informal statement: juxt takes a subset Λ of S, a function η on S, a function ζ on Λ, and an element x, returning E by selecting ζ(x) if x ∈ Λ and η(x) otherwise, which matches the juxtaposition operation described in the informal statement (with Λ for Δ, η for ω, and ζ for ζ)."
"42","9679c444-6303-4633-8f9c-ddcc3f5f7188","6030b5e5-103c-424b-8bee-a424ecebdd30","3.2","thefundamentaltheor3m/Sphere-Packing-Lean","E8Matrix","wrong","The informal statement defines E8 basis vectors as a set of 8 specific vectors in 8-dimensional space, but the formal declaration defines E8Matrix as an 8×8 matrix over a field, which is a different mathematical object (a matrix rather than a set of vectors).","wrong","The formal declaration defines E8Matrix as a generic 8×8 matrix type constructor over an arbitrary field, whereas the informal statement specifies the concrete E8 basis vectors with their exact numerical entries (1, -1, 0, -1/2), which should be a specific matrix instance, not a type constructor."
"43","15e26dbb-2f10-48fd-bb9f-66bb7b88b80b","b50d317e-b3a8-4f25-8de8-5373bfd6c9e4","2.2.38","RemyDegenne/brownian-motion","MeasureTheory.IsMeasurableAnalytic.isPavingAnalytic","correct","The formal declaration precisely captures the informal statement that a measurably analytic set s in 𝓧 is also M_𝓧-analytic (i.e., IsPavingAnalytic with respect to MeasurableSet), with matching type signatures and logical content.","ambiguous","secondary_err: bedrock failed after 4 retries: Expecting ',' delimiter: line 1 column 323 (char 322)"
"44","056bfc34-6cdd-4bd4-a318-0204529714bc","3deda862-e8d0-4ee1-bd12-f103d49fc847","7.4.7","fpvandoorn/carleson","TileStructure.Forest.𝔗_subset_𝔖₀","wrong","The informal statement claims that 𝔗(u₁) ⊆ 𝔖 (where 𝔖 is a general set satisfying certain conditions), while the formal declaration states 𝔗(u₁) ⊆ 𝔖₀(u₁, u₂) (where 𝔖₀ is a specific binary relation/set depending on both u₁ and u₂), which are different conclusions.","partial","The formal declaration captures the core logical structure but uses interval containment (𝓘 u₁ ≤ 𝓘 u₂) instead of strict containment (𝓘 u₁ ⊂ 𝓘 u₂) as stated in the informal version, and concludes with 𝔖₀ (a specific subset) rather than the general 𝔖 mentioned in the informal statement."
"45","c2222810-811f-4959-9ad5-bfc8a068ef96","a6f3f90d-7122-4833-b622-29e8fbea49fc","2.3.26","YaelDillies/toric","Bialgebra.isDiagonalisable_iff_span_isGroupLikeElem_eq_top","partial","The informal statement claims the result holds for bialgebras over a domain, but the formal declaration requires the stronger structure of a Hopf algebra (HopfAlgebra R A) along with additional assumptions like NoZeroSMulDivisors.","partial","The formal declaration uses HopfAlgebra instead of just Bialgebra as stated in the informal statement, which is a stronger assumption that goes beyond what the informal statement requires."
"46","2ac45bdb-bde2-4c1e-910e-f404d6d239a8","8108988d-c02c-4801-812d-1a8acb47cbec","4.4","leanprover-community/flt-regular","FltRegular.CaseI.exists_int_sum_eq_zero","wrong","The formal statement has the expression `↑x + ↑y * ↑(hζ.unit' ^ (-i))` in the second term, but the informal statement specifies `x + y*ζ^i - ζ^(2k)*x - ζ^(2k-i)*y`, which when factored should give `(x + y*ζ^i) - ζ^(2k)*(x + y*ζ^(-i))`, not `(x + y*ζ^i) - ζ^(2k)*(x + y*ζ^(-i))` as written; the informal statement's second parenthetical term should be `(x + y*ζ^(i-2k))` which doesn't match the formal's use of `-i`.","partial","The formal declaration uses a more general setup (cyclotomic extension K over ℚ with primitive root ζ) compared to the informal statement's specific use of ℤ[ζ_p], and the formal expression uses ζ^(-i) instead of ζ^(2k-i)y, which while algebraically related, represents a notational/structural difference in how the divisibility condition is expressed."
"47","bca92a93-79fc-4dad-b96a-77567c4f5fc2","d5f4610a-d2b9-480c-ab8e-5962449075db","5.3.1","fpvandoorn/carleson","smul_mono","correct","The formal declaration faithfully captures the informal statement's monotonicity property: if n·p ≤ m·p' with n ≤ n' and m' ≤ m, then n'·p ≤ m'·p', where the formal version uses `smul` for the scaling operation and works in the appropriate geometric setting with tiles.","wrong","The formal declaration has the inequality direction reversed: it concludes `smul n' p ≤ smul m' p'` but the informal statement says `n'p ≲ m'p'` should follow from `np ≲ mp'` with `n' ≥ n` and `m ≥ m'`, which would require `smul n' p ≤ smul m' p'` to follow from `smul n p ≤ smul m p'` with `n ≤ n'` and `m' ≤ m` — the formal version has the hypotheses `hm : m' ≤ m` and `hn : n ≤ n'` correct but the conclusion should preserve or strengthen the inequality in a way consistent with monotonicity, yet the formal statement appears to have the scaling factors and tiles in positions that don't match the informal statement's logical structure."
"48","4715ef34-eba3-4f6c-966a-f904031bebdb","947335ff-2726-4822-b565-af1f51e4771b","1.4.3","RemyDegenne/brownian-motion","MeasureTheory.isProjectiveLimit_projectiveLimit","partial","The formal declaration `isProjectiveLimit_projectiveLimit` only establishes that the projective limit is indeed a projective limit, but the informal statement claims multiple results including existence, uniqueness, finite measure property, and probability measure property, which are stated to be separate theorems (MeasureTheory.projectiveLimit, MeasureTheory.IsProjectiveLimit.unique, MeasureTheory.isFiniteMeasure_projectiveLimit, MeasureTheory.isProbabilityMeasure_projectiveLimit) in the lean references.","ambiguous","The formal declaration name and module are provided, but the actual Lean signature/body is missing, making it impossible to verify whether the formal declaration faithfully formalizes the informal statement about projective limits of measures."
"49","673c87c7-f1b7-42d8-9730-aa5558b19cde","40e65419-5b23-4afe-8a71-fee088d12397","6.24","thefundamentaltheor3m/Sphere-Packing-Lean","Delta_E4_eqn","wrong","The formal declaration states `Delta = Delta_E4_E6_aux` which is an equality with an auxiliary function, but the informal statement requires the specific formula `Δ(z) = (E_4^3 - E_6^2)/1728`, and without knowing the definition of `Delta_E4_E6_aux`, we cannot verify this is the same formula.","wrong","The formal declaration merely states that Delta equals an auxiliary function without explicitly showing the formula Δ(z) = (E_4^3 - E_6^2)/1728, which is the core mathematical content of the informal statement."
"50","c3ade757-c231-4045-9f94-48002d0ab2cb","ef63789d-6591-4353-af98-cb7fafd7008a","12.35","teorth/pfr","iter_multiDist_chainRule'","partial","The formal declaration proves only the lower bound inequality from the informal statement, omitting the full equality decomposition that includes the sum over all intermediate mutual information terms from d=1 to m-1.","partial","The formal declaration proves only the inequality (lower bound) from the informal statement, not the full equality decomposition that is the main result; additionally, the formal version uses Fin-indexed sequences rather than explicit homomorphism chains, and the mutual information term differs in structure (only includes d=1 case rather than sum over d=1 to m-1)."
"51","a3bae529-016c-447b-b788-76420447ae5e","765ef6c3-6bd3-4496-873b-1df7c6417958","6.9","teorth/pfr","rdist_of_sums_ge","correct","The formal Lean declaration faithfully captures the informal statement's inequality about Ruzsa distance between sums X₁+X₂' and X₂+X₁' being at least k (which is d[X₁ # X₂]) minus the eta-scaled error terms involving distances from reference points X₀₁ and X₀₂, with appropriate measurability and minimization conditions.","correct","The formal declaration faithfully captures the informal statement: the Ruzsa distance between X₁ + X₂' and X₂ + X₁' is bounded below by d[X₁ # X₂] minus two error terms scaled by η, where the error terms represent changes in distance from reference points p.X₀₁ and p.X₀₂ to the perturbed variables, with the additional constraint that X₁ and X₂ minimize the tau functional."
"52","9aef09fb-c07d-47be-bbc3-3e2bf31a2ebd","a04295e6-59cb-46cf-acc9-2250578f057c","2.1.28","RemyDegenne/brownian-motion","MeasureTheory.Filtration.rightCont_eq_of_nhdsGT_eq_bot","correct","The formal declaration correctly formalizes the informal statement: both state that when a point i is isolated on the right (expressed as nhdsWithin i (Set.Ioi i) = ⊥ in Lean, which means no neighborhood contains points greater than i), the right-continuous filtration at i equals the original filtration at i.","correct","The formal declaration faithfully formalizes the informal statement: the hypothesis `nhdsWithin i (Set.Ioi i) = ⊥` (no neighborhood of i contains points greater than i) corresponds to i being isolated on the right, and the conclusion `↑𝓕.rightCont i = ↑𝓕 i` states that the right-continuous filtration at i equals the original filtration at i, exactly as required."
"53","1b523743-7963-4f78-b97c-8c287fa132ce","9e9b4732-feb2-4160-b1d5-7d89bdbf9d93","62","kbuzzard/ClassFieldTheory","Rep.dimensionShift.up_trivialCohomology","correct","The formal Lean declaration faithfully captures the informal statement that if a representation M of a finite group G has trivial cohomology, then up(M) has trivial cohomology, with the formal version appropriately generalizing to representations over a commutative ring R.","partial","The formal declaration only formalizes the 'up' operation and omits the 'down' operation mentioned in the informal statement, making it a partial formalization of the complete theorem."
"54","c864dd2a-f8a6-411b-b797-c9d0f40537ad","0f8c05d3-c66a-45cf-9f49-6296aff28a43","42","kbuzzard/ClassFieldTheory","groupCohomology.instIsIso_shortExact_downSES","wrong","The formal declaration states that a connecting homomorphism δ is an isomorphism, which is a technical lemma about exact sequences, while the informal statement claims direct isomorphisms between Tate cohomology groups H^n_Tate(S, up(M)) ≅ H^{n+1}_Tate(S,M) and H^{n+1}_Tate(S, down(M)) ≅ H^n_Tate(S,M), which are different mathematical claims.","partial","The formal declaration proves that a connecting homomorphism (δ) is an isomorphism for a specific short exact sequence, which is related to but narrower than the informal statement's claim of two explicit isomorphisms between Tate cohomology groups with different coefficients (up(M), down(M), and M)."
"55","5c0fea7f-4402-46d6-8ec7-28d001d7d0fb","445249f5-2d80-4cc8-8a5e-c818fe13f7cd","2.10","ImperialCollegeLondon/FLT","Wiles_Taylor_Wiles","correct","The formal declaration `Wiles_Taylor_Wiles : FermatLastTheorem` correctly states that Fermat's Last Theorem holds, which matches the informal statement that there are no positive integers a, b, c and natural n ≥ 3 satisfying a^n + b^n = c^n.","correct","The formal declaration `Wiles_Taylor_Wiles : FermatLastTheorem` is a faithful formalization of the informal statement, as it asserts Fermat's Last Theorem (that no positive integers a, b, c and natural n ≥ 3 satisfy a^n + b^n = c^n), with the understanding that `FermatLastTheorem` is defined to capture exactly this mathematical content."
"56","9a352fd6-1afc-4e08-9844-32b4c115bec8","2b3c990a-d505-4b3a-a138-83567d5222ba","6.18","teorth/pfr","I₃_eq","wrong","The informal statement describes an inequality bounding the sum of three conditional mutual informations involving variables U, V, W given S (reference 6.18), while the formal declaration is an equality between two specific conditional mutual information expressions involving X₁, X₂, X₁', X₂' (I₃_eq), which are completely different statements.","wrong","The informal statement (6.18) is a bound on the sum of three conditional mutual informations involving variables U, V, W and S, while the formal declaration (I₃_eq) is an equality statement about mutual information of sums of random variables in a specific algebraic setting, which are completely different theorems."
"57","68db4a7d-6fcc-469a-b92b-6dca80011c59","8c77447e-3c86-4d21-a71e-a4a2260361b3","1.5.26","RemyDegenne/brownian-motion","chainingSequence","wrong","The formal declaration takes a point x in E and natural numbers k and n as separate parameters, whereas the informal statement requires x to be an element of C_k (x ∈ C_k) and defines the sequence only up to index k, not with an additional parameter n.","partial","The formal declaration takes an additional parameter `n` (natural number) that is not mentioned in the informal statement, which only specifies a chaining sequence up to index `k`, suggesting a mismatch in the function signature's generality and purpose."
"58","300de8ac-e859-4a01-80f6-a089e274fdf2","1c8204f1-9fad-40cf-94b7-798931ac294f","13.11","teorth/pfr","rhoMinus","correct","The formal declaration matches the informal statement: it defines rhoMinus as a function taking a random variable X (Ω → G), a finite set A, and a measure μ, returning a real number representing the infimum of KL divergences D_{KL}(X || U_A + T) over independent random variables T, exactly as described in the informal definition.","partial","The formal declaration is a function signature that takes X, A, and μ as inputs and returns a real number, but it does not explicitly show the definition as an infimum over KL divergences between X and U_A + T, which is the core mathematical content of the informal statement; the signature alone cannot verify that the infimum construction and independence constraint are properly implemented."
"59","f226b686-e0cf-4a25-ac3c-9954ebc0d1da","fed3f614-75ca-4c62-a288-edd05fa6d9c8","40","kbuzzard/ClassFieldTheory","Rep.dimensionShift.shortExact_downSES_res","wrong","The informal statement describes the construction of the short exact sequence 0 → down(M) → ind_1'(M) → M → 0 and its functoriality, while the formal declaration is about applying the restriction functor to this sequence (shortExact_downSES_res), which is a different (though related) property not mentioned in the informal statement.","partial","The formal declaration proves the short exact sequence holds after applying a restriction functor along a group homomorphism φ : H →* G, whereas the informal statement claims the short exact sequence is functorial in M without mentioning restriction along group homomorphisms, making the formal version more specialized in scope."
"60","2129f106-da10-4f79-9b4c-a831e952c140","6055bfd8-a912-4654-b693-f9af73179b56","10.1.6","fpvandoorn/carleson","simple_nontangential_operator","partial","The formal declaration proves L2 boundedness of the simple nontangential operator under general assumptions about the Calderon-Zygmund operator, while the informal statement specifically addresses the operator T_*^r applied to bounded measurable functions with support on finite measure sets and includes an explicit bound constant 2^(a^3+26a+6), making the formal version more general but missing the specific context and constant.","wrong","The formal declaration is about a 'simple nontangential operator' and its L2 boundedness, whereas the informal statement is specifically about the maximal operator T*^r g being lower-semicontinuous and satisfying a specific L2 norm bound; these are different mathematical objects and results."
"61","26c1df25-1bb6-4768-a583-c0db51c0a3df","aed2fc06-cae0-46a1-bda3-a4203d128f28","1.3","YaelDillies/chandra-furst-lipton","NOF.IsMultidimCorner","ambiguous","primary_err: bedrock failed after 4 retries: Invalid \escape: line 1 column 114 (char 113)","wrong","The informal statement defines a multidimensional corner as a specific tuple of points (x, x+ce₁, ..., x+ceₐ) in G^d, while the formal declaration defines IsMultidimCorner as a predicate on functions a and b with a constraint a(i,j) = b(i) - b(j), which is a fundamentally different mathematical structure that does not correspond to the geometric corner definition."
"62","a8de781b-5e0d-451b-b422-6c0798c6d2a2","c1d8a6e2-d49c-4306-b998-19bf14706d75","7.5.4","fpvandoorn/carleson","TileStructure.Forest.holder_correlation_tree","partial","The formal declaration matches the informal statement's core claim about Hölder norm bounds, but the informal statement specifies a concrete constant 2^{485a^3} and explicit product formula involving infima of operators T* and M, while the formal version abstracts these as C7_5_4 and P7_5_4, making it less specific than the blueprint claim.","partial","The formal declaration captures the core structure (Hölder norm bound on a ball centered at c(J)) but abstracts away the specific formula involving the product of infima of maximal and adjoint operators, replacing it with a generic tree-based quantity `t.P7_5_4`, making it a faithful but more general formalization that hides the concrete mathematical content of the bound."
"63","9f5a2975-e4e2-488a-ba6e-d7f3dca7cb3d","2f61d0b0-7631-48d7-a4e7-24e056abc736","2.1.2","fpvandoorn/carleson","Grid.dist_mono","correct","The formal Lean declaration faithfully captures the first inequality of the informal statement, showing that for grid cubes I ≤ J, the distance measured at scale I° is at most the distance measured at scale J°, where I° corresponds to the ball B(c(I), D^{s(I)}/4) as specified in the informal definition.","partial","The formal declaration captures the first inequality (d_{I°}(θ,ϑ) ≤ d_{J°}(θ,ϑ)) but omits the second inequality for I ≠ J with the 2^{-95a} factor, and uses a more general pseudometric space setting rather than the specific grid structure context of the informal statement."
"64","4ed2fb55-015c-4f64-8651-8d10791e49a0","5437eeda-e70f-4b65-8f6c-310a2b990cd9","2.1","thefundamentaltheor3m/Sphere-Packing-Lean","SpherePacking.finiteDensity_ge","correct","The formal Lean declaration faithfully captures the lower bound inequality from the informal statement, expressing that the finite density at radius R is at least the number of centers in a ball of radius R - r/2 times the volume ratio of balls with radii r/2 and R.","partial","The formal declaration only captures the lower bound inequality (≥) from the informal statement, which presents both a lower and upper bound (≤ Δ ≤), so the formal is a faithful but incomplete formalization of the full result."
"65","052ece52-df1d-4bc0-b5be-46434d469e14","09cf6c63-7321-4807-9b45-2fb59fb21a17","3.19","leanprover-community/sphere-eversion","isHolonomicAt_localize_iff","partial","The formal declaration only captures the second bullet point about holonomicity preservation under localization, but the informal statement also claims smoothness of the transformed section (first bullet) and preservation of formal solutions (third bullet), which are not present in this declaration.","partial","The formal declaration only formalizes the second bullet point (holonomicity equivalence) rather than all three claims (smoothness, holonomicity, and formal solutions), and it focuses on a single point rather than subsets, making it a more specialized version of the informal statement."
"66","5cd82bfa-19c8-44de-a7c3-b12cd300302d","3f15d1a0-da5c-47e1-bf59-9bcf49409a4f","3.26","teorth/pfr","condRuzsaDist_diff_ofsum_le","correct","The formal Lean declaration faithfully captures the informal statement's inequality relating conditional Ruzsa distances and entropies for independent random variables in an abelian group, with the additional technical requirements (measurability, finite range, probability measures) being standard formalization necessities.","correct","The formal declaration faithfully formalizes the informal statement: it declares the same inequality with conditional Ruzsa distances, involves the same four random variables with the required independence assumption, takes values in a countable abelian group, and the bound is expressed identically as half the sum of the specified entropies."
"67","8b5f365a-d92c-4144-9898-bb7aa25aa65c","738e7345-9526-4a1f-b5ff-75288b380d9b","13.23","teorth/pfr","condRho_of_translate","correct","The formal Lean declaration faithfully captures the informal statement that ρ(X+s|Y) = ρ(X|Y), expressing that conditional rho is invariant under translation by any element s in G, with appropriate measurability and finiteness conditions.","partial","The formal declaration adds extra parameters (A : Finset G, hA : A.Nonempty, hX : Measurable X) and uses a restricted conditional rho ρ[·|·;μ#A] that are not mentioned in the informal statement, which presents the result in a more general abstract form without these restrictions."
"68","ca98f2d7-b592-4132-b2ab-93546243c279","5256b07a-4946-40aa-8d1f-dd72c8b110de","11.5","ImperialCollegeLondon/FLT","NumberField.AdeleRing.DivisionAlgebra.Aux.Y","correct","The formal declaration defines Y as a set in the tensor product space (which corresponds to D_A in the informal statement), and based on the context that X is defined as differences of elements from E, the signature correctly captures that Y is the set of products of elements from X as stated in the informal definition.","partial","The formal declaration correctly captures Y as a set of products from X (which is defined as differences from E) within an adele ring tensor product, but the informal statement's notation D_A is formalized more specifically as a tensor product over a number field's adele ring, which is a valid but more concrete instantiation than the informal description suggests."
"69","69eacefc-e617-4226-89bf-357e71c14bf4","12c0c04e-63e4-4aaa-b513-c5bdd41dad09","4.2.2","YaelDillies/toric","AlgebraicGeometry.Scheme.IsDiagonalisable","wrong","The formal declaration only declares the type signature of `IsDiagonalisable` as a proposition without providing the actual definition that it should be isomorphic to `D_R(G)` for some commutative group `G`, whereas the informal statement explicitly requires this isomorphism condition.","partial","The formal declaration generalizes from algebraic groups over Spec(R) to arbitrary schemes over a base scheme S with a group object structure, losing the specific connection to the diagonalizable group scheme construction D_R(G) from a commutative group G that is central to the informal definition."
"70","ac798dfe-8910-483f-bb7c-a838e181b761","0243abb5-637f-4b3d-ae50-1c839097a81a","1.11","YaelDillies/gibbs-measure","ProbabilityTheory.Kernel.isCondExp_iff_bind_eq_left","correct","The formal declaration faithfully captures the informal statement's equivalence between π being a conditional expectation kernel for μ and the equation μπ = μ (represented as μ.bind π = μ in Lean), with the required conditions that π is proper and μ is a finite measure.","correct","The formal declaration faithfully formalizes the informal statement: it declares that a kernel π is a conditional expectation kernel for a finite measure μ if and only if μ.bind π = μ, with the required assumptions that π is proper and the sigma-algebra condition 𝓑 ≤ 𝓧 holds."
"71","84270dba-b40a-4ee7-94de-eae4f09f77b1","05f5d0d4-acc1-4aca-a112-5dfd85a33dfd","11.10","teorth/pfr","weak_PFR_int","correct","The formal declaration faithfully captures the informal statement: it states that for a set A in a free finite ℤ-module (generalizing ℤ^d) with |A-A| ≤ K|A|, there exists A' ⊆ A with |A'| ≥ K^(-17)|A| and dimension at most (40/log 2)·log K, matching all the key quantitative bounds and structural claims.","partial","The formal declaration generalizes from ℤ^d to any finitely-generated free ℤ-module, which is more general than the informal statement's restriction to integer lattices, and adds a nonemptiness hypothesis not explicitly stated in the informal version."
"72","a411dd2f-ee4d-428b-a8e5-156af1b837c0","d60fa621-fd76-4c91-9512-5cf4ed5672da","4.2.3","fpvandoorn/carleson","Construction.Ω₁_subset_ball","wrong","The formal declaration only proves the upper bound Ω₁(p) ⊆ B_p(Q(p), 0.7) (with radius defaultD^𝔰/4 which corresponds to 0.7 in the scaled metric), but the informal statement requires both the lower bound B_p(Q(p), 0.3) ⊆ Ω₁(p) and the union property over Z(I), which are not present in this declaration.","wrong","The formal declaration only formalizes the second part of the informal statement (the containment of Ω₁(p) within balls around Q(p)), but completely omits the first part about the union of balls around Z(I) being contained in the union of Ω₁(p) regions, and uses different radius constants (defaultD a ^ 𝔰 p / 4 instead of 0.3 and 0.7)."
"73","3ee0fb0e-191f-46d1-aabd-83dc26604cb6","676f6d33-5e47-4873-8a77-ebcf65d365be","6.34","thefundamentaltheor3m/Sphere-Packing-Lean","H₄_SIF","partial","The formal declaration only covers H₄ being slash invariant under Γ(2), while the informal statement claims this property holds for all three functions H₂, H₃, and H₄.","correct","The formal declaration correctly formalizes that H₄ is slash-invariant under Γ(2) with weight 2, using the SlashInvariantForm type which encodes exactly the property that the function remains unchanged under the slash action of the specified subgroup."
"74","b741a5ec-f775-429f-9217-9d4f25432a40","f50dd6bb-0f12-43c2-8deb-32ab45eecc8b","8.3","teorth/pfr","construct_good_improved'","wrong","The informal statement has k on the left-hand side and δ plus a sum on the right-hand side, while the formal declaration has d[X₁ # X₂] on the left and a sum of mutual informations I[T₁ : T₂] + I[T₂ : T₃] + I[T₃ : T₁] plus correction terms on the right, which are structurally different inequalities.","partial","The formal declaration uses X₀₁ and X₀₂ from the refPackage instead of the informal X₁ and X₂, and the left-hand side is d[X₁ # X₂] rather than k, suggesting a different (though related) formulation of the same underlying inequality with additional context from the refPackage structure."
"75","09b71e26-ae3a-4be2-837f-7f14722ad686","53c7b08e-70da-4649-bf27-be44d00e02dd","4.0.3","fpvandoorn/carleson","integrable_tile_sum_operator","wrong","The informal statement is an equality showing that the sum of tile operators equals an integral expression, while the formal declaration only states integrability of the integrand, which is merely a technical lemma needed for the main equality rather than the equality itself.","wrong","The formal declaration proves integrability of a single integrand for a fixed scale s, whereas the informal statement is about the equality of a sum of tile operators to an integral sum over all scales from σ₁(x) to σ₂(x), which is a fundamentally different theorem."
"76","4a2ee928-7c7c-40df-9327-700f425f49c8","a41c3a88-8346-40e3-bd77-0480d804e86b","1.5.74","RemyDegenne/brownian-motion","ProbabilityTheory.constL","partial","The formal declaration takes a set U as parameter and uses pseudo-emetric space, while the informal statement uses diam(T) suggesting T itself is the metric space without an additional subset parameter, and the informal uses standard real-valued metrics rather than extended metrics.","partial","The formal signature takes a set U as an additional parameter and uses a pseudo-emetric space with extended nonnegative reals, while the informal statement describes L as a function of T, c1, d, p, q, β only (with T being a metric space with finite diameter), suggesting a mismatch in generality and parameter structure."
"77","308000ab-96c5-41e2-bc00-bc40aeabed04","444486b3-ea87-43c4-9141-e5987a806b8b","4.1.3","fpvandoorn/carleson","I1_prop_1","partial","The formal declaration only captures the first property (disjointness for j=1) from the informal statement, which describes three distinct properties for indices j∈{1,2,3}, but the formal statement is missing the upper bound k ≤ S and only addresses one of the three properties mentioned.","partial","The formal declaration only formalizes the first part of the informal statement (the injectivity property for I_j when j≠2), omitting the covering property for j≠1 and the containment properties for I_3, making it a proper subset of the full theorem statement."
"78","c6de5768-72ca-4757-bdb7-9965ee11c65e","58086116-3a61-4457-9a19-8ebd31edf85e","5.2.2","fpvandoorn/carleson","dense_cover","correct","The formal declaration states that the volume of the union of sets in 𝓒 k is bounded by 2^(k+1) times the volume of G, which directly matches the informal statement about the measure of the union of dyadic cubes in C(G,k) being at most 2^(k+1)μ(G).","correct","The formal declaration faithfully captures the informal statement: the measure of the union of all dyadic cubes in 𝓒(G,k) is bounded by 2^(k+1) times the measure of G, with the formal signature properly instantiating the collection C(G,k) as '𝓒 k' and expressing the measure inequality exactly as stated."
"79","f38835b2-46ec-462a-b5dd-22010a3600fa","dcc9a876-9067-4dff-a3c8-83ac2a0775a6","5.2.3","fpvandoorn/carleson","pairwiseDisjoint_E1","correct","The formal declaration states that the sets E₁ for elements in 𝔐 k n are pairwise disjoint, which is logically equivalent to the informal statement that if E₁(p) ∩ E₁(p') ≠ ∅ then p = p' for p, p' ∈ 𝔐(k,n).","ambiguous","secondary_err: bedrock failed after 4 retries: Expecting ',' delimiter: line 1 column 292 (char 291)"
"80","8d08b903-976e-48d8-8135-746fea681fd2","8431495f-36b2-4af0-be4b-6d25ddec7455","11","kbuzzard/ClassFieldTheory","groupHomology","wrong","The formal declaration signature/body is empty, making it impossible to verify that it faithfully formalizes the informal statement about group homology H_n(G,M) as the homology of a chain complex of finitely supported functions from G^n to M.","ambiguous","The formal declaration body is missing, making it impossible to verify whether the Lean code faithfully formalizes the specific construction of the chain complex with finitely supported functions, boundary maps, and the definition of homology groups H_n(G,M)."
"81","4eed8e77-a6a5-4bd0-ad11-ea5216d753dc","0a6bc2f9-cef1-487d-bee9-1ad651c194ab","2.8","YaelDillies/apap","spec_hoelder","correct","The formal Lean declaration faithfully captures the informal statement's inequality relating the size of Δ (a subset of the large spectrum) raised to power 2m, scaled by η^(2m) and the ratio of L1 to L2 norms divided by the group size, to the 2m-th energy (called boringEnergy in Lean), with appropriate preconditions on η, Δ, and m.","partial","The formal declaration uses `boringEnergy` instead of the standard energy `E_{2m}`, has the inequality direction reversed (≤ instead of ≥), and uses `largeSpec` (Fourier coefficients ≥ η) instead of the large spectrum `Δ_η(f)` which may have a different definition, plus the normalization order differs slightly (dividing by group size separately rather than as part of η^{2m} scaling)."
"82","27e19de5-75f8-4b9a-9c8d-ecfa9355d243","e419edf8-9e27-422e-9b87-c368588c3901","10.7","teorth/pfr","card_of_slice","partial","The formal declaration uses `Module (ZMod 2) G` which makes every element of G have order dividing 2, but doesn't require φ to be a homomorphism (it's just an arbitrary function), whereas the informal statement requires G to be a finite abelian 2-group (elements can have order 2^k for any k) and φ must be a homomorphism to Z/2Z.","partial","The formal declaration uses the more general typeclass `Module (ZMod 2) G` instead of requiring `G` to be a finite abelian 2-group (which would be `IsPGroup 2 G`), and the inequality `2 * card ≥ card A - 1` is equivalent to but not identical to the informal `≥ (|A|-1)/2`, making this a correct but more general formalization."
"83","5ccade27-2e19-437a-81f0-e3db0c6aa638","a9b7a909-6b8a-45e5-bb43-8da405459b82","3.7","teorth/pfr","ProbabilityTheory.independent_copies'","ambiguous","primary_err: bedrock failed after 4 retries: An error occurred (ThrottlingException) when calling the InvokeModel operation (reached max retries: 4): Too many requests, please wait before trying again.","partial","The formal declaration generalizes to arbitrary finite index types and arbitrary probability spaces, whereas the informal statement specifically constructs independent copies on the product space of the laws (using coordinate projections), which is a more concrete and specific construction than the existential statement in the formal version."
"84","264cb24a-d27d-43e5-92ac-60f849254d68","2057e376-5f7d-437e-8389-2a69265abc11","11.3.5","fpvandoorn/carleson","dist_dirichletApprox_le","ambiguous","primary_err: bedrock failed after 4 retries: An error occurred (ThrottlingException) when calling the InvokeModel operation (reached max retries: 4): Too many requests, please wait before trying again.","partial","The formal declaration captures the core bound but omits the integral representation of L_Nf and the periodicity/continuity properties of the approximation kernel, focusing only on the pointwise bound between the kernels."
"85","30edd2db-48ec-4192-b46b-f1c88177ca42","bffaf974-c7a2-4432-84b9-5cfc097c7cf8","1.3.26","RemyDegenne/brownian-motion","ProbabilityTheory.multivariateGaussian","correct","The formal declaration defines the multivariate Gaussian measure on a finite-dimensional Euclidean space with mean μ and covariance matrix S, which faithfully captures the informal statement's description of the multivariate Gaussian distribution N(m, Σ) as a pushforward of the standard Gaussian by x ↦ m + Σ^(1/2)x, with the generalization from ℝ^d to EuclideanSpace ℝ ι being a natural type-theoretic representation.","partial","The formal declaration correctly captures the main definition of multivariate Gaussian as a pushforward measure, but generalizes from ℝ^d to arbitrary finite-dimensional Euclidean spaces (EuclideanSpace ℝ ι) and handles the non-positive-semidefinite case by defaulting to a Dirac measure, which is a reasonable but not explicitly mentioned extension of the informal statement's requirement that Σ be positive semidefinite."
"86","90461e25-001b-4251-b485-20330b66dd7b","cf2bd1a9-bc2b-4c3e-a813-a536f8cf8349","6.4","thefundamentaltheor3m/Sphere-Packing-Lean","α","ambiguous","primary_err: bedrock failed after 4 retries: An error occurred (ThrottlingException) when calling the InvokeModel operation (reached max retries: 4): Too many requests, please wait before trying again.","partial","The formal declaration correctly identifies α as an element of Gamma(2), but it only declares the existence of α without specifying the matrix value, the relationship α = T², or the group membership details that are central to the informal statement."
"87","19ee8509-8b07-4bfc-bd1c-2f2ae5f4cf10","7b1ae572-d1aa-4a4e-9ddf-6e096234319c","41","kbuzzard/ClassFieldTheory","Rep.trivialTateCohomology_coind₁","partial","The formal declaration only covers the coind₁' case for trivial Tate cohomology, while the informal statement claims both ind₁'(M) and coind₁'(M) have trivial Tate cohomology, so this is only half of the claimed result.","partial","The formal declaration only covers the coinduced representation (coind₁) while the informal statement requires both induced (ind₁') and coinduced (coind₁') representations to have trivial Tate cohomology, and the formal signature uses a different generality (modules over commutative rings rather than representations of finite groups in the classical sense)."
"88","9ec4457d-165e-4a39-ab1d-cd4b634d75f2","f36fc5fa-fa36-4280-b845-e72bd91e85a5","1.3.19","RemyDegenne/brownian-motion","MeasureTheory.integral_comp_eval","wrong","The formal declaration signature and body are missing from the provided text, making it impossible to verify whether the Lean formalization matches the informal statement about integrating a function of the i-th coordinate with respect to a product measure.","ambiguous","The formal Lean signature/body is missing, making it impossible to verify whether the actual theorem statement matches the informal description about integrals over product measures and coordinate projections."
"89","a8007f89-37c2-4e70-a971-f24586484d7c","a2494cd0-8748-43fb-b3c4-8cddee17cb2b","2.1.59","RemyDegenne/brownian-motion","MeasureTheory.Submartingale.uniformIntegrable_stoppedValue","correct","The formal declaration faithfully captures the informal statement: both state that for a submartingale X on a discrete index set with a sequence of stopping times uniformly bounded by some fixed time (n/p), the family of stopped values is uniformly integrable.","partial","The formal declaration generalizes from discrete indexing (ℕ) to an arbitrary countable linearly ordered type ι with additional topological structure, and requires a sigma-finite filtration condition not explicitly mentioned in the informal statement, making it more general in scope while formalizing the same core theorem."
"90","cc20bd52-af4a-4fe5-b0ae-3d9541a06910","52ee9ca8-c54f-413c-acba-489ec4e2a5bc","7.1.3","fpvandoorn/carleson","TileStructure.Forest.pointwise_tree_estimate","correct","The formal declaration faithfully captures the informal statement's bound on the Carleson sum over a tree structure, with the three terms (maximal function, boundary operator, and nontangential maximal function) matching the informal inequality, though the formal version uses `approxOnCube` to handle the projection operator P_𝓙 and makes the bounded support assumption explicit via `BoundedCompactSupport`.","partial","The formal declaration captures the main structure of the bound but differs in generality: the informal statement uses a specific tree structure T(u) with points x, x' in a set L from the tree, while the formal version works with a forest structure and uses a grid cube L, and the constant 2^(129a³) is abstracted as C7_1_3(a) without explicit verification of the exponent value."
"91","44fc4c81-9528-46c8-8e97-6eac5a62fc7c","2858db50-04df-494a-bb5d-7a8b0c397e8a","2.1","teorth/pfr","ProbabilityTheory.entropy","partial","The formal declaration defines entropy for a general measure μ (not necessarily a probability measure) and uses a pushforward measure construction, while the informal statement specifically defines entropy for a random variable under a probability measure with an explicit summation formula.","partial","The formal declaration provides only the type signature without the definition body, so while it correctly declares a function that takes a random variable and measure to produce a real number (matching the informal statement's intent), it omits the actual computational definition involving the sum over values and logarithms that characterizes entropy in the informal statement."
"92","b97526b9-9b7c-454f-9e88-6786a5183e1c","b432f892-ba67-4d12-ac53-71b1647baf94","3.18","leanprover-community/sphere-eversion","OpenSmoothEmbedding.transfer","correct","The formal declaration defines the transfer map ψ_{g,h} from J^1(X,Y) to J^1(M,N) using open smooth embeddings, which matches the first part of the informal statement's definition of the transfer map between jet bundles.","partial","The formal declaration correctly captures the transfer map between jet bundles with the right type signature, but omits the explicit formula ψ_{g,h}(x,y,φ) = (h(x), g(y), T_yg ∘ φ ∘ (T_xh)⁻¹) and the operator on sections Ψ_{g,h}𝓕, focusing only on the basic map definition rather than the complete transfer machinery described in the informal statement."
"93","7f3074b7-e698-4062-a291-69790587fe1f","3f8331a5-af75-480f-a378-1c9eb2868187","12.43","teorth/pfr","mutual_of_W_Z_two_le","wrong","The informal statement refers to specific random variables W and Z_2 with a bound involving parameters m and k, but the formal declaration uses different notation (sums of Y(i,j) and their twisted versions) with a bound involving D[X; hΩ] instead of k, indicating these are different theorems despite similar structure.","wrong","The informal statement claims I[W : Z_2] ≤ 2(m-1)k, but the formal declaration has I[W : Z_2] ≤ 2(m-1)D[X], where D[X] is the total dependence of the original variables, not k as stated in the informal statement."
"94","9de4aca6-5a74-4cff-a37a-a79557a8977d","0c1534fe-0a69-4300-8c11-9eca25cf9ce8","7.4.6","fpvandoorn/carleson","TileStructure.Forest.correlation_near_tree_parts","ambiguous","primary_err: bedrock failed after 4 retries: Invalid \escape: line 1 column 212 (char 211)","partial","The formal declaration captures the essential structure of bounding a correlation integral by a product of L2 norms, but differs in key details: the formal version uses adjointBoundaryOperator (S_{2,u_j}) applied to both functions and restricts to 𝓘 u₁, whereas the informal statement applies S_{2,u_j} only to g_j and restricts to 𝓘(u₁), and the formal version's constant C7_4_6 is not explicitly shown to have the exponential dependence on a, Z, n, κ stated informally."
"95","860e8bc7-2fd1-4c9d-b861-3b4bcba93184","6befbde3-0386-4382-b79f-9ed3b5a845fa","2.7.4","RemyDegenne/brownian-motion","BoundedVariationOn","correct","The formal declaration correctly captures that a function has bounded variation on a set when its variation (as defined in the extended metric space) is finite, matching the informal statement that variation V_f(s) must be finite.","correct","The formal declaration BoundedVariationOn defines a predicate on a function f : α → E and a set s that captures the informal notion of bounded variation on a set, where the variation (total distance traveled) is finite, implemented via the extended metric space structure."
"96","e9b02460-5664-486a-9676-572c76af280b","da4b6a25-dd67-407b-97c5-f216cb778ec1","22","kbuzzard/ClassFieldTheory","groupCohomology.TateCohomology.preservesFiniteColimits_tateComplexFunctor","wrong","The informal statement is about the existence of a long exact sequence in Tate cohomology arising from a short exact sequence of representations, while the formal declaration states that the Tate complex functor preserves finite colimits, which is a different categorical property.","wrong","The informal statement is about the long exact sequence in Tate cohomology arising from short exact sequences of representations, while the formal declaration is about the tateComplexFunctor preserving finite colimits—these are related but distinct results, and the formal declaration does not directly formalize the informal statement about connecting homomorphisms and the long exact sequence."
"97","8405ac3e-6192-4a23-93ef-d987e322de17","5a52863a-be11-459a-8ed3-a328d5c45235","10.2.5","fpvandoorn/carleson","tsum_czRemainder'","wrong","The informal statement describes the full Calderón-Zygmund decomposition theorem with properties of g, b_j, and various integral bounds, while the formal declaration only states that the infinite sum of czRemainder' equals czRemainder, which is a technical lemma about one component of the decomposition rather than the main theorem.","wrong","The formal declaration is about a specific technical lemma (tsum_czRemainder') that relates a sum of remainder functions to a total remainder, whereas the informal statement describes the main Calderon-Zygmund decomposition theorem that splits a function f into a well-behaved part g and localized mean-zero parts b_j with specific properties."
"98","42e7dfd0-53ac-465b-b7e4-7bdde9c40950","5f2b7144-af4f-4746-94a2-e291df8000e6","1.4.4","RemyDegenne/brownian-motion","Matrix.gram","correct","The formal declaration defines the Gram matrix as a function from vectors indexed by type n to a matrix in n × n with entries in the scalar field 𝕜, which faithfully captures the informal definition of a Gram matrix with entries G_{ij} = ⟨v_i, v_j⟩.","partial","The formal declaration generalizes beyond the informal statement by allowing arbitrary indexing type `n` instead of requiring finite lists, and uses the more general `Inner` typeclass instead of restricting to inner product spaces with the standard inner product structure."
"99","7da7eb7a-9c93-487d-9676-37cfe957c25a","278ed163-5c0b-4e62-acf9-74cd96551b61","1.6.8","RemyDegenne/brownian-motion","ProbabilityTheory.continuous_brownian","wrong","The formal declaration states that for any path ω, the Brownian motion function is continuous, but the informal statement says that *almost every* path is continuous (an almost-sure property), which is a weaker probabilistic statement that should involve a measure-theoretic condition rather than a universal quantification over all ω.","wrong","The formal declaration states continuity for an arbitrary path ω without quantifying over almost every path, whereas the informal statement and formal slogan both emphasize that this holds for almost every path (a.e.), which is a crucial probabilistic qualification missing from the signature."
"100","8a804bb9-b09f-4306-8323-74d986bd45c9","4892417b-7d5a-4ced-91f9-658ec4f6ac05","4.1.3","YaelDillies/toric","bialgSpec","correct","The formal declaration correctly defines a contravariant functor (via the opposite category) from R-bialgebras to monoid objects in schemes over Spec R, which faithfully captures the informal statement's description of Spec as a contravariant functor from R-bialgebras to monoid schemes over Spec R.","correct","The formal declaration correctly captures that bialgSpec is a contravariant functor (via the opposite category notation ᵒᵖ) from R-bialgebras to monoid objects in schemes over Spec R, which faithfully formalizes the informal statement about Spec being a contravariant functor from R-bialgebras to monoid schemes over Spec_R."
"101","b79912ed-174e-4ed1-99ad-e334f5ef8887","8a6ba36b-3257-45a7-ac82-3715d7022b96","4.4","teorth/pfr","isUniform_sub_const_of_rdist_eq_zero","correct","The formal declaration faithfully captures the informal statement: it states that when X has zero self-distance (d[X # X] = 0) and x₀ has positive probability (volume of preimage ≠ 0), then X - x₀ is uniformly distributed on the symmetry group of X.","partial","The formal declaration requires `Finite G` and `MeasurableSingletonClass G` which are not mentioned in the informal statement, and uses `symmGroup X hX` (a subgroup) rather than `Sym[X]` (which may have different semantics), making it more restrictive in scope than the informal version."
"102","6cafdf9c-33b3-4b62-a8de-863237506355","bab566fd-eaf8-4018-b926-74f7c323dca3","2.1.3","fpvandoorn/carleson","enorm_Ks_sub_Ks_le","correct","The formal Lean declaration faithfully captures the third inequality from the informal statement, expressing that the difference |K_s(x,y) - K_s(x,y')| is bounded by a constant divided by the volume of a ball centered at x with radius D^s, multiplied by the ratio (ρ(y,y')/D^s)^(1/a), with the constant D2_1_3 corresponding to 2^{127a^3} mentioned in the informal statement.","partial","The formal declaration correctly captures the third inequality (difference bound) from the informal statement but omits the first two inequalities (distance bounds and absolute value bound), making it a partial formalization of the complete reference 2.1.3."
"103","9f0cd73a-f23d-4a55-82ef-223d7eaf9144","68b74f1a-9c41-4bb6-912f-f1fd909bf3b6","2.3.38","RemyDegenne/brownian-motion","ProbabilityTheory.classD_of_uniformIntegrable_bounded_stoppingTime","correct","The formal declaration faithfully captures the informal statement: it states that a progressively measurable process X is of class D when the collection of stopped values at bounded stopping times (represented by the uniform integrability condition on stoppedValue X ↑T for all bounded stopping times T) is uniformly integrable.","partial","The formal declaration quantifies over bounded stopping times via `↑T` (coercion from a subtype), while the informal statement explicitly describes bounded stopping times as those with `∃ t, ∀ ω, τ(ω) ≤ t`, which are subtly different formulations of the same concept but with different generality assumptions about the index type structure."
"104","dc22d73a-aa46-4987-8306-5aaf11c0fc9a","fdaa8e5a-cf37-4055-b38a-7d6153e1e51f","11.7.9","fpvandoorn/carleson","frequency_ball_doubling","wrong","The informal statement requires the condition that x₁ is in the ball of radius 2R around x₂ (i.e., |x₁ - x₂| ≤ 2R), but the formal Lean declaration has no such constraint on the relationship between x₁ and x₂.","wrong","The formal declaration is missing the crucial hypothesis that x₁ ∈ B(x₂, 2*r), which is essential to the informal statement and appears to be required for the theorem to hold."
"105","2a479060-78bb-4680-8f05-51be21d515f7","0a658478-9647-48e4-9e81-21da5bb3cfbc","7.4.3","fpvandoorn/carleson","TileStructure.Forest.adjoint_tree_control","wrong","The informal statement is about the operator S_{2,u} applied to g, but the formal declaration is about the adjointBoundaryOperator applied to f, which are different operators (S_{2,u} is not the same as the adjoint boundary operator).","partial","The formal declaration generalizes the informal statement by working with an arbitrary adjoint boundary operator on a forest of tiles rather than the specific S_{2,u} operator, and uses a constant C7_4_3(a) instead of the explicit bound 2^{182a^3}, making it a more abstract version of the same underlying result."
"106","e8fb79e5-21d7-4869-ab8c-9c98229526db","2ad132c9-501d-4437-aa7e-1d7cbb76eb13","11.3","teorth/pfr","app_ent_PFR","partial","The formal declaration generalizes from G=F_2^n to any AddCommGroup with Module (ZMod 2) structure, and the inequality direction in the hypothesis is reversed (< instead of >) compared to the informal statement's condition on entropy sum versus distance.","partial","The formal declaration generalizes from F_2^n to arbitrary finite abelian groups with a ZMod 2 module structure, and the hypothesis inequality is reversed (20*d[X;Y] < α*(H[X]+H[Y]) vs. H[X]+H[Y] > (20/α)*d[X;Y]), which are mathematically equivalent but the formal version doesn't explicitly require H to be nontrivial as stated in the informal version."
"107","8d08b903-976e-48d8-8135-746fea681fd2","ccaf1c7e-5d4d-40a8-9812-d99280558c56","11","kbuzzard/ClassFieldTheory","groupHomology.map","wrong","The informal statement describes the definition of the chain complex C_n(G,M) and homology groups H_n(G,M), while the formal declaration is about a map between group homology modules induced by a group homomorphism, which is a different concept (functoriality rather than the basic definition).","wrong","The formal declaration describes a map between homology groups induced by a group homomorphism (functoriality), whereas the informal statement defines the chain complex and homology groups themselves as fundamental objects, not maps between them."
"108","c34e78db-0471-4154-855f-7d428abc6cc2","b32e117e-56b8-4245-8e58-21e1903a7c77","2.3.14","YaelDillies/toric","GroupLike.instCommGroup","partial","The formal declaration proves that group-like elements form a commutative group (CommGroup), which is stronger than the informal statement that only claims they form a group, though the informal statement does not explicitly exclude commutativity.","partial","The formal declaration proves group-like elements form a commutative group in a Hopf algebra over a commutative semiring, while the informal statement only claims they form a group (not necessarily commutative) and also mentions the weaker result that they form a monoid in a general bialgebra, which is not formalized here."
"109","171654d5-a887-42a5-a7fb-6e7c6e8c55db","9b2b9fe8-7e28-49c2-bb43-e6dbfa9ef601","1.5.59","RemyDegenne/brownian-motion","ProbabilityTheory.lintegral_sup_rpow_edist_le_sum","correct","The formal Lean declaration faithfully captures the informal statement's bound on the expected supremum of p-th powers of distances in terms of the Kolmogorov constant M, cover cardinalities, and epsilon values raised to appropriate powers, with the chaining sequence construction matching the informal notation $X_{ar{t}_m}$.","partial","The formal declaration uses a chaining sequence construction (chainingSequence) and sums over a range with adjusted indices, whereas the informal statement uses a simpler notation with a direct sum from m to k-1 over covers C_j, representing a different (though equivalent) formulation of the same bound that requires careful index translation to verify equivalence."
"110","68a4c1b8-ee7c-4d21-b7ef-04f4da521289","a4486b51-0e07-44f8-bec4-846f8478470c","12.27","teorth/pfr","sub_multiDistance_le","correct","The formal Lean declaration faithfully captures the informal statement: it states that for a tau-minimizer X with multiDistance k (represented as D[X; hΩ]), the difference k - D[X'; hΩ'] is bounded by η times the sum of individual Ruzsa distances d[X i # X' i], which matches the informal inequality exactly.","ambiguous","secondary_err: bedrock failed after 4 retries: Expecting ',' delimiter: line 1 column 415 (char 414)"
"111","cf8a3b47-4e20-4281-9595-656b985bb311","96e6ed68-6955-4c18-92ec-94a116f60c7f","9.45","ImperialCollegeLondon/FLT","NumberField.InfiniteAdeleRing.baseChangeAlgEquiv","correct","The formal declaration establishes an L-algebra isomorphism between the tensor product L ⊗_K K_∞ and L_∞, which precisely matches the informal statement's claim of a natural L-algebra isomorphism L ⊗_K K_∞ ≅_L L_∞.","correct","The formal declaration correctly formalizes the informal statement: it declares an L-algebra isomorphism (≃ₐ[L]) between the tensor product L ⊗_K K_∞ and L_∞, where K_∞ and L_∞ are the infinite adele rings of K and L respectively."
"112","9fe35d3c-7927-42fe-8b0f-3e708291de36","0abd794e-c17e-4734-959d-7beaea379c0e","2.7.13","RemyDegenne/brownian-motion","ProbabilityTheory.IsSquareIntegrable.eLpNorm_mono","wrong","The informal statement claims this is for martingales, but the formal declaration only assumes `IsSquareIntegrable` without any martingale condition, making it a different (and likely incorrect) theorem.","ambiguous","secondary_err: bedrock failed after 4 retries: Expecting ',' delimiter: line 1 column 384 (char 383)"
"113","354ac3e7-1013-4955-9bf5-bb501aa10516","2498e951-acab-4bb9-bfc8-09c1323c7f3d","4.1.6","YaelDillies/toric","hopfSpec","correct","The formal declaration `hopfSpec` is a contravariant functor (indicated by the `ᵒᵖ` for opposite category) from commutative Hopf algebras over R to group objects over Spec R, which precisely matches the informal statement that Spec is a contravariant functor from R-Hopf algebras to group schemes over Spec R.","correct","The formal declaration correctly specifies a contravariant functor (via the opposite category notation ᵒᵖ) from R-Hopf algebras to group schemes over Spec R, which faithfully formalizes the informal statement."
"114","8a5db73b-78f3-464b-9970-bd52cc4bda05","230ac0c3-22a2-44dd-bb8d-04e225fbc242","12.8","teorth/pfr","kvm_ineq_III","partial","The formal statement generalizes the informal one by using an arbitrary index set I with distinguished indices i₀, i₁ and a finset s, rather than the specific case of X, Y₁, ..., Yₙ with natural number indexing, though both express the same mathematical inequality.","partial","The formal declaration generalizes the informal statement by allowing an arbitrary index set I with a distinguished element i₀ and a finset s of other indices, rather than the specific case of X and Y₁,...,Yₙ, and uses a different (but equivalent) formulation of the sum structure that is more general but slightly shifts the presentation of the inequality."
"115","936e06f9-4955-43a7-8067-549ea5b91d62","f3b4c9d9-b67d-4ece-8263-625f6c35c9b6","5.3.7","fpvandoorn/carleson","ordConnected_C2","correct","The formal declaration states that ℭ₂ k n j is order-connected (OrdConnected), which is the Lean formalization of the informal statement that the collection C2(k,n,j) is convex in the context of ordered sets, matching the blueprint's claim.","partial","The formal declaration proves `OrdConnected` (order-connectedness) rather than convexity, which are related but distinct properties in ordered structures; while order-connectedness is a reasonable formalization of convexity in this context, the formal statement requires additional typeclass assumptions (MetricSpace, ProofData, TileStructure) that are not mentioned in the informal statement's scope."
"116","8405ac3e-6192-4a23-93ef-d987e322de17","555bdfeb-7815-4cc7-8afe-f635ee91cd9f","10.2.5","fpvandoorn/carleson","enorm_czApproximation_le_infinite","partial","The formal declaration proves only one specific property (the bound on g(x)) from the informal statement's comprehensive Calderón-Zygmund decomposition theorem, which includes multiple components (the decomposition f = g + Σb_j, support conditions, mean-zero properties, and several integral bounds).","wrong","The formal declaration only formalizes a single bound on the approximation function g (czApproximation), whereas the informal statement is a complete Calderón-Zygmund decomposition theorem that requires formalizing the existence of the entire decomposition f = g + Σb_j with all their properties (support, mean-zero, measure bounds, etc.)."
"117","0dd0582f-6172-43a0-91ae-c04d4b02fb1d","1efc8e96-b898-421a-b184-631667a85c0a","2.2.8","YaelDillies/toric","AddSubmonoid.closure_addIrreducible","correct","The formal declaration faithfully captures the informal statement by showing that in a finitely generated cancellative additive monoid with a single unit (zero), the closure of irreducible elements equals the entire monoid, which is the additive version of the multiplicative statement in the blueprint.","correct","The formal declaration correctly formalizes the informal statement: it asserts that in a finitely generated additive cancellative commutative monoid with a single unit (zero), the additive submonoid generated by irreducible elements equals the whole monoid, which is exactly what the informal statement claims about multiplicative monoids and their irreducible generators."
"118","fa59e736-19ed-4dca-95d1-cc5a594a2bfb","a687a77e-4103-48f0-b141-91cfddd3b6e2","6.33","thefundamentaltheor3m/Sphere-Packing-Lean","H₃_S_action","correct","The formal declaration states that H₃ under the S action equals -H₃, which exactly matches the informal statement's equation H_3 | S = -H_3.","partial","The formal declaration correctly formalizes one specific equation (H₃|S = -H₃) from the informal statement, but only addresses one of the six transformation equations listed, omitting the transformations for H₂ and H₄ under both S and T operations."
"119","d63b0ebb-0b0e-4cc6-83f1-e2e2f9363731","e02beaae-4530-451f-925b-b804500ee949","3.1.9","YaelDillies/toric","IsExposed","wrong","The informal statement describes faces of cones as intersections with halfspaces (a geometric concept specific to cones), while the formal declaration defines exposed sets via maximizers of continuous linear functionals (a more general convex analysis concept), which are different notions despite being related in convex geometry.","wrong","The formal declaration defines 'IsExposed' (maximizers of a linear functional) which is a different concept from 'face of a cone' (intersection with a halfspace); while related in convex geometry, they are not the same definition, and the formal declaration lacks the cone structure and halfspace intersection characterization central to the informal statement."
"120","30aed679-2927-4fe2-ad79-67f3cca533e3","3b44d122-da6a-43dc-b691-0c2c6ca46a91","7","kbuzzard/ClassFieldTheory","groupCohomology.cochain_infl","partial","The formal declaration provides the natural transformation at the cochain level for a general surjective group homomorphism φ: G →* Q, while the informal statement specifically discusses the case where S is a normal subgroup of G and Q = G/S, making the formal version more general but not exactly matching the specific setup described in the blueprint.","partial","The formal declaration correctly captures the inflation map as a natural transformation between cochain functors, but uses a general surjective group homomorphism φ : G →* Q instead of the specific case where Q = G/S is the quotient by a normal subgroup, and works with abstract representations rather than explicitly with S-invariant parts of M."
"121","872dbfb0-e308-45f4-9c8e-b054c43767ce","f6582700-29c2-4d83-b3e8-f1551f0f826f","36","kbuzzard/ClassFieldTheory","Rep.dimensionShift.δ_up_isIso","wrong","The formal declaration states that the connecting map δ from H^(n+1)(G, up(M)) to H^(n+2)(G, M) is an isomorphism, but the informal statement says the connecting map from H^n(S, up(M)) to H^(n+1)(S, M) is an isomorphism, which is a different indexing (off by one) and uses subgroup S instead of G.","wrong","The formal declaration concerns cohomology of G itself (not a subgroup S), uses consecutive indices (n+1, n+2) rather than the stated (n, n+1), and does not express the naturality/functoriality requirement or the surjectivity for n=0 mentioned in the informal statement."
"122","c5e608ae-cf24-498d-ace9-3daf025cbed8","94b95d7f-b518-442c-867e-d74e26a8d077","1.22","YaelDillies/gibbs-measure","Specification.IsProper.isssd","correct","The formal declaration proves that the ISSSD specification with parameter ν is a proper specification, which directly matches the informal statement that ISSSD(ν) is a proper specification.","correct","The formal declaration directly states that `Specification.isssd ν` satisfies `IsProper`, which faithfully formalizes the informal claim that ISSSDs are proper specifications for a given parameter ν."
"123","442e0788-f1ae-46d5-93d7-d2a9b036925f","f5c34e9a-635f-4328-8585-cff8e7ab291b","8.9","ImperialCollegeLondon/FLT","FixedPoints.toAlgAut_surjective","wrong","The formal declaration's slogan describes something about fixed points of automorphisms mapping to elements, which is unrelated to the informal statement's claim about surjectivity of the map H → Aut(F/F^H) from a finite group of field automorphisms to the automorphism group of the fixed field.","correct","The formal declaration name and slogan both refer to surjectivity of a map from a group acting on a field to automorphisms of the fixed field, which faithfully captures the informal statement that the map H → Aut(F/F^H) is surjective."
"124","1d5b614b-86ff-484f-b7aa-9a8ee1ad1056","f9f21214-66ad-407f-845b-8ab001fa3dc7","1.5.63","RemyDegenne/brownian-motion","ProbabilityTheory.lintegral_sup_rpow_edist_le_sum_of_le_one","correct","The formal declaration faithfully captures the informal statement's bound on the expected value of the supremum of p-th powers of distances in terms of a sum over cover sizes and epsilon values raised to power q, with the key conditions p ≤ 1, m ≤ k, and the Kolmogorov process property all present.","partial","The formal declaration generalizes the informal statement by working over an arbitrary set J (the index set) with finite covers C_n as finsets, uses a chaining sequence construction, and employs lintegral (lower integral) rather than expectation, which are reasonable formalizations, but the informal statement's notation (C_k, ε_j, d_E) and the specific form of the bound differ slightly in presentation and the formal version uses a more general framework than the informal statement explicitly describes."
"125","c024eb12-47ec-4e88-aa3a-7f09e3e0b720","1b359829-face-4e3d-b4f6-17ed9bfbe621","2.1","YaelDillies/chandra-furst-lipton","NOF.Protocol","correct","The formal declaration defines the type NOF.Protocol with parameters G (a group type) and d (number of players), which matches the informal statement's description of a NOF protocol structure with maps over [d] and G^{d-1}, though the formal signature shows only the type declaration while the informal shows the constituent maps (strat and guess) that would be fields of this structure.","wrong","The formal declaration is just a type constructor signature without showing the actual structure of the Protocol (the strat and guess functions), whereas the informal statement explicitly defines NOF.Protocol as consisting of two specific maps with their domains and codomains."
"126","97c51f05-7b70-4b74-899f-ab03ce6e7b47","a21a2f1b-62ad-4db3-9818-3b21ada62358","2.6.15","RemyDegenne/brownian-motion","MeasureTheory.predictablePart_add_one","correct","The formal Lean declaration precisely captures the informal statement that A_{n+1} = A_n + E[X_{n+1} - X_n | F_n], where A is the predictable part, with appropriate generalization to normed spaces.","correct","The formal declaration faithfully formalizes the informal statement: it expresses that the predictable part A at step n+1 equals the predictable part at step n plus the conditional expectation of the increment X(n+1) - X(n) given the filtration at step n, exactly as stated in the LaTeX body, with appropriate generalization to normed spaces over ℝ."
"127","07a587ec-0f20-4094-97f1-9aefc074641d","57eaff08-6726-4ad6-91fb-ad9c4ade93f4","6.6","thefundamentaltheor3m/Sphere-Packing-Lean","Γ2_generate","wrong","The formal statement asserts that the top element equals the closure of {α, β, negI}, but the informal statement says Γ(2) equals the group generated by these elements; the formal statement doesn't explicitly mention Γ(2) or establish that ⊤ refers to Γ(2) in the appropriate context.","correct","The formal declaration ⊤ = Subgroup.closure {α, β, negI} correctly formalizes that Γ(2) is generated by α, β, and -I, where ⊤ represents the full group and Subgroup.closure represents the subgroup generated by the given set."
"128","8405ac3e-6192-4a23-93ef-d987e322de17","2ce659a9-e850-4646-809b-31ffd789756a","10.2.5","fpvandoorn/carleson","tsum_volume_czBall3_le","correct","The formal declaration faithfully captures equation (7) from the informal statement, expressing that the sum of measures of the balls B_{3,j} is bounded by (2^{6a}/α) times the L¹ norm of f, with appropriate type-theoretic generalizations for the Lean formalization.","partial","The formal declaration captures only one inequality from the informal statement (the bound on total measure of balls), omitting the other key properties like the decomposition f = g + Σb_j, bounds on g, mean-zero property of b_j, and the bound on Σ∫|b_j|, making it a partial formalization of a more comprehensive theorem."
"129","377e4fbd-0aec-4c94-90f2-8a8a053d6635","2b787080-1c88-4421-b8ed-2deea4af9eb6","7.5.2","fpvandoorn/carleson","TileStructure.Forest.χ_le_indicator","partial","The formal declaration only captures the second inequality (χ_J(y) ≤ 1_{B(J)}(y)) from the informal statement, while the informal statement also includes the partition of unity property and the Lipschitz continuity bound, making this a partial formalization of a more comprehensive result.","partial","The formal declaration only captures the upper bound property (χ_J ≤ indicator of ball) for a single function at a specific point, whereas the informal statement requires a family of functions summing to 1, satisfying the bound for all J and all points, plus a Lipschitz continuity condition with an exponential factor."
"130","783552c5-22d4-4843-8004-c17f788cdcc5","c983cc9b-85d4-4fb5-a13c-4e582d999fb9","2.2.10","RemyDegenne/brownian-motion","isCompactSystem_isCompact","correct","The formal declaration correctly states that the collection of compact sets in a T2 (Hausdorff) topological space forms a compact system, which matches the informal statement's claim that compact sets of a T2 topological space form a compact system.","correct","The formal declaration faithfully formalizes the informal statement: it proves that the collection of all compact sets (represented as {s | IsCompact s}) in a T2 (Hausdorff) topological space forms a compact system (IsCompactSystem), which is exactly what the informal statement claims."
"131","505b7932-5d97-4eb2-bc32-0f0c3d9f24e8","65b81678-f690-4f02-8c65-4a3ee723b3c2","12.42","teorth/pfr","entropy_of_Z_two_le","correct","The formal declaration faithfully captures the informal statement's bound on H[Z_2] ≤ (8m²-16m+1)k + (1/m)∑H[X_i], where Z_2 is represented as the sum ∑ᵢ∑ⱼ j•Y(i,j), k is represented as D[X; hΩ] (the average Ruzsa distance), and the identically distributed condition is enforced through hident.","partial","The formal declaration generalizes the statement to arbitrary finite groups G and includes additional structure (multiRefPackage, measure spaces, independence conditions) not mentioned in the informal statement, making it more general in scope while the core inequality matches the intended formula."
"132","b2cf6c0e-7a75-4530-8fcd-23aae8f7fbcf","d21cfb2d-06f5-4521-ba4f-543f42235687","1.5.32","RemyDegenne/brownian-motion","PairReduction.logSizeRadius","correct","The formal declaration faithfully captures the informal definition: it defines the log-size radius as a natural number for a point t in a finite set V with parameters a and c (using extended non-negative reals), representing the smallest positive integer r such that the cardinality of points within distance r*c from t is at most a^r.","partial","The formal declaration uses PseudoEMetricSpace (weaker than metric space) and ENNReal (extended non-negative reals) instead of the informal statement's metric space with real numbers a > 1 and c > 0, which represents a generalization in typeclass strength but loses the explicit constraints on a and c that are part of the informal definition."
"133","e67af919-96a7-4df5-98fc-ea9dea8eddad","52358efd-8779-4c68-b01b-6b4c02450f4f","3.23","teorth/pfr","ent_bsg","correct","The formal Lean declaration faithfully captures the informal statement's inequality relating the expected statistical distance between conditional distributions of A and B given their sum Z=A+B to the mutual information and entropies, with the integral over the measure of A+B corresponding to the sum weighted by probabilities in the informal statement.","correct","The formal declaration faithfully captures the informal statement: it formalizes the sum over z of P[Z=z]·d[(A|Z=z);(B|Z=z)] as an integral with respect to the pushforward measure of A+B, and correctly states the inequality bound with the mutual information and entropy terms as specified."
"134","cf28c9c6-105d-4099-939e-de981b6660b9","5c740d58-d2a6-4e5f-9b62-ea56b3511d08","35","kbuzzard/ClassFieldTheory","Rep.coind₁'_ι","partial","The formal declaration only provides the natural transformation from the identity functor to coind₁', which is just the injective morphism part of the informal statement, but does not include the definition of up(M) as the cokernel, the short exact sequence, or the full functorial commutative diagram described in the informal statement.","partial","The formal declaration only captures the natural transformation/morphism component (Rep.coind₁'_ι as a functor morphism) but omits the definition of up(M) as the cokernel, the short exact sequence, and the functoriality of the entire construction including the induced maps on up(M)."
"135","15fce1bf-7f92-463b-9b63-7f16645f1d8b","71682213-dc4a-46fb-85cb-933859f42f30","1.5.11","RemyDegenne/brownian-motion","Metric.coveringNumber_subset_le","wrong","The informal statement claims that if B ⊆ A, then N^int_ε(B) ≤ N^int_{ε/2}(A), but the formal declaration states that if A ⊆ B, then N_ε(A) ≤ N_{ε/2}(B), which has the subset relationship reversed.","wrong","The informal statement has B ⊆ A (B is a subset of A) with the conclusion about internal covering numbers of B and A, but the formal declaration has A ⊆ B (reversed subset direction) with covering numbers of A and B (also reversed order in the conclusion)."
"136","841a6dec-ba91-4a48-9d40-52cf6c6cbce8","d98828f2-d422-42d6-9664-9bd7f727dd3f","3.2","teorth/pfr","ProbabilityTheory.condEntropy_sub_right","partial","The formal declaration only covers the subtraction case H[X - Y | Y] = H[X | Y] for additive groups, while the informal statement claims both addition and subtraction cases (X ± Y) and also includes the joint entropy equality H[X ± Y, Y] = H[X, Y], making this only a partial formalization of the full informal statement.","partial","The formal declaration only proves the subtraction case H[X - Y | Y] = H[X | Y], while the informal statement claims both addition and subtraction cases (X ± Y) and also includes the joint entropy result H[X ± Y, Y] = H[X, Y], making the formal declaration a proper subset of the informal claims."
"137","abbfd68c-2cbf-424a-8dbb-2a43c323cc99","712877f7-8f59-4374-b241-bef0814a6c08","5.5.4","fpvandoorn/carleson","antichain_L1","correct","The formal declaration correctly formalizes that 𝔏₁(k,n,j,l) is an antichain under the ordering relation, which matches the informal statement that 𝔏₁(k,n,j,l) is an antichain where no elements are comparable.","partial","The formal declaration only formalizes the antichain property for 𝔏₁, while the informal statement claims that BOTH 𝔏₁ and 𝔏₃ are antichains, making this a partial formalization of the complete theorem."
"138","50953fbe-a192-40b8-a848-67c1f86c846a","65a2ccfa-1633-4ee3-9f60-4cb46f9d6141","2.7","teorth/pfr","ProbabilityTheory.IsUniform.entropy_eq","correct","The formal declaration faithfully captures the informal statement that entropy of a uniformly distributed random variable equals the logarithm of the cardinality of its support set, with appropriate technical conditions (measurability, probability measure) made explicit.","partial","The formal declaration is faithful to the informal statement but adds extra assumptions (measurability of X and probability measure requirement) that are reasonable technical conditions but go beyond what the informal statement explicitly states, and uses natural logarithm (Real.log) rather than the unspecified 'log' in the informal statement."
"139","fa59e736-19ed-4dca-95d1-cc5a594a2bfb","24c04cd8-210c-427c-b2e9-091af94551f8","6.33","thefundamentaltheor3m/Sphere-Packing-Lean","H₃_T_action","correct","The formal declaration states that H₃ under the T action (with weight 2) equals H₄, which directly corresponds to the informal statement's equation H_3 | T = H_4.","wrong","The formal declaration states H₃_T_action : SlashAction.map 2 ModularGroup.T H₃ = H₄, but the informal statement specifies H₃ | T = H₄, which should mean H₃ transforms to H₄ under T (not that the slash action applied to H₃ equals H₄ directly); additionally, the formal declaration omits the sign negation present in the informal statement (H₂ | T = -H₂)."
"140","f226b686-e0cf-4a25-ac3c-9954ebc0d1da","cc982c0b-4b06-4e43-ac73-9d2f26e98964","40","kbuzzard/ClassFieldTheory","Rep.ind₁'_π","partial","The formal declaration only declares the natural transformation π : ind₁' → id without the full content described in the informal statement, which includes the definition of down(M) as the kernel, the short exact sequence, and the functoriality with commutative diagrams.","partial","The formal declaration correctly captures that Rep.ind₁'_π is a natural transformation from the induced representation functor to the identity functor, but it only declares the existence of this map without explicitly stating the surjectivity property, the kernel definition (down(M)), or the short exact sequence that are central to the informal statement."
"141","a32bdba3-963e-437e-a2d1-240749e694ca","6bcff9b5-67a7-42d8-ae3a-e017de5f8f9e","2.3.50","RemyDegenne/brownian-motion","MeasureTheory.ProgMeasurable.hasStronglyMeasurableSupProcess","correct","The formal declaration precisely captures that a progressively measurable process under a filtration satisfying the usual conditions has a strongly measurable supremum process, matching the informal statement's claim.","correct","The formal declaration faithfully formalizes the informal statement: it takes a progressively measurable process with a filtration satisfying the usual conditions and proves the process has a strongly measurable supremum, which matches the informal claim exactly."
"142","3336cd35-08fb-45ba-9e83-6274e3955bc5","e5f09fbf-1f1d-4f4f-a721-a45068ea7b32","1.5.49","RemyDegenne/brownian-motion","ProbabilityTheory.aemeasurable_pair_of_aemeasurable","correct","The formal declaration faithfully captures the informal statement: given a process X : T → Ω → E with values in a separable space E (formalized as SecondCountableTopology E with PseudoEMetricSpace E and BorelSpace E) where each X_t is almost everywhere measurable, the pair (X_s, X_t) is almost everywhere measurable for any s, t ∈ T.","partial","The formal declaration requires `[SecondCountableTopology E]` and `[BorelSpace E]` as explicit typeclasses, while the informal statement only requires that E is separable; separability is weaker than second-countability, making the formal version more restrictive in its assumptions."
"143","7a934ec9-955c-4785-aecf-1583fccd6fa2","06f964e0-d1cc-45e3-9b29-ff6ef5766134","55","kbuzzard/ClassFieldTheory","carryCocycle","partial","The formal declaration defines only the cocycle σ_G (the 'carry cocycle'), but the informal statement claims the full theorem that the local invariant map is an isomorphism and that this cocycle represents the preimage of 1, which is a much stronger statement than just defining the cocycle itself.","partial","The formal declaration defines the carry cocycle as a general construction for any natural number n, but the informal statement specifically describes the cocycle for a finite cyclic group of order n with explicit formulas for specific values (0 ≤ i,j < n), and the formal signature uses a trivial representation on ZMod n rather than explicitly stating the cyclic group structure and the isomorphism property of the invariant map."
"144","f6cc4b26-42e2-4a17-8ea4-e886c77768e0","df8a8613-296a-4555-b7d9-95ff7a8cbf71","6.49","thefundamentaltheor3m/Sphere-Packing-Lean","ramanujan_E₆","correct","The formal declaration `D E₆.toFun = 2⁻¹ * (E₂ * E₆.toFun - E₄.toFun * E₄.toFun)` is exactly the Lean formalization of the third equation E₆' = (E₂E₆ - E₄²)/2 from the informal statement, where D represents the derivative operator and 2⁻¹ represents division by 2.","partial","The formal declaration correctly formalizes the E₆' formula as (E₂E₆ - E₄²)/2, but it only declares this single identity rather than all three identities (E₂', E₄', E₆') stated in the informal statement, making it a partial formalization of the complete theorem."
"145","4471d806-1657-42c6-addc-aaddff87fa3d","93305bf0-b4ea-4aa3-91e8-f19f1a4a61e4","11.1.12","fpvandoorn/carleson","Hilbert_kernel_regularity","correct","The formal Lean declaration faithfully captures the informal statement: both require the same hypothesis (2|y-y'| ≤ |x-y|) and conclude the same bound (≤ 2^8 · (1/|x-y|) · (|y-y'|/|x-y|)) on the difference of the kernel function (κ in informal, K in formal) at the two points.","correct","The formal declaration faithfully captures the informal statement: it requires the distance condition 2|y-y'| ≤ |x-y|, bounds the difference |κ(x-y) - κ(x-y')| by 2^8 · (1/|x-y|) · (|y-y'|/|x-y|), and uses the norm notation ‖·‖ which is standard for real-valued functions in Lean."
"146","19f5c6fb-f4a6-41b2-8a39-bd0cf4df1c04","c320b26e-a9ca-4075-a669-04b123abf69c","8.3","ImperialCollegeLondon/FLT","MulSemiringAction.charpoly","wrong","The formal declaration `MulSemiringAction.charpoly` is missing from the provided Lean signature/body, making it impossible to verify whether it matches the informal statement's definition of the characteristic polynomial as $\prod_{g\in G}(X-g\cdot b)$.","partial","The formal declaration appears to generalize beyond the informal statement by working with multiplicative semiring actions on commutative rings rather than specifically defining a characteristic polynomial for an element b in a set B acted upon by a group G, and the formal slogan emphasizes the finiteness requirement more prominently than the informal statement does."
"147","f7012ee2-5aee-46dc-bd60-a3ab707687d1","6d55d195-d69f-4ead-8bc1-524f4f29daef","2.3.28","RemyDegenne/brownian-motion","ProbabilityTheory.isStable_martingale","correct","The formal declaration correctly states that the class of processes that are both martingales and càdlàg is stable under stopping (i.e., `IsStable` holds for the property `Martingale X 𝓕 P ∧ ∀ ω, IsCadlag (fun x => X x ω)`), which matches the informal statement that càdlàg martingales remain martingales after stopping at any stopping time.","partial","The formal declaration correctly captures the stability of cadlag martingales under stopping, but it requires additional typeclass assumptions (SecondCountableTopology, BorelSpace, Approximable, etc.) that are not mentioned in the informal statement, making it more restrictive in scope than the informal version suggests."
"148","b97526b9-9b7c-454f-9e88-6786a5183e1c","b9ba7a72-d050-45ba-bb36-19c129de92d8","3.18","leanprover-community/sphere-eversion","RelMfld.localize","correct","The formal declaration `RelMfld.localize` faithfully implements the informal statement's concept of pulling back a relation from larger manifolds (M, N) to smaller embedded regions (X, Y) via open smooth embeddings, using the inverse image under the transfer map ψ_{g,h} as described in the informal text.","partial","The formal declaration correctly captures the pullback of a differential relation via open smooth embeddings, but it abstracts away the explicit formulas for the transfer map ψ_{g,h} and the section operator Ψ_{g,h} that are central to the informal statement, presenting only the type signature of the localize operation rather than its computational definition."
"149","80eccec9-5c48-4146-9d6f-3f00abe3514d","63c1afee-ff97-4bfc-9888-69f32046d81f","3.10","leanprover-community/sphere-eversion","Bundle.ContinuousLinearMap.vectorBundle","partial","The formal declaration generalizes the informal statement by using continuous semilinear maps with a ring homomorphism σ between different normed fields 𝕜₁ and 𝕜₂, whereas the informal statement describes only linear maps between fibers over the same field, making the formal version more general than what was informally stated.","partial","The formal declaration generalizes the informal statement from linear maps to continuous semilinear maps with respect to a ring homomorphism σ, and requires additional technical conditions (topological structures, fiber bundle properties, metric properties) that are implicit in the informal statement but made explicit in the formal version."
"150","ce980358-848c-48a2-8e7f-2879464afad2","84815589-5d9a-4e2b-8674-dba32615c863","1.6.11","RemyDegenne/brownian-motion","ProbabilityTheory.HasIndepIncrements","correct","The formal declaration defines a property for stochastic processes X : T → Ω → E with the necessary structure (preorder on T, subtraction on E, measurable spaces) that matches the informal definition of independent increments over non-overlapping time intervals, though the full definition of independence would be in the body rather than just the type signature.","correct","The formal signature faithfully captures the informal definition: it declares a predicate on stochastic processes X : T → Ω → E with a preorder on times and subtraction on values, which will be defined to assert that successive increments are independent for all increasing sequences of times, matching the informal statement exactly."
