"min_sim","sim_f2i","sim_i2f","is_blueprint_gold","informal_sid","informal_paper_title","informal_paper_external_id","informal_ref","informal_lean_annotation","informal_slogan","formal_sid","formal_decl_name","formal_module","formal_paper_title","formal_paper_external_id","formal_slogan"
"0.9882380003837885","0.9882380003837885","0.9882384538650513","True","81f6d543-ecd1-463f-9949-9edb2aae5182","Fermat's Last Theorem","ImperialCollegeLondon/FLT","5.33","Hurwitz.quot_rem","For any two Hurwitz quaternions a and b, where b is not zero, there are quaternions q and r such that a equals q times b plus r, and the norm of r is less than the norm of b.","e0de42df-ed6d-40c5-9a06-711036f8cf78","Hurwitz.quot_rem","FLT.Data.Hurwitz","FLT","FLT","For any two elements a and b in the Hurwitz quaternions, where b is not zero, there exist elements q and r such that a equals q times b plus r, and the norm of r is strictly less than the norm of b."
"0.97497978393764","0.97497978393764","0.9749799966812134","True","b3205137-2cfa-4977-86eb-fa3b3ea1aa99","The Polynomial Freiman-Ruzsa Conjecture","teorth/pfr","12.14","multiDist_indep","If multiple random variables are independent, the multidistance measure equals the entropy of their sum minus the average of their individual entropies.","a9714080-8239-4f82-8d5d-a69e85118f9f","multiDist_indep","PFR.MoreRuzsaDist","pfr","pfr","If a list of random variables are independent, the multi-distance measure equals the entropy of their sum minus the average of their individual entropies."
"0.9733095860303742","0.9733095860303742","0.9733104705810547","True","f6dd0825-624c-4da7-9b3d-67d2fcaff7d2","Brownian motion project","RemyDegenne/brownian-motion","2.1.17","MeasureTheory.Submartingale.monotone_convex_comp","If X is a submartingale and phi is a convex, continuous, increasing function such that phi applied to each X_t is integrable, then the composition phi(X) is also a submartingale.","9f1c46bf-1e92-4a64-8962-5e429ec03dc0","MeasureTheory.Submartingale.monotone_convex_comp","BrownianMotion.Auxiliary.Martingale","brownian-motion","brownian-motion","If X is a submartingale and φ is a continuous, convex, and increasing function such that φ(X_t) is integrable for each time t, then the composition φ(X_t) is also a submartingale with respect to the same filtration."
"0.9632806598683258","0.9632806598683258","0.9632808566093445","True","1aa3400a-baa7-4481-8156-a9dffc6618c9","Brownian motion project","RemyDegenne/brownian-motion","2.2.52","MeasurableSet.nullMeasurableSet_fst","The projection of a measurable set in the product of two measurable spaces onto the first space is universally measurable, provided the second space is standard Borel.","3fe69b04-a0c3-4ebd-a240-1fdbedf520dc","MeasurableSet.nullMeasurableSet_fst","BrownianMotion.Choquet.Capacity","brownian-motion","brownian-motion","The projection of a measurable set in a product space onto the first component is universally measurable, meaning it is null-measurable with respect to any finite measure on the first space. This holds when the second space is a standard Borel space."
"0.9608438014984131","0.9608438415228038","0.9608438014984131","True","f754a74d-b3d6-4cb9-b64c-7d043e3074b5","Toric varieties","YaelDillies/toric","4.1.10","essImage_hopfSpec","The functor Spec maps Hopf algebras over a ring R to affine group schemes over the spectrum of R, and every affine group scheme over Spec R arises in this way up to isomorphism.","3166a4a0-ef09-47b7-ad1c-9c9ecfa8f155","essImage_hopfSpec","Toric.GroupScheme.HopfAffine","toric","toric","The functor Spec sends commutative Hopf algebras over a ring R to affine group schemes over the spectrum of R, and every affine group scheme over Spec R arises this way. A group scheme over Spec R is in the essential image of this functor if and only if it is affine."
"0.9570398763595191","0.9570398763595191","0.9570403099060059","True","e7075b31-20b4-4586-b8ae-9636ad5a27e3","The Polynomial Freiman-Ruzsa Conjecture","teorth/pfr","3.11","ProbabilityTheory.IndepFun.rdist_eq","If two random variables X and Y are independent and take values in a group G, the Ruzsa distance between them is defined as the entropy of their difference minus half the entropy of X and half the entropy of Y.","2c2c8374-17b0-4288-bb2b-cb78dd3d1e78","ProbabilityTheory.IndepFun.rdist_eq","PFR.ForMathlib.Entropy.RuzsaDist","pfr","pfr","If two random variables X and Y with values in a countable abelian group G are independent, then the Ruzsa distance between them equals the entropy of their difference minus half the entropy of X and half the entropy of Y."
"0.9561738673600677","0.9561738673600677","0.9561742544174194","True","05714221-49bb-4172-a7d5-b2b4f638e246","The Polynomial Freiman-Ruzsa Conjecture","teorth/pfr","3.5","ProbabilityTheory.max_entropy_le_entropy_add, ProbabilityTheory.max_entropy_le_entropy_sub","If two independent random variables take values in a group, then the entropy of their sum or difference is at least as large as the entropy of either variable alone.","25eec1bf-dd07-4e34-8713-a84892b52f4c","ProbabilityTheory.max_entropy_le_entropy_add","PFR.ForMathlib.Entropy.Group","pfr","pfr","If two independent random variables take values in a countable additive group, the entropy of their sum is at least as large as the maximum of their individual entropies."
"0.9552758851984899","0.9552758851984899","0.9552761912345886","True","4c9156fd-6567-46a0-993b-708ac0722d52","Toric varieties","YaelDillies/toric","5.1.1","AlgebraicGeometry.ToricVariety","A toric variety over a field k is a scheme X with an action by a torus T, where T is embedded as a dense open subset of X in a way that respects the group action. The torus acts on itself by multiplication, and this action extends to the whole space X. This structure links the geometry of X to the algebraic structure of the torus.","35d92dc2-7179-4c8d-aef4-14c6c9f71a37","AlgebraicGeometry.ToricVariety","Toric.ToricVariety.Defs","toric","toric","A toric variety over a field k is a scheme X that contains a torus T as a dense open subset, where the action of T on itself extends to an action on all of X. The torus T is a group scheme that becomes isomorphic to a product of multiplicative groups after base change to a separable closure of k. The structure involves a scheme X over the spectrum…"
"0.954575777053833","0.9545758596920864","0.954575777053833","False","5cd82bfa-19c8-44de-a7c3-b12cd300302d","The Polynomial Freiman-Ruzsa Conjecture","teorth/pfr","3.26","condRuzsaDist_diff_ofsum_le","The difference in conditional Ruzsa distance between a variable X and the sum Y + Z, given the sum Y + Z + Z', compared to the distance between X and Y, is bounded above by half the sum of the entropies of Y + Z + Z' and Y + Z minus the entropies of Y and Z'. This result compares how adding independent random variables affects the distance measure…","d0cb974d-a24b-4517-b328-6f8c4a4cb8d5","condRuzsaDist_diff_le'","PFR.ForMathlib.Entropy.RuzsaDist","pfr","pfr","For random variables X, Y, and Z taking values in a countable abelian group with certain measurability conditions, where Y and Z are independent, the difference in conditional Ruzsa distances between X and the sum Y+Z versus X and Y alone is bounded above by half the Ruzsa distance between Y and Z plus a term involving the entropies of Y and Z. Sp…"
"0.9541763106507243","0.9541763106507243","0.9541765451431274","True","9d30b74d-11fd-4ba7-8dc6-982ee2785306","The Polynomial Freiman-Ruzsa Conjecture","teorth/pfr","3.25","condRuzsaDist_diff_le, condRuzsaDist_diff_le', condRuzsaDist_diff_le'', condRuzsaDist_diff_le'''","For random variables X, Y, Z in an abelian group of characteristic 2, with Y and Z independent, the difference in Ruzsa distances involving X and the sum Y+Z is bounded above by an expression involving the entropies of Y and Z and their Ruzsa distance. Specifically, the increase in distance when replacing Y with Y+Z or conditioning on Y+Z is contr…","a3305571-5771-4fb6-bbae-0bb6ad37cc68","condRuzsaDist_diff_le","PFR.ForMathlib.Entropy.RuzsaDist","pfr","pfr","If X, Y, Z are random variables in an abelian group, with Y and Z independent, then the difference in Ruzsa distance between X and Y+Z versus X and Y is bounded by half the difference in entropy of Y+Z and Y, which can also be expressed in terms of the Ruzsa distance between Y and Z and the entropies of Y and Z."
"0.9533617752726589","0.9533617752726589","0.9533624649047852","True","201d7cb7-e957-40d1-984c-b3a8160116b8","Sphere Packing in Dimension 8","thefundamentaltheor3m/Sphere-Packing-Lean","1.17","SpherePacking.MainTheorem","The maximum possible density of sphere packings in 8-dimensional space is achieved by the E8 lattice packing.","d3f5ac42-d4ce-496c-ac87-4f6b40a5fb67","SpherePacking.MainTheorem","SpherePacking.MainTheorem","Sphere-Packing-Lean","Sphere-Packing-Lean","The highest possible density of sphere packings in 8-dimensional space is equal to the density achieved by the E8 lattice arrangement. This density is the supremum of all possible packing densities in that dimension. The value is expressed as an extended nonnegative real number."
"0.9530714581393579","0.9530714581393579","0.9530720114707947","True","0ece0a1a-b6d3-41a6-95e8-a79659eb1fd8","The Polynomial Freiman-Ruzsa Conjecture","teorth/pfr","2.14","ProbabilityTheory.cond_chain_rule, ProbabilityTheory.cond_chain_rule'","The conditional entropy of two random variables X and Y given a third variable Z equals the sum of the conditional entropy of Y given Z and the conditional entropy of X given both Y and Z.","0a4ea659-0099-44c2-8bb7-69a8b6e07624","ProbabilityTheory.cond_chain_rule","PFR.ForMathlib.Entropy.Basic","pfr","pfr","The conditional entropy of two random variables X and Y given a third variable Z is equal to the sum of the conditional entropy of Y given Z and the conditional entropy of X given both Y and Z. This rule breaks down the uncertainty of the pair (X, Y) given Z into two parts. It assumes all variables have finite possible values and are measurable."
"0.9520612550587602","0.9520612550587602","0.9520614147186279","True","cffe3be8-34e3-4107-9de9-e043ca04cc89","The Polynomial Freiman-Ruzsa Conjecture","teorth/pfr","11.1","torsion_free_doubling","If G is a torsion-free group and X, Y are random variables taking values in G, then the distance between X and 2Y is at most 5 times the distance between X and Y.","04a861c3-f2a2-4016-9371-58c3ebba856d","torsion_free_doubling","PFR.WeakPFR","pfr","pfr","If G is a torsion-free abelian group and X, Y are random variables taking values in G with finite ranges, then the distance between X and twice Y is at most 5 times the distance between X and Y, measured with respect to their probability distributions."
"0.9519441803555719","0.9519441803555719","0.9519443511962891","True","e61c8f5b-9639-46b0-8f61-93f6b496657e","The Polynomial Freiman-Ruzsa Conjecture","teorth/pfr","12.17","multidist_ruzsa_I","For a tuple of at least two random variables taking values in a group, the sum of the pairwise Ruzsa distances between distinct variables is at most m times (m minus one) times the multidistance of the tuple.","1698f94d-36a3-488f-bc93-2c49d6e05470","multidist_ruzsa_I","PFR.MoreRuzsaDist","pfr","pfr","For a tuple of m random variables taking values in a countable abelian group, the sum of the Ruzsa distances between all distinct pairs is at most m(m-1) times the multidimensional Ruzsa divergence of the tuple."
"0.9508706619620392","0.9508706619620392","0.9508715867996216","True","a95592de-6a8b-4fd1-aefa-2368fe8fc363","Brownian motion project","RemyDegenne/brownian-motion","2.6.71","ProbabilityTheory.IsLocalSubmartingale.doob_meyer","Any cadlag local submartingale can be written as the sum of a cadlag local martingale and a predictable, increasing, cadlag, locally integrable process that starts at zero, and this decomposition is unique almost surely.","2b880fbe-97cc-4889-8b08-1c9752e38384","ProbabilityTheory.IsLocalSubmartingale.doob_meyer","BrownianMotion.StochasticIntegral.DoobMeyer","brownian-motion","brownian-motion","Every cadlag local submartingale can be decomposed into the sum of a cadlag local martingale and a predictable, increasing, cadlag process whose supremum is locally integrable."
"0.9503800272941589","0.9503800448594393","0.9503800272941589","True","28534295-1815-4032-8349-1f5618232bb6","The Polynomial Freiman-Ruzsa Conjecture","teorth/pfr","2.29","ProbabilityTheory.condMutualInfo_eq_zero","If the conditional mutual information between X and Y given Z is zero, then X and Y are conditionally independent given Z, and vice versa. This means that knowing Z, X provides no additional information about Y and Y provides no additional information about X. The result links zero mutual information to conditional independence.","488c5548-5e13-4284-a175-4bbe9273c8cf","ProbabilityTheory.condMutualInfo_eq_zero","PFR.ForMathlib.Entropy.Basic","pfr","pfr","The conditional mutual information between two random variables X and Y given a third variable Z is zero if and only if X and Y are conditionally independent given Z. This means that knowing Z, the value of X provides no additional information about Y and vice versa. The result holds under standard measurability and finiteness conditions on the va…"
"0.9494989672175856","0.9494989672175856","0.9494990110397339","True","9f0cd73a-f23d-4a55-82ef-223d7eaf9144","Brownian motion project","RemyDegenne/brownian-motion","2.3.38","ProbabilityTheory.classD_of_uniformIntegrable_bounded_stoppingTime","If a stochastic process is progressively measurable and the collection of its values at bounded stopping times is uniformly integrable, then the process belongs to class D.","68b74f1a-9c41-4bb6-912f-f1fd909bf3b6","ProbabilityTheory.classD_of_uniformIntegrable_bounded_stoppingTime","BrownianMotion.StochasticIntegral.ClassD","brownian-motion","brownian-motion","If the values of a stochastic process stopped at any bounded stopping time are uniformly integrable, and the process is progressively measurable, then the process is of class D, meaning it is adapted and the collection of its values at all finite stopping times is uniformly integrable."
"0.9487108337247316","0.9487108337247316","0.9487115144729614","True","49bb084d-90a4-4b0a-b74f-cd5f0b43fbb3","The Polynomial Freiman-Ruzsa Conjecture","teorth/pfr","3.1","ProbabilityTheory.entropy_neg","The entropy of a random variable that takes values in a group is the same as the entropy of its negation. This means flipping the sign of the variable does not change its uncertainty or information content.","be12d44e-a0f6-4162-abb7-200a1ee6b0b0","ProbabilityTheory.entropy_neg","PFR.ForMathlib.Entropy.Group","pfr","pfr","If X is a random variable taking values in a countable additive group G, then the entropy of -X is the same as the entropy of X. This means reversing the sign of a symmetric random variable does not change its uncertainty. The result follows because negation is an injective operation in such groups."
"0.9484307947955971","0.9484307947955971","0.9484310746192932","True","97be675e-e394-42b8-aa3b-70eed709d95b","The Polynomial Freiman-Ruzsa Conjecture","teorth/pfr","12.49","torsion_PFR","If a non-empty set A in a finite abelian group G with torsion m has a small sumset (A+A is at most K times the size of A), then A can be covered by at most m times K raised to the power 256m cubed plus one translates of a subgroup H, where H has size at most the size of A.","f0bb89db-9753-4624-a659-65328c0db721","torsion_PFR","PFR.TorsionEndgame","pfr","pfr","If G is a finite abelian group where every element added to itself m times gives zero, and A is a non-empty subset of G such that the sumset A+A is not much larger than A (bounded by a factor K), then A can be covered by fewer than m times K raised to the power 256*m^3 + 1 translates of some subgroup H of G, where H has size at most the size of A."
"0.947889350318173","0.947889350318173","0.9478896856307983","True","8b3d769b-4a18-4561-b25c-900ecd883a11","Toric varieties","YaelDillies/toric","4.1.5","AlgebraicGeometry.Scheme.asOver.instIsCommMonObj, AlgebraicGeometry.Scheme.asOver.instCommGrpObj","If A is a cocommutative bialgebra over a ring R, then the spectrum of A forms a commutative monoid scheme.","85041845-43c7-4616-b144-b6a8c04a9509","AlgebraicGeometry.Scheme.asOver.instIsCommMonObj","Toric.GroupScheme.HopfAffine","toric","toric","If A is a commutative bialgebra over a commutative ring R and the coalgebra structure on A is cocommutative, then the spectrum of A as a scheme over the spectrum of R forms a commutative monoid object in the category of schemes over Spec(R)."
"0.9476677503623631","0.9476677503623631","0.9476680755615234","True","4b80bac3-0a6a-4dc1-97a7-b175269a09d8","The Polynomial Freiman-Ruzsa Conjecture","teorth/pfr","13.41","better_PFR_conjecture","If a non-empty finite set A in the vector space F_2^n has a small sumset, meaning the size of A+A is at most K times the size of A, then A can be covered by at most 2K^9 copies of a subgroup H, where H has size at most the size of A.","330432e0-a881-4578-ab9f-303d1599874a","better_PFR_conjecture","PFR.RhoFunctional","pfr","pfr","If a non-empty finite set A in a vector space over the field with two elements has a small sumset (the set of all pairwise sums of elements in A is at most K times larger than A), then A can be covered by at most 2K^9 translates of some subgroup H whose size is no larger than that of A."
"0.946098216894644","0.946098216894644","0.9460983276367188","True","7bf4b7b2-87e2-4846-b7aa-0527da897cc0","Toric varieties","YaelDillies/toric","4.1.8","essImage_algSpec","The image of the spectrum functor from R-algebras to schemes over Spec R consists exactly of those schemes that are affine over Spec R.","25d31124-c8cf-43da-b473-8bf8dbfd27d8","essImage_algSpec","Toric.GroupScheme.HopfAffine","toric","toric","The functor that sends R-algebras to their spectra gives exactly those schemes over Spec R which are affine; a scheme over Spec R is in the essential image of this functor if and only if it is affine."
"0.9448614552949758","0.9448614552949758","0.944861888885498","True","0acc4901-9789-4f94-8f48-267a53c7f521","The Polynomial Freiman-Ruzsa Conjecture","teorth/pfr","12.9","ent_of_sum_le_ent_of_sum","The entropy of the sum of independent random variables Y_j is at most the entropy of the sum of independent random variables X_i plus the sum over j of the difference between the entropy of (Y_j minus X_f(j)) and the entropy of X_f(j).","3db7d0b9-e918-45d9-ae8b-d1d422e4e661","ent_of_sum_le_ent_of_sum","PFR.MoreRuzsaDist","pfr","pfr","If you have two sets of independent random variables X_i and Y_j, and each Y_j is paired with some X_f(j), then the entropy of the sum of the Y_j's is at most the entropy of the sum of the X_i's plus the sum of the entropies of the differences (Y_j - X_f(j)) minus the entropies of the corresponding X_f(j)."
"0.9439655188463176","0.9439655188463176","0.9439663887023926","True","dd1233a3-15aa-4e32-a7ea-bf64de0c199d","Sphere Packing in Dimension 8","thefundamentaltheor3m/Sphere-Packing-Lean","1.14","periodic_constant_eq_constant","For every dimension d, the highest possible density of sphere packings that repeat periodically in d-dimensional space is the same as the highest possible density of all sphere packings in that space, whether periodic or not.","88e4f18b-40cd-4552-a2dd-bb369290459a","periodic_constant_eq_constant","SpherePacking.Basic.PeriodicPacking","sphere-packing-math-inc","sphere-packing-math-inc","In any positive dimension d, the highest possible density of a periodic arrangement of non-overlapping spheres is the same as the highest density achievable by any arrangement, periodic or not. This means restricting to periodic patterns does not reduce the maximum packing density. The result equates two ways of measuring optimal sphere packing de…"
"0.9425275652060635","0.9425275652060635","0.9425278306007385","True","1c8ac708-bf73-4fda-aec0-5aa48a6f2a31","Carleson operators on doubling metric measure spaces","fpvandoorn/carleson","11.1.9","lower_secant_bound'","If x is a real number between -2 pi + eta and 2 pi - eta, with absolute value at least eta and eta positive, then the distance between 1 and the complex number e to the i x is at least 2 over pi times eta.","23f7d6c6-6e56-4988-ba8b-07e72e8f5402","lower_secant_bound'","Carleson.Classical.Basic","carleson","carleson","For real numbers x and eta where eta is between 0 and pi, and the absolute value of x is at least eta and at most 2*pi - eta, the distance between 1 and the complex number exp(i*x) on the unit circle is at least (2/pi)*eta."
"0.9422760158225408","0.9422760158225408","0.9422764778137207","True","111c5144-bb97-4d68-b593-72c50cf4d61a","Carleson operators on doubling metric measure spaces","fpvandoorn/carleson","11.3.4","integrable_bump_convolution","If g is a bounded measurable periodic function bounded by a specific kernel k_r and f is another bounded measurable periodic function, then the L2 norm of their convolution h over one period is at most 17 times the L2 norm of f over the interval from -pi to pi.","6c3cbe1d-68fa-4911-a5b5-f4746cf9aa43","integrable_bump_convolution","Carleson.Classical.HilbertStrongType","carleson","carleson","If f and g are bounded, periodic functions on the real line, and g is dominated by a nice kernel function scaled by r between 0 and pi, then the L2 norm of their convolution over one period is at most 17 times the L2 norm of f over the same interval."
"0.9416205702005576","0.9416205702005576","0.941620945930481","True","539bbdb9-a4a3-4386-9d14-3feda9a7da7a","Brownian motion project","RemyDegenne/brownian-motion","1.5.22","HasBoundedCoveringNumber.subset","If a set A has a bounded internal covering number with constant c and exponent d, then every subset B of A also has a bounded internal covering number with constant 2 raised to the power d times c and the same exponent d.","0b1ded1d-be61-44a6-a500-13079cda9c38","HasBoundedCoveringNumber.subset","BrownianMotion.Continuity.HasBoundedInternalCoveringNumber","brownian-motion","brownian-motion","If a set A has a bounded covering number with constant c and exponent d, then any subset B of A also has a bounded covering number with constant (2^d * c) and the same exponent d, provided d is non-negative."
"0.9415793498765969","0.9415793498765969","0.941580057144165","True","39f30a47-9121-4485-bea5-fb933b7233fc","The Polynomial Freiman-Ruzsa Conjecture","teorth/pfr","3.17","ent_of_diff_le","If X, Y, and Z are random variables taking values in a group G, and the pair (X,Y) is independent of Z, then the entropy of the difference X minus Y is at most the sum of the entropies of X minus Z and Z minus Y, minus the entropy of Z.","c685d1fa-ada6-4563-8e04-3ed3c138680d","ent_of_diff_le","PFR.ForMathlib.Entropy.RuzsaDist","pfr","pfr","If X, Y, Z are independent random variables taking values in a countable abelian group, and each has only finitely many possible values, then the entropy of X - Y is at most the sum of the entropies of X - Z and Z - Y, minus the entropy of Z."
"0.940116093737917","0.940116093737917","0.9401165246963501","True","cc6bba2a-199a-4372-b14a-d638aa4e3961","The Polynomial Freiman-Ruzsa Conjecture","teorth/pfr","13.18","rho_of_subgroup","If H is a finite subgroup of G and the rho value of U_H is at most r, then there is some shift t such that the intersection of A with the shifted subgroup H+t has size at least e^-r times the square root of |A| times |H|, and the ratio |H|/|A| is between e^-2r and e^2r.","a510f1e3-13cb-4690-9279-8c48cabcb966","rho_of_subgroup","PFR.RhoFunctional","pfr","pfr","If H is a finite subgroup of G and the rho value of a uniform random variable over H is at most r, then there exists a shift t such that the intersection of set A with the shifted subgroup (H + t) has size at least e^(-r) times the square root of |A| times |H|, and the sizes of A and H are within a factor of e^(2r) of each other."
"0.9399347580915361","0.9399347580915361","0.9399351477622986","True","47d26d6b-eeda-4085-9e54-7776c44a69e4","Brownian motion project","RemyDegenne/brownian-motion","1.5.24","edist_nearestPt_le","For any point x and a finite set S in a space E, the distance from x to its nearest point in S is less than or equal to the distance from x to any other point in S.","12d3f14d-cae0-490c-8db3-805f92504e89","edist_nearestPt_le","BrownianMotion.Continuity.Chaining","brownian-motion","brownian-motion","The distance from a point x to its nearest point in a finite set s is less than or equal to the distance from x to any point y in s."
"0.9398228746686157","0.9398228746686157","0.9398232698440552","True","fa022adc-9208-42a4-80a4-4156b129185c","The Polynomial Freiman-Ruzsa Conjecture","teorth/pfr","3.16","ent_of_proj_le","For a random variable X taking values in an additive group G, and a finite subgroup H of G, the entropy of the projection of X onto the quotient group G/H is at most twice the statistical distance between X and the uniform distribution on H.","9c9e56f5-4b55-4694-a200-526dee5d55ea","ent_of_proj_le","PFR.ForMathlib.Entropy.RuzsaDist","pfr","pfr","If X is a random variable taking values in an additive group G, and H is a finite subgroup of G, then the entropy of the projection of X onto the quotient group G/H is at most twice the Ruzsa distance between X and a random variable uniformly distributed on H."
"0.9377175034512835","0.9377175034512835","0.9377181529998779","True","cf4f931a-52c7-462e-ac53-c9aa4e86fd69","Brownian motion project","RemyDegenne/brownian-motion","2.3.1","ProbabilityTheory.IsPreLocalizingSequence","A pre-localizing sequence is a sequence of stopping times that almost surely increases to infinity as the index goes to infinity.","24e11da1-9148-4c65-a6ac-79a31ffd0f68","ProbabilityTheory.IsPreLocalizingSequence","BrownianMotion.StochasticIntegral.LocalizingSequence","brownian-motion","brownian-motion","A pre-localizing sequence is a sequence of stopping times, indexed by natural numbers, such that for almost every outcome, the values of the sequence eventually increase without bound, approaching infinity. It is defined with respect to a filtration on a measurable space and a probability measure, ensuring compatibility with the underlying stochas…"
"0.9365705123181409","0.9365705123181409","0.9365711808204651","True","82cf29b7-f754-4479-b400-9fdee50147f2","The Polynomial Freiman-Ruzsa Conjecture","teorth/pfr","13.7","KLDiv_add_le_KLDiv_of_indep","If X, Y, and Z are independent random variables taking values in a group G, then the Kullback-Leibler divergence between X+Z and Y+Z is less than or equal to the Kullback-Leibler divergence between X and Y.","b50aa214-e0b5-47e1-80ec-fab52db3ef0f","KLDiv_add_le_KLDiv_of_indep","PFR.Kullback","pfr","pfr","If X, Y, and Z are independent random variables taking values in a finite additive group, and Z is independent of the pair (X, Y), then the Kullback-Leibler divergence between the distributions of X + Z and Y + Z is less than or equal to the divergence between X and Y. This means adding an independent random variable Z to both X and Y does not inc…"
"0.9363997071416859","0.9363997071416859","0.9363999962806702","True","ffbf49bf-1c14-4640-8053-8da85a0dc5da","Toric varieties","YaelDillies/toric","2.3.30","commGrpAlg","For a commutative ring R, there is a functor that sends each group G to the group algebra R[G], mapping from the category of groups to the category of Hopf algebras over R.","8da1ed26-6862-4533-9eba-ebec974f7bfa","commGrpAlg","Toric.Hopf.GrpAlg","toric","toric","commGrpAlg takes a commutative ring R and produces a functor that maps each commutative group to its group algebra over R, which naturally has the structure of a commutative Hopf algebra; this functor sends group homomorphisms to corresponding maps between Hopf algebras."
"0.9362910985946655","0.936291294070659","0.9362910985946655","True","9edc8aa8-8685-4049-8b9c-87eebc8e401b","Brownian motion project","RemyDegenne/brownian-motion","1.5.21","coveringNumber_Icc_zero_one_le_one_div","The unit interval from 0 to 1 can be covered by at most 1/ε intervals of length 2ε when ε is less than or equal to 1.","88327bc8-7d16-44e2-a69c-ac1223548b7b","coveringNumber_Icc_zero_one_le_one_div","BrownianMotion.Continuity.CoveringNumber","brownian-motion","brownian-motion","The smallest number of intervals of length 2ε needed to cover the interval from 0 to 1 is at most 1 divided by ε, when ε is between 0 and 1."
"0.9362659454345703","0.9362661079806046","0.9362659454345703","True","88777bd1-5a9b-4351-bb8c-d69417f8b368","Sphere Packing in Dimension 8","thefundamentaltheor3m/Sphere-Packing-Lean","1.8","SpherePacking.scale_density","The density of a sphere packing does not change when all the spheres are scaled by the same positive factor. Scaling the entire packing uniformly preserves how tightly the spheres are packed. This means the proportion of space filled by the spheres remains constant.","cc8e4cf7-aeef-4782-99fd-119a8d1d33c1","SpherePacking.scale_density","SpherePacking.Basic.SpherePacking","sphere-packing-math-inc","sphere-packing-math-inc","Scaling a sphere packing in d-dimensional space by a positive factor does not change its density, because the proportion of space filled by the spheres remains the same even as all positions are uniformly scaled."
"0.9362569229680008","0.9362569229680008","0.9362573623657227","True","afd272af-03e5-475a-b17d-c04bd4d1a68d","Class Field Theory","kbuzzard/ClassFieldTheory","63","Rep.tateCohomology_of_trivialCohomology, Rep.trivialHomology_of_trivialCohomology","If a representation of a finite group has trivial cohomology, then its Tate cohomology is also trivial.","45293f34-bba0-489d-a4a3-ca36bc4626ca","Rep.tateCohomology_of_trivialCohomology","ClassFieldTheory.Cohomology.TrivialityCriterion","ClassFieldTheory","ClassFieldTheory","If a group representation has trivial cohomology, then its Tate cohomology is also trivial, provided the group is finite and the representation is over a commutative ring."
"0.9360612367529808","0.9360612367529808","0.9360619783401489","True","8dae7da5-3c9d-4a41-a8b1-a2bf42951d68","The Polynomial Freiman-Ruzsa Conjecture","teorth/pfr","10.6","card_of_dual_constrained","In a finite abelian group where every element has order a power of 2, for any non-zero element x, exactly half of the homomorphisms from the group to the integers modulo 2 map x to 1.","9069213c-eb4f-419f-8780-d999cda9d48b","card_of_dual_constrained","PFR.ApproxHomPFR","pfr","pfr","For a finite abelian group G where every element added to itself gives zero, and for any nonzero element x in G, the number of group homomorphisms from G to the integers mod 2 that send x to 1 is exactly half the size of G."
"0.9359671810034083","0.9359671810034083","0.9359673261642456","True","ca3394c0-81f0-4aa5-a2f4-73a9c3f7dbc8","Brownian motion project","RemyDegenne/brownian-motion","2.2.36","MeasureTheory.IsMeasurableAnalytic, MeasureTheory.IsMeasurableAnalyticFor","A set is measurably analytic if it can be obtained as the projection of a measurable set from the product space of the original space and the real numbers. More generally, a set is measurably analytic for a space K if it is the projection of a measurable set from the product of the original space and K.","ae01551b-7fa2-40d9-98c4-2204db6e75ea","MeasureTheory.IsMeasurableAnalytic","BrownianMotion.Choquet.AnalyticSet","brownian-motion","brownian-motion","A set is measurably analytic if it can be obtained as the projection of a measurable set from the product space formed by combining the original space with the real numbers, where the real numbers carry their standard Borel measurable structure. This means the set arises from a measurable subset of a higher-dimensional space by ""forgetting"" the ex…"
"0.9349049179162522","0.9349049179162522","0.9349051713943481","True","c00e4e7e-cf17-4174-a907-1f3760997570","The sphere eversion project","leanprover-community/sphere-eversion","3.17","HtpyFormalSol","A homotopy of formal solutions is a smoothly varying family of sections over time, where each section at any fixed time is a formal solution to a given relation.","a850ae41-47a1-4620-ae0e-31cdd3817a5a","HtpyFormalSol","SphereEversion.Global.Relation","sphere-eversion","sphere-eversion","A homotopy of formal solutions is a continuous family of formal solutions parameterized by real numbers, where each solution satisfies a given differential relation between manifolds at every point in time."
"0.9338775039507287","0.9338775039507287","0.9338780641555786","False","c79eef94-3cf7-4431-8ca4-828983b44d13","The Polynomial Freiman-Ruzsa Conjecture","teorth/pfr","13.26","rho_of_sum_le","If two independent random variables X and Y are added together, the rho value of their sum is at most half the sum of their individual rho values plus half their dependence measure d[X;Y].","47a6ae90-269f-42f2-9780-94c4c850bdb7","rho_of_sum","PFR.RhoFunctional","pfr","pfr","If two random variables X and Y are independent, the rho value of their sum is at most the rho value of X plus half the difference between the entropy of their sum and the entropy of X."
"0.9328888437610253","0.9328888437610253","0.9328894019126892","False","171654d5-a887-42a5-a7fb-6e7c6e8c55db","Brownian motion project","RemyDegenne/brownian-motion","1.5.59","ProbabilityTheory.lintegral_sup_rpow_edist_le_sum","For a stochastic process satisfying the Kolmogorov continuity condition with exponents p and q and constant M, the expected value of the supremum of the p-th power of distances between process values at points in a sequence of finite covers is bounded above by a constant multiple of the p-th power of a sum involving the sizes of the covers and the…","f9f21214-66ad-407f-845b-8ab001fa3dc7","ProbabilityTheory.lintegral_sup_rpow_edist_le_sum_of_le_one","BrownianMotion.Continuity.IsKolmogorovProcess","brownian-motion","brownian-motion","For a stochastic process satisfying a Kolmogorov-type condition with exponent q and constant M, the expected value of the supremum of the p-th power of distances between process values at points and their approximations through a chaining sequence is bounded above by a sum involving the sizes of finite covers and the radii of those covers raised t…"
"0.9315647948850396","0.9315647948850396","0.9315654039382935","True","ed9edf4a-8817-42c2-acd4-f7eddb80a56b","Brownian motion project","RemyDegenne/brownian-motion","2.1.50","MeasureTheory.UniformIntegrable.condExp'","If a collection of functions is uniformly integrable, then the set of their conditional expectations with respect to any family of sigma-algebras is also uniformly integrable.","05dd0dca-57a4-41cc-a0ee-f85e653daaae","MeasureTheory.UniformIntegrable.condExp'","BrownianMotion.StochasticIntegral.UniformIntegrable","brownian-motion","brownian-motion","If a family of functions is uniformly integrable with respect to a finite measure, then the family of their conditional expectations over a collection of sub-sigma-algebras is also uniformly integrable with respect to the same measure."
"0.9308592276168346","0.9308592276168346","0.9308594465255737","False","148afe52-f769-46d6-8aa4-d008c269af17","Brownian motion project","RemyDegenne/brownian-motion","2.3.34","ProbabilityTheory.ClassDL","A stochastic process is of class DL if it is progressively measurable and, for every fixed time t, the collection of its values at all stopping times up to t forms a uniformly integrable set.","6fe24afc-b35d-41f1-bc3c-499d75445682","MeasureTheory.Integrable.classDL","BrownianMotion.StochasticIntegral.ClassD","brownian-motion","brownian-motion","If a stochastic process is progressively measurable and, for each time t, the supremum of the norm of the process up to t is integrable, then the process is of class DL, meaning its stopped values up to any time form a uniformly integrable family."
"0.9296753005262733","0.9296753005262733","0.9296761751174927","True","a4dee7c9-88d4-4d97-b61e-da2e2109222f","The Polynomial Freiman-Ruzsa Conjecture","teorth/pfr","11.4","PFR_projection'","For random variables X and Y taking values in the d-dimensional vector space over the finite field with two elements, there exists a subgroup H such that the logarithm of the size of H is bounded in terms of the entropies of X and Y, and the sum of the entropies of their projections modulo H is bounded by a constant multiple of the dimension d tim…","e4e0eff3-7c7d-4272-94af-dcdc2dfc7048","PFR_projection'","PFR.WeakPFR","pfr","pfr","For random variables X and Y taking values in the group (Z/2Z)^d, and for any alpha between 0 and 1, there exists a subgroup H of (Z/2Z)^d such that the logarithm of the size of H is bounded by a constant multiple of the sum of the entropies of X and Y, and the sum of the entropies of the projections of X and Y onto the quotient group (Z/2Z)^d / H…"
"0.929446992374264","0.929446992374264","0.9294477105140686","True","7226b099-62b0-4f93-9979-92679e7307f5","The Polynomial Freiman-Ruzsa Conjecture","teorth/pfr","10.4","approx_hom_pfr","If a function between two finite abelian 2-groups satisfies the homomorphism property f(x+y) = f(x) + f(y) for at least a 1/K fraction of all pairs (x,y), then the function is close to an affine function: it agrees with some function of the form phi(x) + c on at least a 1/(2^144 * K^122) fraction of the group elements, where phi is a true homomorp…","7c70b15a-7ee2-47a6-8715-0a9affdaa1e1","approx_hom_pfr","PFR.ApproxHomPFR","pfr","pfr","If a function between two finite abelian groups of exponent 2 approximately preserves addition for at least a 1/K fraction of input pairs, then it is close to a true group homomorphism plus a constant shift, matching this homomorphism plus constant on at least a 1/(2^144 * K^122) fraction of the group."
"0.9285463866898407","0.9285463866898407","0.928546667098999","True","248afe9e-9ba4-4008-9305-61b79f93fedb","Sphere Packing in Dimension 8","thefundamentaltheor3m/Sphere-Packing-Lean","1.13","PeriodicSpherePackingConstant","The periodic sphere packing constant in d dimensions is the highest possible density achieved by any periodic arrangement of non overlapping spheres in d dimensional space. It is found by taking the supremum of the density over all periodic packings in R d.","2dca38dd-df8a-4e27-ae56-bb8ba9adaf70","PeriodicSpherePackingConstant","SpherePacking.Basic.SpherePacking","sphere-packing-math-inc","sphere-packing-math-inc","The PeriodicSpherePackingConstant in dimension d is the least upper bound of the densities of all periodic sphere packings in that dimension, where density measures how much space the spheres fill. It is expressed as a value in the extended non-negative real numbers (ENNReal)."
"0.9283521984958074","0.9283521984958074","0.9283524751663208","True","3e849e2c-75c1-495b-a72b-a896c61b7a42","Toric varieties","YaelDillies/toric","2.3.22","Bialgebra.IsDiagonalisable","A bialgebra is diagonalizable if it has the same structure as a group algebra. This means its elements and operations can be matched exactly with those of a group algebra. Diagonalizable bialgebras inherit properties from group algebras, such as commutativity or basis elements corresponding to group elements.","025faf14-5ea4-4837-8773-3435ecc98e34","Bialgebra.IsDiagonalisable","Toric.Hopf.Diagonalisable","toric","toric","A bialgebra is diagonalisable if it has the same structure as a group algebra over a commutative ring. This means there is a bijective correspondence between the bialgebra and a group algebra that preserves operations. The property depends on the base ring being commutative and the algebra having a compatible bialgebra structure."
"0.9274787306785583","0.9274788891614915","0.9274787306785583","False","7b1668f3-2287-4e2e-b23b-4fb44b82e85e","Brownian motion project","RemyDegenne/brownian-motion","2.2.31","MeasurableSet.isPavingAnalytic_Icc_real","Every measurable subset of the real numbers is analytic with respect to the family of closed intervals on the real line. This means the collection of measurable sets is contained within the class of analytic sets generated by closed intervals.","252314e7-fe73-4c52-ace0-03c6772551da","MeasureTheory.IsPavingAnalytic_measurableSet_iff_isPavingAnalytic_Icc","BrownianMotion.Choquet.AnalyticSet","brownian-motion","brownian-motion","A set of real numbers is analytic with respect to the collection of all measurable sets if and only if it is analytic with respect to the collection of all closed intervals. This means that the property of being an analytic set does not change when you switch between using general measurable sets and just closed intervals in the definition. The eq…"
"0.926953661497125","0.926953661497125","0.9269539713859558","True","f359642c-959a-426a-bae9-e4618654701e","Sphere Packing in Dimension 8","thefundamentaltheor3m/Sphere-Packing-Lean","3.11","E8Packing_density","The density of the E8 lattice sphere packing in 8-dimensional space is equal to pi to the fourth power divided by 384.","ec3abeca-54a6-4546-9ef2-58a68889d08a","E8Packing_density","SpherePacking.Basic.E8","sphere-packing-math-inc","sphere-packing-math-inc","The density of the E8 sphere packing in 8-dimensional space is equal to pi raised to the fourth power, divided by 384, where density measures the proportion of space filled by the spheres in the packing. This value is expressed as a nonnegative real number, possibly infinite, using the extended nonnegative real number system. The result confirms t…"
"0.9259745478630066","0.9259746257915275","0.9259745478630066","True","edbc07ba-a5d8-4f46-9c77-660a58a13d9a","Brownian motion project","RemyDegenne/brownian-motion","2.3.2","ProbabilityTheory.IsLocalizingSequence","A localizing sequence is a sequence of stopping times that increases over time and eventually reaches infinity almost surely.","14ce5d66-43d0-4c4a-99b6-c2afb92eb11e","ProbabilityTheory.IsLocalizingSequence","BrownianMotion.StochasticIntegral.LocalizingSequence","brownian-motion","brownian-motion","A localizing sequence is a sequence of stopping times that increases almost surely and goes to infinity almost surely, with respect to a given filtration and probability measure. It combines the conditions of being a pre-localizing sequence with almost sure monotonicity over time. The sequence takes values in a preordered, topological index type e…"
"0.9254711583335106","0.9254711583335106","0.9254711866378784","True","ce405e00-d539-4081-b616-f7ac0e5a1272","The Polynomial Freiman-Ruzsa Conjecture","teorth/pfr","2.3","ProbabilityTheory.entropy_le_log_card, ProbabilityTheory.entropy_le_log_card_of_mem","If X is a random variable taking values in a finite set S, then the entropy of X is less than or equal to the logarithm of the size of S.","8ddd6bef-7bda-4374-8009-9251ecca0a0d","ProbabilityTheory.entropy_le_log_card_of_mem","PFR.ForMathlib.Entropy.Basic","pfr","pfr","If a random variable X takes values in a finite set A almost surely, then its entropy is less than or equal to the natural logarithm of the number of elements in A."
"0.9253279700288974","0.9253279700288974","0.9253281950950623","True","21f3a427-f67e-490c-87a7-70c17f68eb31","The Polynomial Freiman-Ruzsa Conjecture","teorth/pfr","11.5","PFR_projection","For random variables X and Y taking values in the vector space F_2^d, there exists a subgroup H of F_2^d such that the size of H is bounded in terms of the entropies of X and Y, and the sum of the entropies of the projected variables X and Y onto the quotient space G/H is at most 34 times the dimension d times their mutual information.","f60acedd-3158-4cec-9708-b5f4da038d41","PFR_projection","PFR.WeakPFR","pfr","pfr","If X and Y are random variables taking values in the group of d-dimensional binary vectors, then there exists a subgroup H of this group such that the logarithm of the size of H is at most twice the sum of the entropies of X and Y, and the sum of the entropies of the projections of X and Y onto the quotient group G/H is at most 34 times the mutual…"
"0.9251951162044366","0.9251951162044366","0.9251954555511475","True","f7544ad3-7504-44d5-ae84-cc2e4d725cbe","Brownian motion project","RemyDegenne/brownian-motion","2.1.72","MeasureTheory.tendsto_stoppedValue_discreteApproxSequence","If a process is right continuous and you have a sequence of stopping times that approximate a given stopping time from above, then the values of the process at these approximating times converge almost surely to the value at the stopping time.","288e068b-ea9a-4187-9cf8-cb2f978fd0ce","MeasureTheory.tendsto_stoppedValue_discreteApproxSequence","BrownianMotion.StochasticIntegral.ApproxSeq","brownian-motion","brownian-motion","For a right-continuous process X and a stopping time τ, if τn is a sequence of discrete approximations of τ that converges to τ from above almost surely, then the stopped values of X at τn converge almost surely to the stopped value of X at τ as n goes to infinity."
"0.9249749779701233","0.9249750707718576","0.9249749779701233","True","70eca2d9-ab9b-40dc-b9d9-c599276468d9","Class Field Theory","kbuzzard/ClassFieldTheory","56","Representation.herbrandQuotient, Rep.herbrandQuotient","For a finite cyclic group G and a representation M, the Herbrand quotient is the ratio of the size of the 0th Tate cohomology group to the size of the 1st Tate cohomology group; if either group is infinite, the quotient is defined to be 0. This quotient is well-defined due to the periodicity of Tate cohomology, which repeats every two degrees.","5891ceb5-39b2-44d3-8937-a08c03b9dc4c","Representation.herbrandQuotient","ClassFieldTheory.Cohomology.FiniteCyclic.HerbrandQuotient.Defs","ClassFieldTheory","ClassFieldTheory","The Herbrand quotient of a representation is the ratio of the size of its zeroth Tate cohomology group to the size of its minus-first Tate cohomology group, both of which are finite groups when the group is finite and cyclic. It is defined for representations over a commutative ring with a finite cyclic group action. The result is a rational numbe…"
"0.924348480121891","0.924348480121891","0.9243485927581787","True","5c7f92f0-3097-4fbd-9e40-4fa91e56a1d4","Brownian motion project","RemyDegenne/brownian-motion","1.6.9","ProbabilityTheory.hasLaw_brownian_eval","The value of a Brownian motion at any positive time t follows a normal distribution with mean 0 and variance t.","3c34505f-411c-4524-a595-7650bc41f1fe","ProbabilityTheory.hasLaw_brownian_eval","BrownianMotion.Gaussian.BrownianMotion","brownian-motion","brownian-motion","At any fixed time t, the value of a Brownian motion process has a normal distribution with mean 0 and variance t, under the given probability measure."
"0.9239875354542115","0.9239875354542115","0.9239876866340637","True","685abaf8-bf4d-44f5-9711-cce076b222d2","Brownian motion project","RemyDegenne/brownian-motion","2.7.10","ProbabilityTheory.IsSquareIntegrable","A square integrable martingale is a càdlàg stochastic process indexed by a linearly ordered set with a filtration, such that the supremum of the L2 norms of its values over time is finite. This means the process is right-continuous with left limits and has uniformly bounded second moments.","97a5923a-d172-42cc-b35f-041254cc78f6","ProbabilityTheory.IsSquareIntegrable","BrownianMotion.StochasticIntegral.SquareIntegrable","brownian-motion","brownian-motion","A square integrable martingale is a stochastic process indexed over a linearly ordered topological space, taking values in a complete normed real vector space, where the process is adapted to a filtration, has right-continuous paths with left limits (cadlag), and the expected value of the square of the process is uniformly bounded over time."
"0.9238212758141443","0.9238212758141443","0.9238216280937195","True","d7b64ae3-60ce-4343-8a32-4b0f1e156b92","Fermat's Last Theorem","ImperialCollegeLondon/FLT","10.26","Topology.IsOpenEmbedding.isHaarMeasure_comap","If f is a group homomorphism and an open embedding between two locally compact topological groups, then pulling back a Haar measure on the target group along f gives a Haar measure on the source group.","bd01f19f-b2f4-4274-a6a9-a6b8358fc5e3","Topology.IsOpenEmbedding.isHaarMeasure_comap","FLT.Mathlib.MeasureTheory.Group.Measure","FLT","FLT","If a group homomorphism between two topological groups is an open embedding, then the pullback of a Haar measure on the target group through this map gives a Haar measure on the source group. This means the resulting measure is invariant under left multiplication, finite on compact sets, and positive on nonempty open sets. The comap operation tran…"
"0.9231458902359009","0.9231459852322583","0.9231458902359009","True","b15d1b70-b102-487d-b818-9aaa3aadfde0","The Polynomial Freiman-Ruzsa Conjecture","teorth/pfr","11.9","weak_PFR","If a finite non-empty set A in the d-dimensional integers has small doubling in terms of U_A, then there is a relatively large subset A' of A, containing at least a K to the power of -17 fraction of A, and the dimension of A' is at most about 57 times the log of K.","940ade0b-0eba-4a72-a993-158b39db2572","weak_PFR","PFR.WeakPFR","pfr","pfr","If a finite non-empty set A of integer lattice points in d dimensions has small doubling (measured by the log of K), then there is a non-empty subset A' of A that is at least K^(-17) times as large as A and lies in an affine subspace of dimension at most (40 / log 2) * log K."
"0.922233521938324","0.922233662335073","0.922233521938324","False","a235f18a-d480-4ae8-ad2a-de088f381b35","Brownian motion project","RemyDegenne/brownian-motion","2.2.34","MeasureTheory.isPavingAnalytic_fst_of_image2_prod_measurableSet_Icc","If a set in the product of a measurable space and the real numbers is analytic with respect to the product of the measurable sets and intervals, then its projection onto the measurable space is also analytic.","b98d32cf-b2cf-41db-9bc9-ffba763980b7","MeasurableSet.isPavingAnalytic_fst","BrownianMotion.Choquet.AnalyticSet","brownian-motion","brownian-motion","If a set s in the product of a measurable space and the real numbers is measurable, then its projection onto the first component is analytic with respect to the paving of measurable sets."
"0.9212339560532665","0.9212339560532665","0.9212348461151123","True","03500478-3adc-44a9-9236-8bfb59e03ab6","Fermat's Last Theorem","ImperialCollegeLondon/FLT","5.10","QHat","The profinite completion of the rational numbers is formed by taking the tensor product of the rationals with the profinite completion of the integers. This combines the rational numbers with the structure of all finite quotients of the integers. The result is a topological ring that encodes arithmetic information about finite extensions of the in…","76a47a00-3935-443d-bc9f-aebe17e0a3e8","QHat","FLT.Data.QHat","FLT","FLT","The profinite completion of the rational numbers, called QHat, is defined as the tensor product of the rationals (Q) with the profinite completion of the integers (ZHat), where ZHat is the ring of compatible sequences of integers modulo N for all positive integers N. This construction combines the rational numbers with the profinite integers in a …"
"0.9210315393786721","0.9210315393786721","0.9210317134857178","True","897ed073-073a-4988-88ec-934acba213ab","Toric varieties","YaelDillies/toric","2.3.31","MonoidAlgebra.mapDomainBialgHomMulEquiv, AddMonoidAlgebra.mapDomainBialgHomAddEquiv, commGrpAlg.fullyFaithful, commGrpAlg.instFull, commGrpAlg.instFaithful","The group algebra functor, which sends a group G to its group algebra R[G] over a domain R, is fully faithful, meaning it preserves all structure and relationships between groups when mapping them into the category of Hopf algebras over R.","d60ff2bc-3bee-489d-9972-66115e58352b","commGrpAlg.fullyFaithful","Toric.Hopf.GrpAlg","toric","toric","The group algebra functor over a commutative ring R, when R is a domain, maps commutative groups and their homomorphisms to commutative Hopf algebras and their morphisms in a way that every homomorphism between group algebras comes from exactly one group homomorphism. This means the functor is fully faithful, preserving all structure between the c…"
"0.9199457700831533","0.9199457700831533","0.9199461936950684","True","c8f9bb73-7fdc-41bf-97da-41603b43f441","Brownian motion project","RemyDegenne/brownian-motion","2.2.47","MeasureTheory.IsPavingAnalytic.isCapacitable","If a family of sets includes the empty set and is closed under finite unions and intersections, and if a capacity is defined on this family, then every analytic set in this family can be approximated from within by sets in the family with respect to the capacity.","402e1bba-ba94-42dc-8e55-acf7789a0c28","MeasureTheory.IsPavingAnalytic.isCapacitable","BrownianMotion.Choquet.Capacity","brownian-motion","brownian-motion","If a collection of sets contains the empty set and is closed under finite intersections and finite unions, then any analytic set with respect to that collection can have its capacity approximated from above by sets in the collection."
"0.9192326477182009","0.9192326477182009","0.9192329049110413","True","76f1e5cb-d856-41a5-be5c-308b88b9ef77","Brownian motion project","RemyDegenne/brownian-motion","2.1.74","MeasureTheory.uniformIntegrable_stoppedValue_discreteApproxSequence","If a stopping time is bounded and approximated by a sequence of discrete stopping times, then the values of a martingale stopped at these discrete times form a uniformly integrable sequence.","e2a201e6-0b59-42db-ad0f-1374de2e77b1","MeasureTheory.uniformIntegrable_stoppedValue_discreteApproxSequence","BrownianMotion.StochasticIntegral.ApproxSeq","brownian-motion","brownian-motion","If X is a martingale and tau is a bounded stopping time, then the sequence of stopped values of X at a discrete approximation of tau is uniformly integrable with respect to the given finite measure."
"0.9187831974664975","0.9187831974664975","0.91878342628479","True","a4a176fd-b5ea-47fe-b08f-47bd229f9492","Brownian motion project","RemyDegenne/brownian-motion","2.4.9","ProbabilityTheory.SimpleProcess.integral","The general elementary stochastic integral of a simple process V with respect to a stochastic process X, using a continuous bilinear map B, is defined as a sum involving increments of X and the values of V, resulting in a new process taking values in a normed space G.","e77688b7-5155-424c-8135-08c63f1cd042","ProbabilityTheory.SimpleProcess.integral","BrownianMotion.StochasticIntegral.SimpleProcess","brownian-motion","brownian-motion","This defines the elementary stochastic integral of a simple process with respect to a continuous bilinear map B, producing a new process that takes values in a normed space G and evolves over time and probability space. The integral combines two inputs—a simple predictable process V and a pathwise measurable process X—using B to output a process i…"
"0.918342460534989","0.918342460534989","0.9183433055877686","True","97895080-f3e4-45cc-baef-b2c07340a13f","Brownian motion project","RemyDegenne/brownian-motion","2.2.53","MeasureTheory.MonotoneClass","A monotone class is a collection of subsets that includes the limit of any increasing sequence of sets or decreasing sequence of sets from the collection. It stays closed when taking countable unions of growing sets or countable intersections of shrinking sets. The smallest such class containing a given family of sets is called the monotone class …","967400da-b97c-4a18-9336-727c6744d0c5","MeasureTheory.MonotoneClass","BrownianMotion.Auxiliary.SetAlgebra","brownian-motion","brownian-motion","A monotone class is a set of subsets of a given type that includes the limit of every increasing sequence of its sets and every decreasing sequence of its sets. It is closed under countable unions of increasing sequences and countable intersections of decreasing sequences. This structure is used to study properties of measures in measure theory."
"0.9180457351074973","0.9180457351074973","0.9180467128753662","True","ef636974-ba49-4a4c-8631-a0d8237b7613","Brownian motion project","RemyDegenne/brownian-motion","2.2.15","IsCompactSystem.image2_prod","The product of two compact systems is also a compact system.","b37e7e0b-1b91-4744-af08-d5c467297b88","IsCompactSystem.image2_prod","BrownianMotion.Choquet.CompactSystem","brownian-motion","brownian-motion","If two collections of sets are compact systems, then the collection of all products (pairs) of sets from each system is also a compact system."
"0.9178853075201976","0.9178853075201976","0.9178856611251831","True","1aab8a07-969e-41f9-a19b-718d21ee1ef4","The Polynomial Freiman-Ruzsa Conjecture","teorth/pfr","3.22","ProbabilityTheory.condIndep_copies","There exist random variables X1, X2, and Y' such that the pairs (X1, Y') and (X2, Y') each have the same joint distribution as (X, Y), and X1 and X2 are conditionally independent given Y'.","e7f2f93a-7b31-4243-8247-4d9ea5630660","ProbabilityTheory.condIndep_copies","PFR.ForMathlib.ConditionalIndependence","pfr","pfr","Given two random variables X and Y, where Y takes values in a finite or countable space, there exists a new probability space with two copies of X (called X1 and X2) and a copy of Y (called Y') such that X1 and X2 are conditionally independent given Y', and the joint distributions of (X1, Y') and (X2, Y') match the original distribution of (X, Y)."
"0.9176305196565231","0.9176305196565231","0.9176310896873474","True","f70e8691-7502-49a8-9876-a3262f05f473","Brownian motion project","RemyDegenne/brownian-motion","2.1.70","MeasureTheory.DiscreteApproxSequence","A discrete approximation sequence is a sequence of stopping times where each stopping time takes on only countably many values, and the sequence decreases almost surely to a given stopping time as n goes to infinity.","3066d54e-9c1f-4cff-992c-52d5cef550ad","MeasureTheory.DiscreteApproxSequence","BrownianMotion.StochasticIntegral.ApproxSeq","brownian-motion","brownian-motion","A discrete approximation sequence for a random time τ is a sequence of stopping times, each taking values in a countable set, that converges to τ from above almost surely with respect to a given filtration and measure. It is used to approximate general stopping times by simpler, discrete ones in stochastic processes. The sequence respects the stru…"
"0.9174899311345692","0.9174899311345692","0.9174899458885193","True","50953fbe-a192-40b8-a848-67c1f86c846a","The Polynomial Freiman-Ruzsa Conjecture","teorth/pfr","2.7","ProbabilityTheory.IsUniform.entropy_eq","If a random variable X is equally likely to take any value in a set H, then the entropy of X is the logarithm of the number of elements in H.","65a2ccfa-1633-4ee3-9f60-4cb46f9d6141","ProbabilityTheory.IsUniform.entropy_eq","PFR.ForMathlib.Entropy.Basic","pfr","pfr","If a random variable X is uniformly distributed over a finite set H, then the entropy of X is equal to the natural logarithm of the number of elements in H. This means the uncertainty or information content of X depends only on the size of H and not on its specific elements. The result assumes X is measurable and that the underlying measure is a p…"
"0.9152307843853195","0.9152307843853195","0.9152312278747559","True","5f627c04-076c-424c-b1b1-71be1c223291","Sphere Packing in Dimension 8","thefundamentaltheor3m/Sphere-Packing-Lean","1.5","SpherePackingConstant","The sphere packing constant in d dimensions is the highest possible density that can be achieved when packing identical spheres in d-dimensional space without overlapping. It is found by taking the maximum density over all possible arrangements of such packings.","c6467cd9-3d4f-4d0d-8933-86a190d2c598","SpherePackingConstant","SpherePacking.Basic.SpherePacking","sphere-packing-math-inc","sphere-packing-math-inc","The SpherePackingConstant in dimension d is the smallest number that is greater than or equal to the density of every possible arrangement of non-overlapping spheres in d-dimensional space, where density measures the fraction of space filled by the spheres as the region considered grows larger. This value is expressed as an extended nonnegative re…"
"0.9148576433757445","0.9148576433757445","0.9148581027984619","True","15e5ff81-9b36-4bde-8072-af5590e3902f","The Polynomial Freiman-Ruzsa Conjecture","teorth/pfr","13.12","rhoPlus","For a random variable X that takes values in a group G, the quantity rho plus of X equals rho minus of X plus the entropy of X minus the entropy of the uniform distribution on A.","9397a7df-d9a0-4692-8ac1-4db3b293cfa1","rhoPlus","PFR.RhoFunctional","pfr","pfr","For a random variable X taking values in a group G, rhoPlus(X) is defined as the sum of rhoMinus(X), the entropy of X, and the negative entropy of a uniform distribution on a finite set A. It measures a combination of distributional difference and uncertainty, adjusted by the entropy of a reference uniform set. The result is a real number."
"0.9146310840586099","0.9146310840586099","0.9146316051483154","True","ae7abef1-cdaf-40d4-9a12-f0701802636d","Gibbs Measures","YaelDillies/gibbs-measure","1.16","Specification.IsGibbsMeasure","A Gibbs measure is a probability measure that matches a given specification, meaning its conditional probabilities on finite subsets are consistent with the specification's kernels.","68bfbe5e-0c1e-4fe3-ae99-41b6006213bb","Specification.IsGibbsMeasure","GibbsMeasure.Specification","gibbs-measure","gibbs-measure","A Gibbs measure is a probability measure that, when conditioned on the outside of any finite set, matches the local behavior specified by a given system of boundary conditions (called a specification). In other words, the measure's predictions inside a finite region, given the outside configuration, are exactly those prescribed by the specificatio…"
"0.9144339355334434","0.9144339355334434","0.9144346714019775","True","19bfa30e-5706-493f-87fc-72ed19922230","Brownian motion project","RemyDegenne/brownian-motion","2.2.64","MeasureTheory.leastGT_lt_iff","For a given time t, the first time X exceeds a is less than t if and only if there is some earlier time s less than t where X at s is greater than a.","56b9bf55-c5c3-49b4-a5f0-406cb1ffa651","MeasureTheory.leastGT_lt_iff","BrownianMotion.Debut.Basic","brownian-motion","brownian-motion","The least time at which a process X reaches or exceeds a value a is less than t if and only if there exists some time s before t where X at s is strictly greater than a."
"0.9143048767978764","0.9143048767978764","0.9143054485321045","False","12b1ba8c-2e0e-4bea-aa2c-e8a475c18095","Brownian motion project","RemyDegenne/brownian-motion","1.5.72","ProbabilityTheory.finite_set_bound_of_edist_le","If a stochastic process indexed by a finite set with bounded covering number satisfies a Kolmogorov-type continuity condition, then the expected maximum distance between process values at nearby points is controlled by a power of the distance threshold, with constants depending on the covering number, the process exponents, and the geometry of the…","c87925c6-0741-4003-bfb9-32c13ce48984","ProbabilityTheory.finite_set_bound_of_edist_le_of_le_diam'","BrownianMotion.Continuity.IsKolmogorovProcess","brownian-motion","brownian-motion","If a stochastic process satisfies a moment condition on its increments (Kolmogorov criterion) and the index set is finite with bounded covering numbers, then the expected maximum distance between process values is controlled by a constant depending on the covering parameters, the index set diameter, and the process regularity exponents."
"0.914280512270974","0.914280512270974","0.9142814874649048","True","475e920c-53e6-4728-940e-c1f0814a856f","The Polynomial Freiman-Ruzsa Conjecture","teorth/pfr","12.48","torsion_PFR_conjecture_aux","If A is a non-empty subset of a finite abelian group G with small doubling (the sumset A+A is at most K times the size of A), then A can be covered by a bounded number of shifts of a subgroup H, where the size of H is not too far from the size of A, and the bound depends on K and the torsion m of the group.","33074f5a-98fa-4ce0-bb1a-a630165899c4","torsion_PFR_conjecture_aux","PFR.TorsionEndgame","pfr","pfr","If A is a non-empty subset of a finite abelian group G where every element added to itself m times gives zero, and the sumset A+A is not much larger than A (bounded by K times the size of A), then A can be covered by a small number of translates of a subgroup H, where the size of H is comparable to the size of A up to powers of K, and the number o…"
"0.9139773883372659","0.9139773883372659","0.913977861404419","False","c50934c3-4629-45f9-8dfd-125a60cb48e4","Brownian motion project","RemyDegenne/brownian-motion","2.3.51","ProbabilityTheory.HasLocallyIntegrableSup.locally_classDL","A progressively measurable stochastic process with a locally integrable supremum is also locally of class DL.","c343b259-c334-4222-a5df-7e8ed83b3b0a","ProbabilityTheory.locally_classDL_iff_hasLocallyIntegrableSup","BrownianMotion.StochasticIntegral.ClassD","brownian-motion","brownian-motion","A stochastic process is locally of class DL (meaning its stopped versions are uniformly integrable over bounded times) if and only if it has a locally integrable supremum (meaning the maximum value it reaches up to any time is finite on average, when restricted to a suitable sequence of stopping times), provided the process is progressively measur…"
"0.9135159464287238","0.9135159464287238","0.9135161638259888","False","02dc9778-9a77-4a22-a8b1-883718cc7a23","Fermat's Last Theorem","ImperialCollegeLondon/FLT","9.16","IsDedekindDomain.FiniteAdeleRing.baseChangeContinuousAlgEquiv","The tensor product of L with the infinite adele ring of A over K is topologically isomorphic to the infinite adele ring of B over L. This means the algebraic and topological structures are preserved under base change. The isomorphism respects both the ring operations and the topology. It is built from local isomorphisms at each place.","d5bd7c4a-8002-4f10-8e59-4f1e319c95fe","NumberField.InfiniteAdeleRing.baseChangeEquiv","FLT.NumberField.InfiniteAdeleRing","FLT","FLT","There is a natural isomorphism of L-algebras between the tensor product of L with the infinite adele ring of K over K, and the infinite adele ring of L, induced by extending scalars via the base change map from K to L. This equivalence respects both the algebraic and topological structure. It is built using the action of embeddings of the fields i…"
"0.9133401458993972","0.9133401458993972","0.9133404493331909","True","0dd60fa8-ffe5-4384-8bb7-bb5c44dd285b","Toric varieties","YaelDillies/toric","4.3.3","AlgebraicGeometry.Scheme.Char","The character lattice of a group scheme G over a base S is the set of all group scheme homomorphisms from G to the multiplicative group scheme Gm, and each such homomorphism is called a character.","748c8b12-9085-4958-9397-e68e4ae6f3b3","AlgebraicGeometry.Scheme.Char","Toric.GroupScheme.Character","toric","toric","The characters of a group scheme G over a base scheme S are the group homomorphisms from G to the multiplicative group scheme over S, where all maps respect the structure of the base S. This means they are morphisms of schemes over S that also preserve the group structure. The collection of such characters forms a type that captures symmetries of …"
"0.9133314949635591","0.9133314949635591","0.9133316874504089","True","5c558702-e450-4403-b873-3ff49cfff098","Sphere Packing in Dimension 8","thefundamentaltheor3m/Sphere-Packing-Lean","1.7","SpherePacking.scale_finiteDensity","When a sphere packing is scaled uniformly by a positive factor, the density of the packing within a ball of radius proportional to that factor remains unchanged. This means scaling both the packing and the region by the same factor preserves the local density.","97ed7b0e-5cf3-4239-bb39-ddc73a3e5857","SpherePacking.scale_finiteDensity","SpherePacking.Basic.SpherePacking","sphere-packing-math-inc","sphere-packing-math-inc","Scaling a sphere packing by a positive factor c does not change the density of spheres within a ball of radius R; the density calculated at radius c * R in the scaled packing equals the density at radius R in the original packing."
"0.9117134341903226","0.9117134341903226","0.9117136001586914","True","ce80ba52-300b-468d-8b81-cd2f892dec2c","The Polynomial Freiman-Ruzsa Conjecture","teorth/pfr","12.47","dist_of_X_U_H_le","For a random variable taking values in a finite abelian group with torsion m, there is a subgroup such that the distance between the variable and the uniform distribution on that subgroup is at most 64 times m cubed times the distance between the variable and its own distribution.","33a6cc47-4b6a-4546-b318-fe12b8e5b634","dist_of_X_U_H_le","PFR.TorsionEndgame","pfr","pfr","For a random variable X taking values in a finite abelian group G where every element added to itself m times gives zero (with m at least 2), there exists a subgroup H of G such that the statistical distance between the distribution of X and the uniform distribution on H is at most 64 times m cubed times the statistical distance between X and an i…"
"0.9113965440050525","0.9113965440050525","0.9113967418670654","True","10d8a982-9fa1-460f-8ec0-525be6f1400f","Brownian motion project","RemyDegenne/brownian-motion","2.4.3","ProbabilityTheory.ElementaryPredictableSet.measurableSet_predictable","An elementary predictable set is measurable in the predictable sigma-algebra.","265a4c8c-fdc9-4612-ace6-633e8bb14ff5","ProbabilityTheory.ElementaryPredictableSet.measurableSet_predictable","BrownianMotion.StochasticIntegral.SimpleProcess","brownian-motion","brownian-motion","Any elementary predictable set, built from time intervals and measurable sets adapted to a filtration, is measurable with respect to the predictable sigma-algebra. This means such sets are valid for defining predictable processes in stochastic calculus. The result follows from the measurability of basic rectangle-like sets in time and space."
"0.9111638323227629","0.9111638323227629","0.9111641049385071","True","d6e7f63b-2955-4a88-ad73-4eadd14b9c33","Brownian motion project","RemyDegenne/brownian-motion","2.4.10","ProbabilityTheory.SimpleProcess.map₂","For two simple processes V and W taking values in spaces E and F, the process formed by applying a bilinear map B to V and W pointwise is also a simple process.","9041722b-c0fa-464d-9060-d5baeaea1716","ProbabilityTheory.SimpleProcess.map₂","BrownianMotion.StochasticIntegral.SimpleProcess","brownian-motion","brownian-motion","Given two simple processes V and W taking values in normed vector spaces E and F, and a bounded bilinear map B from E and F to another normed space G, the pointwise application of B to V and W produces a new simple process in G, formed by applying B to the values of V and W at each time point."
"0.9110278568727712","0.9110278568727712","0.9110283255577087","True","a9868ae1-068c-42ae-b891-0f3050ce07ff","Brownian motion project","RemyDegenne/brownian-motion","2.4.5","ProbabilityTheory.SimpleProcess.iSup_comap_eq_predictable","Real simple processes generate the predictable sigma-algebra, meaning the predictable sigma-algebra is the smallest sigma-algebra that makes all simple processes measurable when viewed as functions from time and sample space to the real numbers.","0e711be1-71a9-42aa-96d7-162d5c47b111","ProbabilityTheory.SimpleProcess.iSup_comap_eq_predictable","BrownianMotion.StochasticIntegral.SimpleProcess","brownian-motion","brownian-motion","The smallest sigma-algebra that makes all simple predictable processes measurable is exactly the predictable sigma-algebra, which is generated by sets of the form (t, ∞) × A and {⊥} × A where A is measurable at time t. This means a process is predictable if it can be approximated by simple processes whose values depend only on information availabl…"
"0.910910246294073","0.910910246294073","0.9109104871749878","True","5b8757b6-b1e2-4fc2-ad98-e4af24099d86","Fermat's Last Theorem","ImperialCollegeLondon/FLT","7.2","AutomorphicForm.GLn.IsSlowlyIncreasing","A function from the general linear group of real n by n matrices to the complex numbers is called slowly-increasing if its absolute value grows no faster than some constant multiple of a power of a norm-like function s(M) on the matrices.","76e1cbcc-0c23-4f37-8411-e26959580271","AutomorphicForm.GLn.IsSlowlyIncreasing","FLT.GlobalLanglandsConjectures.GLnDefs","FLT","FLT","A function f from the general linear group of real n-by-n matrices to the complex numbers is said to be slowly increasing if its growth is bounded by a polynomial in the determinant of the matrix, meaning that |f(g)| does not grow faster than some fixed power of |det(g)| as |det(g)| gets large."
"0.910605097751231","0.910605097751231","0.9106054306030273","True","33ecf4df-34ec-4e0a-9660-bb4011d1c15a","The Polynomial Freiman-Ruzsa Conjecture","teorth/pfr","6.16","second_estimate","The value of I2 is at most 2 times eta times k, plus an additional term that depends on eta, k, I1, and the inverse of (1 minus eta). This upper bound combines a linear term in eta and k with a correction based on the difference between 2 eta k and I1. The inequality holds under the assumptions of the lemma.","69594aa5-5c2a-409b-ba4d-3c430e449572","second_estimate","PFR.SecondEstimate","pfr","pfr","The inequality bounds a quantity I2 in terms of another quantity I1, a parameter eta (η), and a dimension-like term k, stating that I2 is at most 2ηk plus an additional term involving the difference between 2ηk and I1, scaled by 2η/(1−η)."
"0.9103335617143835","0.9103335617143835","0.9103341102600098","True","fb5e7628-5fed-4c71-864a-245277133a78","Brownian motion project","RemyDegenne/brownian-motion","2.1.76","NNReal.approximable","The set of non-negative real numbers is an approximable time index, meaning that any stopping time can be approximated by a sequence of discrete stopping times formed by rounding up to the nearest multiple of 1 over 2 to the n.","06565b84-42c0-45b8-99ec-8f07afb12b56","NNReal.approximable","BrownianMotion.StochasticIntegral.ApproxSeq","brownian-motion","brownian-motion","The non-negative real numbers (NNReal) are approximable, meaning that for any stopping time with respect to a filtration indexed by NNReal, there exists a sequence of discrete stopping times that approximates it. This approximation is constructed by rounding up the stopping time values to dyadic rationals of the form k / 2^n. The sequence of appro…"
"0.9080518151239823","0.9080518151239823","0.9080522060394287","True","2b8ede02-a2eb-4fcd-8160-3d33473dbcea","The Polynomial Freiman-Ruzsa Conjecture","teorth/pfr","13.15","rhoPlus_of_subgroup","If H is a finite subgroup of G, then the value of rho plus of U sub H equals the logarithm of the size of H minus the logarithm of the maximum size of the intersection of A with any coset of H.","bb72fe88-8f2d-4ccd-aa3e-4dfc93260102","rhoPlus_of_subgroup","PFR.RhoFunctional","pfr","pfr","If H is a finite subgroup of a group G, and U is a random variable uniformly distributed over H, then the value of rhoPlus for U with respect to a nonempty finite set A is equal to the logarithm of the size of H minus the logarithm of the largest number of elements in A that lie in any coset of H."
"0.9078708652934893","0.9078708652934893","0.9078718423843384","True","055d8b6e-2b3b-4d93-a28f-4bea7a3a72f0","Fermat's Last Theorem","ImperialCollegeLondon/FLT","9.35","NumberField.InfinitePlace.Completion.finrank_pi_eq_finrank_tensorProduct","The dimension of the product of completions of L over the completions of K at infinite places equals the dimension of the tensor product of L with the completion of K at an infinite place, both considered as vector spaces over the completion of K.","d4f1fd75-75b5-4ff7-8d94-da9ddb362403","NumberField.InfinitePlace.Completion.finrank_pi_eq_finrank_tensorProduct","FLT.NumberField.Completion.Infinite","FLT","FLT","For a number field extension L over K and an infinite place v of K, the dimension of the product of completions of all places of L extending v, as a vector space over the completion of K at v, equals the dimension of the tensor product of L with the completion of K at v, as a vector space over that same completion."
"0.9069290508765375","0.9069290508765375","0.9069295525550842","True","88d22ccc-8bee-4eed-befc-6d36b3432a85","The Polynomial Freiman-Ruzsa Conjecture","teorth/pfr","6.3","ProbabilityTheory.IdentDistrib.tau_eq","The value of tau depends only on the distributions of the random variables, not on the specific variables themselves. If two pairs of random variables have the same distributions, then their tau values are equal.","4c789a52-c9dc-4348-a4cb-2653438e0dc7","ProbabilityTheory.IdentDistrib.tau_eq","PFR.TauFunctional","pfr","pfr","If two pairs of random variables have the same distributions, then the tau functional value for each pair is equal, regardless of the underlying probability spaces."
"0.9066494145392852","0.9066494145392852","0.9066495895385742","True","9680d456-c718-47e4-8c61-34e253574642","Brownian motion project","RemyDegenne/brownian-motion","2.7.25","ProbabilityTheory.IsLocalMartingale.isLocalSubmartingale_sq_norm","If M is a cadlag local martingale, then the square of its norm, ||M||^2, is a cadlag local submartingale.","a204fccd-470d-496d-9393-64960c64ee51","ProbabilityTheory.IsLocalMartingale.isLocalSubmartingale_sq_norm","BrownianMotion.StochasticIntegral.QuadraticVariation","brownian-motion","brownian-motion","If a stochastic process is a local martingale and has right-continuous sample paths with left limits (cadlag), then the square of its norm is a local submartingale with respect to the same filtration and probability measure."
"0.9063201754441312","0.9063201754441312","0.9063205122947693","True","27791515-ef44-445f-88f5-8772b8fe8598","Carleson operators on doubling metric measure spaces","fpvandoorn/carleson","7.3.3","TileStructure.Forest.local_dens2_tree_bound","The measure of the set F intersected with a dyadic cube J is at most a constant multiple of the density of the tree times the measure of J, where the constant depends exponentially on the parameter a.","51244490-cf73-4d64-ab3f-5c92153be262","TileStructure.Forest.local_dens2_tree_bound","Carleson.ForestOperator.QuantativeEstimate","carleson","carleson","The volume of the set F intersected with a dyadic cube J is at most a constant multiple of the density value associated with the tree structure at a given tile u times the volume of J, where the constant depends only on the parameter a."
"0.9061781881965633","0.9061781881965633","0.9061785936355591","True","7d69aaed-0f3f-4b4e-aa40-0491a910d760","Carleson operators on doubling metric measure spaces","fpvandoorn/carleson","11.6.1","Dirichlet_Hilbert_diff","For any integer N and real number x between -pi and pi, excluding 0, the difference between the Dirichlet kernel K_N(x) and twice the real part of e^(-iNx) times kappa(x) is at most pi in absolute value.","084062d9-0c3e-4c15-9615-0921ef35ca53","Dirichlet_Hilbert_diff","Carleson.Classical.ControlApproximationEffect","carleson","carleson","For any natural number N and real number x between -pi and pi, the difference between the Dirichlet kernel at N and x and the sum of a complex exponential term involving N and x multiplied by a function k(x) and its complex conjugate is at most pi in absolute value."
"0.905976750101219","0.905976750101219","0.9059774279594421","True","f6846a62-a883-4c0d-9d95-5fde34f91a57","Class Field Theory","kbuzzard/ClassFieldTheory","59","Rep.herbrandQuotient_ne_zero_of_shortExact₁, Rep.herbrandQuotient_ne_zero_of_shortExact₂, Rep.herbrandQuotient_ne_zero_of_shortExact₃, Rep.herbrandQuotient_eq_of_shortExact","If two of three related group representations in a short exact sequence have non-zero Herbrand quotients, then the third also has a non-zero Herbrand quotient, and the Herbrand quotient of the middle term equals the product of the other two.","7aaa61c9-58ac-477c-8965-2fee96ce5560","Rep.herbrandQuotient_ne_zero_of_shortExact₂","ClassFieldTheory.Cohomology.FiniteCyclic.HerbrandQuotient.SES","ClassFieldTheory","ClassFieldTheory","If a short exact sequence of representations of a finite cyclic group has nonzero Herbrand quotients for both the first and third representations, then the Herbrand quotient of the middle representation is also nonzero. The Herbrand quotient is a rational number defined as the ratio of the size of the second cohomology group to the size of the fir…"
"0.9048312661989121","0.9048312661989121","0.9048315286636353","True","167438b3-bd6c-4348-808c-75e6b18969e1","The Polynomial Freiman-Ruzsa Conjecture","teorth/pfr","2.9","ProbabilityTheory.entropy_comm, ProbabilityTheory.entropy_assoc","The joint entropy of two random variables is the same regardless of their order, and grouping variables together when calculating joint entropy does not depend on the grouping order.","5c862a8a-b072-4f6a-b032-4909ff1dc86a","ProbabilityTheory.entropy_comm","PFR.ForMathlib.Entropy.Basic","pfr","pfr","The entropy of two random variables taken together does not depend on their order: the joint entropy of X and Y equals the joint entropy of Y and X. This holds when both variables are measurable and take values in countable spaces. Swapping the variables does not change the amount of uncertainty they represent together."
"0.904546650563409","0.904546650563409","0.9045467972755432","True","4471d806-1657-42c6-addc-aaddff87fa3d","Carleson operators on doubling metric measure spaces","fpvandoorn/carleson","11.1.12","Hilbert_kernel_regularity","If x, y, and y' are real numbers where x is different from y and y', and the distance between y and y' is at most half the distance from x to y, then the difference between the values of the function κ at x−y and x−y' is bounded by 256 times the ratio of the distance between y and y' to the square of the distance from x to y.","93305bf0-b4ea-4aa3-91e8-f19f1a4a61e4","Hilbert_kernel_regularity","Carleson.Classical.HilbertKernel","carleson","carleson","If the distance between y and y' is at most half the distance from x to y, then the difference in the values of the function K at (x,y) and (x,y') is bounded by a constant multiple of (|y - y'| / |x - y|^2), specifically no more than 256 times that quantity."
"0.9041400642895226","0.9041400642895226","0.9041403532028198","True","2121b457-a917-4a73-8546-4d262ddeacc7","The sphere eversion project","leanprover-community/sphere-eversion","3.15","RelMfld","A first order differential relation for maps from M to N is a condition defined by specifying allowed values of the maps and their first derivatives, represented as a subset of the space of 1-jets from M to N.","2ef57e08-96e4-438b-a226-2d7e9d9ca46f","RelMfld","SphereEversion.Global.Relation","sphere-eversion","sphere-eversion","A first-order differential relation between maps from manifold M to manifold M' is defined as a subset of the 1-jet bundle, which encodes the values and first derivatives of such maps. It is specified using model spaces H and H' with norms on E and E', along with smooth atlas structures given by I and I'. The relation constrains possible values of…"
"0.904011554018858","0.904011554018858","0.9040119647979736","True","f862bd6b-bec9-45af-bee8-58300fcc65f6","Brownian motion project","RemyDegenne/brownian-motion","2.7.43","ProbabilityTheory.L2Predictable","L2 space of predictable processes is the space of square-integrable functions defined on time and sample space, measurable with respect to the predictable sigma-algebra, using the product of a measure on time and a probability measure on outcomes.","863c105b-48fb-4fc6-b7af-afc80dfd0d58","ProbabilityTheory.L2Predictable","BrownianMotion.StochasticIntegral.L2M","brownian-motion","brownian-motion","The L2Predictable space consists of measurable functions from time-state pairs (t, omega) to a normed vector space E, where the functions are predictable with respect to a filtration and have finite squared norm under the product of a time measure and a probability measure. Predictable means the function's value at any time depends only on informa…"
"0.9027326338928875","0.9027326338928875","0.9027331471443176","True","c312a3de-1836-4fcc-a1cb-49803488c7d7","Brownian motion project","RemyDegenne/brownian-motion","2.2.46","MeasureTheory.IsCapacitable.fst","If a set in the product space X times K is capacitable under a certain capacity derived from I, and K is a compact system closed under intersections, then the projection of that set onto X is also capacitable with respect to the original capacity I, provided the family F contains the empty set and is closed under pairwise unions and intersections.","943dfece-6868-46cf-8eb0-45cd6980214f","MeasureTheory.IsCapacitable.fst","BrownianMotion.Choquet.Capacity","brownian-motion","brownian-motion","If a set in a product space is capacitable with respect to a capacity formed by combining two set systems (one closed under finite unions and the other a compact system), then the projection of that set onto the first coordinate is capacitable with respect to the original capacity on the first space. This result relies on the empty set being in bo…"
"0.9026560577062541","0.9026560577062541","0.9026564359664917","True","1d87d7eb-b944-4d30-82ef-b1b4c8fe3422","Fermat's Last Theorem for regular primes","leanprover-community/flt-regular","4.1","fltIdeals_coprime","For a prime number p greater than or equal to 5, and integers x and y with no common factors, the expressions (x + y), (x + ζ_p y), (x + ζ_p² y), ..., (x + ζ_p^(p-1) y) generate ideals in the ring Z[ζ_p] that share no common divisors with each other. This means each pair of these ideals has no common element except 0. The result relies on the fact…","c4a7d296-e497-4e2d-b55a-94713bac6f9e","fltIdeals_coprime","FltRegular.NumberTheory.Cyclotomic.CyclRat","flt-regular","flt-regular","If p is a prime number at least 5, and x, y, z are integers such that x^p + y^p = z^p with p not dividing x*y*z, and x and y are coprime, then for any two distinct p-th roots of unity η₁ and η₂, the ideals generated by x + y*η₁ and x + y*η₂ in the ring of integers of the p-th cyclotomic field are coprime."
"0.9024966223158534","0.9024966223158534","0.9024971723556519","True","ce0faffa-250d-49d4-a678-118753dc63a2","Fermat's Last Theorem","ImperialCollegeLondon/FLT","13.8","Homeomorph.restrictedProductMatrix","If each X_i is a topological space and each Y_i is an open subspace, then the map sending matrices over the restricted product of the X_i to the restricted product of the matrix spaces over each X_i is a homeomorphism. This means the topological structure of matrices over the product space matches the product of the matrix spaces.","7b729636-3e4d-4449-8f7f-638714f3f50e","Homeomorph.restrictedProductMatrix","FLT.Mathlib.Topology.Algebra.RestrictedProduct.TopologicalSpace","FLT","FLT","There is a natural correspondence between matrices whose entries come from restricted products of topological spaces (with open sets specifying the restrictions) and restricted products of matrices, where the restriction requires that all but finitely many entries lie in the specified open sets; this correspondence is a homeomorphism, meaning it i…"
"0.9022833108901978","0.9022833458364542","0.9022833108901978","False","5d54c00c-bb53-48a1-8cc6-b597cec67ae3","The Polynomial Freiman-Ruzsa Conjecture","teorth/pfr","7.4","PFR_conjecture'","If a non-empty finite set A in an abelian group where every element has order two has a small sumset relative to its size, then A can be covered by a bounded number of shifts of a finite subgroup whose size is at most that of A. The number of shifts needed is at most 2 times K to the 12th power, where K measures the relative size of the sumset.","883434d0-184d-4322-92f2-3759d74b7a6d","PFR_conjecture","PFR.Main","pfr","pfr","If a nonempty set A in a finite abelian group where every element added to itself gives zero has at most K times as many elements in its sum set (A+A) as in A, then A can be covered by fewer than 2*K^12 cosets of some subgroup, and that subgroup has size at most the size of A."
"0.9019142941208206","0.9019142941208206","0.9019147157669067","True","9b5c4c17-cea6-4226-84c1-43af11cd1cf3","Sphere Packing in Dimension 8","thefundamentaltheor3m/Sphere-Packing-Lean","1.9","SpherePacking.constant_eq_constant_normalized","The highest possible density of a packing of equal-sized spheres in d-dimensional space, where each sphere has a separation radius of 1, is given by the supremum of the densities of all such packings. This maximum density is denoted by Delta_d. It represents the most efficient way to arrange non-overlapping spheres in d dimensions. The value depen…","69954bbb-7b89-4feb-8359-12553963d8ce","SpherePacking.constant_eq_constant_normalized","SpherePacking.Basic.SpherePacking","sphere-packing-math-inc","sphere-packing-math-inc","The highest possible density of sphere packings in dimension d is the same as the highest density among all packings where the spheres are exactly 1 unit apart from each other. This means the optimal packing density can be found by only considering packings with unit separation distance. The result holds for all positive dimensions d."
"0.9017278602594857","0.9017278602594857","0.9017280340194702","True","f2e6db77-3241-46f5-8cc9-2e928bac6feb","Brownian motion project","RemyDegenne/brownian-motion","2.1.79","MeasureTheory.Submartingale.stoppedValue_min_ae_le_condExp","If X is a right-continuous submartingale indexed by an approximable time set, and sigma and tau are stopping times with tau bounded, then the value of X at the minimum of sigma and tau is less than or equal to the conditional expectation of X at tau given the information up to sigma, almost surely.","a285df5c-3333-492f-be04-81611498c658","MeasureTheory.Submartingale.stoppedValue_min_ae_le_condExp","BrownianMotion.StochasticIntegral.OptionalSampling","brownian-motion","brownian-motion","For a submartingale process X that is right-continuous and stopped at two stopping times σ and τ, the value of X at the earlier of τ and σ is almost surely less than or equal to the conditional expectation of the value of X at τ given the information available up to time σ."
"0.9013057108557669","0.9013057108557669","0.9013057947158813","True","559cf641-61fc-4ee5-9aa0-d4e896e47584","Toric varieties","YaelDillies/toric","4.2.3","AlgebraicGeometry.Scheme.diagSpecIso, AlgebraicGeometry.Scheme.splitTorusIso","Let R be a commutative ring and M an abelian monoid. The group scheme D_R(M) over the spectrum of R is isomorphic to the spectrum of the monoid ring R[M]. This describes a diagonalisable group scheme as an affine scheme built from a monoid algebra.","06820d09-d07c-45ad-bdc0-a0296a4922d8","AlgebraicGeometry.Scheme.diagSpecIso","Toric.GroupScheme.Diagonalizable","toric","toric","For a commutative ring R and an additive commutative monoid M, the scheme represented by the diagonal construction on M over the spectrum of R is isomorphic to the spectrum of the monoid algebra of M (viewed multiplicatively) over R."
"0.9004570087455221","0.9004570087455221","0.9004570245742798","True","4092e4c2-ed22-4790-b20f-0adf6d42174b","Carleson operators on doubling metric measure spaces","fpvandoorn/carleson","10.1.1","geometric_series_estimate","For any real number x that is 4 or larger, the sum of the terms 2 raised to the power of negative n divided by x, starting from n equals 0 and continuing infinitely, is less than or equal to 2 raised to the power of x.","a81ff775-77ea-4ca6-b510-3eaf78a5ff9a","geometric_series_estimate","Carleson.TwoSidedCarleson.Basic","carleson","carleson","For any real number x that is at least 2, the sum over all natural numbers n of 2 raised to the power of -n/x is less than or equal to 2 raised to the power of x."
"0.9002899334865816","0.9002899334865816","0.9002910256385803","True","fbd31c73-22d1-463f-8bf1-be672ce3d1dc","Toric varieties","YaelDillies/toric","4.3.4","AlgebraicGeometry.Scheme.Cochar","The cocharacter lattice of a group scheme G over a base S is the set of all group scheme homomorphisms from the multiplicative group Gm to G, and each such homomorphism is called a cocharacter or a one-parameter subgroup.","b476470c-ae03-4c57-9302-240e651579ae","AlgebraicGeometry.Scheme.Cochar","Toric.GroupScheme.Character","toric","toric","The cocharacters of a group scheme G over a base scheme S are group homomorphisms from the multiplicative group scheme over S to G, where all maps respect the structure of schemes over S."
"0.8998956879451757","0.8998956879451757","0.8998957872390747","True","369fa225-5c98-41cb-ae3e-d3ec16275520","Brownian motion project","RemyDegenne/brownian-motion","2.6.26","MeasureTheory.isPredictable_predictablePart","The predictable part of a stochastic process has the property that its values can be determined in advance based on prior information. This means it is measurable with respect to the filtration available just before each time point. Such processes are called predictable.","89282ecc-9345-4096-a758-ee4e8d3fbf96","MeasureTheory.isPredictable_predictablePart","BrownianMotion.StochasticIntegral.Centering","brownian-motion","brownian-motion","The predictable part of a stochastic process, as defined in the decomposition of a process into a martingale and a predictable component, is itself a predictable process with respect to the given filtration. This means its value at any time can be determined based on information available just before that time. The result holds for processes takin…"
"0.899433504768871","0.899433504768871","0.8994336128234863","True","dfe90e6f-cb58-4ebe-b418-700b4324368a","The sphere eversion project","leanprover-community/sphere-eversion","1.17","exists_contDiff_of_convex₂","If for each point in a finite-dimensional real vector space there is a nearby smooth function satisfying a convex property, then there exists a globally smooth function satisfying that property everywhere. The smoothness is of class C^n, where n can be any natural number or infinity. The property applies to pairs of points and functions between re…","b1087133-6270-4f5e-ae6c-5f815669a73d","exists_contDiff_of_convex₂","SphereEversion.ToMathlib.ExistsOfConvex","sphere-eversion","sphere-eversion","If for every point in a finite-dimensional real normed space E1, a certain property P holds on a neighborhood around that point for functions from E2 to F, and the set of functions satisfying P is convex, then there exists a globally n-times continuously differentiable function f such that P holds everywhere and the uncurried version of f is smoot…"
"0.8991812716731058","0.8991812716731058","0.8991814851760864","True","8728ce6e-994c-4eb4-bfd1-ea60432e496f","Brownian motion project","RemyDegenne/brownian-motion","2.3.57","ProbabilityTheory.ClassDL.hasLocallyIntegrableSup","If a stochastic process is right-continuous with left limits and of class DL, and if the time set has a minimum and compact intervals, then under a right-continuous filtration, the supremum of the process up to any finite time is locally integrable.","3b5e58a3-f2bd-4b1b-bace-d1008573ec50","ProbabilityTheory.ClassDL.hasLocallyIntegrableSup","BrownianMotion.StochasticIntegral.ClassD","brownian-motion","brownian-motion","If a stochastic process is right-continuous with left limits (cadlag), satisfies the class DL condition with respect to a filtration that has the usual conditions, and the probability measure is finite, then the supremum of the process up to any time is locally integrable with respect to that filtration and measure. This means that the maximum val…"
"0.8991465550694482","0.8991465550694482","0.8991469144821167","True","0e660321-d471-4ff1-a233-85e2a01784e0","Gibbs Measures","YaelDillies/gibbs-measure","1.15","Specification.IsProper","A specification is called proper if its kernel is proper for every finite subset of S. This means the kernel meets the properness condition across all relevant finite configurations. The definition ties the overall specification's behavior to the properties of its components.","70c9c0d5-0916-4971-8711-fbe29ed8fa16","Specification.IsProper","GibbsMeasure.Specification","gibbs-measure","gibbs-measure","A specification is called proper if every one of its boundary condition kernels satisfies the required measurability and consistency conditions. This means that for any finite subset of the index set, the associated probability kernel must be well-defined and measurable with respect to the given measurable space structure on the state space. Prope…"
"0.8989678247399856","0.8989678247399856","0.8989681005477905","True","8a5db73b-78f3-464b-9970-bd52cc4bda05","The Polynomial Freiman-Ruzsa Conjecture","teorth/pfr","12.8","kvm_ineq_III","For independent random variables X and Y1 through Yn taking values in a group G, the dependence between X and the sum of the Yi's is bounded above by the dependence between X and Y1 plus half the difference in entropy between the sum and Y1.","230ac0c3-22a2-44dd-bb8d-04e225fbc242","kvm_ineq_III","PFR.MoreRuzsaDist","pfr","pfr","If n is at least 1 and X, Y1, ..., Yn are independent random variables taking values in a countable abelian group G, then the dependence measure between Yi0 and the sum of Yi1 and other Yis is bounded by the sum of the dependence between Yi0 and Yi1 and half the difference of the entropies of the sum and Yi1."
"0.898559079753328","0.898559079753328","0.8985595703125","True","5a854451-1abc-4477-95b9-a4a04799747b","Carleson operators on doubling metric measure spaces","fpvandoorn/carleson","11.6.4","control_approximation_effect","If a measurable periodic function is bounded by a small number everywhere, then for any small positive number there is a set of small measure outside of which the partial Fourier sums of the function are also small, with the bound depending on the measure of that set.","8557d05e-3ea9-4854-bfe2-3ebec21c6f6a","control_approximation_effect","Carleson.Classical.ControlApproximationEffect","carleson","carleson","For any small positive number epsilon and any bounded, measurable, periodic function h with period 2*pi, there exists a measurable set E within the interval [0, 2*pi] such that the length of E is at most epsilon, and outside of E, the absolute value of the partial Fourier sums of h is uniformly bounded by a constant multiple of the bound on h, whe…"
"0.8983785130787696","0.8983785130787696","0.8983792066574097","True","47d561ae-193c-4c29-a994-f565c31dec93","Class Field Theory","kbuzzard/ClassFieldTheory","23","Rep.TrivialCohomology, Rep.TrivialHomology, Rep.TrivialTateCohomology","A module M over a group G has trivial cohomology if all its higher cohomology groups vanish for every subgroup of G. It has trivial homology if all its higher homology groups vanish for every subgroup. If G is finite, it has trivial Tate cohomology when all Tate cohomology groups vanish for every subgroup and all integers n. For finite groups, the…","c8357df0-466b-459c-b3fe-ebb6381f0cc6","Rep.TrivialTateCohomology","ClassFieldTheory.Cohomology.TrivialCohomology","ClassFieldTheory","ClassFieldTheory","A module M over a ring R for a finite group G has trivial Tate cohomology if, for every subgroup S of G and every integer n, the Tate cohomology group H^n(S, M) is zero. This means all such cohomology groups vanish identically across all subgroups and degrees."
"0.89815753698349","0.8981575741453803","0.89815753698349","False","0c352df7-2b04-458d-ad9f-0d55256674da","Brownian motion project","RemyDegenne/brownian-motion","2.1.45","MeasureTheory.IsPredictable","A process is predictable with respect to a filtration if it can be determined just before each time point based on the information available up to that time, meaning it is measurable with respect to the predictable sigma-algebra formed from the filtration.","d336acaf-ec8a-46a8-8326-70657816c5f7","ProbabilityTheory.SimpleProcess.isPredictable","BrownianMotion.StochasticIntegral.SimpleProcess","brownian-motion","brownian-motion","Every simple process in a filtered probability space is predictable, meaning its value at any time can be determined from information available just before that time, using the structure of the filtration and the measurable nature of the process."
"0.8977014283083316","0.8977014283083316","0.8977022767066956","True","fd04f7da-9a17-4e66-a258-7ba926efda5b","Class Field Theory","kbuzzard/ClassFieldTheory","31","Representation.coind₁', Rep.coind₁'","A group G acts on the set of functions from G to a G-representation M by shifting the input via group multiplication and applying the group action on the output. The action of an element g sends a function f to a new function where each value at x is the result of applying g to f evaluated at xg. This defines a new representation built from functi…","47b6e539-b9c4-47e7-97c1-5b8dfe5e6c22","Representation.coind₁'","ClassFieldTheory.Cohomology.IndCoind.Finite","ClassFieldTheory","ClassFieldTheory","Given a group G, a ring R, and a module V over R with a group action defined by a representation ρ, the coinduced representation acts on functions from G to V by transforming a function f according to (g f)(x) = ρ(g)(f(x * g)). This defines a new representation of G on the space of functions from G to V. The construction uses the original group ac…"
"0.8973831454297531","0.8973831454297531","0.8973838090896606","True","d7d1de9f-eb7a-49a7-b5bd-2f843fa8d9b4","Carleson operators on doubling metric measure spaces","fpvandoorn/carleson","11.3.3","young_convolution","For two non-negative, bounded, periodic functions f and g with period 2π, the square root of the integral of the square of their convolution is less than or equal to the product of the L2 norm of f and the L1 norm of g.","7d01e6ff-8033-4416-9fdd-a47ca1982032","young_convolution","Carleson.Classical.HilbertStrongType","carleson","carleson","If f and g are real-valued functions defined on the real line, with f and g being measurable and g periodic with period 2*pi, then the L2 norm of their convolution over the interval (0, 2*pi] is less than or equal to the product of the L2 norm of f and the L1 norm of g, both taken over the same interval."
"0.8972041089537294","0.8972041089537294","0.8972045183181763","True","51c43e89-6c12-4d41-8577-816c7b497d69","Brownian motion project","RemyDegenne/brownian-motion","1.6.10","ProbabilityTheory.hasLaw_brownian_sub","For any two non-negative real numbers s and t, the difference B_t minus B_s in a Brownian motion has a normal distribution with mean 0 and variance equal to the absolute value of t minus s.","b6ee6cc9-fb3b-4f67-9ebd-02924a0503f6","ProbabilityTheory.hasLaw_brownian_sub","BrownianMotion.Gaussian.BrownianMotion","brownian-motion","brownian-motion","The difference in the value of a Brownian motion at two times s and t has a normal distribution with mean 0 and variance equal to the absolute difference between s and t, under the probability measure defined by the gaussianLimit."
"0.8965599066897246","0.8965599066897246","0.8965608477592468","True","732eddd7-687c-4333-8fae-22802805d2df","Brownian motion project","RemyDegenne/brownian-motion","2.3.40","MeasureTheory.Submartingale.classDL","Every submartingale that is nonnegative and right-continuous satisfies the class DL condition.","68f5b1f1-4de8-4707-88a4-0489eae8f760","MeasureTheory.Submartingale.classDL","BrownianMotion.StochasticIntegral.ClassD","brownian-motion","brownian-motion","A submartingale that is nonnegative and right-continuous at every point in time is guaranteed to satisfy the uniform integrability condition known as class DL, meaning its stopped values up to any fixed time remain well-behaved in expectation."
"0.8964637919733729","0.8964637919733729","0.8964643478393555","True","19a8940c-f77a-4a4a-a847-984cb1155235","The Polynomial Freiman-Ruzsa Conjecture","teorth/pfr","13.9","condKLDiv_eq","The Kullback-Leibler divergence between the conditional distribution of X given Z and the distribution of Y equals the divergence between X and Y plus the difference between the entropy of X and the conditional entropy of X given Z, when X and Y are independent random variables taking values in a group G.","0e45cb5f-7181-4dd3-93aa-872462b64468","condKLDiv_eq","PFR.Kullback","pfr","pfr","If X and Y are random variables taking values in a finite set G, and Z is another random variable on the same space as X, then the conditional Kullback-Leibler divergence of X given Z relative to Y equals the unconditional KL divergence of X relative to Y, plus the entropy of X minus the conditional entropy of X given Z. This holds when the probab…"
"0.8964485551734834","0.8964485551734834","0.8964488506317139","True","b4446bbb-adc0-4d31-8c61-bc7fa7d5f778","The Polynomial Freiman-Ruzsa Conjecture","teorth/pfr","12.37","mutual_information_le","The mutual information between the vector of column sums and the vector of row sums of a random m by m matrix of group-valued variables is at most m times (4m+1) times eta times k, under the condition that each column is a permuted copy of a fixed random tuple and all entries are jointly independent.","ff67bc54-3e7e-4900-b8d4-ed99bd2a07f3","mutual_information_le","PFR.BoundingMutual","pfr","pfr","If you have an m by m grid of independent random variables taking values in a group, where each column has the same joint distribution as some rearrangement of a fixed tuple of variables, then the mutual information between the vector of column sums and the vector of row sums, given the total sum, is at most 4 times m squared times a constant k th…"
"0.8959855331847553","0.8959855331847553","0.8959861993789673","True","32d28fb5-68f3-4ae1-8b88-17fded620e4c","Brownian motion project","RemyDegenne/brownian-motion","1.5.25","edist_nearestPt_of_isCover","For any point x in a set A, if C_epsilon is a finite epsilon-cover of A, then the distance between x and its nearest point in C_epsilon is at most epsilon.","9d308d99-6ff2-44c6-8afb-937719447e3a","edist_nearestPt_of_isCover","BrownianMotion.Continuity.Chaining","brownian-motion","brownian-motion","If a finite set C is an ε-cover of a set A in a pseudometric space, then for any point x in A, the extended distance from x to its nearest point in C is at most ε."
"0.8951594233512878","0.8951595363117912","0.8951594233512878","True","6bfbd5d9-3b0c-4d31-97f7-93f487cbaccb","Carleson operators on doubling metric measure spaces","fpvandoorn/carleson","11.1.4","exceptional_set_carleson","For any continuous periodic function, and for any small positive number epsilon, there is a small set E of measure at most epsilon such that outside of E, the partial sums of the Fourier series of the function approximate the function uniformly within epsilon for sufficiently large N.","2132101a-1a30-42bd-91e0-709d14ba9e44","exceptional_set_carleson","Carleson.Classical.ClassicalCarleson","carleson","carleson","For a continuous, 2π-periodic, complex-valued function f and any positive ε, there exists a measurable set E within [0, 2π] with measure at most ε such that outside E, the partial Fourier sums of f eventually approximate f uniformly within ε."
"0.8943471908569336","0.8943473358491271","0.8943471908569336","True","b79912ed-174e-4ed1-99ad-e334f5ef8887","The Polynomial Freiman-Ruzsa Conjecture","teorth/pfr","4.4","isUniform_sub_const_of_rdist_eq_zero","If a random variable X taking values in a group G has zero self-distance in distribution and there is a point x0 with positive probability, then shifting X by x0 results in a distribution that is uniform over the symmetry group of X.","8a6ba36b-3257-45a7-ac82-3715d7022b96","isUniform_sub_const_of_rdist_eq_zero","PFR.HundredPercent","pfr","pfr","If the Ruzsa distance between a random variable X and itself is zero, then shifting X by any value x₀ that occurs with positive probability results in a uniform distribution over the subgroup of G that preserves the distribution of X. This subgroup consists of all elements that, when added to X, do not change its distribution. The shifted variable…"
"0.8943371561332598","0.8943371561332598","0.8943372964859009","True","6dc84a25-e936-43d9-a324-279d26b5c3d7","Fermat's Last Theorem","ImperialCollegeLondon/FLT","5.24","Hurwitz.starRing","The conjugation map on Hurwitz quaternions, called ""star"", flips the sign of purely imaginary parts like 2ω+1 while leaving integers unchanged, and it reverses the order of multiplication, satisfies involution (applying it twice returns the original), and respects addition; this makes the Hurwitz quaternions a star ring.","5c59b3db-c61a-4084-b8e0-742d147d50c2","Hurwitz.starRing","FLT.Data.Hurwitz","FLT","FLT","The Hurwitz starRing instance defines a conjugation operation on Hurwitz quaternions, which flips the signs of the imaginary components while leaving the real part unchanged. For a quaternion of the form a + bi + cj + dk, the conjugate is a - bi - cj - dk. This operation is part of a structure that supports conjugation in a ring setting."
"0.8939582468924561","0.8939582468924561","0.8939583897590637","True","d4d0cb05-4836-415d-8913-5680d6076971","Fermat's Last Theorem","ImperialCollegeLondon/FLT","9.37","NumberField.InfinitePlace.Completion.baseChange","There is a natural algebra homomorphism from the tensor product of L with the completion of K at an infinite place v to the product of the completions of L at all places lying over v, and this map agrees with a previously defined extension map when restricted to the image of the completion of K.","dcb8144b-f1e1-497e-99c2-86373d291e1a","NumberField.InfinitePlace.Completion.baseChange","FLT.NumberField.Completion.Infinite","FLT","FLT","Given a field extension L over K and an infinite place v of K, this defines a natural L-algebra map from the tensor product of L with the completion of K at v to the product of the completions of L at all places lying above v. The map is built using the embeddings that extend v to L. It expresses how completing K at v and extending scalars to L re…"
"0.8937871447053101","0.8937871447053101","0.8937873840332031","True","5b0c7ec9-ff1a-45d2-8474-e1e15558ef88","Brownian motion project","RemyDegenne/brownian-motion","2.3.29","ProbabilityTheory.isStable_submartingale","If a stochastic process is a cadlag submartingale and you stop it at a random stopping time, the resulting stopped process remains a cadlag submartingale.","2864b5d3-1283-4ba4-9229-0cf98381fe1d","ProbabilityTheory.isStable_submartingale","BrownianMotion.StochasticIntegral.LocalMartingale","brownian-motion","brownian-motion","Càdlàg submartingales remain submartingales when stopped at any stopping time, meaning the class of such processes is closed under stopping. This holds in a filtered probability space with reasonable topological and measure-theoretic assumptions. The result ensures stability of the submartingale property for processes that are right-continuous wit…"
"0.8937779068946838","0.8937779916709186","0.8937779068946838","True","a5fdacb8-6381-49dd-bf41-c277257e08ed","Brownian motion project","RemyDegenne/brownian-motion","1.5.15","packingNumber_mul_le_volume","The number of disjoint balls of radius epsilon/2 that fit inside a set A is at most the volume of the set A expanded by epsilon/2, divided by the volume of one such ball. This gives an upper bound on packing density based on volume.","d04c2035-2cf6-4c75-b849-0a93f88a7a04","packingNumber_mul_le_volume","BrownianMotion.Continuity.CoveringNumber","brownian-motion","brownian-motion","The number of disjoint balls of radius ε/2 that can be packed into a set A, multiplied by the volume of one such ball, is at most the volume of the set formed by expanding A by ε/2. This gives an upper bound on how many well-separated points can fit in A based on volume. It applies to finite-dimensional normed vector spaces with an inner product, …"
"0.8926006428991806","0.8926006428991806","0.8926011919975281","False","e3d48deb-e32b-4ff2-ad59-6a79fa318c3e","Brownian motion project","RemyDegenne/brownian-motion","2.1.52","MeasureTheory.Martingale.uniformIntegrable_stoppedValue_of_countable_range","If a martingale is stopped at a sequence of stopping times that are all bounded by some fixed time and each stopping time takes values in a countable set, then the resulting stopped values form a uniformly integrable family.","0902bb49-e86d-4eef-bc21-7896b67d3c04","MeasureTheory.Martingale.uniformIntegrable_stoppedValue","BrownianMotion.StochasticIntegral.UniformIntegrable","brownian-motion","brownian-motion","If a stochastic process is a martingale and you stop it at a sequence of stopping times that are all bounded by some fixed time, then the resulting sequence of stopped values is uniformly integrable with respect to the given finite measure."
"0.892338704681141","0.892338704681141","0.892339289188385","True","a84988b3-4e63-413b-839f-68fb0eb42d9b","Class Field Theory","kbuzzard/ClassFieldTheory","60","groupCohomology.trivialCohomology_of_even_of_odd_of_solvable","If a representation M of a finite solvable group G has zero cohomology in all even degrees e and all odd degrees o for every subgroup S of G, then M has trivial cohomology overall.","11475aa7-d9ae-43e8-8e5a-dc555682d2a7","groupCohomology.trivialCohomology_of_even_of_odd_of_solvable","ClassFieldTheory.Cohomology.TrivialityCriterion","ClassFieldTheory","ClassFieldTheory","If the second cohomology group of a module M is zero for all even degrees 2n+2 and the first cohomology group is zero for all odd degrees 2m+1, when restricted to every subgroup of a finite solvable group G, then M has trivial cohomology in all degrees."
"0.8912720694318651","0.8912720694318651","0.891272783279419","True","3336cd35-08fb-45ba-9e83-6274e3955bc5","Brownian motion project","RemyDegenne/brownian-motion","1.5.49","ProbabilityTheory.aemeasurable_pair_of_aemeasurable","If a stochastic process takes values in a separable space and each of its time slices is almost everywhere measurable, then the pair of values at any two times is also almost everywhere measurable with respect to the product Borel sigma-algebra.","e5f09fbf-1f1d-4f4f-a721-a45068ea7b32","ProbabilityTheory.aemeasurable_pair_of_aemeasurable","BrownianMotion.Continuity.IsKolmogorovProcess","brownian-motion","brownian-motion","If two stochastic processes are almost everywhere measurable at each time point, then the function mapping outcomes to the pair of their values at two fixed times is also almost everywhere measurable with respect to the product space. This holds for processes taking values in a second-countable, pseudo-emetric Borel space. The result follows from …"
"0.8911550417707966","0.8911550417707966","0.8911554217338562","True","300de8ac-e859-4a01-80f6-a089e274fdf2","The Polynomial Freiman-Ruzsa Conjecture","teorth/pfr","13.11","rhoMinus","rho minus of X is the smallest KL divergence between X and the sum of a uniform random variable on A and an independent G valued random variable T.","1c8204f1-9fad-40cf-94b7-798931ac294f","rhoMinus","PFR.RhoFunctional","pfr","pfr","For a random variable X taking values in a group G, rhoMinus(X) is the smallest possible value of the Kullback-Leibler divergence between X and the sum of a uniform random variable on a finite set A and another independent random variable T. This minimum divergence is taken over all such T that make the divergence well-defined. The result is a rea…"
"0.8911342727710477","0.8911342727710477","0.8911347389221191","True","1e55f47a-6bfc-4160-9ad2-1ebf8a57eed1","The Polynomial Freiman-Ruzsa Conjecture","teorth/pfr","12.10","ent_sub_nsmul_le, ent_of_sub_smul'","The entropy of the random variable X minus (a+1) times Y is at most the sum of the entropies of X minus a times Y and X minus Y minus an independent copy of X, minus the entropy of X; the same bound holds when replacing a+1 with a-1.","f4361ff0-78aa-4f01-811a-c17f990d427d","ent_sub_nsmul_le","PFR.MoreRuzsaDist","pfr","pfr","If X, Y, and X' are independent random variables taking values in a countable abelian group, with X and X' having the same distribution, then the entropy of X minus (a+1) times Y is at most the entropy of X minus a times Y, plus the entropy of X minus Y minus X', minus the entropy of X."
"0.8909348249435425","0.8909350591778428","0.8909348249435425","True","c3ade757-c231-4045-9f94-48002d0ab2cb","The Polynomial Freiman-Ruzsa Conjecture","teorth/pfr","12.35","iter_multiDist_chainRule, iter_multiDist_chainRule'","The total dependence of a tuple of independent random variables taking values in a sequence of abelian groups can be broken down into a sum of conditional dependencies at each level of the sequence, plus an additional term involving mutual information between the sum of the variables and intermediate projections, given certain conditions. This bre…","e7712085-8add-4322-8e9d-f12ad0103a98","iter_multiDist_chainRule","PFR.MoreRuzsaDist","pfr","pfr","For a sequence of homomorphisms between finite abelian groups and a tuple of independent random variables taking values in the top group, the total dependence of the tuple relative to the bottom group equals the sum of the conditional dependencies at each step plus the sum of certain conditional mutual informations along the chain."
"0.8907771397584943","0.8907771397584943","0.8907773494720459","True","5ffc5acd-ec65-47d0-94a2-d5ddb7a36d0f","The Polynomial Freiman-Ruzsa Conjecture","teorth/pfr","2.2","ProbabilityTheory.entropy_comp_of_injective, ProbabilityTheory.entropy_of_comp_eq_of_comp","If two random variables are related by an invertible function or if one is a one-to-one mapping of the other, then their entropy values are equal. This means that relabeling outcomes using a reversible or injective transformation does not change the amount of uncertainty.","293f0422-52f9-42b7-a64a-d0b081ad20e2","ProbabilityTheory.entropy_comp_of_injective","PFR.ForMathlib.Entropy.Basic","pfr","pfr","If a random variable Y is obtained by applying an injective function f to another random variable X, then the entropy of Y equals the entropy of X. This means that transforming X through a one-to-one function does not change the amount of uncertainty. The result holds when X takes values in a countable space and both variables are measurable."
"0.8906317543766828","0.8906317543766828","0.8906320333480835","True","f912a029-fe0a-4809-ad9e-2c1c42fc0394","Brownian motion project","RemyDegenne/brownian-motion","2.2.19","MeasureTheory.fst_iInter_of_supClosure_image2_prod_of_antitone","If S is a collection of subsets of X and T is a compact system of K, and if Bn is a decreasing sequence of sets in the closure of products from S and T, then the projection of the intersection of the Bn sets onto X equals the intersection of the projections of each Bn onto X.","e3a2e879-7c70-4682-9e38-2a1d80438f66","MeasureTheory.fst_iInter_of_supClosure_image2_prod_of_antitone","BrownianMotion.Choquet.CompactSystem","brownian-motion","brownian-motion","If B is a decreasing sequence of subsets of the product space X × K, each belonging to the sup-closure of products of sets from p and q, where q contains the empty set and forms a compact system, then the projection of the intersection of all B n onto X equals the intersection of the projections of each B n onto X."
"0.8905578130990326","0.8905578130990326","0.890558123588562","True","3dc44c96-30dd-47fc-bc81-5677ecd83399","Brownian motion project","RemyDegenne/brownian-motion","2.3.5","ProbabilityTheory.isLocalizingSequence_of_isPreLocalizingSequence","If a sequence of stopping times is a pre-localizing sequence, then the sequence formed by taking the infimum from each point onward is a localizing sequence.","6be67b0f-2890-4341-95a9-e6ec72a7c68e","ProbabilityTheory.isLocalizingSequence_of_isPreLocalizingSequence","BrownianMotion.StochasticIntegral.LocalizingSequence","brownian-motion","brownian-motion","If a sequence of stopping times is pre-localizing with respect to a right-continuous filtration and a probability measure, then the sequence obtained by taking the pointwise infimum over all later times from each index onward forms a localizing sequence for the same filtration and measure. This means that under these conditions, the modified seque…"
"0.8904346488870027","0.8904346488870027","0.890434741973877","True","5f8c250a-f4dd-41ea-af66-c5c8ad3f71c6","Brownian motion project","RemyDegenne/brownian-motion","2.1.83","MeasureTheory.Submartingale.ae_bddAbove_Iic, ProbabilityTheory.maximal_ineq_countable","For a non-negative submartingale indexed by a countable set, the probability that the maximum value up to a given index M exceeds a threshold lambda is bounded above by the expected value of the submartingale at M divided by lambda. This result also gives a bound involving the expected value of the submartingale at M on the event where the maximum…","13a01118-4dd0-4bd3-bf7f-f65f530eb51c","ProbabilityTheory.maximal_ineq_countable","BrownianMotion.StochasticIntegral.DoobLp","brownian-motion","brownian-motion","For a non-negative submartingale indexed by a countable ordered set, the probability that its maximum value exceeds a positive threshold ε is bounded above by the expected value of the submartingale at a fixed time, divided by ε. This result holds with respect to a finite measure and a given filtration. It generalizes the idea that large deviation…"
"0.8902274806933426","0.8902274806933426","0.8902275562286377","True","e78dcd8c-f5f7-41c2-bde2-afbd0eb4fe83","Brownian motion project","RemyDegenne/brownian-motion","2.4.16","ProbabilityTheory.SimpleProcess.integral_assoc","For certain types of processes and continuous bilinear maps between normed vector spaces, the order of applying stochastic integrals can be rearranged if the maps satisfy a compatibility condition; specifically, integrating V against the integral of W against X is the same as first combining V and W using a bilinear map and then integrating the re…","4a1bf72b-aca3-4bb8-be4a-c8dd17565df1","ProbabilityTheory.SimpleProcess.integral_assoc","BrownianMotion.StochasticIntegral.SimpleProcess","brownian-motion","brownian-motion","When integrating simple processes in stochastic calculus, the order of integration can be swapped if the underlying bilinear maps satisfy a compatibility condition; specifically, integrating one process against another nested integral gives the same result as integrating their combined process against the third, provided the maps compose in a way …"
"0.8901883850626324","0.8901883850626324","0.8901886940002441","True","f64ace85-2370-4cff-8909-8e121b2d5bce","The Polynomial Freiman-Ruzsa Conjecture","teorth/pfr","12.30","condMultiDist_nonneg","The conditional multidistance between two tuples of random variables is always greater than or equal to zero.","a657e507-5cd4-4fe1-958c-625484214148","condMultiDist_nonneg","PFR.MoreRuzsaDist","pfr","pfr","The conditional multidistance between a list of random variables X given another list Y is always greater than or equal to zero. This holds when each X takes values in a finite additive group G and each Y takes values in a finite set, with all spaces equipped with appropriate probability measures and measurability conditions."
"0.8901592093831877","0.8901592093831877","0.8901598453521729","True","d072f534-7d22-4a02-a870-eb1130029f13","Toric varieties","YaelDillies/toric","4.3.9","AlgebraicGeometry.Scheme.charPairing","There is a perfect pairing with integer values between the characters and cocharacters of a group scheme over the spectrum of a domain.","aa8ec4c3-c6de-437a-914b-8d67f92fa56d","AlgebraicGeometry.Scheme.charPairing","Toric.GroupScheme.Character","toric","toric","A pairing between characters and cocharacters of a group scheme over a domain, taking values in the integers, that is linear in both arguments and respects the group structure."
"0.8901199295489631","0.8901199295489631","0.8901207447052002","True","a58b949d-433a-45d1-a8c2-4571f64c2c55","The Polynomial Freiman-Ruzsa Conjecture","teorth/pfr","8.9","entropic_PFR_conjecture_improv","For two random variables taking values in the vector space F_2^n, there exists a subgroup such that the distances of both variables from the uniform distribution on that subgroup are bounded by a constant multiple of their mutual distance; specifically, the sum of these distances is at most 10 times their mutual distance, and each is at most 6 tim…","181b8463-6088-4581-b877-e42b7c96c42e","entropic_PFR_conjecture_improv","PFR.ImprovedPFR","pfr","pfr","For two random variables taking values in a finite abelian group G that is also a vector space over the field of two elements, there exists a subgroup H of G such that the sum of the distances from each variable to the uniform distribution on H is at most 10 times the distance between the two variables themselves."
"0.8900242510728482","0.8900242510728482","0.8900247812271118","True","a5da0f0b-9926-4938-a4ee-6b6c325571d3","Toric varieties","YaelDillies/toric","2.3.23","Bialgebra.span_isGroupLikeElem_eq_top_of_isDiagonalisable","A diagonalizable bialgebra is made up entirely of combinations of its group-like elements.","2ac106f1-e7f7-4c18-b539-fd0f7e898e18","Bialgebra.span_isGroupLikeElem_eq_top_of_isDiagonalisable","Toric.Hopf.Diagonalisable","toric","toric","If a bialgebra over a commutative ring can be diagonalised, then every element in it can be expressed as a combination of group-like elements. This means the entire bialgebra is spanned by those elements that behave like group elements under the coalgebra operations."
"0.8896956600481672","0.8896956600481672","0.8896961808204651","True","19ee8509-8b07-4bfc-bd1c-2f2ae5f4cf10","Class Field Theory","kbuzzard/ClassFieldTheory","41","Rep.trivialTateCohomology_coind₁, Rep.trivialTateCohomology_coind₁', Rep.trivialTateCohomology_ind₁'","If M is a representation of a finite group G, then the induced representation ind_1'(M) and the coinduced representation coind_1'(M) both have trivial Tate cohomology.","4f565089-af5e-41b1-b362-e9048295e092","Rep.trivialTateCohomology_coind₁'","ClassFieldTheory.Cohomology.IndCoind.TrivialCohomology","ClassFieldTheory","ClassFieldTheory","For any finite group G, commutative ring R, and representation M of G over R, the coinduced representation Rep.coind₁'.obj M has trivial Tate cohomology, meaning all its Tate cohomology groups vanish for every subgroup of G and every integer degree."
"0.8894448069886125","0.8894448069886125","0.8894450664520264","False","f43545cd-e25e-46ee-a9cb-bfc228176c9c","Brownian motion project","RemyDegenne/brownian-motion","1.5.51","ProbabilityTheory.lintegral_sup_rpow_edist_le_card_mul_rpow","For a stochastic process satisfying the Kolmogorov continuity condition with exponents p and q and constant M, the expected value of the supremum of the p-th power of distances between process values at pairs of points in a finite set C is bounded above by the size of C times M times epsilon raised to the power q, where epsilon is an upper bound o…","f4558e48-60e6-48c1-8e00-04eabbffda05","ProbabilityTheory.lintegral_sup_rpow_edist_le_card_mul_rpow_of_dist_le","BrownianMotion.Continuity.IsKolmogorovProcess","brownian-motion","brownian-motion","For a stochastic process that satisfies a Kolmogorov continuity condition, the expected value of the supremum of distances between process values raised to a power p is bounded by a constant multiple of the size of the index set, a scaling factor involving n, and parameters controlling the distance and measure."
"0.8890727145211079","0.8890727145211079","0.889072835445404","False","ab5fb57b-3d32-4c79-af0d-d5be83466c3d","Brownian motion project","RemyDegenne/brownian-motion","1.5.60","ProbabilityTheory.lintegral_sup_rpow_edist_le_of_minimal_cover","Let X be a stochastic process satisfying a Kolmogorov condition with exponents p and q and constant M, on a parameter space T with bounded internal covering number given by constants c1 and d. Let C_k be a minimal epsilon_k-cover of T. Then the expected value of the supremum of the p-th power of distances between process values at points in C_k an…","74ec8dfe-1dc2-4399-b2ed-2bbf83c22460","ProbabilityTheory.lintegral_sup_rpow_edist_cover_of_dist_le","BrownianMotion.Continuity.IsKolmogorovProcess","brownian-motion","brownian-motion","For a stochastic process satisfying a Kolmogorov-type condition, the expected value of the supremum of the p-th power of the distance between process values is bounded above by a constant multiple of the covering number of the index set, raised to a power involving q and multiplied by logarithmic factors. The bound depends on the parameters of the…"
"0.8890690803528085","0.8890690803528085","0.8890693187713623","True","6b34b534-b7fe-4643-a95b-61ba8452b198","The Polynomial Freiman-Ruzsa Conjecture","teorth/pfr","12.6","kvm_ineq_I","The entropy of the sum of a random variable X and several independent random variables is at most the sum of the individual entropy increases when adding each variable to X one at a time.","a52aa893-e87d-4502-8ddb-47620800b26a","kvm_ineq_I","PFR.MoreRuzsaDist","pfr","pfr","If Y_i0 is a random variable and Y_i for i in a finite set s are independent random variables taking values in a countable abelian group, then the increase in entropy from adding Y_i0 to the sum of the Y_i is at most the sum of the increases in entropy from adding Y_i0 to each individual Y_i."
"0.8886054754257202","0.8886055494733384","0.8886054754257202","True","25b16c57-f13e-4d0f-8d5e-fd4367db5e2c","The Polynomial Freiman-Ruzsa Conjecture","teorth/pfr","3.24","condRuzsaDist_le, condRuzsaDist_le'","The Ruzsa distance between two random variables conditioned on additional information is at most the unconditioned Ruzsa distance plus half the mutual information between each variable and its respective conditioning variable. This gives an upper bound on how much conditioning can increase the Ruzsa distance. In a special case, the distance betwee…","a62de985-ff29-4fbc-884d-77b5424e0d84","condRuzsaDist_le'","PFR.ForMathlib.Entropy.RuzsaDist","pfr","pfr","The conditional Ruzsa distance between two random variables X and Y given a third variable W is at most the unconditional Ruzsa distance between X and Y plus half the mutual information between Y and W. All variables take values in countable abelian groups, have finite range, and are measurable with respect to probability measures on their domains…"
"0.8883772357129426","0.8883772357129426","0.8883774280548096","True","fb56302c-5a06-4878-b948-77c638507d42","Brownian motion project","RemyDegenne/brownian-motion","1.3.25","ProbabilityTheory.covMatrix_stdGaussian","The covariance matrix of the standard Gaussian distribution is equal to the identity matrix.","2486a797-c678-46d2-b655-66443778ba97","ProbabilityTheory.covMatrix_stdGaussian","BrownianMotion.Gaussian.MultivariateGaussian","brownian-motion","brownian-motion","The covariance matrix of the standard Gaussian distribution on a finite-dimensional real inner product space is the identity matrix, meaning each component has unit variance and is uncorrelated with the others. This holds regardless of the choice of orthonormal basis. The result follows from the fact that the coordinates are independent standard n…"
"0.8874157668188164","0.8874157668188164","0.8874161839485168","True","3969a4c6-98a3-416a-89f8-45d82844cf8f","The Polynomial Freiman-Ruzsa Conjecture","teorth/pfr","13.20","rho_continuous","The value of rho of X changes smoothly when the distribution of X changes slightly.","00ee3b8e-715e-49a8-aea6-acd059b0dffb","rho_continuous","PFR.RhoFunctional","pfr","pfr","The value of rho(X) changes smoothly when the probability distribution of the random variable X changes, assuming X takes values in a finite additive group with the discrete topology and measurable structure. This means small changes in the distribution of X lead to small changes in rho(X). The result follows from the continuity of related functio…"
"0.8865625858306885","0.8865626965560398","0.8865625858306885","True","a2b90dda-f37e-4b2b-a809-3db692893906","The Polynomial Freiman-Ruzsa Conjecture","teorth/pfr","3.3","ProbabilityTheory.max_entropy_sub_mutualInfo_le_entropy_add, ProbabilityTheory.max_entropy_sub_mutualInfo_le_entropy_sub","The entropy of the sum or difference of two random variables is at least as large as the maximum of their individual entropies minus their mutual information.","59577a7f-60ce-4f15-82d0-a98bd931df81","ProbabilityTheory.max_entropy_sub_mutualInfo_le_entropy_add","PFR.ForMathlib.Entropy.Group","pfr","pfr","The maximum of the entropies of two random variables X and Y, minus their mutual information, is at most the entropy of their sum. This holds when X and Y take values in a countable additive group, have finite range, and are measurable with respect to a probability measure."
"0.8862771179621345","0.8862771179621345","0.8862773180007935","True","7da7eb7a-9c93-487d-9676-37cfe957c25a","Brownian motion project","RemyDegenne/brownian-motion","1.6.8","ProbabilityTheory.continuous_brownian","The paths of Brownian motion are continuous functions over time.","278ed163-5c0b-4e62-acf9-74cd96551b61","ProbabilityTheory.continuous_brownian","BrownianMotion.Gaussian.BrownianMotion","brownian-motion","brownian-motion","For almost every path ω, the function that maps a non-negative real number x to the value of brownian x ω is continuous. This means the sample paths of the Brownian motion process are continuous over time. The result follows from the fact that the preBrownian process, which has the same statistical law as Brownian motion, satisfies the conditions …"
"0.885522549945034","0.885522549945034","0.8855226635932922","False","7ea4571e-a71d-4613-99be-aba4546dfe8f","Brownian motion project","RemyDegenne/brownian-motion","1.5.12","volume_le_of_isCover","The volume of a set A is at most the number of balls in a finite cover of A times the volume of a single closed ball of radius epsilon.","6b0db362-d9cb-423c-86ef-4fc9fca0ce39","volume_le_externalCoveringNumber_mul","BrownianMotion.Continuity.CoveringNumber","brownian-motion","brownian-motion","The volume of a set A in a finite-dimensional real inner product space is at most the number of balls of radius ε needed to cover it, multiplied by the volume of one such ball. This holds for any positive radius ε and relates the geometric size of the set to how many small balls are required to cover it. The covering number counts the minimum numb…"
"0.8855033314741128","0.8855033314741128","0.885503888130188","True","13b5c45d-7bc1-46f1-84a1-1dd5fdd59a97","Brownian motion project","RemyDegenne/brownian-motion","2.2.7","SupClosed.mem_countableSupClosure_iff","If a collection of sets S is closed under taking pairwise unions, then a set s belongs to the countable union closure of S exactly when s can be written as the union of an increasing sequence of sets from S.","8e4cad3e-1ec7-4010-8c85-d14a306e8021","SupClosed.mem_countableSupClosure_iff","BrownianMotion.Choquet.CompactSystem","brownian-motion","brownian-motion","If a collection of sets is closed under taking suprema, then a set belongs to its countable supremum closure if and only if it can be expressed as the union of a countable, increasing sequence of sets from the original collection."
"0.8854355084902248","0.8854355084902248","0.885436475276947","True","0d6d279c-ca4c-4c4c-8d6b-b99a24d4badf","The sphere eversion project","leanprover-community/sphere-eversion","1.16","exists_contDiff_of_convex","If E is a finite dimensional real normed vector space and F is a real normed vector space, and for each x in E the set of y such that P(x, y) holds is convex, and locally there are C^n functions satisfying P, then there exists a single global C^n function that satisfies P for all x.","9884aa4d-5b80-470b-a84a-6d53cf703c52","exists_contDiff_of_convex","SphereEversion.ToMathlib.ExistsOfConvex","sphere-eversion","sphere-eversion","If for every point in a finite-dimensional real normed space E, the set of solutions to a property P(x, y) is convex in F, and locally there are continuously differentiable functions satisfying P, then there exists a globally defined continuously differentiable function f such that P(x, f(x)) holds for all x in E."
"0.8847932309912564","0.8847932309912564","0.8847938179969788","True","41d5c2a9-eaf2-490b-b9d7-6583dff3fb80","Brownian motion project","RemyDegenne/brownian-motion","1.6.13","ProbabilityTheory.wienerMeasureAux","The auxiliary Wiener measure is the probability measure on continuous functions obtained by mapping the limit Gaussian measure through Brownian motion, using the product sigma-algebra on real-valued functions over non-negative reals.","4d08693f-5997-4129-a8e2-0fde079b5f86","ProbabilityTheory.wienerMeasureAux","BrownianMotion.Gaussian.BrownianMotion","brownian-motion","brownian-motion","wienerMeasureAux is a measure defined on the space of continuous functions from non-negative real numbers to real numbers, constructed by restricting the gaussianLimit measure to only those paths that are continuous. It uses the fact that almost all paths of Brownian motion are continuous, and thus the measure is supported on this subset. This giv…"
"0.8847283772457367","0.8847283772457367","0.8847284317016602","True","ac798dfe-8910-483f-bb7c-a838e181b761","Gibbs Measures","YaelDillies/gibbs-measure","1.11","ProbabilityTheory.Kernel.isCondExp_iff_bind_eq_left","A kernel pi is a conditional expectation kernel for a finite measure mu if and only if applying pi to mu leaves mu unchanged, meaning the measure after transformation equals the original measure. This means the kernel preserves the measure when integrated against it.","0243abb5-637f-4b3d-ae50-1c839097a81a","ProbabilityTheory.Kernel.isCondExp_iff_bind_eq_left","GibbsMeasure.Prereqs.Kernel.CondExp","gibbs-measure","gibbs-measure","A kernel π is a conditional expectation with respect to a measure μ if and only if the measure obtained by integrating π against μ equals μ itself, assuming π is proper and the underlying sigma-algebra condition holds."
"0.8846501622290077","0.8846501622290077","0.884650468826294","True","073c3786-762f-43f7-9b18-96a16ccfc930","The sphere eversion project","leanprover-community/sphere-eversion","1.15","exists_surrounding_loops","There is a continuous family of loops based at a point beta, surrounding a function g, and staying within certain sets Omega_x; this family can be extended to be defined on the entire space E while matching the original loops near a subset K.","3242d366-a871-4a99-8d54-159648638cf2","exists_surrounding_loops","SphereEversion.Loops.Surrounding","sphere-eversion","sphere-eversion","There exists a family of loops that surrounds a given function g with base b in an open set Omega, such that this family matches a given loop family near a closed set K and is defined everywhere on the space."
"0.8839872617736806","0.8839872617736806","0.883987545967102","True","6cafdf9c-33b3-4b62-a8de-863237506355","Carleson operators on doubling metric measure spaces","fpvandoorn/carleson","2.1.3","dist_mem_Icc_of_Ks_ne_zero, enorm_Ks_le, enorm_Ks_sub_Ks_le","If the kernel value K_s at points x and y is nonzero, then the distance between x and y is bounded between multiples of D raised to the power s. The absolute value of K_s is at most a constant divided by the measure of a ball centered at x with radius D^s. The difference between K_s at y and y' is bounded by a similar expression scaled by the dist…","e1ae9242-d569-4fa6-9fbf-35a91468679c","dist_mem_Icc_of_Ks_ne_zero","Carleson.Psi","carleson","carleson","If the kernel function Ks at points x and y is not zero, then the distance between x and y lies in the closed interval from (defaultD a)^(s-1)/4 to (defaultD a)^s/2, where defaultD a is 2 raised to a constant times a squared."
"0.8835852146148682","0.8835853481072353","0.8835852146148682","True","555637dc-5852-4f43-b3b7-5ab691d0b4ed","Brownian motion project","RemyDegenne/brownian-motion","2.4.2","ProbabilityTheory.ElementaryPredictableSet","A set is called an elementary predictable set if it can be written as a finite union of sets that are either of the form {0} times a set in the initial sigma-algebra or of the form (s, t] times a set measurable at time s, where s and t are times with s less than t.","89e6b65f-14e9-4cdc-b296-60ab080dacdd","ProbabilityTheory.ElementaryPredictableSet","BrownianMotion.StochasticIntegral.SimpleProcess","brownian-motion","brownian-motion","An elementary predictable set is a finite collection of disjoint time-event pairs, where each pair is either a single time point at the start (like time 0) combined with an event known at that time, or a half-open time interval (s, t] combined with an event known at time s. These sets are built using predictable information over time, based on a f…"
"0.8834136597307399","0.8834136597307399","0.8834141492843628","True","2dac8ebd-b1d2-4fd1-9a67-1f127f141b0e","The Polynomial Freiman-Ruzsa Conjecture","teorth/pfr","13.25","condRhoMinus_le, condRhoPlus_le, condRho_le","The conditional dependence measures rho minus and rho are bounded above by their unconditional versions plus a term involving the reduction in entropy of X given Z, while rho plus does not increase when conditioning on Z.","8531de69-191d-4af9-962e-dd1d4f225895","condRho_le","PFR.RhoFunctional","pfr","pfr","The conditional rho value of a random variable X given another variable Z is at most the rho value of X plus half the difference between the entropy of X and the conditional entropy of X given Z. This inequality holds under the assumption that all involved functions are measurable and that the underlying spaces are finite and equipped with appropr…"
"0.8823167220115916","0.8823167220115916","0.882317066192627","False","4da71ae2-ecc6-48fe-a63e-a8d21f8cdcb7","Fermat's Last Theorem","ImperialCollegeLondon/FLT","9.15","IsDedekindDomain.FiniteAdeleRing.baseChangeAlgEquiv","The natural map from L tensor product with A over K to the ring of finite adeles of B over L is an isomorphism. This means the two algebraic structures are equivalent in a canonical way.","28128b7b-0f62-4926-bc96-41300c78a96a","IsDedekindDomain.FiniteAdeleRing.baseChangeContinuousAlgEquiv","FLT.DedekindDomain.FiniteAdeleRing.BaseChange","FLT","FLT","There is a natural continuous isomorphism of L-algebras between the tensor product of the finite adele ring of K with L over K, and the finite adele ring of L, when L is a finite extension of the fraction field of a Dedekind domain."
"0.881922930391679","0.881922930391679","0.8819233775138855","True","1965966d-c476-4c09-a328-3c59666d8fb9","Class Field Theory","kbuzzard/ClassFieldTheory","52","Rep.periodicCohomology, periodicTateCohomology","For a finite cyclic group G, the cohomology groups of any representation M repeat every two degrees, meaning the nth cohomology is isomorphic to the (n+2)th cohomology for positive n. The same periodicity holds for Tate cohomology for all integers n.","75bee813-179a-4c30-9040-13002791a414","periodicTateCohomology","ClassFieldTheory.Cohomology.FiniteCyclic.UpDown","ClassFieldTheory","ClassFieldTheory","For a finite cyclic group, the Tate cohomology groups in degrees m and n are isomorphic whenever m and n have the same parity (i.e., both are even or both are odd). This means the cohomology repeats every two degrees. The result holds for representations of the group over a commutative ring."
"0.8815068238543514","0.8815068238543514","0.8815069198608398","True","f7012ee2-5aee-46dc-bd60-a3ab707687d1","Brownian motion project","RemyDegenne/brownian-motion","2.3.28","ProbabilityTheory.isStable_martingale","If M is a cadlag martingale and tau is a stopping time, then the stopped process M raised to tau times the indicator that tau is greater than zero is also a martingale. The class of cadlag martingales is stable under stopping.","6d55d195-d69f-4ead-8bc1-524f4f29daef","ProbabilityTheory.isStable_martingale","BrownianMotion.StochasticIntegral.LocalMartingale","brownian-motion","brownian-motion","Càdlàg martingales remain martingales after stopping at any stopping time, meaning the class of processes that are both martingales and càdlàg (right-continuous with left limits) is closed under stopping."
"0.8803263249202067","0.8803263249202067","0.8803268074989319","True","48be10ce-421e-491b-9c33-eab0b1c4c1d1","Carleson operators on doubling metric measure spaces","fpvandoorn/carleson","11.1.10","spectral_projection_bound","The L2 norm of the Nth partial sum of the Fourier series of a bounded 2pi-periodic measurable function is at most the L2 norm of the function itself. This holds for all nonnegative integers N.","2153be89-c6e7-49a9-b60c-1e6f615db068","spectral_projection_bound","Carleson.Classical.HilbertStrongType","carleson","carleson","The L2 norm of the partial Fourier sum of a function f, restricted to the interval (0, 2*pi), is less than or equal to the L2 norm of f itself over that same interval, provided f is almost everywhere measurable."
"0.8791688437408797","0.8791688437408797","0.8791689872741699","True","e4d51f09-de8f-4d16-8577-77fa7bde6b21","Brownian motion project","RemyDegenne/brownian-motion","2.3.32","ProbabilityTheory.HasLocallyIntegrableSup","A process has locally integrable supremum if, over small time intervals, its maximum value has a finite expected value. This means the process does not blow up too quickly in expectation when observed over finite intervals.","07a2491a-e7ee-4d10-a0ca-bdf7fa36bfa7","ProbabilityTheory.HasLocallyIntegrableSup","BrownianMotion.StochasticIntegral.ClassD","brownian-motion","brownian-motion","A stochastic process has locally integrable supremum if, roughly, for each time t, the maximum size of the process up to t is finite on average, and this property holds progressively over time when restricted to a sequence of stopping times. This means that the supremum of the process up to any fixed time is a random variable whose expected value …"
"0.8786239551677693","0.8786239551677693","0.8786243200302124","True","30cfa031-04a3-4463-bfab-05bbc171e71b","Brownian motion project","RemyDegenne/brownian-motion","2.6.9","komlos_L1","There is a sequence of functions formed by taking convex combinations of a uniformly integrable sequence of Hilbert space-valued functions, and this new sequence converges in the L1 norm.","98b0f709-009a-4067-86ab-bf4cb03b002a","komlos_L1","BrownianMotion.StochasticIntegral.Komlos","brownian-motion","brownian-motion","If a sequence of functions is uniformly integrable in the L1 sense, then there exists a sequence of convex combinations of the original functions and a limiting function such that the L1 norm of the difference between these combinations and the limit tends to zero as the index increases."
"0.8781458365613765","0.8781458365613765","0.8781459331512451","True","306943ed-2296-4da1-9cda-939783827813","Fermat's Last Theorem","ImperialCollegeLondon/FLT","9.42","NumberField.InfinitePlace.Completion.piEquiv","There is a natural linear and continuous isomorphism over the completion of K at a place v, between a vector space of dimension equal to the degree of L over K and the product of the completions of L at all places lying above v.","2a532ba8-c018-4280-9b24-5bef33397405","NumberField.InfinitePlace.Completion.piEquiv","FLT.NumberField.Completion.Infinite","FLT","FLT","There is a natural linear homeomorphism between the vector space K_v^d, where d is the degree of the field extension L over K, and the product of all completions of L at places lying above a given infinite place v of K. This map is compatible with the topology and linear structure over the completion K_v. It expresses how the extension of completi…"
"0.8775788362703093","0.8775788362703093","0.8775789737701416","False","76ef37e1-b4c6-40b2-a51c-bb322ab2b532","Fermat's Last Theorem","ImperialCollegeLondon/FLT","9.41","NumberField.InfinitePlace.Completion.baseChangeEquiv","There is a natural isomorphism of L-algebras between the tensor product of L with the completion of K at an infinite place v and the product of the completions of L at all places lying above v, and this isomorphism respects a certain embedding of the completion of K.","352011c6-d71c-4ef3-8139-777bc541fbe4","IsDedekindDomain.HeightOneSpectrum.adicCompletion.baseChangeContinuousAlgEquiv","FLT.DedekindDomain.Completion.BaseChange","FLT","FLT","There is a natural continuous isomorphism of L-algebras between the tensor product of L with the v-adic completion of K and the product of the completions of L at all primes w lying above v. This isomorphism respects the algebra structure and topology induced by the valuations. It arises when extending scalars from a Dedekind domain A with fractio…"
"0.8773252721820245","0.8773252721820245","0.8773252964019775","True","14cbb859-9ea0-46c8-bb37-986041aa9081","The Polynomial Freiman-Ruzsa Conjecture","teorth/pfr","13.2","ProbabilityTheory.IdentDistrib.KLDiv_eq","The Kullback-Leibler divergence between two random variables stays the same when you replace them with independent copies of themselves.","61c5df52-32ca-4483-a3b0-2ac067be705f","ProbabilityTheory.IdentDistrib.KLDiv_eq","PFR.Kullback","pfr","pfr","If two random variables X' and Y' are copies of X and Y (meaning they have the same distributions), then the Kullback-Leibler divergence (KL) between X' and Y' is the same as the KL divergence between X and Y. This means KL divergence depends only on the distributions of the variables, not on the specific spaces they are defined on."
"0.8770900217101718","0.8770900217101718","0.8770900964736938","True","375c147b-e321-4eb7-9bd4-86945759b473","Toric varieties","YaelDillies/toric","4.1.2","preservesLimitsOfSize_algSpec, algSpec.instFull, algSpec.instFaithful, algSpec.fullyFaithful","Spec is a contravariant functor from R-algebras to schemes over Spec R that is fully faithful and preserves all limits.","31eb9a37-39f4-49a8-ba90-c4d51e436f4b","preservesLimitsOfSize_algSpec","Toric.GroupScheme.HopfAffine","toric","toric","The functor algSpec R, which sends R-algebras to schemes over Spec R, preserves all limits of a given size. This means that computing limits in the category of schemes over Spec R can be done by first computing them in the category of R-algebras and then applying algSpec R. In particular, the structure of limits is maintained when moving from alge…"
"0.8769758267859226","0.8769758267859226","0.8769761323928833","True","68a4c1b8-ee7c-4d21-b7ef-04f4da521289","The Polynomial Freiman-Ruzsa Conjecture","teorth/pfr","12.27","sub_multiDistance_le","If a tuple of points minimizes the tau function and has multidistance k, then the difference between k and the multidistance of any other tuple is at most eta times the sum of the individual distances between corresponding points in the two tuples.","a4486b51-0e07-44f8-bec4-846f8478470c","sub_multiDistance_le","PFR.MultiTauFunctional","pfr","pfr","If a tuple of random variables minimizes the multiTau functional, then the difference between its multiDistance value and that of any other tuple is at most eta times the sum of the individual Ruzsa distances between corresponding components of the tuples."
"0.8769106464857556","0.8769106464857556","0.8769109845161438","True","a32bdba3-963e-437e-a2d1-240749e694ca","Brownian motion project","RemyDegenne/brownian-motion","2.3.50","MeasureTheory.ProgMeasurable.hasStronglyMeasurableSupProcess","If a filtration meets the usual conditions, then the supremum of a progressively measurable process is jointly strongly measurable.","6bcff9b5-67a7-42d8-ae3a-e017de5f8f9e","MeasureTheory.ProgMeasurable.hasStronglyMeasurableSupProcess","BrownianMotion.StochasticIntegral.ClassD","brownian-motion","brownian-motion","If a stochastic process is progressively measurable and the filtration meets the usual conditions (right-continuous and complete), then the process has a strongly measurable running supremum, meaning the function that tracks the maximum size of the process up to each time is well-behaved in a measure-theoretic sense."
"0.8767479658126831","0.876748102339262","0.8767479658126831","True","86a1a64c-fcc9-42b8-9711-a49d2e90e85a","Gibbs Measures","YaelDillies/gibbs-measure","1.17","Specification.isGibbsMeasure_iff_forall_bind_eq, Specification.isGibbsMeasure_iff_frequently_bind_eq","A probability measure nu is a Gibbs measure for a proper specification gamma if and only if nu is invariant under the action of gamma on finite subsets of S, and this invariance holds either for all finite subsets or frequently as the subsets grow to cover S.","5df74c8c-f0cd-4ede-a5dc-9a75ad2d178f","Specification.isGibbsMeasure_iff_frequently_bind_eq","GibbsMeasure.Specification","gibbs-measure","gibbs-measure","A measure μ is a Gibbs measure for a proper, Markov specification γ if and only if, for infinitely many finite sets Λ, repeatedly applying the specification's boundary condition kernels to μ leaves μ unchanged. This means μ is invariant under the local transformations defined by γ on arbitrarily large finite regions. The condition uses the ""freque…"
"0.8756687986773701","0.8756687986773701","0.8756691217422485","True","d4ccdfb8-ca5c-4e5d-958d-77441fcfe088","Brownian motion project","RemyDegenne/brownian-motion","2.6.28","MeasureTheory.Submartingale.monotone_predictablePart","The predictable part of a real-valued submartingale increases over time with probability one.","2a0892af-3dac-4643-b70d-3816e0115126","MeasureTheory.Submartingale.monotone_predictablePart","BrownianMotion.StochasticIntegral.Centering","brownian-motion","brownian-motion","For a submartingale process indexed by natural numbers, the predictable part of the process is almost surely monotone increasing in time for almost every outcome. This means that, with probability one, the value of the predictable component does not decrease as time progresses. The result follows from the structure of submartingales and their deco…"
"0.87559013295244","0.87559013295244","0.8755906820297241","True","eaf4f7fe-1273-42c6-907e-8ecdf7bc0c9d","Brownian motion project","RemyDegenne/brownian-motion","2.2.29","MeasureTheory.isPavingAnalytic_isPavingAnalytic","The analytic paving of an analytic paving of a family of sets F is the same as the analytic paving of F.","50d03373-a132-4986-b00a-815723facce7","MeasureTheory.isPavingAnalytic_isPavingAnalytic","BrownianMotion.Choquet.AnalyticSet","brownian-motion","brownian-motion","If a set s is analytic with respect to the paving-analytic sets generated by a paving p, then s is also analytic with respect to p itself. This means that the property of being paving-analytic is preserved when iterating the analytic construction. In other words, applying the analytic set operation twice doesn't produce more sets than needed."
"0.8752177825153384","0.8752177825153384","0.8752179741859436","True","7276db0a-3d5d-4e88-87d8-c0b401a15b81","Fermat's Last Theorem","ImperialCollegeLondon/FLT","10.27","Topology.IsOpenEmbedding.regular_comap","When an open embedding is used to pull back a regular Borel measure, the resulting measure is also a regular Borel measure.","37492166-f608-41a7-8a3d-b47d85ad43a3","Topology.IsOpenEmbedding.regular_comap","FLT.Mathlib.MeasureTheory.Measure.Regular","FLT","FLT","If a map φ from X to Y is a topological open embedding and μ is a regular measure on Y, then the pullback measure of μ via φ is also regular on X. This means the comap measure inherits regularity properties when pulled back through open embeddings."
"0.8750707451649151","0.8750707451649151","0.8750709891319275","True","a4948e41-7418-4188-9234-5d6063f844d9","Brownian motion project","RemyDegenne/brownian-motion","2.2.6","InfClosed.mem_countableInfClosure_iff","If a collection of sets S is closed under taking intersections of any two sets in it, then a set s belongs to the countable intersection closure of S if and only if s can be expressed as the intersection of a decreasing sequence of sets from S.","15fae1e9-b8e7-41ad-a18c-4ea218bb3b7e","InfClosed.mem_countableInfClosure_iff","BrownianMotion.Choquet.CompactSystem","brownian-motion","brownian-motion","A set s is in the countable inf-closure of a family p if and only if there exists a sequence A of sets from p, decreasing with n, such that s is the intersection of all A n. This holds when p is closed under arbitrary intersections."
"0.8750290412360837","0.8750290412360837","0.8750293254852295","True","a924930c-f104-4386-8db1-80a62008379a","The Polynomial Freiman-Ruzsa Conjecture","teorth/pfr","10.1","Finset.addEnergy'","The additive energy of a finite subset A of a group G is the count of all quadruples of elements from A where the sum of the first two equals the sum of the last two.","0f64b39f-9a0b-4698-b0c8-e2a1da8374dd","Finset.addEnergy'","AddCombi.Mathlib.Combinatorics.Additive.Energy","add-combi","add-combi","The additive energy E[s, t] of two finite sets s and t in a group counts how many quadruples (a1, a2, b1, b2) satisfy a1 + b1 = a2 + b2 with a1, a2 in s and b1, b2 in t, and it is returned as a non-negative rational number."
"0.8747923274901566","0.8747923274901566","0.8747926950454712","True","4a0d0b78-817e-4f41-b8d7-c2110864f3cb","The Polynomial Freiman-Ruzsa Conjecture","teorth/pfr","13.39","better_PFR_conjecture_aux0","If the sumset of a set A is at most K times the size of A, then A has a large intersection with a translate of a subgroup H, where the size of H is not too far from the size of A, specifically within a factor related to K to the eighth power.","f39f69f8-3a87-4dc7-8afd-ef8374e28900","better_PFR_conjecture_aux0","PFR.RhoFunctional","pfr","pfr","If a set A in a finite abelian group has small doubling (the sumset A+A is at most K times larger than A), then A has a large intersection with a translate of some subgroup H, where the size of H is not too far from the size of A (within a factor of K^8), and the intersection is at least roughly the geometric mean of |A| and |H| scaled by K^(-4)."
"0.8743316241833422","0.8743316241833422","0.8743319511413574","True","2eec9ac5-3286-4f15-a213-97c6c4d83da3","Brownian motion project","RemyDegenne/brownian-motion","2.3.39","ProbabilityTheory.classD_iff_norm","A progressively measurable process belongs to class D if and only if its norm also belongs to class D.","45fdcd55-68e5-462d-8379-08b96290d85c","ProbabilityTheory.classD_iff_norm","BrownianMotion.StochasticIntegral.ClassD","brownian-motion","brownian-motion","A stochastic process X is of class D if and only if the process formed by taking the norm of X at each time and state is also of class D, assuming X is progressively measurable with respect to the given filtration and the index set has a linear order with a minimum element."
"0.8742702376295484","0.8742702376295484","0.8742704391479492","False","e9499d03-1491-497c-8ea4-46aad57fe422","Brownian motion project","RemyDegenne/brownian-motion","2.3.53","ProbabilityTheory.locally_classD_of_locally_classDL","If a filtration is right-continuous and a stochastic process X is locally of class DL, then X is also locally of class D.","08fe14bb-87f6-445b-80a9-3078179440b7","ProbabilityTheory.locally_classD_iff_locally_classDL","BrownianMotion.StochasticIntegral.ClassD","brownian-motion","brownian-motion","A stochastic process is locally of class D with respect to a right-continuous filtration if and only if it is locally of class DL, meaning the two local properties are equivalent under these conditions. Class D requires uniform integrability over all finite stopping times, while class DL requires it only up to fixed times, and the equivalence hold…"
"0.8741735816001892","0.8741736497101213","0.8741735816001892","True","925cd492-0888-4b84-8bb2-272f41db17c0","Fermat's Last Theorem","ImperialCollegeLondon/FLT","5.13","QHat.canonicalForm","Every element in the tensor product of the rational numbers and the profinite completion of the integers can be expressed as a simple tensor of a rational number and a profinite integer. Moreover, the rational number can always be taken to be the reciprocal of a positive integer.","8033a53d-bda1-43a7-88a4-b4a557a524f5","QHat.canonicalForm","FLT.Data.QHat","FLT","FLT","Every element of the profinite completion of the rational numbers can be written as a fraction 1/N times a profinite integer, where N is a positive integer and the fraction acts on the profinite integer through a tensor product structure."
"0.8736578758414268","0.8736578758414268","0.8736578822135925","True","0875a1b4-1d69-46e0-97e8-0765abe1651e","Brownian motion project","RemyDegenne/brownian-motion","1.1.11","ProbabilityTheory.covMatrix, ProbabilityTheory.posSemidef_covMatrix","The covariance matrix of a probability measure on a finite-dimensional space is a positive semidefinite matrix that represents the bilinear form giving the expected value of the product of deviations of vectors from the mean, weighted by the measure. It generalizes the variance to multiple dimensions by capturing pairwise covariances between compo…","3a218f0b-2d69-4998-9a73-fd2cc5929dce","ProbabilityTheory.posSemidef_covMatrix","BrownianMotion.Gaussian.CovMatrix","brownian-motion","brownian-motion","The covariance matrix of a probability measure on a finite-dimensional real inner product space is always positive semidefinite, meaning that for any vector, the quadratic form defined by the covariance matrix gives a non-negative result. This property follows from the fact that the underlying bilinear form defined by the covariance is itself posi…"
"0.8733359157664391","0.8733359157664391","0.8733365535736084","True","5ade2e06-c530-4447-a9ff-30b1408775a0","Brownian motion project","RemyDegenne/brownian-motion","1.4.8","ProbabilityTheory.gaussianProjectiveFamily","For each finite set of non-negative times, define a Gaussian probability distribution with zero mean and covariance equal to the minimum of each pair of times; the collection of these distributions for all such finite sets is called the projective family of the Brownian motion.","3455e8c4-61c2-4cd4-a536-9da6fdeecb42","ProbabilityTheory.gaussianProjectiveFamily","BrownianMotion.Gaussian.ProjectiveLimit","brownian-motion","brownian-motion","For a finite set of non-negative real numbers I, the gaussianProjectiveFamily defines a probability measure on the space of real-valued functions indexed by I, where the measure is a multivariate Gaussian with mean zero and covariance matrix given by the minimum of the time points in I. This measure models the joint distribution of a Brownian moti…"
"0.8731034073360997","0.8731034073360997","0.8731034994125366","False","ca35acb3-14b7-4b1b-8b9e-8c27c0bca01e","Sphere Packing in Dimension 8","thefundamentaltheor3m/Sphere-Packing-Lean","6.46","serre_D_slash_equivariant","The Serre derivative of a function transformed under the slash action of a matrix in SL2(Z) equals the transformation of the Serre derivative of the function, with the weight increased by 2. This holds for all matrices in SL2(Z). The operation is consistent with the group action on modular forms.","3591fac8-d8d2-41f5-a168-f0bce10df2d4","serre_D_slash_invariant","SpherePacking.ModularForms.Derivative","sphere-packing-math-inc","sphere-packing-math-inc","If a complex-valued function F on the upper half-plane is invariant under the weight k slash action of a 2x2 integer matrix gamma with determinant 1, then the Serre derivative of F is invariant under the same matrix's slash action but with weight k+2. This means the Serre derivative preserves modular invariance while increasing the weight by 2."
"0.8728461449121468","0.8728461449121468","0.872846245765686","False","e16d2aad-6409-4fae-b23a-8eb7262a08ab","The Polynomial Freiman-Ruzsa Conjecture","teorth/pfr","13.35","condRho_sum_le","For four independent random variables on a group, the sum of the conditional dependencies of two pairwise sums given each other and their total sum, minus half the sum of the individual dependencies, is at most half the sum of the pairwise dependencies between specific pairs of the original variables.","8f0a9010-efd6-4f29-89fd-ee870e17e1f7","condRho_sum_le'","PFR.RhoFunctional","pfr","pfr","For four independent random variables Y1, Y2, Y3, Y4 taking values in a finite abelian group G, the sum of certain conditional rho values between pairwise sums T1, T2, T3 (like Y1+Y2) given both another pairwise sum and the total sum S = Y1+Y2+Y3+Y4, minus a term involving the individual rho values of the Yi, is bounded above by the sum of the pai…"
"0.8724706172943115","0.8724707841032647","0.8724706172943115","True","d458edab-3581-481b-b6ca-03118e02a778","Fermat's Last Theorem","ImperialCollegeLondon/FLT","9.38","NumberField.InfinitePlace.Completion.baseChange_surjective","The map from the tensor product of L with the completion of K at an infinite place to the product of the completions of L over places above that infinite place is surjective. This means every element in the product space can be reached by applying the map to some element in the tensor product. Surjectivity follows because elements of L can approxi…","6e8d9b55-f7c0-4d29-aa4e-4c4397976fde","NumberField.InfinitePlace.Completion.baseChange_surjective","FLT.NumberField.Completion.Infinite","FLT","FLT","For any finite extension L of a number field K and any infinite place v of K, the natural map from the tensor product of L with the completion of K at v to the product of all completions of L at places above v is surjective. This means every element in the target product space comes from some element in the tensor product. The result captures how …"
"0.8715742541757628","0.8715742541757628","0.8715745806694031","False","4eed8e77-a6a5-4bd0-ad11-ea5216d753dc","Arithmetic Progressions - Almost Periodicity","YaelDillies/apap","2.8","spec_hoelder","For a function f from a finite abelian group G to the complex numbers, and a subset Delta of the large spectrum of f, the 2m-th energy of Delta is at least a constant multiple of the size of Delta raised to the 2m power, scaled by the ratio of the square of the L1 norm to the L2 norm squared of f, and normalized by the group size and a parameter e…","c201fe25-9778-486f-919c-d8f431a02344","general_hoelder","APAP.Prereqs.Chang","apap","apap","For a finite abelian group G, if f is a nonzero complex-valued function on G, ν is a non-negative real-valued function bounded below by 1 where f is nonzero, and Δ is a set of additive characters where the Fourier transform of f is large (at least η > 0), then the size of Δ raised to the power 2m times a term involving η and the ratio of the L1 an…"
"0.8715518505342937","0.8715518505342937","0.8715526461601257","False","0f5263bf-8a7f-49aa-b133-1ed9894bff57","Fermat's Last Theorem","ImperialCollegeLondon/FLT","2.4","FreyPackage","A Frey package consists of three nonzero integers a, b, and c that are pairwise coprime, with a congruent to 3 mod 4, b even, and a prime p at least 5, such that a to the power p plus b to the power p equals c to the power p.","10fa244f-8050-435b-90ed-f2b1563fefd3","FreyPackage.of_not_FermatLastTheorem_p_ge_5","FLT.Basic.FreyPackage","FLT","FLT","If there are nonzero integers a, b, c and a prime number p greater than or equal to 5 such that a^p + b^p = c^p, then there exists a Frey package associated with this solution."
"0.8711553290633233","0.8711553290633233","0.8711555600166321","True","a447a05c-48ea-4347-81dc-f0674f15c671","Carleson operators on doubling metric measure spaces","fpvandoorn/carleson","6.2.3","Tile.uncertainty","If two tiles have centers whose large neighborhoods overlap and one has size at most the other, then the distance between their designated points under a certain metric is controlled by a constant multiple of the distance between the images of any two points from the tiles under a localized metric, with the constant depending only on the parameter…","4524dafe-6604-4e4d-b0ac-d43e8e5f7666","Tile.uncertainty","Carleson.Antichain.TileCorrelation","carleson","carleson","If two tiles have overlapping neighborhoods and one is no larger than the other, then the scaled distance between their centers is controlled by a constant multiple of the scaled distance between any two points inside them, using a specific metric distortion function. The bound depends on the tile parameters and the ambient space structure. This g…"
"0.8711095053610292","0.8711095053610292","0.8711099624633789","True","267e53bc-c2e7-4c08-a841-93938d7a23b5","Class Field Theory","kbuzzard/ClassFieldTheory","20","groupCohomology.tateComplex, groupCohomology.tateComplexFunctor, groupCohomology.tateCohomology","A cochain complex for a finite group G and module M is constructed by combining ordinary cochain and chain complexes using a norm map N_G, extending the indexing to all integers; the resulting complex is called the Tate cochain complex, with cohomology groups known as Tate cohomology, defined for all integers n and functorial in M.","68644eeb-3951-434f-bd0e-19101045f769","groupCohomology.tateComplex","ClassFieldTheory.Cohomology.TateCohomology","ClassFieldTheory","ClassFieldTheory","The tateComplex defines a cochain complex over integers by linking inhomogeneous group chains and cochains through the Tate norm, using a finite group action on a module over a commutative ring. It combines homology and cohomology structures into a single graded complex indexed by integers. This construction is used in group cohomology to study Ta…"
"0.8710978832480504","0.8710978832480504","0.8710980415344238","True","971e71b3-bed1-4ade-ac47-a226577458f3","Fermat's Last Theorem","ImperialCollegeLondon/FLT","5.32","Hurwitz.exists_near","For any standard quaternion with real number components, there is a nearby Hurwitz quaternion such that the norm of their difference is less than 1.","761ed384-26d2-4512-a7b3-c854945d8423","Hurwitz.exists_near","FLT.Data.Hurwitz","FLT","FLT","For any quaternion with real number components, there exists another quaternion with integer components such that the distance between the two is less than 1."
"0.8707609519851915","0.8707609519851915","0.8707612752914429","True","677feaec-f2ce-4a00-866d-c4f83299bc33","Toric varieties","YaelDillies/toric","2.3.29","commHopfAlgCatEquivCogrpCommAlgCat","The category of R-Hopf algebras is the same as the category of cogroup objects in R-algebras. This means Hopf algebras can be understood as algebraic structures with extra operations that behave like comultiplication and coinversion. These operations satisfy axioms making them dual to group objects in algebras.","700aba5a-83bf-4d83-b4b4-a1f234760ccd","commHopfAlgCatEquivCogrpCommAlgCat","Toric.Mathlib.Algebra.Category.CommHopfAlgCat","toric","toric","Commutative Hopf algebras over a commutative ring R are equivalent to cogroup objects in the opposite category of commutative R-algebras. This means the algebraic structure of a commutative Hopf algebra corresponds precisely to a group-like structure defined within the category of commutative R-algebras. The equivalence captures how Hopf algebra o…"
"0.8706374917959523","0.8706374917959523","0.8706378936767578","True","a0e771a5-5369-42bb-941f-42315ec82296","The Polynomial Freiman-Ruzsa Conjecture","teorth/pfr","12.1","ProbabilityTheory.entropy_comp_le","The amount of uncertainty in a transformed random variable is always less than or equal to the uncertainty in the original variable. This means applying a function to a random variable cannot increase its entropy.","eb39cc0d-e3f4-41a7-a500-289af7ebf337","ProbabilityTheory.entropy_comp_le","PFR.ForMathlib.Entropy.Basic","pfr","pfr","The entropy of a random variable X is always greater than or equal to the entropy of the result after applying a measurable function f to X, as long as X has finite range and all singleton sets are measurable. This means that processing a random variable through a function cannot increase its uncertainty. The underlying measure is assumed to be ei…"
"0.8699996906421883","0.8699996906421883","0.8700002431869507","True","cf627537-4876-404c-bc07-be0790b3e9ab","Toric varieties","YaelDillies/toric","4.1.1","algSpec","Spec is a contravariant functor that takes R-algebras to schemes over the spectrum of R.","8f57c0b4-1634-436f-a953-7b9819845e92","algSpec","Toric.GroupScheme.HopfAffine","toric","toric","algSpec is a functor that takes an R-algebra and produces a scheme over the spectrum of R, in a way that reverses the direction of algebra maps; it assigns to each R-algebra a geometric object (a scheme) lying over Spec R, compatible with the structure of commutative rings and their homomorphisms."
"0.8699866574862628","0.8699866574862628","0.8699867129325867","True","29e1b219-255c-4d21-93e5-32b56ea7452e","The Polynomial Freiman-Ruzsa Conjecture","teorth/pfr","4.5","exists_isUniform_of_rdist_self_eq_zero","If a random variable X taking values in a group G has zero self-distance in a certain metric, then X is uniformly distributed on some subgroup H of G.","9c29b5c9-db87-4e79-958a-4198b7e4d76a","exists_isUniform_of_rdist_self_eq_zero","PFR.HundredPercent","pfr","pfr","If a random variable X has zero Ruzsa distance from itself, then there exists a subgroup H of G and a uniformly distributed random variable U over H such that X and U have zero Ruzsa distance. This means X is essentially uniformly distributed over some subgroup of G when its self-distance is zero. The result holds under standard measurability and …"
"0.8699707064719078","0.8699707064719078","0.8699711561203003","True","c16ce8ad-d3f9-4f86-8f72-5c89d34427f2","Brownian motion project","RemyDegenne/brownian-motion","2.3.37","ProbabilityTheory.classDL_iff_norm","A progressively measurable process has the class DL property if and only if its norm also has the class DL property.","b07fafa4-64fd-4d3d-adbb-ce7044ec8a49","ProbabilityTheory.classDL_iff_norm","BrownianMotion.StochasticIntegral.ClassD","brownian-motion","brownian-motion","A stochastic process X satisfies the class DL condition if and only if the process formed by taking the norm of X at each time and outcome also satisfies the class DL condition, assuming X is progressively measurable with respect to the given filtration."
"0.8697600040888723","0.8697600040888723","0.8697601556777954","True","46263ca5-a80a-49ca-8a12-b8d836599b45","The Polynomial Freiman-Ruzsa Conjecture","teorth/pfr","10.5","card_of_dual","For any finite abelian group where every element has order a power of 2, the number of homomorphisms from the group to the cyclic group of order 2 is equal to the size of the original group.","3d020273-0c51-44d1-adb9-eaa75da0d418","card_of_dual","PFR.ApproxHomPFR","pfr","pfr","The number of group homomorphisms from a finite abelian group G to the integers modulo 2 equals the number of elements in G, provided G is a module over the integers modulo 2."
"0.8697306513786316","0.8697311153126628","0.8697306513786316","True","bd421c9c-6a27-475b-81cd-11bb840baa44","The Polynomial Freiman-Ruzsa Conjecture","teorth/pfr","2.8","ProbabilityTheory.prob_ge_exp_neg_entropy","If a random variable has bounded entropy, then there is at least one value it can take that has a probability at least equal to the exponential of the negative entropy. This means low entropy implies the variable is relatively likely to take some specific value.","f180cbc9-f497-45ea-8847-8bfac5128ccc","ProbabilityTheory.prob_ge_exp_neg_entropy","PFR.ForMathlib.Entropy.Basic","pfr","pfr","For any random variable X taking values in a finite set, there is at least one possible value s such that the probability of X being equal to s is at least the exponential of the negative entropy of X. This means some outcome must occur with probability not smaller than e^(-H[X]). The result holds under standard probability assumptions."
"0.8695471035923488","0.8695471035923488","0.8695472478866577","True","e67af919-96a7-4df5-98fc-ea9dea8eddad","The Polynomial Freiman-Ruzsa Conjecture","teorth/pfr","3.23","ent_bsg","The sum over all possible values z of the probability that Z equals z times the statistical distance between the conditional distributions of A and B given Z equals z is at most 3 times the mutual information between A and B plus 2 times the entropy of Z minus the entropies of A and B. This inequality relates the dependence between two random vari…","52358efd-8779-4c68-b01b-6b4c02450f4f","ent_bsg","PFR.ForMathlib.Entropy.RuzsaDist","pfr","pfr","For two random variables A and B taking values in a finite abelian group G, the average statistical distance between their conditional distributions given the sum A+B is bounded above by an expression involving the mutual information of A and B and the entropies of A, B, and their sum. Specifically, the expected divergence between A and B when con…"
"0.8694584334503936","0.8694584334503936","0.8694584965705872","True","da271e15-35b0-4382-9f9f-33aec5446085","Brownian motion project","RemyDegenne/brownian-motion","2.3.31","ProbabilityTheory.HasIntegrableSup","A stochastic process is called integrable if it is measurable in time and outcome and each random variable in the process has a finite expected value. It has an integrable supremum if the supremum of the norms of the process up to any time t also has a finite expected value.","2c6e3c39-bd73-4181-85c1-d0df7db616ff","ProbabilityTheory.HasIntegrableSup","BrownianMotion.StochasticIntegral.ClassD","brownian-motion","brownian-motion","A stochastic process X has integrable supremum if, for each time t, the random variable that records the largest size of X up to time t is integrable, and the function mapping time and outcome to that largest size is measurable."
"0.8693631188419298","0.8693631188419298","0.8693637847900391","True","21f26f0b-00be-4a17-bd04-db78398a90b8","Brownian motion project","RemyDegenne/brownian-motion","1.5.14","le_volume_of_isSeparated","If a set S is epsilon-separated and contained in A, then the number of points in S times the volume of a ball of radius epsilon over 2 is less than or equal to the volume of the set formed by adding a ball of radius epsilon over 2 to A.","283b702a-52a7-4e57-85d4-c734f16f5dd7","le_volume_of_isSeparated","BrownianMotion.Continuity.CoveringNumber","brownian-motion","brownian-motion","If a set C is ε-separated (meaning every pair of distinct points in C is at least ε apart) and C is contained in a larger set A, then the number of points in C multiplied by the volume of a closed ball of radius ε/2 is less than or equal to the volume of the set formed by adding that same ball to A. This gives a lower bound on the volume of the ex…"
"0.8691518902778625","0.8691519312908226","0.8691518902778625","False","beff80a3-96aa-41ed-b524-ddc4ee27ebe4","Brownian motion project","RemyDegenne/brownian-motion","2.1.44","MeasureTheory.Filtration.predictable","The predictable sigma-algebra on the product space of time and outcomes is formed by all sets of the form (t, infinity] times an event known at time t, along with initial information at the start time if it exists. It captures all events that can be predicted just before they happen based on the information available up to that time. This construc…","37628d49-7a43-4e22-a3d2-e0e48a630511","MeasureTheory.Filtration.predictable_le_prod","BrownianMotion.StochasticIntegral.L2M","brownian-motion","brownian-motion","The predictable sigma-algebra of a filtration is contained within the product sigma-algebra on the time-space domain. This means that any predictable set is measurable with respect to the product of the time and sample space sigma-algebras. The result holds for filtrations indexed by a linearly ordered topological space with a least element."
"0.8678649742339197","0.8678649742339197","0.8678654432296753","True","3af3aa28-5910-426c-8a20-9213adb1e17b","Brownian motion project","RemyDegenne/brownian-motion","2.4.15","ProbabilityTheory.SimpleProcess.integral_const_right","If X_c is a constant process and V is a simple process, then the stochastic integral of V with respect to X_c is zero. This means integrating against a constant process yields no change.","cb1641c9-cbc8-4c20-8481-38b0bec7a35e","ProbabilityTheory.SimpleProcess.integral_const_right","BrownianMotion.StochasticIntegral.SimpleProcess","brownian-motion","brownian-motion","The integral of a constant process with respect to a simple process is zero. This means that when the integrand is constant over time, the stochastic integral vanishes. The result holds in the context of bilinear maps between normed vector spaces in a filtered probability space."
"0.8677429477635689","0.8677429477635689","0.867743730545044","True","1d731bbc-404d-4517-a064-3cd7facdd9e0","Gibbs Measures","YaelDillies/gibbs-measure","1.14","Specification.IsMarkov","A Markov specification is a collection of probability kernels, one for each finite subset of a set S, that assign probabilities in a consistent way. Each kernel in the collection must satisfy the properties of a probability measure. This structure is used to define and study Markov random fields. The specification ensures local probabilistic behav…","5e2ad4d1-0a55-4a92-8fb1-a458d9a6fcc8","Specification.IsMarkov","GibbsMeasure.Specification","gibbs-measure","gibbs-measure","A Markov specification is a system of probability kernels where each kernel, which assigns a probability measure based on external conditions, satisfies the property that every output measure is a probability measure. In simpler terms, it means that the way the system responds to boundary conditions always produces valid probability distributions.…"
"0.8677317274701138","0.8677317274701138","0.8677321076393127","True","4ed2fb55-015c-4f64-8651-8d10791e49a0","Sphere Packing in Dimension 8","thefundamentaltheor3m/Sphere-Packing-Lean","2.1","SpherePacking.finiteDensity_le, SpherePacking.finiteDensity_ge","For any radius R greater than 0, the packing density in a d-dimensional ball of radius R is bounded below and above by expressions involving the number of points of X inside slightly smaller and larger balls, scaled by the volume of a ball of radius r/2 relative to the volume of the ball of radius R.","5437eeda-e70f-4b65-8f6c-310a2b990cd9","SpherePacking.finiteDensity_ge","SpherePacking.Basic.SpherePacking","sphere-packing-math-inc","sphere-packing-math-inc","The finite density of a sphere packing in d-dimensional space is at least the number of sphere centers within a ball of radius R minus half the minimum separation, multiplied by the volume of a ball with radius equal to half the separation, then divided by the volume of a ball of radius R. This gives a lower bound on the proportion of space occupi…"
"0.8675169494413469","0.8675169494413469","0.8675172328948975","True","3abfb09e-2531-42af-8767-92d9310b248d","Brownian motion project","RemyDegenne/brownian-motion","2.2.55","MeasureTheory.ProgMeasurableSet","A set in the product space of time and outcomes is called progressively measurable if the function that indicates membership in the set is a progressively measurable process. This means that for each fixed time, the set's indicator behaves well with respect to the information available up to that time.","d5c93b03-bfd0-4174-8133-a70932a2b2ff","MeasureTheory.ProgMeasurableSet","BrownianMotion.Debut.Basic","brownian-motion","brownian-motion","A set E of pairs (i, ω) is progressively measurable if, for each time i, the set of outcomes ω up to that time is measurable with respect to the information available at time i, meaning the indicator function of E is measurable when restricted to times up to i and the corresponding sigma-algebra."
"0.8671802900491394","0.8671802900491394","0.8671807646751404","True","0442b7e5-3c2e-4add-8abb-484a80b6e34b","Sphere Packing in Dimension 8","thefundamentaltheor3m/Sphere-Packing-Lean","6.26","Δ_ne_zero","The function Δ(z) is never zero for any z in the upper half-plane. This follows from its product formula, which shows it is always positive when evaluated on the positive imaginary axis. The nonvanishing of Δ(z) is an important property used in the theory of modular forms.","9e22cccd-0a17-4e73-a5e6-3ca92bd50da2","Δ_ne_zero","SpherePacking.ModularForms.Delta","sphere-packing-math-inc","sphere-packing-math-inc","The function Δ(z), defined for complex numbers z in the upper half-plane, is never equal to zero. It is constructed as the 24th power of the Dedekind eta function, which itself does not vanish in the upper half-plane. Since the eta function is nonzero there, raising it to the 24th power also results in a nonzero value."
"0.8670752187456164","0.8670752187456164","0.8670758008956909","True","f63a3da9-d00f-4fa0-b595-aea75e0951a1","Class Field Theory","kbuzzard/ClassFieldTheory","21","groupCohomology.TateCohomology.isoGroupCohomology, groupCohomology.TateCohomology.isoGroupHomology, groupCohomology.TateCohomology.zeroIso, groupCohomology.TateCohomology.zeroIsoOfIsTrivial, groupCohomology.TateCohomology.negOneIso, groupCohomology.TateCohomology.negOneIsoOfIsTrivial","For a finite group G and a G-representation M, the zeroth Tate cohomology is the quotient of the G-invariant elements of M by the image of the norm map, and if M is trivial, this becomes M modulo |G| times M. The positive degree Tate cohomology groups match the usual group cohomology, while the negative degree Tate cohomology relates to group homo…","0cb4eeb9-fcc7-46ec-b71c-e6f4ec1071bd","groupCohomology.TateCohomology.zeroIsoOfIsTrivial","ClassFieldTheory.Cohomology.TateCohomology","ClassFieldTheory","ClassFieldTheory","The 0th Tate cohomology of a trivial representation M over a finite group G is isomorphic to the quotient of M by the submodule generated by multiplying elements of M by the order of G. This means cohomology in degree 0 captures the structure of M modulo the action of the group's size. The result is expressed as an R-module isomorphism."
"0.8663494180164009","0.8663494180164009","0.8663496375083923","True","c8451d00-1d66-4d52-8c53-dc827f2af98b","Sphere Packing in Dimension 8","thefundamentaltheor3m/Sphere-Packing-Lean","6.40","jacobi_identity","Three theta functions are related by the Jacobi identity, which states that the sum of the fourth powers of the first and third functions equals the fourth power of the second. This identity is equivalent to a similar equation involving related functions H2, H4, and H3. The result connects modular properties of these functions through a simple alg…","c66ab996-fdaa-443d-8f3c-6a3eaf58d67a","jacobi_identity","SpherePacking.ModularForms.JacobiTheta.JacobiIdentity","sphere-packing-math-inc","sphere-packing-math-inc","The Jacobi identity states that the sum of the functions H2 and H4 equals the function H3. This equality is a key algebraic relation among certain modular forms. It plays an important role in the theory of theta functions and sphere packing."
"0.86600429388031","0.86600429388031","0.8660047054290771","True","ec968cde-243f-4f2c-b9eb-2ef3dc43eaa2","Sphere Packing in Dimension 8","thefundamentaltheor3m/Sphere-Packing-Lean","3.10","E8Basis_volume","The volume of the E8 lattice in 8-dimensional space is equal to the covering volume of the space divided by this lattice, and both values are exactly 1.","78e99061-e8c0-4b26-9a66-56a77c379767","E8Basis_volume","SpherePacking.Basic.E8","sphere-packing-math-inc","sphere-packing-math-inc","The volume of the fundamental domain of the E8 lattice, formed by taking all real linear combinations of the E8 basis vectors with coefficients in [0, 1), is exactly 1. This means that the unit cell of the E8 lattice packing in 8-dimensional space has a volume of one unit. The result follows from the fact that the determinant of the E8 matrix is 1…"
"0.8652891874220494","0.8652891874220494","0.8652899861335754","True","d49f7772-dadb-42a9-90b8-c523cc33562b","The Polynomial Freiman-Ruzsa Conjecture","teorth/pfr","12.26","multiTau_min_sum_le","If a set of variables (X_i) minimizes the tau function, then the total distance between each X_i and a reference variable X^0 is bounded above by a constant multiple of the distance from X^0 to itself, scaled by the number of variables and a parameter eta.","bb1989b7-8c90-4d1a-a663-a893a1e79503","multiTau_min_sum_le","PFR.MultiTauFunctional","pfr","pfr","If a tuple of random variables minimizes the multiTau functional, then the sum of their distances from a reference point is at most 2 times the number of variables divided by a parameter eta, multiplied by the distance from the reference point to itself."
"0.8643573734792824","0.8643573734792824","0.8643577098846436","True","83edbaeb-6b79-4e5d-bde4-1e0f100f63af","Brownian motion project","RemyDegenne/brownian-motion","2.3.11","ProbabilityTheory.IsStable","A class of stochastic processes is stable if, whenever a process is in the class, the stopped version of that process after a positive stopping time is also in the class.","c7873125-4932-4174-af49-6362fd14c4a2","ProbabilityTheory.IsStable","BrownianMotion.StochasticIntegral.Locally","brownian-motion","brownian-motion","A property of stochastic processes is stable if, whenever a process has that property, the process stopped at any stopping time also has the same property. This means the property is preserved when the process is frozen after a random time determined by available information. The definition assumes a filtered probability space, a linearly ordered …"
"0.864113970069897","0.864113970069897","0.8641147017478943","True","d3ce2835-c23e-424a-bcf2-972f3faba054","Toric varieties","YaelDillies/toric","2.3.16","MonoidAlgebra.isGroupLikeElem_of","If R is a commutative semiring, A is a Hopf algebra over R, and G is a group, then each element in the image of G inside the group algebra A[G] satisfies the group-like property.","6ebb1ed7-2ec7-40f2-9f37-4dd26d88553d","MonoidAlgebra.isGroupLikeElem_of","Toric.Mathlib.RingTheory.Bialgebra.MonoidAlgebra","toric","toric","For any element g of a group G and a commutative semiring R, the image of g under the map from G into the monoid algebra of G over a bialgebra A is a group-like element; this means it is sent to 1 by the counit and is mapped to itself tensored with itself under comultiplication."
"0.8639584316569986","0.8639584316569986","0.8639591336250305","True","0d228d69-8750-47c1-847d-b94942d5769d","Brownian motion project","RemyDegenne/brownian-motion","2.3.55","ProbabilityTheory.isLocalizingSequence_leastGE","If X is a real-valued, right-continuous process with left limits that is adapted to a right-continuous filtration, and if the time set has a minimum and compact intervals, then the times when X first reaches or exceeds level n form a localizing sequence.","d3d38294-85af-4bdb-9a0d-09d6712d75af","ProbabilityTheory.isLocalizingSequence_leastGE","BrownianMotion.StochasticIntegral.ClassD","brownian-motion","brownian-motion","For a stochastic process X that is adapted to a filtration and has right-continuous paths with left limits, the sequence of first times when X reaches or exceeds each level n forms a localizing sequence with respect to the filtration and probability measure. This means these hitting times are stopping times that increase to infinity almost surely.…"
"0.8638114008978883","0.8638114008978883","0.863811731338501","True","eaef369f-f94a-48c1-a6ce-5ebf581b3cb6","Class Field Theory","kbuzzard/ClassFieldTheory","26","Rep.trivialCohomology_coind₁","The coinduced representation of a group G with coefficients in A has no nontrivial cohomology classes. This means all its higher cohomology groups vanish. The result follows from Shapiro's lemma and the fact that the cohomology of the trivial module is well understood.","c7888359-c95a-4f29-9b16-557100427c7a","Rep.trivialCohomology_coind₁","ClassFieldTheory.Cohomology.IndCoind.TrivialCohomology","ClassFieldTheory","ClassFieldTheory","For any commutative ring R, group G, and R-module A, the coinduced representation of G on A has trivial cohomology, meaning all its higher cohomology groups vanish for every subgroup of G."
"0.8637627812762193","0.8637627812762193","0.8637629747390747","True","fc0e6c9b-43d1-4514-9703-99fdfa7417e5","Gibbs Measures","YaelDillies/gibbs-measure","1.13","Specification.IsIndep","A specification is independent if combining the results for any two finite sets gives the same result as applying the specification to their union. This must hold for all pairs of finite subsets of S. The operation used to combine results is denoted by circle-k. Independence means the order or grouping of sets does not affect the outcome.","fe4dcb18-8c78-47e3-885d-ba6fae5ff9c2","Specification.IsIndep","GibbsMeasure.Specification","gibbs-measure","gibbs-measure","An independent specification is one where the combined effect of applying the specification to two separate regions is the same as applying it to their union, meaning the order or separation of regions does not affect the overall probability measure. This means the specification behaves consistently when extended over larger sets built from disjoi…"
"0.8633384169346663","0.8633384169346663","0.8633390665054321","True","cd4d279a-b9e9-44de-a657-ee29ecff86e9","Carleson operators on doubling metric measure spaces","fpvandoorn/carleson","11.2.3","fourierConv_ofTwiceDifferentiable","If a function is 2π-periodic and has two continuous derivatives, then its Fourier partial sums converge uniformly to the function as the number of terms increases.","07b4ee08-8a22-4d7f-8501-4fa97539b09f","fourierConv_ofTwiceDifferentiable","Carleson.Classical.Approximation","carleson","carleson","If a complex-valued function f is periodic with period 2*pi and is twice continuously differentiable, then its partial Fourier sums converge uniformly to f on the interval [0, 2*pi]: for any tolerance epsilon > 0, there exists a large enough N0 such that for all N > N0, the difference between f(x) and the Nth partial Fourier sum at any point x in …"
"0.8623162225714758","0.8623162225714758","0.8623167276382446","True","03612a57-c816-410c-b020-ee812f49b5e4","Fermat's Last Theorem","ImperialCollegeLondon/FLT","9.39","NumberField.InfinitePlace.Completion.baseChange_injective","The map from the tensor product of L with the completion of K at an infinite place v to the product of the completions of L at places above v is injective, and in fact an isomorphism, because it is a surjective linear map between vector spaces of the same dimension over the completion of K at v.","e667aadb-efc9-4cf5-b478-a9aa689372d8","NumberField.InfinitePlace.Completion.baseChange_injective","FLT.NumberField.Completion.Infinite","FLT","FLT","For a field extension L over a number field K and an infinite place v of K, the natural map from the tensor product of L with the completion of K at v into the product of completions of L at places above v is injective. This means distinct elements in the tensor product remain distinct after mapping. The result reflects how completions and field e…"
"0.8621894740991903","0.8621894740991903","0.862189531326294","True","d23a1806-fe26-4c86-8693-b19512ba3820","The Polynomial Freiman-Ruzsa Conjecture","teorth/pfr","9.2","goursat","Every subgroup of the direct product of two groups can be described as a set of pairs where the first component comes from a subgroup of the first group, and the second component is the sum of an image under a homomorphism and an element from a subgroup of the second group; the size of this subgroup is the product of the sizes of those two subgrou…","265acc56-17cb-4617-bbe7-76dfb8c84b19","goursat","PFR.HomPFR","pfr","pfr","For a subgroup H of the product of two abelian groups G and G', there are subgroups H0 in G and H1 in G', and a homomorphism phi from G to G', such that every element of H is a pair (x, phi(x) + y) where x is in H0 and y is in H1, and the size of H is the product of the sizes of H0 and H1."
"0.8616832107118468","0.8616832107118468","0.8616832494735718","True","fc57192f-9665-46b6-8f8b-a9bfc22b12ba","Brownian motion project","RemyDegenne/brownian-motion","2.1.73","MeasureTheory.discreteApproxSequence_of","If tau is a stopping time bounded by t and tau_n is a discrete approximation sequence of tau, then the sequence formed by taking the minimum of tau_n and t is also a discrete approximation sequence of tau.","1bd221c7-0ee7-4666-a10f-6d7c62b30419","MeasureTheory.discreteApproxSequence_of","BrownianMotion.StochasticIntegral.ApproxSeq","brownian-motion","brownian-motion","Given a random time τ bounded by a value i and a sequence τn that approximates τ from above, the discreteApproxSequence_of construction returns a new sequence that at each step takes the minimum of τn and i, ensuring the approximation stays bounded by i while still converging to τ almost surely. This new sequence remains a valid discrete approxima…"
"0.8612966517185774","0.8612966517185774","0.8612970113754272","True","64e8af97-bc97-442c-8a47-f63db521e6c2","The Polynomial Freiman-Ruzsa Conjecture","teorth/pfr","13.38","rho_PFR_conjecture","For any two random variables Y1 and Y2, there is a subgroup H such that twice the rho value of the uniform distribution on H is at most the sum of the rho values of Y1 and Y2 plus eight times their distance d[Y1;Y2].","7dcd86cb-f440-463a-836f-3a199d7d4f49","rho_PFR_conjecture","PFR.RhoFunctional","pfr","pfr","For any two measurable random variables Y1 and Y2 taking values in a finite abelian group G with a Z/2Z-module structure, there exists a subgroup H of G and a uniform random variable U over H such that twice the rho value of U is at most the sum of the rho values of Y1 and Y2 plus eight times their statistical distance. The random variable U is de…"
"0.8611298815373042","0.8611298815373042","0.8611305356025696","True","7146be3f-484d-4f03-b7eb-a8189c3ff9d7","The Polynomial Freiman-Ruzsa Conjecture","teorth/pfr","13.22","condRho","The conditional rho functional is the weighted average of the rho values of X given each possible value of Y, with weights equal to the probabilities of those Y values.","c2a67827-90ca-4226-99b4-76929bd89787","condRho","PFR.RhoFunctional","pfr","pfr","condRho defines the conditional rho value of a function X given another function Y, by summing over all possible values of Y, weighted by the probability that Y takes each value, and for each case using the rho value of X when Y is fixed to that value. It combines measure-theoretic probability with algebraic structure on the output space of X. The…"
"0.8598484414018291","0.8598484414018291","0.8598488569259644","True","d96e0f28-061e-4f36-8a10-77343984e51d","Fermat's Last Theorem","ImperialCollegeLondon/FLT","11.17","NumberField.FiniteAdeleRing.DivisionAlgebra.finiteDoubleCoset","If U is an open subgroup of the infinite idele group of a central division algebra over a global field, then the double coset space formed by the multiplicative group of the division algebra, the infinite idele group, and U is finite.","d6ae676e-d76d-47c5-864e-e35658c8b1f0","NumberField.FiniteAdeleRing.DivisionAlgebra.finiteDoubleCoset","FLT.DivisionAlgebra.Finiteness","FLT","FLT","For a number field K and a finite-dimensional central division algebra D over K, the quotient space of the group of finite ideles of D by a pair of subgroups—one being the image of the ideles of K and the other an open subgroup—has only finitely many double cosets. This means the space of such double cosets is finite in size. The result applies to…"
"0.8596935574817502","0.8596935574817502","0.8596938848495483","True","13b9d985-0df2-4ea1-81d0-820b0591dd45","Brownian motion project","RemyDegenne/brownian-motion","2.2.30","MeasureTheory.isPavingAnalytic_of_measurableSet_generateFrom","If a collection F of sets contains the empty set and the complement of each set in F is F-analytic, then every set in the sigma-algebra generated by F is also F-analytic.","85685c7b-d4b4-4314-8340-61c275d0c117","MeasureTheory.isPavingAnalytic_of_measurableSet_generateFrom","BrownianMotion.Choquet.AnalyticSet","brownian-motion","brownian-motion","If a collection of sets p contains the empty set and the complement of every set in p is analytic with respect to p, then any set that is measurable with respect to the sigma-algebra generated by p is also analytic with respect to p."
"0.859277878425188","0.859277878425188","0.8592779636383057","True","44041dc4-d0af-4c36-843d-2662ae247603","The Polynomial Freiman-Ruzsa Conjecture","teorth/pfr","13.24","condRho_of_injective","If a function f is one-to-one, then the conditional rho of X given f(Y) is the same as the conditional rho of X given Y.","5fec45f2-1c7d-40d0-8016-9571f58f0e49","condRho_of_injective","PFR.RhoFunctional","pfr","pfr","If a function f is injective, then the conditional rho value of X given f(Y) is the same as the conditional rho value of X given Y. This means that transforming Y through an injective function f does not change the dependence of X on Y in terms of rho."
"0.858734003726059","0.858734003726059","0.8587344884872437","True","a726bce8-465c-4bbf-acf9-fc5c2202d445","The Polynomial Freiman-Ruzsa Conjecture","teorth/pfr","6.4","tau_minimizes","A tau-minimizer is a pair of G-valued random variables X1 and X2 such that the value of tau[X1;X2] is less than or equal to tau[X'1;X'2] for any other pair of G-valued random variables X'1 and X'2.","8be8b452-89fe-4b7d-b021-539b8660ec54","tau_minimizes","PFR.TauFunctional","pfr","pfr","Two random variables X₁ and X₂ satisfy tau_minimizes if their combined distance, measured by the tau functional, is less than or equal to that of any other pair of random variables with the same distribution, meaning they achieve the minimum possible value for this measure. The condition is defined using measures on a group G and relies on a refer…"
"0.8584174591507068","0.8584174591507068","0.858418345451355","True","e4804829-dac1-4a8d-9ca0-a677be60c84a","The Polynomial Freiman-Ruzsa Conjecture","teorth/pfr","12.12","multiDist","The multidistance of a tuple of random variables is the difference between the entropy of the sum of independent copies of the variables and the average entropy of each individual copy. It measures how much the variables interact when combined, compared to their separate behaviors.","09f6796e-9934-498e-8e5a-0e77404c854e","multiDist","PFR.MoreRuzsaDist","pfr","pfr","multiDist is a function that takes a finite list of random variables taking values in a measurable abelian group G and returns a real number. It computes the difference between the entropy of the sum of independent copies of these variables and the average of their individual entropies. This quantity measures how much the variables interact or dep…"
"0.8583275635040657","0.8583275635040657","0.8583284616470337","True","f32b12ee-2d3c-4d70-a6c3-0eb021865d49","Brownian motion project","RemyDegenne/brownian-motion","2.4.21","ProbabilityTheory.SimpleProcess.stoppedProcess_integral","The integral of a simple process with respect to a stopped stochastic process is the same as the integral of the simple process with respect to the original process, stopped after the fact. This means stopping the result of integration is equivalent to integrating with the stopped process.","fd0e9d0c-bcc4-4681-b6e0-1d0461b669f3","ProbabilityTheory.SimpleProcess.stoppedProcess_integral","BrownianMotion.StochasticIntegral.SimpleProcess","brownian-motion","brownian-motion","The integral of a simple process with respect to a bilinear map, stopped at a random time, equals the integral of the stopped process using the same bilinear map. In other words, stopping the integrated process at a random time gives the same result as integrating the process that has already been stopped. This holds for processes taking values in…"
"0.8579415311105743","0.8579415311105743","0.8579424619674683","True","07a587ec-0f20-4094-97f1-9aefc074641d","Sphere Packing in Dimension 8","thefundamentaltheor3m/Sphere-Packing-Lean","6.6","Γ2_generate","The group Gamma(2) is generated by the elements alpha, beta, and minus the identity matrix.","57eaff08-6726-4ad6-91fb-ad9c4ade93f4","Γ2_generate","SpherePacking.ModularForms.SlashActionAuxil","sphere-packing-math-inc","sphere-packing-math-inc","The subgroup generated by the elements alpha, beta, and negative identity in the congruence subgroup Gamma(2) is the entire group, meaning every element in the group can be built by combining these three elements and their inverses using the group operation."
"0.8573842721741367","0.8573842721741367","0.8573848009109497","True","a5f41eae-b244-47ba-8f33-4c9dea87da8f","Brownian motion project","RemyDegenne/brownian-motion","2.1.11","MeasureTheory.Martingale.congr","If X is a martingale and Y is a stochastic process that is adapted and has the same distribution as X at each time point, then Y is also a martingale.","cde57f64-3a9b-4e55-92d0-42c1145136b5","MeasureTheory.Martingale.congr","BrownianMotion.Auxiliary.Martingale","brownian-motion","brownian-motion","If two stochastic processes X and Y are equal almost everywhere at each time point, X is a martingale with respect to a given filtration and measure, and Y is adapted to the same filtration in a strong sense, then Y is also a martingale with respect to that filtration and measure."
"0.8563332853502378","0.8563332853502378","0.8563336730003357","True","b04ad893-02c1-4cb8-938b-1274222f950b","Brownian motion project","RemyDegenne/brownian-motion","2.4.14","ProbabilityTheory.SimpleProcess.integral_bot","The integral of a simple process with respect to a stochastic process at time zero is always zero. This holds for every simple process V and stochastic process X. The result follows from the definition of the elementary stochastic integral for bilinear forms.","2edc0440-30a9-4289-801a-6f1f81cac616","ProbabilityTheory.SimpleProcess.integral_bot","BrownianMotion.StochasticIntegral.SimpleProcess","brownian-motion","brownian-motion","The integral of a simple process at the bottom element of an ordered set is always zero, regardless of the process or the function being integrated. This means that when evaluating the stochastic integral at the initial time (bot), the result is the zero function. The theorem holds in the context of normed vector spaces and measurable filtrations,…"
"0.8560215830802917","0.8560217161580163","0.8560215830802917","True","6b207812-54c0-4eb3-acd9-36d1ef6f7489","Brownian motion project","RemyDegenne/brownian-motion","1.5.75","ProbabilityTheory.constL_lt_top","For a set T with finite diameter and given positive values p, q, d with q greater than d, and beta between 0 and (q minus d) divided by p, the constant L depending on these parameters is finite.","fcd731ae-d662-4872-a329-a7c55f5c8824","ProbabilityTheory.constL_lt_top","BrownianMotion.Continuity.KolmogorovChentsovInequality","brownian-motion","brownian-motion","If a set U in a pseudo-emetric space has finite diameter, and the constants c, d, p, q, and β satisfy 0 < d < q, 0 < p, c is finite, and β < (q - d)/p, then the value of constL(T, c, d, p, q, β, U) is finite."
"0.8557075942771266","0.8557075942771266","0.8557081818580627","True","b0554244-a1fc-4fc1-b921-364581f6eb12","The sphere eversion project","leanprover-community/sphere-eversion","3.3","OpenSmoothEmbedding.dist_update","If a family of maps f from P times M to N is updated using a map g that is sufficiently close to a composition involving f, phi, and psi, then the updated map f' remains uniformly close to the original f on compact sets, provided the closeness of g is controlled by a small enough positive number eta depending on a given positive function epsilon.","78e8540f-583c-4edb-906d-fd89d114a3d4","OpenSmoothEmbedding.dist_update","SphereEversion.Global.SmoothEmbedding","sphere-eversion","sphere-eversion","Given compact sets K in X and KP in P, continuous maps f from P to M to N, and smooth embeddings φ and ψ, if g is close enough to the composition involving ψ and f on K, then updating φ using g and f results in a map that stays within a specified positive distance ε of the original f value on the image of K under φ. The closeness of g is measured …"
"0.8553253412246704","0.8553253679771673","0.8553253412246704","True","d32fc7da-a1c5-4ff5-873f-dd57fed8f724","Class Field Theory","kbuzzard/ClassFieldTheory","32","Rep.coind₁'_obj_iso_coind₁","The coinduced representation coind_1'(M) is isomorphic to the representation coind_1(G,M) when considering the action of the group G. This isomorphism holds naturally, meaning it respects the structure of the underlying module when the group action is forgotten.","bb5d397b-23a5-4a7c-9a58-5b81f46834d5","Rep.coind₁'_obj_iso_coind₁","ClassFieldTheory.Cohomology.IndCoind.Finite","ClassFieldTheory","ClassFieldTheory","For a module M over a commutative ring R with an action of a group G, the coinduced representation built from M is isomorphic to the coinduced representation obtained by first viewing M as an R-module and then applying the coinduction functor for G. This equivalence shows that coinduction respects the structure of representations in a natural way.…"
"0.8553023930021999","0.8553023930021999","0.8553025722503662","True","be4ac5ad-a3df-442d-b00c-bdd6c65a700a","Carleson operators on doubling metric measure spaces","fpvandoorn/carleson","10.1.2","estimate_x_shift","If two points x and x' are within distance r of each other, then the difference in the values of the operator T_r applied to a bounded measurable function g at these points is bounded by a constant multiple of the maximal function Mg evaluated at x, where the constant depends only on the parameter a.","27d1766d-b62d-4c1d-9d72-6a8d28297cd4","estimate_x_shift","Carleson.TwoSidedCarleson.NontangentialOperator","carleson","carleson","If two points x and x' in a doubling metric measure space are within distance r of each other, then the difference between the values of the Calderon-Zygmund operator T_r applied to a bounded, compactly supported function g at these points is controlled by a constant multiple of the global maximal function of g evaluated at x, where the constant d…"
"0.8552285120783232","0.8552285120783232","0.8552287220954895","True","324c11bd-71cd-4fb3-875b-80c8f1cda97a","Fermat's Last Theorem","ImperialCollegeLondon/FLT","2.7","Mazur_Frey","If a mod p Galois representation comes from a Frey package, then that representation cannot be broken down into simpler parts and is therefore irreducible.","2c5feb59-c902-4035-87f3-23ec1af16d9e","Mazur_Frey","FLT.Basic.Reductions","FLT","FLT","For a Frey package P, which consists of integers a, b, c, and a prime p satisfying a^p + b^p = c^p along with certain conditions, the Galois representation associated to the Frey curve over the rationals is irreducible modulo p. This means the action of the Galois group on the p-torsion points of the curve cannot be broken down into smaller invari…"
"0.8545431749294531","0.8545431749294531","0.8545433282852173","False","7cac5d5c-7734-41e8-84fc-48512722bbfc","Gibbs Measures","YaelDillies/gibbs-measure","1.29","Specification.isModifier_iff_ae_eq","A family of measurable densities rho is a modifier of a proper specification gamma if and only if, for any two nested index sets Lambda1 and Lambda2 and any configuration eta, the density rho on Lambda2 equals the product of rho on Lambda1 and the result of applying gamma on Lambda1 to rho on Lambda2, almost everywhere with respect to the measure …","a0e03136-c382-4b5b-a202-a62a9c69ab19","Specification.isModifier_iff_ae_comm","GibbsMeasure.Specification","gibbs-measure","gibbs-measure","A specification γ has a modifier ρ if and only if every function ρ Λ is measurable and for any two nested finite sets Λ₁ ⊆ Λ₂, the densities ρ Λ₁ and ρ Λ₂ commute almost everywhere under the measures induced by γ on product spaces formed by boundary conditions."
"0.853941195199808","0.853941195199808","0.8539415001869202","True","bb052db7-11a4-4616-9193-e0c7f9fa4fbe","Class Field Theory","kbuzzard/ClassFieldTheory","43","Rep.aug","The augmentation map sends a formal sum of group elements weighted by ring coefficients to the sum of those coefficients, and its kernel, called the augmentation module, consists of all such sums where the total coefficient is zero; this kernel is generated by differences of the form [g] - [1] for each group element g.","d069a9a2-966d-49fb-bdab-9a5e83f6829b","Rep.aug","ClassFieldTheory.Cohomology.AugmentationModule","ClassFieldTheory","ClassFieldTheory","The augmentation module aug R G is the set of elements in the left regular representation of a group G over a ring R that map to zero under the augmentation map, which sums the coefficients of group elements. It forms a representation of G where the group acts by permuting basis elements, and the sum of coefficients is zero. This module is the ker…"
"0.8535761227587876","0.8535761227587876","0.85357666015625","True","ff09af2b-94b2-420a-bb00-f2ba766ae6a6","Brownian motion project","RemyDegenne/brownian-motion","2.4.6","ProbabilityTheory.ElementaryPredictableSet.indicator","A set A in the product space of time and outcomes is an elementary predictable set exactly when its indicator function is a simple process. This means the set can be described using finitely many time and outcome intervals, and its indicator function takes only finitely many values in a predictable way.","2952e194-0737-44c3-8ff4-aa0ad6c2cf73","ProbabilityTheory.ElementaryPredictableSet.indicator","BrownianMotion.StochasticIntegral.SimpleProcess","brownian-motion","brownian-motion","The indicator function of an elementary predictable set returns the value `e` when the time is in the set `S`, and `0` otherwise, forming a simple process adapted to a filtration. It is built from finitely many disjoint time intervals and measurable sets, each associated with a constant value in a normed vector space. This construction ensures the…"
"0.8532303906692273","0.8532303906692273","0.8532307744026184","True","2c2963b8-3b27-438b-a539-9009260466b1","Carleson operators on doubling metric measure spaces","fpvandoorn/carleson","10.1.5","cotlar_estimate","If a bounded measurable function g is supported on a set of finite measure and a two-sided bound condition holds, then the absolute value of the operator T_R applied to g at point x is at most 4 times the maximal function of T_r g at x plus a large constant multiple of the maximal function of g at x. The constant depends exponentially on a paramet…","fd05ab52-0678-4f61-8fec-3a111700b8bd","cotlar_estimate","Carleson.TwoSidedCarleson.NontangentialOperator","carleson","carleson","For a function g with bounded support, the absolute value of the operator applied to g at a point x with radius R is no more than 4 times the maximal average of the operator applied to g with a smaller radius r, plus a constant multiple of the maximal average of g itself, where the constant depends only on the parameter a. This estimate holds in a…"
"0.8529986428491881","0.8529986428491881","0.8529989719390869","True","0f193718-a692-4c6f-bad6-5b0051c1551e","Carleson operators on doubling metric measure spaces","fpvandoorn/carleson","2.0.3","antichain_operator","The size of the integral involving a sum over an antichain of operators applied to two bounded functions is controlled by a constant depending on parameters a and q, multiplied by the first and second densities of the antichain raised to certain powers, and the L2 norms of the two functions.","337f4ac2-b20e-49ea-ab3b-727db92674bb","antichain_operator","Carleson.Antichain.AntichainOperator","carleson","carleson","The antichain_operator theorem bounds the absolute value of the integral of the product of a conjugated function g and a special sum operator applied to f, over a space X, by a constant multiple of the product of the L2 norms of f and g, adjusted by density factors of an antichain collection of subsets. The bound depends on parameters a, q, and st…"
"0.8529782295227051","0.8529786278607772","0.8529782295227051","True","09d6437a-8376-41ad-b495-8e70a1bde08c","Toric varieties","YaelDillies/toric","4.3.2","AlgebraicGeometry.Scheme.diagHomEquiv","The map from group homomorphisms to morphisms of group schemes over Spec R, by sending a group G to the spectrum of R[G], preserves group structure and is bijective on hom-sets. This means that homomorphisms between groups correspond exactly to compatible morphisms between their associated group schemes. The correspondence is invertible and respec…","354f2288-95b2-434a-86c3-d8e0c1fa4472","AlgebraicGeometry.Scheme.diagHomEquiv","Toric.GroupScheme.Diagonalizable","toric","toric","There is a one-to-one correspondence between group homomorphisms from N to M and homomorphisms of group schemes over Spec R from the diagonalizable group scheme associated to M to that associated to N, where R is a commutative domain and M, N are abelian groups. This equivalence arises from the structure of diagonalizable group schemes in algebrai…"
"0.8526653749280572","0.8526653749280572","0.8526658415794373","True","d354eaf1-d7cb-455b-b627-2570a78a45fa","The sphere eversion project","leanprover-community/sphere-eversion","3.25","immersionRel_open_ample","The set of immersions from manifold M to manifold N, where M has higher dimension than N, forms an open and ample relation, meaning small perturbations of such immersions remain immersions and there is enough flexibility to extend them. This follows because the forbidden directions for derivatives lie in a subspace of codimension at least two. Lin…","411234fb-073d-48c2-81a7-e68a178be5c5","immersionRel_open_ample","SphereEversion.Global.Immersion","sphere-eversion","sphere-eversion","The set of smooth maps between two manifolds that are immersions is open in the space of all smooth maps, and this set is also ample, meaning it has enough flexibility in all directions, provided the dimension of the target manifold's model space is strictly greater than that of the source."
"0.8524760867698052","0.8524760867698052","0.8524763584136963","False","23b0874b-83fa-4531-8bbe-1b6c9d63d7d0","The Polynomial Freiman-Ruzsa Conjecture","teorth/pfr","13.33","dist_le_of_sum_zero","If three G-valued random variables T1, T2, and T3 add up to zero, then the dependence measure d[X1;X2] is bounded above by a combination of the mutual information between T1 and T2, the entropies of T1, T2, and T3, and a term involving conditional correlations and a function rho, scaled by a constant eta.","a4ae5c86-16dc-4fcf-a2ec-32d780d4b449","dist_le_of_sum_zero'","PFR.RhoFunctional","pfr","pfr","If three G-valued random variables T1, T2, T3 add up to zero, then the distance between two other random variables X1 and X2 is bounded above by the sum of the mutual informations between each pair of the T variables plus a term involving eta and the differences in their conditional rho values compared to rho values of X1 and X2. The bound combine…"
"0.8521774112184082","0.8521774112184082","0.8521777391433716","True","ea69814f-2187-44b3-b2db-57291887088c","Brownian motion project","RemyDegenne/brownian-motion","1.5.47","ProbabilityTheory.IsAEKolmogorovProcess.lintegral_sup_rpow_edist_eq_zero","If a stochastic process satisfies the Kolmogorov condition with exponents p and q and a constant M, and if T' is a countable subset of the index set where all points are distance zero apart, then the expected value of the supremum of the p-th power of distances between process values at points in T' is zero.","7ef9e596-2e21-4db9-a440-91facbe5c068","ProbabilityTheory.IsAEKolmogorovProcess.lintegral_sup_rpow_edist_eq_zero","BrownianMotion.Continuity.IsKolmogorovProcess","brownian-motion","brownian-motion","If a stochastic process satisfies the Kolmogorov condition on a countable set of time points where all pairs of points are at zero distance, then the integral of the supremum of the p-th power of the distances between the process values at those points is zero with respect to the probability measure. This means that, almost surely, the process doe…"
"0.8517391681671143","0.8517393431325406","0.8517391681671143","True","d6da503e-93ac-41db-a2a4-f45b539acfb2","The Polynomial Freiman-Ruzsa Conjecture","teorth/pfr","12.28","condMultiDist","The conditional multidistance is the weighted sum of multidistances between random variables X_i given specific values of Y_i, with weights equal to the probabilities of those Y_i values occurring. It measures the combined dependence between tuples of random variables when conditioned on another tuple.","a07fb275-9e58-4150-bd74-2cffb2797547","condMultiDist","PFR.MoreRuzsaDist","pfr","pfr","For a list of pairs of random variables (X_i, Y_i), where each X_i takes values in a group G and each Y_i takes values in a finite set, the conditional multi-distribution distance is the weighted sum of the distances between the distributions of the X_i given specific values of Y_i, with weights equal to the probabilities of those Y_i values occur…"
"0.851627773735841","0.851627773735841","0.851628303527832","True","09b71e26-ae3a-4be2-837f-7f14722ad686","Carleson operators on doubling metric measure spaces","fpvandoorn/carleson","4.0.3","tile_sum_operator, integrable_tile_sum_operator","For each x not in G', the sum of tile operators T_p over all tiles p equals an integral expression involving a kernel K_s, a phase function Q, and a weight function f, summed over a range determined by x. The contribution from tiles is zero outside this range. Each x belongs to exactly one tile for each relevant scale s, ensuring the sum matches t…","a5d98a43-8c3d-4e28-83ab-3b02146d3c60","tile_sum_operator","Carleson.FinitaryCarleson","carleson","carleson","The sum of the values of the operator carlesonOn over all tiles p at a point x is equal to a sum over integer scales s from σ₁(x) to σ₂(x), where each term is an integral involving a kernel Ks, a function f, and a complex exponential that depends on the phase difference given by the tile structure Q. This holds when x is in the set G but not in G'…"
"0.8515945359243744","0.8515945359243744","0.8515945672988892","True","7ee1bcb1-f8f5-41d0-9b9d-b6abf7eaba2d","Chandra-Furst-Lipton","YaelDillies/chandra-furst-lipton","2.10","NOF.IsForbiddenPatternWithTip.broadcast_eq","If a group of inputs forms a forbidden pattern in a NOF protocol and all of them produce the same broadcast history at a given time, then the tip of that pattern must also produce the same broadcast history at that time.","831591dd-1c45-46bf-8f29-6e75459d4b32","NOF.IsForbiddenPatternWithTip.broadcast_eq","ChandraFurstLipton.NOFModel","chandra-furst-lipton","chandra-furst-lipton","If a protocol produces the same broadcast output for all inputs matching a forbidden pattern with a given tip, then the broadcast output at the tip must equal that same value."
"0.8515379602688699","0.8515379602688699","0.8515381217002869","False","6e25ad0e-f5e2-4a51-95e8-196d87fce1a2","The Polynomial Freiman-Ruzsa Conjecture","teorth/pfr","13.34","dist_le_of_sum_zero'","If three G-valued random variables sum to zero, then the dependence between the first two is bounded by a sum involving their pairwise mutual informations and a weighted combination of conditional entropies, adjusted by a small constant eta. The bound is derived by averaging over all permutations and applying known inequalities.","32e4567c-ddd7-48ec-b0ff-1d65d79a2e34","construct_good_prelim","PFR.Endgame","pfr","pfr","If three G-valued random variables T1, T2, T3 sum to zero, then there exist new random variables T1' and T2' such that a certain expression involving their distances and mutual information with respect to reference variables is bounded by a combination of the mutual information between the original variables and adjusted distance terms, scaled by …"
"0.8515237238993931","0.8515237238993931","0.8515245914459229","True","58dc5046-b994-482b-ac4b-f98f07c6bb0d","Brownian motion project","RemyDegenne/brownian-motion","2.2.12","isCompactSystem_Icc","The collection of all closed and bounded intervals on the real number line forms a compact system.","0d18e0c8-e097-40d2-85a2-a03ad7fe23e6","isCompactSystem_Icc","BrownianMotion.Choquet.CompactSystem","brownian-motion","brownian-motion","The collection of all closed intervals [a, b] on the real line forms a compact system, meaning that if a countable family of these intervals has empty intersection, then some finite subcollection already has empty intersection. This follows from the fact that closed intervals are compact sets in the standard topology on the real numbers, and in a …"
"0.8514509201049805","0.8514509738502035","0.8514509201049805","True","a87aba25-1d18-4e5c-88a4-2c2c111a034c","Class Field Theory","kbuzzard/ClassFieldTheory","10","groupCohomology.rest, groupCohomology.infl, groupCohomology.rest_δ_naturality, groupCohomology.infl_δ_naturality","When a subgroup S of a group G acts on representations, restricting a short exact sequence of G-representations to S gives another short exact sequence for S. The cohomology long exact sequences for the original and restricted representations are linked by restriction maps that make the diagram commute. If S is normal in G, inflation maps connect …","f803d1c8-4ffa-4879-b8ed-837048f7846f","groupCohomology.rest_δ_naturality","ClassFieldTheory.Cohomology.Functors.Restriction","ClassFieldTheory","ClassFieldTheory","For any short exact sequence of representations of a group G and any subgroup H of G, the restriction map from G to H commutes with the connecting homomorphisms in group cohomology; that is, applying the connecting homomorphism before or after restriction gives the same result. This means the cohomology restriction maps are natural with respect to…"
"0.8509807283416918","0.8509807283416918","0.8509809970855713","True","2aab96ed-1841-4ba3-bd1b-678fd06c89f0","Brownian motion project","RemyDegenne/brownian-motion","2.1.71","MeasureTheory.Approximable","A time index set T is approximable if every stopping time with values in T or infinity can be approximated by a sequence of discrete stopping times.","9d625d98-59bb-403e-a645-fd071efca4ad","MeasureTheory.Approximable","BrownianMotion.StochasticIntegral.ApproxSeq","brownian-motion","brownian-motion","A time index type is approximable if, for any stopping time, there exists a sequence of discrete stopping times that converges to it from above almost surely, relative to a given filtration and measure. This means general stopping times can be approximated by simpler, countable-valued ones in a filtered measurable space with a topological and orde…"
"0.8504518270492554","0.8504519542201321","0.8504518270492554","True","801973cd-0e83-4edc-b7e6-497fa57441fc","Brownian motion project","RemyDegenne/brownian-motion","1.6.12","ProbabilityTheory.hasIndepIncrements_brownian","Brownian motion has independent increments, meaning the changes in its value over non-overlapping time intervals are statistically independent.","73af810e-020a-4ed3-a9b1-b5d5e713333d","ProbabilityTheory.hasIndepIncrements_brownian","BrownianMotion.Gaussian.BrownianMotion","brownian-motion","brownian-motion","The brownian motion process has independent increments under the gaussianLimit probability measure, meaning that the changes in its value over non-overlapping time intervals are statistically independent. This property holds because the process satisfies the conditions of a pre-Brownian motion, which guarantees independent increments. The result i…"
"0.8503004615782714","0.8503004615782714","0.8503013253211975","True","334a43a9-29fc-4fd6-9d25-d8f9240fbcac","Carleson operators on doubling metric measure spaces","fpvandoorn/carleson","10.1.4","cotlar_set_F₁, cotlar_set_F₂","For a bounded measurable function g with finite support, the set of points near x where the operator T_r applied to g is much larger than its average size has small measure; specifically, two exceptional sets within a ball of radius R/4 each have measure no more than a quarter of the ball's total measure.","7d117f93-760b-4fc2-b4b5-e0d7886e2969","cotlar_set_F₁","Carleson.TwoSidedCarleson.NontangentialOperator","carleson","carleson","For a function g with bounded support and a Calderon-Zygmund operator T_r defined via a two-sided kernel K on a doubling metric measure space, the set of points inside a ball of radius R/4 around x where the absolute value of T_r g is larger than four times its maximal function has measure no more than a quarter of the ball's total measure."
"0.8501956403306985","0.8501956403306985","0.8501957058906555","True","9a352fd6-1afc-4e08-9844-32b4c115bec8","The Polynomial Freiman-Ruzsa Conjecture","teorth/pfr","6.18","I₃_eq, sum_condMutual_le","The sum of the conditional mutual informations between pairs of variables U, V, and W given S is bounded above by a linear expression involving constants eta, k, and I1. This bound combines a positive term proportional to eta times k and a negative adjustment based on the difference between 2 eta k and I1. The inequality provides a limit on the to…","48485301-ef95-4e43-bfcd-13195e0149f0","sum_condMutual_le","PFR.Endgame","pfr","pfr","The sum of three conditional mutual informations involving sums of random variables X1, X2, X1', and X2' is bounded above by an expression involving the parameter η from the reference package, the mutual information I1, and the entropy term d[X1 # X2]. The bound includes a negative term that depends on how much 2 * η * k exceeds I1, scaled by a fa…"
"0.8500624895095825","0.8500625399930313","0.8500624895095825","True","c30244e1-a332-49f8-88dd-4ec24523e162","Brownian motion project","RemyDegenne/brownian-motion","1.5.23","nearestPt","pi(x, S) is the point in the finite set S that is closest to the point x, based on the distance function d_E. If multiple points in S are equally close to x, one of them is chosen as pi(x, S). This defines a nearest point in S to x.","20205923-05fa-4b64-a38d-63ded2550f9c","nearestPt","BrownianMotion.Continuity.Chaining","brownian-motion","brownian-motion","Given a finite set s and a point x, nearestPt returns the point in s that is closest to x based on the distance defined by the EDist structure."
"0.8499015256567153","0.8499015256567153","0.8499026298522949","True","123605e4-10dc-40f1-a899-15f74c4b9fe3","Sphere Packing in Dimension 8","thefundamentaltheor3m/Sphere-Packing-Lean","6.29","dim_gen_cong_levels","The space of weight k modular forms for a congruence subgroup has finite dimension.","af39302c-5404-468b-90fd-59e69316c02e","dim_gen_cong_levels","SpherePacking.ModularForms.DimensionFormulas","sphere-packing-math-inc","sphere-packing-math-inc","For any integer weight k and any finite-index subgroup Gamma of SL(2, Z), the space of modular forms of weight k with respect to the image of Gamma in SL(2, R) is finite-dimensional over the complex numbers."
"0.8491727372712593","0.8491727372712593","0.8491734862327576","True","c503a0d1-c99f-43db-841f-d7759ab16da6","Fermat's Last Theorem","ImperialCollegeLondon/FLT","5.16","QHat.injective_rat","The map that sends each rational number q to the tensor product of q with 1 in the ring Q tensor Z-hat is one-to-one, meaning no two different rational numbers map to the same element. This follows from the fact that the integers embed into their completion and the rationals are a flat module over the integers.","d0555d99-0f08-4cdd-ad17-50521a573644","QHat.injective_rat","FLT.Data.QHat","FLT","FLT","The function QHat.i₁ maps rational numbers into the profinite completion of the rationals (QHat) in such a way that no two different rational numbers are sent to the same element in QHat. This means if two rational numbers have the same image under this map, then they must be the same number. The map preserves the structure of the rationals and en…"
"0.8486692251814762","0.8486692251814762","0.8486695289611816","True","d353c8fe-1e0a-4e06-a769-7dc0e1aad7b4","Class Field Theory","kbuzzard/ClassFieldTheory","66","Rep.split.FiniteClassFormation","A finite class formation is a representation M of a finite group G over a torsion-free commutative ring R, such that the first cohomology of every subgroup S of G with coefficients in M vanishes, and the second cohomology is isomorphic to R modulo |S| times R; a fundamental class is a generator of the second cohomology group of G with coefficients…","4d684159-c3bb-4802-909b-bdfcb166e134","Rep.split.FiniteClassFormation","ClassFieldTheory.Cohomology.SplittingModule","ClassFieldTheory","ClassFieldTheory","A finite class formation is a property of a group action on a module M over a ring R, where for every subgroup H of G, the first cohomology group of H with coefficients in M is trivial, and the second cohomology group is isomorphic to the quotient ring R/|H|R, with the isomorphism mapping the restriction of a fixed cohomology class σ to the genera…"
"0.848155952708789","0.848155952708789","0.8481563925743103","True","71d7a451-8501-470e-ae27-ceb328405afc","Fermat's Last Theorem for regular primes","leanprover-community/flt-regular","4.2","exists_int_sub_pow_prime_dvd","If p is a prime number and alpha is an element in the ring of integers extended by a p-th root of unity, then raising alpha to the p-th power gives a result that is congruent to some integer modulo p.","0c2bb886-3a04-40ca-9ffb-ebd183dddcbe","exists_int_sub_pow_prime_dvd","FltRegular.NumberTheory.Cyclotomic.CyclRat","flt-regular","flt-regular","For any element a in a ring extension A of the integers that includes a primitive p-th root of unity, where p is a prime number, there exists an integer m such that a raised to the p-th power minus m is divisible by p in the ring A."
"0.8478275488471161","0.8478275488471161","0.847827672958374","True","a15c18b2-b385-4778-a385-0c409810ea19","The sphere eversion project","leanprover-community/sphere-eversion","3.12","oneJetExt","The 1-jet of a smooth map between two manifolds records the point in the domain, the image of that point, and the tangent map at that point. It captures the first-order behavior of the function locally. This data is packaged as a single object in the 1-jet space.","4a5ebb65-553e-46e4-bba7-2dba3841ba15","oneJetExt","SphereEversion.Global.OneJetBundle","sphere-eversion","sphere-eversion","The oneJetExt function takes a map between two smooth manifolds and produces a new function that assigns to each point the corresponding one-jet of the map, which captures the value of the function and its derivative at that point, packaged in the one-jet bundle."
"0.8474401974680474","0.8474401974680474","0.8474407196044922","True","f9dd0b89-b1e6-420a-9e59-522539ed49f6","The Polynomial Freiman-Ruzsa Conjecture","teorth/pfr","12.21","multidist_eq_zero","If the multidistribution of a tuple of random variables is zero, then for each variable in the tuple, there exists a finite subgroup of the group G such that the distance between that variable and the uniform distribution over the subgroup is zero.","1f9522df-0205-41c6-9375-d973d1317b8b","multidist_eq_zero","PFR.MoreRuzsaDist","pfr","pfr","If the multidimensional Ruzsa distance D[X] is zero, then for each random variable X_i in the tuple, there exists a finite subgroup H_i of the group G such that X_i is uniformly distributed on H_i and the Ruzsa distance between X_i and the uniform distribution on H_i is zero."
"0.8474136590957642","0.8474137351937211","0.8474136590957642","True","d61d35cd-03d5-433c-8e60-d14adededdfe","Toric varieties","YaelDillies/toric","4.3.6","AlgebraicGeometry.Scheme.cocharDiag","For a domain R and a commutative group G, the cocharacter lattice of the diagonalisable group scheme Spec R[G] consists of all group homomorphisms from G to the integers.","3a0609bb-5446-4257-b785-e9b7b4d9338e","AlgebraicGeometry.Scheme.cocharDiag","Toric.GroupScheme.Character","toric","toric","The cocharacters of a diagonal group scheme over a domain R are naturally equivalent to group homomorphisms from the given group G to the integers ℤ. This equivalence holds for the spectrum of R and is expressed as an additive isomorphism. The result reflects a duality between characters and cocharacters in the context of toric geometry."
"0.8466190099716187","0.846619374546346","0.8466190099716187","True","fae596a8-19d6-4d77-9654-5c924dc5a4c7","Brownian motion project","RemyDegenne/brownian-motion","2.3.56","ProbabilityTheory.sup_stoppedProcess_leastGE_le","For a stochastic process X stopped at the first time its norm reaches or exceeds n, the maximum value of the stopped process up to time t is at most n plus the value of X at the stopping time if the stop has occurred by time t.","c39ed2dc-81ad-4f18-8a76-6191cdb16829","ProbabilityTheory.sup_stoppedProcess_leastGE_le","BrownianMotion.StochasticIntegral.ClassD","brownian-motion","brownian-motion","The supremum of the norm of a stopped process up to time t is bounded above by K plus the indicator function of the event that the stopping time is less than or equal to t, multiplied by the norm of the process value at the stopping time. The stopping time is defined as the first time the norm of the process reaches or exceeds K. This result gives…"
"0.8463869094848633","0.8463869195264566","0.8463869094848633","False","49488d02-62b7-4eba-85f7-ca7b01b16f2b","Brownian motion project","RemyDegenne/brownian-motion","1.1.10","ProbabilityTheory.covarianceBilin_map","The covariance bilinear form of the pushforward measure L applied to mu is equal to the original covariance bilinear form evaluated on the adjoint of L applied to the vectors u and v. This holds when E and F are Hilbert spaces, F is finite dimensional, mu is a finite measure with finite second moment, and L is a continuous linear map. The adjoint …","b758a0a7-0567-413f-a1a4-a7a421e9c4fa","ProbabilityTheory.covMatrix_map","BrownianMotion.Gaussian.CovMatrix","brownian-motion","brownian-motion","The covariance matrix of a pushforward measure, obtained by applying a continuous linear map L between finite-dimensional real inner product spaces, can be computed using the adjoint of L and the original covariance matrix; specifically, each entry of the new covariance matrix is given by a bilinear expression involving the adjoint of L applied to…"
"0.8454926893006454","0.8454926893006454","0.845492959022522","True","872dbfb0-e308-45f4-9c8e-b054c43767ce","Class Field Theory","kbuzzard/ClassFieldTheory","36","Rep.dimensionShift.δ_up_zero_epi, Rep.dimensionShift.δ_up_isIso, Rep.dimensionShift.δUpIso, Rep.dimensionShift.epi_δ_up_zero_res, Rep.dimensionShift.isIso_δ_up_res, Rep.dimensionShift.δUpResIso, Rep.dimensionShift.δUpNatIso","For any subgroup S of G and integer n at least 1, the connecting map in cohomology from H^n(S, up(M)) to H^(n+1)(S, M) is an isomorphism, and the map from H^0(S, up(M)) to H^1(S, M) is surjective. This isomorphism is natural, meaning it respects morphisms between representations, so the cohomology transformation commutes with maps induced by repre…","5ed7c3d9-d47a-43e3-84f4-bfede2a378c7","Rep.dimensionShift.isIso_δ_up_res","ClassFieldTheory.Cohomology.Functors.UpDown","ClassFieldTheory","ClassFieldTheory","If S is a subgroup of G and M is a G-module, then the connecting homomorphism from the (n+1)th cohomology of S with coefficients in the restricted induced module to the (n+2)th cohomology of S with coefficients in the restricted module is an isomorphism, provided n is a positive natural number and the inclusion of S in G is injective."
"0.8452435731887817","0.8452435972405353","0.8452435731887817","True","d272cf6f-3271-4d1b-825b-d877e1766513","Brownian motion project","RemyDegenne/brownian-motion","1.6.6","ProbabilityTheory.isGaussianProcess_brownian","Brownian motion is a type of random process where every finite collection of its values has a multivariate normal distribution.","67838fc4-48b1-425e-92c5-8783447c70cc","ProbabilityTheory.isGaussianProcess_brownian","BrownianMotion.Gaussian.BrownianMotion","brownian-motion","brownian-motion","The brownian motion process, under the gaussianLimit probability measure, has the property that its values at any finite collection of time points follow a multivariate normal (Gaussian) distribution. This means the entire process is a Gaussian process because all its finite-dimensional distributions are Gaussian. The result follows from the fact …"
"0.8443339024446068","0.8443339024446068","0.8443341255187988","True","85ebfef2-030f-4eda-9407-829f54cb9885","The sphere eversion project","leanprover-community/sphere-eversion","3.24","RelMfld.Ample.localize","The relation induced by a smooth open embedding between manifolds preserves ampleness because each slice of the induced relation is the image of an ample slice under a linear isomorphism.","88194fa2-ccb1-4a3b-a537-0179b5d30d3f","RelMfld.Ample.localize","SphereEversion.Global.Relation","sphere-eversion","sphere-eversion","If a differential relation is ample, then its restriction to open subsets via smooth embeddings remains ample."
"0.8439110710273642","0.8439110710273642","0.8439115285873413","True","388f7310-4590-47b5-b0de-2c28a8558cfd","Fermat's Last Theorem","ImperialCollegeLondon/FLT","5.21","QHat.unitsrat_join_unitszHat","Every nonzero rational number combined with a unit in the profinite completion of the integers can represent any unit in the profinite completion of the rationals. Specifically, each unit in the profinite rationals is a product of a nonzero rational number and a unit from the profinite integers.","6ffe31cd-6af0-4a2d-b48e-6ac80a237c48","QHat.unitsrat_join_unitszHat","FLT.Data.QHat","FLT","FLT","The subgroup of units in QHat coming from nonzero rational numbers, together with the subgroup coming from invertible profinite integers, generate the entire unit group of QHat. In other words, every unit in QHat can be expressed as a product of an element from the rational units and an element from the profinite integer units. This means the two …"
"0.8424968185667889","0.8424968185667889","0.842496931552887","True","de1bad42-12da-434b-880c-16f943cf532a","Fermat's Last Theorem","ImperialCollegeLondon/FLT","10.23","MeasureTheory.addEquivAddHaarChar_piCongrRight","The measure of the product of additive homeomorphisms on a finite collection of locally compact abelian groups equals the product of the measures of the individual homeomorphisms.","2b77f3d6-91b3-48e7-aa77-cbf604e0852e","MeasureTheory.addEquivAddHaarChar_piCongrRight","FLT.HaarMeasure.HaarChar.AddEquiv","FLT","FLT","The value of the additive Haar character for a product of addition-preserving homeomorphisms is equal to the product of the additive Haar characters of each individual homeomorphism. This holds for a finite index set where each space is a locally compact, second-countable topological abelian group with a Borel measurable structure. The result conn…"
"0.8424024422651858","0.8424024422651858","0.8424030542373657","True","5eeb99c3-0dec-46b9-ba99-a5ca7deedcea","Carleson operators on doubling metric measure spaces","fpvandoorn/carleson","11.6.2","partialFourierSum_bound","For a bounded, periodic, complex-valued function g, the absolute value of its N-th partial Fourier sum at any point is no more than the average of two transformed values of g and its complex conjugate, plus a term proportional to the bound on g.","9c60b724-5cc4-4ea2-97b8-9d404dc57ba5","partialFourierSum_bound","Carleson.Classical.ControlApproximationEffect","carleson","carleson","For a periodic, measurable complex function g bounded by a positive number delta, the absolute value of its partial Fourier sum at any point in the interval [0, 2*pi] is no larger than the sum of two Carleson operators applied to g and its complex conjugate, divided by 2*pi, plus pi times delta."
"0.8422996772950888","0.8422996772950888","0.8422999382019043","True","fe99aa24-1225-40dd-b5d5-80b18b5b864b","Class Field Theory","kbuzzard/ClassFieldTheory","19","groupCohomology.tateComplex.norm_comm, groupCohomology.tateComplex.normNatEnd","For every linear map between representations of a group G over a ring R, applying the norm map NG before or after the linear map gives the same result. This means the norm map NG commutes with all such linear maps. In other words, NG acts as a natural transformation from the identity functor to itself on the category of G-representations over R.","0d28dd39-13f3-4688-a674-1fb82eac7136","groupCohomology.tateComplex.norm_comm","ClassFieldTheory.Cohomology.TateCohomology","ClassFieldTheory","ClassFieldTheory","For a finite group G and commutative ring R, if A and B are representations of G over R and φ is a G-equivariant linear map from A to B, then the norm map on B composed with φ equals φ composed with the norm map on A. This means the norm operation commutes with intertwiners between representations."
"0.8412554795951558","0.8412554795951558","0.8412562012672424","True","98923e6d-1665-4eff-bc36-6ffadcab7210","Toric varieties","YaelDillies/toric","4.3.5","AlgebraicGeometry.Scheme.charDiag","For a domain R and a commutative group G, the character lattice of the group scheme Spec R[G] is equal to G. This means the group of homomorphisms from the group scheme to the multiplicative group is naturally isomorphic to G itself.","48f1d9b4-ff52-4404-9b3c-e7b221ca4296","AlgebraicGeometry.Scheme.charDiag","Toric.GroupScheme.Character","toric","toric","For a commutative ring R that is a domain and an abelian group G, the group of characters of the diagonal group scheme associated to G over the spectrum of R is isomorphic to G itself. This means the homomorphisms from the diagonal group scheme to the multiplicative group correspond directly to elements of G. The isomorphism respects the group str…"
"0.8412543535232544","0.8412544916564892","0.8412543535232544","True","e86d18f4-a92e-4fa0-b156-ed48b55860ec","Brownian motion project","RemyDegenne/brownian-motion","1.5.82","isCoverWithBoundedCoveringNumber_Ico_nnreal","The set of nonnegative real numbers has a collection of subsets covering each interval [0,n) such that the number of sets needed to cover each interval grows in a controlled way, with bounds determined by the constants n and exponents 1.","1e483a11-8056-4ade-9251-d3c598a7fca0","isCoverWithBoundedCoveringNumber_Ico_nnreal","BrownianMotion.Continuity.HasBoundedInternalCoveringNumber","brownian-motion","brownian-motion","The sets [0, n+1) for natural numbers n form a cover of the nonnegative real numbers, and each set has a covering number bounded by 3*(n+1) with respect to the constant scale function 1."
"0.8409703026758796","0.8409703026758796","0.8409703969955444","True","53798a48-9363-4d6e-b778-7135702ca54a","Brownian motion project","RemyDegenne/brownian-motion","2.1.53","MeasureTheory.UniformIntegrable.add","If two families of random variables are uniformly integrable, then the family formed by adding corresponding elements from each family is also uniformly integrable.","1836e25f-6797-464a-9e67-bcb9f0f9f467","MeasureTheory.UniformIntegrable.add","BrownianMotion.StochasticIntegral.UniformIntegrable","brownian-motion","brownian-motion","If two families of functions are uniformly integrable with respect to a measure and the exponent p is at least 1, then their sum is also uniformly integrable with respect to the same measure and exponent."
"0.8407796377330178","0.8407796377330178","0.8407799005508423","True","69eacefc-e617-4226-89bf-357e71c14bf4","Toric varieties","YaelDillies/toric","4.2.2","AlgebraicGeometry.Scheme.IsDiagonalisable","An algebraic group over the spectrum of a ring R is called diagonalisable if it is isomorphic to a group scheme D_R(G) constructed from some commutative group G. This means its structure resembles that of a group of diagonal matrices. Such groups are defined by their correspondence to abstract commutative groups via a specific functorial construct…","12c0c04e-63e4-4aaa-b513-c5bdd41dad09","AlgebraicGeometry.Scheme.IsDiagonalisable","Toric.GroupScheme.Diagonalizable","toric","toric","A scheme G over a base scheme S is called diagonalisable if, when viewed as a group object in the category of schemes over S, it is isomorphic to the spectrum of a ring that is a graded algebra over the base ring in a way that reflects the structure of a diagonal group scheme. This means G behaves like a group scheme whose fibers are tori or produ…"
"0.8400139184992389","0.8400139184992389","0.8400145769119263","True","ddadbed7-b9c2-4966-b41a-79436477aae4","The Polynomial Freiman-Ruzsa Conjecture","teorth/pfr","6.2","tau","The tau functional measures the distance between two random variables valued in a group, combining their mutual distance with scaled distances from fixed reference variables, using a parameter eta and a distance function d.","0f783631-f105-4ab6-a9e4-f0cccbaea085","tau","PFR.TauFunctional","pfr","pfr","The function tau measures the combined difference between two pairs of random variables, using a base distance and additional penalty terms weighted by a fixed parameter. It takes two random variables and their probability measures, along with a package containing reference variables and constants, and returns a real number. The value depends on t…"
"0.839949893037451","0.839949893037451","0.8399503827095032","True","5dc66e40-0353-4eec-8402-29bfc4654e8e","Toric varieties","YaelDillies/toric","4.1.4","bialgSpec.instFull, bialgSpec.instFaithful, bialgSpec.fullyFaithful","Spec is a contravariant functor that maps R-bialgebras to monoid schemes over Spec R in a way that is fully faithful, meaning it gives a complete correspondence between bialgebra homomorphisms and morphisms of the corresponding monoid schemes.","ff9d58cd-d823-4f8a-86cf-2556594ebfa0","bialgSpec.instFull","Toric.GroupScheme.HopfAffine","toric","toric","The functor Spec, when applied to commutative bialgebras over a ring R, is full, meaning every morphism between the resulting schemes comes from a morphism of the original bialgebras. This reflects that the mapping from bialgebras to schemes preserves all possible structure-preserving maps in a surjective way."
"0.8386117309227245","0.8386117309227245","0.8386119604110718","True","27e19de5-75f8-4b9a-9c8d-ecfa9355d243","The Polynomial Freiman-Ruzsa Conjecture","teorth/pfr","10.7","card_of_slice","There is a way to map a finite abelian group of order a power of two to the set {0,1} such that at least half of a given subset, minus one, gets mapped to 1.","e419edf8-9e27-422e-9b87-c368588c3901","card_of_slice","PFR.ApproxHomPFR","pfr","pfr","For any finite abelian group G where every element added to itself gives zero, and any subset A of G, there exists a function φ from G to the integers mod 2 such that the number of elements in A that map to 1 under φ is at least half the size of A minus one."
"0.8383176922798157","0.8383177078968794","0.8383176922798157","True","8b5f365a-d92c-4144-9898-bb7aa25aa65c","The Polynomial Freiman-Ruzsa Conjecture","teorth/pfr","13.23","condRho_of_translate","For any element s in G, the conditional rho of X plus s given Y equals the conditional rho of X given Y. This means that adding s does not change the conditional rho value. The result follows directly from the invariance property of rho.","738e7345-9526-4a1f-b5ff-75288b380d9b","condRho_of_translate","PFR.RhoFunctional","pfr","pfr","The conditional rho value of a random variable X shifted by a constant s, given another variable Y, is the same as the conditional rho of X given Y, meaning translation does not affect this measure. This holds for functions defined on a finite additive commutative group with a discrete measurable structure. Both variables are defined on a common m…"
"0.8378374637036576","0.8378374637036576","0.8378377556800842","True","f65f200d-fd24-479e-9f31-08cf5dfddfe1","The sphere eversion project","leanprover-community/sphere-eversion","5.5","inductive_construction","There is a function from X to Y that meets a given local condition P0 and satisfies a sequence of additional conditions P1^i, provided that starting from an initial function meeting P0 and the first of another set of conditions P2^0, each step allows modifying the function on a specific subset to meet more conditions while preserving prior ones, a…","14590d49-1f73-448e-b664-e23b2d31734c","inductive_construction","SphereEversion.InductiveConstructions","sphere-eversion","sphere-eversion","There exists a function f such that at every point x in the space X, a property P₀ holds for the germ of f at x, and for every index j and every point x, a property P₁(j) also holds for the germ of f at x, provided that locally finite open sets cover X, an initial function satisfies P₀ and P₂(0), and inductively each step can upgrade the function …"
"0.8375628545056043","0.8375628545056043","0.837563157081604","True","f0a44af1-2532-4d25-8eea-3db446695ba2","Fermat's Last Theorem","ImperialCollegeLondon/FLT","5.15","QHat.lowestTerms","Every element in the completion of the rational numbers can be expressed in exactly one way as a fraction where the numerator is in the completion of the integers, the denominator is a positive integer, and the numerator and denominator share no common factors.","a3c89128-bc08-43bb-88cd-4c70710d161a","QHat.lowestTerms","FLT.Data.QHat","FLT","FLT","Every element of the profinite completion of the rational numbers can be uniquely written as a fraction 1/N times a profinite integer z, where N is a positive natural number and z is coprime to N. This representation is unique in the sense that if two such fractions 1/N1 * z1 and 1/N2 * z2 are equal, then N1 must equal N2 and z1 must equal z2. Cop…"
"0.8375059577691318","0.8375059577691318","0.8375061750411987","True","4a2ee928-7c7c-40df-9327-700f425f49c8","Brownian motion project","RemyDegenne/brownian-motion","1.5.74","ProbabilityTheory.constL","L is a constant defined using parameters T, c1, d, p, q, and beta, involving a sum over powers of 2 and terms based on the diameter of T, logarithms, and a fixed constant Cp, designed to bound expectations in stochastic processes. The constant remains finite under conditions like finite diameter of T and specific ranges for the parameters. It comb…","a41c3a88-8346-40e3-bd77-0480d804e86b","ProbabilityTheory.constL","BrownianMotion.Continuity.KolmogorovChentsovInequality","brownian-motion","brownian-motion","constL is a function that takes a pseudo-emetric space T, a constant c in extended nonnegative reals, real numbers d, p, q, β, and a subset U of T, then returns an extended nonnegative real value representing a bound derived from these parameters, often used in estimating continuity properties in stochastic processes. It typically combines logarit…"
"0.8359681167872723","0.8359681167872723","0.8359684944152832","True","846c411e-09b3-45d9-9545-d074b6f76ebf","Toric varieties","YaelDillies/toric","5.3.2","AddMonoidAlgebra.IsToricIdeal","A toric ideal is a special kind of prime ideal in the ring formed by an affine monoid over a ring R, where the ideal respects the lattice structure of the monoid. It arises in algebraic geometry and combinatorics to describe coordinate rings of toric varieties.","a691d858-5cd3-48cb-9562-f59db7ffa250","AddMonoidAlgebra.IsToricIdeal","Toric.ToricIdeal","toric","toric","An ideal in the group ring R[M] is toric if it is both a prime ideal and a group ideal, meaning it satisfies the algebraic properties of primeness and arises from a subgroup of the additive monoid M."
"0.8356539672871357","0.8356539672871357","0.8356543183326721","True","0004b1f1-c90b-45c1-888c-081ddeb01769","Sphere Packing in Dimension 8","thefundamentaltheor3m/Sphere-Packing-Lean","6.52","serre_D_mul","The Serre derivative of the product of two quasimodular forms is equal to the Serre derivative of the first form times the second form plus the first form times the Serre derivative of the second form, with weights adding appropriately.","af1555b5-cb32-4e27-9fae-e8941e3b221d","serre_D_mul","SpherePacking.ModularForms.Derivative","sphere-packing-math-inc","sphere-packing-math-inc","The serre_D_mul theorem states that the Serre derivative of the product of two complex-valued functions on the upper half-plane is equal to the sum of the products of each function with the Serre derivative of the other, using integer weights k₁ and k₂. This rule resembles the standard product rule for derivatives but applies to modular forms with…"
"0.8355962634086609","0.8355965667361899","0.8355962634086609","True","41c1b442-4c8a-4492-89b2-3cd40e6cea2c","The Polynomial Freiman-Ruzsa Conjecture","teorth/pfr","6.13","ent_ofsum_le","The entropy of the sum of four random variables X1, X2, tilde X1, and tilde X2 is at most half the entropy of X1 plus half the entropy of X2, plus a term involving constants 2 and eta times k, minus another term I1.","70481d9f-ed7b-4cf7-bf46-c14a9b66d175","ent_ofsum_le","PFR.FirstEstimate","pfr","pfr","The entropy of the sum of four random variables X1, X2, X1', and X2' taking values in a finite abelian group is at most half the entropy of X1 plus half the entropy of X2, plus a term depending on the group size and a small error parameter eta, minus an information term that measures dependence between certain pairs of sums. The variables X1 and X…"
"0.8353777628640979","0.8353777628640979","0.8353780508041382","True","b7758885-3df6-40dc-9ba6-7a6a48fae7d9","Brownian motion project","RemyDegenne/brownian-motion","2.1.16","MeasureTheory.Martingale.submartingale_norm","If X is a martingale taking values in a normed space, then the norm of X forms a submartingale.","88bf6446-a2e8-4d11-9f7f-a21b62b793b4","MeasureTheory.Martingale.submartingale_norm","BrownianMotion.Auxiliary.Martingale","brownian-motion","brownian-motion","If a sequence of functions is a martingale with respect to a filtration and a sigma-finite measure, and the functions take values in a complete normed vector space, then the sequence of their norms forms a submartingale with respect to the same filtration and measure. This means the expected value of the norm at a future time is at least the curre…"
"0.8349188728323792","0.8349188728323792","0.8349195122718811","True","292f6095-d4b1-4fbb-846a-9a9d6bda21c3","Gibbs Measures","YaelDillies/gibbs-measure","1.25","Specification.IsModifier, Specification.modification","A modifier of gamma is a family of functions from finite subsets of S to non-negative real numbers, parameterized by elements of Omega, such that when multiplied with gamma, the resulting family forms a specification.","4aeeb7f9-b1f7-48f3-93c6-3647e443bb0c","Specification.IsModifier","GibbsMeasure.Specification","gibbs-measure","gibbs-measure","A modifier of a specification γ is a family of non-negative real-valued density functions ρ, indexed by finite subsets Λ of S, such that each ρ Λ is measurable and the product of ρ with γ (denoted γ.modificationKer ρ) results in a consistent specification."
"0.8335290770199654","0.8335290770199654","0.8335297703742981","True","21abee0c-0032-464e-afa7-980518511843","The sphere eversion project","leanprover-community/sphere-eversion","2.1","DualPair","A dual pair on a vector space E consists of a linear function π and a vector v in E where the function π applied to v equals 1.","30dae945-ea99-4862-b9a0-0bedfde1fcd3","DualPair","SphereEversion.Local.DualPair","sphere-eversion","sphere-eversion","A DualPair consists of a continuous linear function π that takes vectors to real numbers and a vector v such that π(v) = 1; this means the kernel of π is a hyperplane and v points outside that hyperplane, forming a direct sum decomposition of the space."
"0.8326035127376783","0.8326035127376783","0.8326035737991333","True","e5855724-6d6b-4bf7-8c04-c79fbedcec7f","Arithmetic Progressions - Almost Periodicity","YaelDillies/apap","4.2","sifting","For given positive values of epsilon and delta, and a sufficiently large even integer p, if S is the set of group elements where the convolution of the indicator function of a set A with itself is large relative to its norm, then there exist subsets A1 and A2 of given sets B1 and B2 such that the convolution of their uniform measures assigns high …","357ebb01-66ea-4916-9365-1e5f512226a4","sifting","APAP.Physics.DRC","apap","apap","If B1 and B2 are finite sets in a finite abelian group G with decidable equality, and there exists an element in (B1 minus B2) that is also in the difference set A minus A but not in a special subset s defined by parameters p, epsilon, and the sets, then there exist subsets A1 of B1 and A2 of B2 such that the normalized convolution of their indica…"
"0.8325267722171815","0.8325267722171815","0.832527220249176","True","f743e719-be5a-4d72-b6e7-06dce86f4f1a","Fermat's Last Theorem","ImperialCollegeLondon/FLT","5.17","QHat.injective_zHat","The map from the completion of the integers to the completion of the rationals, defined by sending an element z to 1 tensor z, is injective because the integers embed into the rationals and the completion of the integers is torsion-free and flat. This allows both the rationals and the completed integers to be viewed as subrings of the completed ra…","31433865-6f89-4fee-84b2-710e3bddc89b","QHat.injective_zHat","FLT.Data.QHat","FLT","FLT","The map from the profinite completion of the integers to the profinite completion of the rationals is injective, meaning distinct elements in the profinite integers remain distinct when mapped into the profinite rationals. This function preserves the structure of integer-like elements within the larger system of rational-like elements."
"0.8321226973377769","0.8321226973377769","0.8321229219436646","True","d7e02554-4818-4626-9958-c3ccf4ddb3d3","Brownian motion project","RemyDegenne/brownian-motion","2.2.27","MeasureTheory.IsPavingAnalytic.prod_left","If t is an element of T and s is an F-analytic set, then the product of t and s is analytic with respect to the product of T and F. This means that taking products of analytic sets in this way preserves analyticity.","c64d2304-47f8-4a7b-8893-b74f907d780a","MeasureTheory.IsPavingAnalytic.prod_left","BrownianMotion.Choquet.AnalyticSet","brownian-motion","brownian-motion","If a set s is analytic with respect to a paving p, and a set t satisfies a property r, then the product set t × s is analytic with respect to the paving formed by taking all products of sets from r and p."
"0.8314339897379601","0.8314339897379601","0.8314343690872192","True","15f3e3aa-47df-4402-aa91-b62c1e3102f6","Carleson operators on doubling metric measure spaces","fpvandoorn/carleson","5.4.7","forest_inner","For each element u in a set U3 and each related tile p, the ball centered at the center of p with radius 8 times D to the power of the scale of p is entirely contained within the region associated with u. This result follows from properties of chains of tiles, geometric relations, and scale comparisons between tiles and their containing regions. T…","17eabf4b-7c75-4d48-a5a1-802a8a1fb337","forest_inner","Carleson.Discrete.ForestUnion","carleson","carleson","For a given tile p in a specific structure, the ball centered at the center of p with radius 8 times a power of a constant D is entirely contained within the region associated with the larger tile u that contains p."
"0.8314229191145726","0.8314229191145726","0.8314233422279358","True","6857c936-627a-4aec-8ca1-649a63b8dc9d","The Polynomial Freiman-Ruzsa Conjecture","teorth/pfr","12.29","condMultiDist_eq","The conditional multidistance measures the difference between the entropy of the sum of random variables given their paired conditions and the average entropy of each variable given its own condition, when the pairs are independent. It quantifies how much the joint behavior deviates from independence in a conditional setting.","f13a44ab-643d-47af-940d-b0e388199038","condMultiDist_eq","PFR.MoreRuzsaDist","pfr","pfr","If the pairs of random variables (X_i, Y_i) are independent, then the conditional multi-distribution distance D[X|Y] equals the conditional entropy of the sum of the X_i given all the Y_i, minus the average of the individual conditional entropies H[X_i|Y_i]."
"0.8302880486480618","0.8302880486480618","0.8302880525588989","True","835c2766-366c-4203-b1cc-059ba06bc78f","Toric varieties","YaelDillies/toric","5.3.3","AddMonoidAlgebra.isToricIdeal_iff_exists_span_single_sub_single","An ideal is toric exactly when it is both prime and formed by polynomials of the form X raised to one power minus X raised to another power.","55a57863-4ef7-4f19-bbe2-3d84459518c2","AddMonoidAlgebra.isToricIdeal_iff_exists_span_single_sub_single","Toric.ToricIdeal","toric","toric","An ideal in a monoid algebra over a field is toric if and only if it is prime and can be generated by differences of single basis elements corresponding to pairs in some set."
"0.8299693967809334","0.8299693967809334","0.8299694657325745","True","feec89f5-a025-457c-9f05-10b81a7e4564","Brownian motion project","RemyDegenne/brownian-motion","2.2.22","MeasureTheory.IsPavingAnalytic.mono","If a set s is analytic with respect to a family of sets F, and F is contained in another family G, then s is also analytic with respect to G. This means the collection of F-analytic sets is a subset of the G-analytic sets whenever F is a subset of G.","76014417-d07b-4467-aa45-a012103dc4f1","MeasureTheory.IsPavingAnalytic.mono","BrownianMotion.Choquet.AnalyticSet","brownian-motion","brownian-motion","If a set s is analytic with respect to a paving p, and p is contained in a larger paving p', then s is also analytic with respect to p'. This means that increasing the collection of sets in the paving preserves the analytic property of s."
"0.8289848202024926","0.8289848202024926","0.8289855122566223","True","7b81a0b5-f32f-41f8-b4b1-5a4d7d56bbbb","Carleson operators on doubling metric measure spaces","fpvandoorn/carleson","9.0.2","covering_separable_space","For every positive distance r, there is a countable set of points in X such that every point in X is within distance r of at least one of these points. This means the space X can be covered by a countable number of balls of radius r. The property holds for all positive r. This is a characteristic of separable metric spaces.","fb9b92bb-2aba-4f39-a832-f2ded92f52f8","covering_separable_space","Carleson.ToMathlib.HardyLittlewood","carleson","carleson","In a separable pseudometric space, there exists a countable set C such that for every positive radius r, the union of all open balls of radius r centered at points in C covers the entire space."
"0.8289500553941721","0.8289500553941721","0.8289507627487183","True","8976792d-5abc-409e-80dd-32d0537ab90f","The Polynomial Freiman-Ruzsa Conjecture","teorth/pfr","11.2","torsion_dist_shrinking","If G is a torsion-free group and X, Y are random variables taking values in G, then for any homomorphism phi from G to the vector space F2^d, the entropy of phi(X) is at most 10d times the Ruzsa distance between X and Y.","dbb53f04-c9c5-40ff-9ba2-c88359e3aa67","torsion_dist_shrinking","PFR.WeakPFR","pfr","pfr","If G is a group with no elements that add to zero unless they are zero themselves, and X and Y are random elements in G, then for any homomorphism φ from G to a finite-dimensional vector space over the field with two elements, the entropy of φ applied to X is at most 10 times the statistical distance between the distributions of X and Y."
"0.8286842415144768","0.8286842415144768","0.8286843299865723","True","869557a7-4b61-4216-b39e-18e6cb967699","Carleson operators on doubling metric measure spaces","fpvandoorn/carleson","5.4.3","C6_forest","The set C6(k,n,j) is the union of T2(u) for all u in the set U3(k,n,j), where U3(k,n,j) defines a collection of elements related through an equivalence relation. This expresses C6(k,n,j) as a combination of structures derived from U3(k,n,j).","587861c0-413f-42bd-8f7a-13507f41178a","C6_forest","Carleson.Discrete.ForestUnion","carleson","carleson","The set C6_k_n_j is equal to the union of sets T2_k_n_j_u, where u ranges over the set U3_k_n_j. This means every element in C6_k_n_j belongs to at least one T2_k_n_j_u for some u in U3_k_n_j. The result is stated in the context of a metric space with additional structure related to tiles and proof data."
"0.8286250991338682","0.8286250991338682","0.8286257386207581","True","cea1299a-fe3f-4174-ae9a-0dd681c154ba","The Polynomial Freiman-Ruzsa Conjecture","teorth/pfr","9.1","hahn_banach","In finite abelian 2-groups, any homomorphism from a subgroup to another group can be extended to a homomorphism from the whole group.","56aaa00b-e5f2-462f-9c13-237c1d53ec77","hahn_banach","PFR.HomPFR","pfr","pfr","Any group homomorphism from a subgroup H0 of a group G to another group G' can be extended to a homomorphism defined on the entire group G, provided both groups are modules over the integers modulo 2."
"0.8285438418388367","0.8285438709894566","0.8285438418388367","False","cd29da73-0d65-437e-ac2f-8ad9d080eea8","Arithmetic Progressions - Almost Periodicity","YaelDillies/apap","1.1","Real.marcinkiewicz_zygmund', Real.marcinkiewicz_zygmund","For a function f with average value zero and absolute value at most 2, the expected value of the 2m-th power of the sum of n independent copies of f is at most (4mn) raised to the power m.","524a7023-01cf-4800-a569-b4523d718c78","RCLike.marcinkiewicz_zygmund","APAP.Prereqs.MarcinkiewiczZygmund","apap","apap","For a finite collection of functions taking values in a real-like space, the average of the 2m-th power of the norm of their sum is bounded by a constant multiple of the sum of the 2m-th powers of the norms of the individual function values, provided the functions satisfy a zero-mean condition over a finite domain. The constant depends only on the…"
"0.8284062563685299","0.8284062563685299","0.8284069299697876","False","4021479c-031d-41bc-896e-5a6c06fac641","Carleson operators on doubling metric measure spaces","fpvandoorn/carleson","10.0.3","czOperator_weak_1_1","If a function f is bounded and supported on a finite measure set, and an operator T_r satisfies a certain L2 bound for all similar functions, then the measure of the set where |T_r f| exceeds a value alpha is controlled by a constant multiple of the L1 norm of f divided by alpha. This gives a weak-type (1,1) estimate for the operator T_r. The cons…","84842885-c881-4ef9-92bb-bf9e1d323e2d","distribution_czOperatorBound","Carleson.TwoSidedCarleson.WeakCalderonZygmund","carleson","carleson","If a bounded, compactly supported function f on a doubling metric measure space has average norm less than a threshold alpha, then the measure of the set where a certain operator applied to f exceeds alpha/8 is controlled by a constant multiple of the L1 norm of f divided by alpha. The constant depends only on the doubling parameter a, which is at…"
"0.8280654287779041","0.8280654287779041","0.8280657529830933","True","5223a0c8-d0f3-4536-870e-1e3997112b49","The sphere eversion project","leanprover-community/sphere-eversion","1.10","surrounding_loop_of_convexHull","If a vector v lies in the convex hull of a connected open set O, then for any base point b in O, there exists a continuous family of loops starting and ending at b, staying entirely within O, beginning as a constant loop at b, and ending with a loop that surrounds v. The construction uses path-connectedness of O and a round-trip path that visits p…","9d7dd598-b56f-42f9-9122-3ffd14fd1b79","surrounding_loop_of_convexHull","SphereEversion.Loops.Surrounding","sphere-eversion","sphere-eversion","If a point f lies in the convex hull of a connected open set O in a finite-dimensional real normed space, and b is any point in O, then there exists a continuous loop γ such that γ stays entirely within O, starts and ends at constant paths at b, and at time 1, the loop surrounds the point f. The loop is periodic in both of its parameters and remai…"
"0.8276928085397512","0.8276928085397512","0.8276935815811157","False","018842dc-5937-47c5-b20e-5e32be19e4c7","Class Field Theory","kbuzzard/ClassFieldTheory","71","Rep.split.reciprocityIso","For every integer n, there is an isomorphism between the Tate cohomology groups of G with coefficients in aug(R,G) and the Tate cohomology groups of G with coefficients in M, shifted by one degree. In degree -1, this gives a specific isomorphism identifying the abelianization of G tensored with R to the 0th Tate cohomology group of M, using a conn…","0f8c05d3-c66a-45cf-9f49-6296aff28a43","groupCohomology.instIsIso_shortExact_downSES","ClassFieldTheory.Cohomology.Functors.UpDown","ClassFieldTheory","ClassFieldTheory","For a finite group G and a representation M of G over a commutative ring R, the connecting homomorphism in Tate cohomology associated with a certain short exact sequence involving M is an isomorphism. This holds for all integer degrees n. The result follows from applying cohomological machinery to a specific short exact sequence of representations."
"0.8276157208137754","0.8276157208137754","0.8276159763336182","True","1f2fc2e8-8e53-4490-8511-0b7d3e2a7662","Class Field Theory","kbuzzard/ClassFieldTheory","29","Rep.ind₁_obj_iso_coind₁_obj","There is a map between two constructions called induction and coinduction for group representations, which sends finitely supported functions from a group G to an abelian group A to themselves; if G is finite, this map is an isomorphism, meaning induction and coinduction are equivalent in that case.","92ed591b-5586-4b64-9b19-9c5c7f0d933f","Rep.ind₁_obj_iso_coind₁_obj","ClassFieldTheory.Cohomology.IndCoind.Finite","ClassFieldTheory","ClassFieldTheory","For a finite group G and a module A over a commutative ring R, the induced representation and the coinduced representation of A are isomorphic, meaning the two ways of extending A to a G-representation produce essentially the same structure. This isomorphism holds because the group is finite, ensuring the necessary sums over group elements are wel…"
"0.8273879287034083","0.8273879287034083","0.8273879289627075","True","4c1f1219-2013-4e53-9e77-f86d41fef1b2","Brownian motion project","RemyDegenne/brownian-motion","2.1.12","MeasureTheory.Submartingale.congr","If X is a submartingale and Y is an adapted process that is a modification of X, then Y is also a submartingale.","9e57e701-b923-40da-b331-1b58cb570ce7","MeasureTheory.Submartingale.congr","BrownianMotion.Auxiliary.Martingale","brownian-motion","brownian-motion","If two stochastic processes X and Y are equal almost everywhere with respect to a probability measure P, and X is a submartingale adapted to a filtration F, then Y is also a submartingale with respect to the same filtration, provided Y is strongly adapted. This means that modifying a submartingale on a set of measure zero does not affect its subma…"
"0.8264376062461427","0.8264376062461427","0.8264376521110535","True","8cf6f082-759b-4614-9c8b-428213a34b43","The Polynomial Freiman-Ruzsa Conjecture","teorth/pfr","5.2","rdist_of_hom_le","If there is a homomorphism between two additive groups and two random variables take values in the first group, then the distance between the random variables is at least as large as the distance between their images under the homomorphism.","9ee4f4d7-d419-4d87-a7b6-fb3710fab684","rdist_of_hom_le","PFR.Fibring","pfr","pfr","The Ruzsa distance between two random variables does not increase when both are mapped through a group homomorphism; applying the same homomorphism to both variables results in a Ruzsa distance that is less than or equal to the original. This holds for measurable, finite-range random variables over probability spaces with countable additive commut…"
"0.8256123129885433","0.8256123129885433","0.8256125450134277","True","d23203d6-4aff-449c-8172-9a6dcb394f7e","Carleson operators on doubling metric measure spaces","fpvandoorn/carleson","6.3.3","Antichain.local_antichain_density, Antichain.Ep_inter_G_inter_Ip'_subset_E2","The sum of the measures of certain tile intersections within a localized region is bounded above by the measure of a specific enlarged tile set, under conditions involving scale and spatial relationships between tiles. This bound relies on disjointness properties of the tiles and their reach within a structured geometric framework.","98c2b14a-1bc9-4c6a-8fbd-177be6a7b894","Antichain.local_antichain_density","Carleson.Antichain.AntichainTileCount","carleson","carleson","For a given antichain of tiles in a metric space with certain structural properties, the total volume of intersections between specific tile regions and a set G is bounded above by the volume of a slightly expanded region associated with a reference tile, when summing over finer scales. This bound depends on the scale difference and uses a doublin…"
"0.8250759601958961","0.8250759601958961","0.8250765800476074","True","76736c27-b0f3-4377-9e41-32c54004b9e9","Brownian motion project","RemyDegenne/brownian-motion","1.5.28","edist_chainingSequence_add_one","For a sequence of positive numbers and a nested sequence of finite covers of a set A, the distance between successive approximations of a point in the covers is bounded by the corresponding cover's radius.","d9a756fd-64ca-4102-8ac3-fd14f46b5632","edist_chainingSequence_add_one","BrownianMotion.Continuity.Chaining","brownian-motion","brownian-motion","The distance between consecutive points in a chaining sequence is at most the corresponding cover radius; specifically, for a point x in the k-th finite set of a cover sequence and any n less than k, the extended distance between the n-th and (n+1)-th terms in the chain is bounded by ε(n). This relies on each set in the sequence being an ε(n)-cove…"
"0.8245028468097011","0.8245028468097011","0.8245030641555786","True","d569d0c2-7eae-4bae-bce9-cd46bba6c385","The sphere eversion project","leanprover-community/sphere-eversion","1.4","smooth_surrounding","For every point x in a space E and a set of d+1 points around it, there exists a smooth, positive weight function defined near x and those points, such that the weights add up to 1 and x can be expressed as a weighted average of the surrounding points.","61f1f5de-fbd4-4130-a90b-3c9ef92c7a26","smooth_surrounding","SphereEversion.Loops.Surrounding","sphere-eversion","sphere-eversion","Given a point x in a finite-dimensional real normed space and a collection of surrounding points p with positive weights w that average to x and form an affine basis, there exists a local smooth function W defined near (x, p) that assigns positive weights summing to 1 to the points in p, such that the weighted average of the points equals the inpu…"
"0.8241945361145703","0.8241945361145703","0.8241950869560242","False","cd1623c9-09d5-4bbf-a65b-54f4193e9652","The Polynomial Freiman-Ruzsa Conjecture","teorth/pfr","13.28","phiMinimizes","The function phi[X;Y] combines a distance measure d[X;Y] with a penalty term involving the sum of rho(X) and rho(Y), scaled by a small constant eta; a phi-minimizer is any pair of F_2^n-valued random variables X and Y that achieves the smallest possible value of phi[X;Y].","5e870007-f0db-4928-ad4e-03b57be9819c","phi_min_exists","PFR.RhoFunctional","pfr","pfr","There exists a probability measure that minimizes the function phi, which combines the distance between two random variables and a penalty term involving their rho values, for nonempty finite subsets of a discrete measurable abelian group."
"0.8241497184240861","0.8241497184240861","0.8241503238677979","False","9895defe-2ca2-455e-846c-8f8bb900fae6","Carleson operators on doubling metric measure spaces","fpvandoorn/carleson","3.0.4","linearized_truncation","The integral of the absolute value of a certain operator T applied to a function f over a set G is bounded by a constant multiple of the product of the measures of G and F raised to certain powers, where the constant depends on parameters a and q. The operator T involves a sum over integers between two measurable functions σ1 and σ2, and each term…","edd40db6-ffa0-4ad0-9163-2cbfb3fe704a","rcarleson","Carleson.Classical.CarlesonOnTheRealLine","carleson","carleson","The theorem states that for any two measurable sets F and G of real numbers, and a measurable complex-valued function f bounded by the indicator function of F, the integral of the Carleson operator applied to f over G is at most a constant multiple of the square root of the measure of G times the square root of the measure of F. The constant depen…"
"0.8236074280259207","0.8236074280259207","0.8236076831817627","False","e505d3a3-1fde-4732-a187-67e340b7e9bf","Gibbs Measures","YaelDillies/gibbs-measure","1.6","ProbabilityTheory.Kernel.IsProper.lintegral_mul","If pi is a proper kernel, then the integral of f times g with respect to pi given x0 equals g at x0 times the integral of f with respect to pi given x0, for all x0 and suitable nonnegative measurable functions f and g.","b978afc6-ae02-4675-8fd1-4e86477bb1e9","ProbabilityTheory.Kernel.IsProper.integral_bdd_mul","GibbsMeasure.Mathlib.Probability.Kernel.Proper","gibbs-measure","gibbs-measure","If a kernel is proper and finite, and f is integrable with respect to the kernel at a point x0, then for any bounded and strongly measurable function g, the integral of g(x) * f(x) with respect to the kernel at x0 equals g(x0) times the integral of f with respect to the same kernel at x0."
"0.8219449247390839","0.8219449247390839","0.8219450116157532","True","e608b1dc-3534-48bb-9194-e2d59aa09cfd","Brownian motion project","RemyDegenne/brownian-motion","2.4.8","ProbabilityTheory.SimpleProcess.instModule","The set of simple processes E_T,F can be added together and multiplied by real numbers, and the result will still be a simple process. This structure makes the simple processes a module over the real numbers.","997f11bb-bf33-4ec6-886b-915d3efdebd3","ProbabilityTheory.SimpleProcess.instModule","BrownianMotion.StochasticIntegral.SimpleProcess","brownian-motion","brownian-motion","The declaration states that the space of simple stochastic processes forms a module over the real numbers, meaning that these processes can be scaled by real numbers and added together in a way that respects linear combinations. This structure relies on the processes being adapted to a filtration and taking values in a normed vector space with sui…"
"0.8218822565505359","0.8218822565505359","0.8218826055526733","True","d6dffe7b-6deb-4d08-b4f6-a9b1462b7952","The sphere eversion project","leanprover-community/sphere-eversion","5.2","LocallyFinite.exists_forall_eventually_of_indexType","If a sequence of functions from a topological space X to a set Y agrees more and more closely outside a locally finite family of subsets, then there is a well-defined limiting function F from X to Y that matches the sequence near each point for large enough indices.","8f0ffc79-066f-43ad-a3c7-5adb7b8bb518","LocallyFinite.exists_forall_eventually_of_indexType","SphereEversion.InductiveConstructions","sphere-eversion","sphere-eversion","If a sequence of functions indexed by a finite type stabilizes outside a locally finite collection of sets, then there exists a limiting function such that, for every point, the sequence eventually becomes equal to this limit function in a neighborhood of that point."
"0.8211416643566397","0.8211416643566397","0.8211421966552734","True","9bc57571-46af-4979-b46a-ef879458e7e9","Chandra-Furst-Lipton","YaelDillies/chandra-furst-lipton","2.3","NOF.Protocol.length_broadcast","For any NOF protocol, the length of the broadcast at time t is exactly t, given input x from G raised to the power d.","0509eef1-913a-4065-87e7-f6995ca9688c","NOF.Protocol.length_broadcast","ChandraFurstLipton.NOFModel","chandra-furst-lipton","chandra-furst-lipton","The length of the list produced by the broadcast function of a NOF protocol at any time t is exactly t. This means each broadcast step adds one element to the list, starting from zero. The result holds for any input and protocol setup."
"0.8195948217628375","0.8195948217628375","0.8195951581001282","True","01756c2d-9dec-46b8-af58-fc4cbb6e4ba0","The Polynomial Freiman-Ruzsa Conjecture","teorth/pfr","12.44","sum_of_conditional_distance_le","The sum of the distances d[X_i;Z_2|W] for i from 1 to m is at most 4 times (m cubed minus m squared) times k.","371b02b3-e745-48fa-93c8-d9084ad4f496","sum_of_conditional_distance_le","PFR.TorsionEndgame","pfr","pfr","The sum of certain conditional distances between random variables, given specific independence and identical distribution conditions, is at most 4 times (m cubed minus m squared) times a constant k, where m is the number of variables."
"0.8192493994610069","0.8192493994610069","0.8192497491836548","True","d9b0198f-21dd-414e-9313-5f01ff5e2e19","Brownian motion project","RemyDegenne/brownian-motion","2.7.12","ProbabilityTheory.IsSquareIntegrable.submartingale_sq_norm","If M is a martingale and its square has a finite expected value, then the square of its norm forms a submartingale.","450d5c4c-24f6-4231-a1b1-7f84429804fe","ProbabilityTheory.IsSquareIntegrable.submartingale_sq_norm","BrownianMotion.StochasticIntegral.SquareIntegrable","brownian-motion","brownian-motion","If a stochastic process is square integrable and adapted to a filtration, then the square of its norm forms a submartingale with respect to that filtration and the given probability measure. This means the expected value of the squared norm at a future time is at least as large as the current value, almost everywhere. The result holds in a complet…"
"0.8186347514662851","0.8186347514662851","0.8186349868774414","True","d403fe4f-655b-4a37-8fdd-179032615b50","Gibbs Measures","YaelDillies/gibbs-measure","1.31","Specification.IsPremodifier","A premodifier is a collection of non-negative measurable functions indexed by sets, such that for any two nested sets, the functions satisfy a commutation identity when the inputs agree outside the smaller set. The identity means the order of applying the functions does not matter under certain conditions on the inputs. This condition must hold fo…","c53b550f-555c-49c2-b81d-c2c83ad1a260","Specification.IsPremodifier","GibbsMeasure.Specification","gibbs-measure","gibbs-measure","A premodifier is a collection of nonnegative extended real-valued density functions, indexed by finite subsets Λ of a set S, where each density takes a function from S to a measurable space E and returns a value in [0, ∞]. These densities must be measurable and satisfy a compatibility condition: for any two nested finite sets Λ₁ ⊆ Λ₂ and any two c…"
"0.8177531629038844","0.8177531629038844","0.8177539110183716","True","505b7932-5d97-4eb2-bc32-0f0c3d9f24e8","The Polynomial Freiman-Ruzsa Conjecture","teorth/pfr","12.42","entropy_of_Z_two_le","The entropy of Z2 is at most (8 times m squared minus 16 times m plus 1) times k, plus the average entropy of the Xi values from 1 to m.","65b81678-f690-4f02-8c65-4a3ee723b3c2","entropy_of_Z_two_le","PFR.TorsionEndgame","pfr","pfr","The entropy of the random variable Z_2, formed by summing and scaling independent, identically distributed random variables Y over a finite group, is bounded above by a quadratic function of the number of variables (m) times a constant k, plus the average entropy of the individual variables X_i."
"0.8171319471744041","0.8171319471744041","0.8171322345733643","True","47bceb03-eddd-4e70-8445-3d0063268b3b","Gibbs Measures","YaelDillies/gibbs-measure","1.24","Specification.isGibbsMeasure_isssd_infinitePi","The product measure nu to the power S is a Gibbs measure that matches the specification given by the ISSSD of nu. This means the independent and identically distributed product measure satisfies the local conditional probability rules defined by the ISSSD.","8e118a22-8c01-43d2-8483-605d3e28c5c2","Specification.isGibbsMeasure_isssd_infinitePi","GibbsMeasure.Specification","gibbs-measure","gibbs-measure","The infinite product of a probability measure ν over an index set S, written as ν^S, satisfies the conditions to be a Gibbs measure for the independent specification defined by ν. This means that for any finite subset of sites, the conditional distribution of the measure given the outside configuration matches the product of copies of ν. In short,…"
"0.8144401050052431","0.8144401050052431","0.8144406080245972","True","6d49f138-df3a-46d6-b434-fe7a3bcb8df6","Arithmetic Progressions - Almost Periodicity","YaelDillies/apap","4.3","sifting_cor","For a dense subset A of a group G, if p is a sufficiently large even integer depending on small parameters epsilon and delta, then there exist two subsets A1 and A2 of G, each with density at least a constant times alpha to the power 2p, such that their convolution correlates strongly with the set S where the convolution of A's measure is large in…","ee6126e7-0d4d-4d06-bb94-33af52f0eae7","sifting_cor","APAP.Physics.DRC","apap","apap","For a nonempty finite set A in a finite abelian group G, if p is an even integer at least 2 and ε, δ are small positive numbers such that ε⁻¹ times the log of 2/δ is at most p, then there exist two subsets A₁ and A₂ of G such that the sum of the product of their normalized indicator functions over a certain set s is at least 1−δ, and both A₁ and A…"
"0.8142420053482056","0.8142420088263241","0.8142420053482056","False","62f407b5-dc15-4637-ac88-1d9bdfef2f99","The Polynomial Freiman-Ruzsa Conjecture","teorth/pfr","6.10","condRuzsaDist_of_sums_ge","The conditional distance between two random variables, given their sums with perturbed versions of each other, is bounded below by a constant minus error terms involving how much the conditioning changes their mutual information with initial reference variables. The bound depends on a parameter k and a scaling factor eta, which weights the impact …","76614a40-1d55-48dc-a51f-53ab39e7e413","sum_dist_diff_le","PFR.Endgame","pfr","pfr","The sum of differences between certain conditional and marginal distances involving random variables X1, X2, X1', X2' and reference points U, V, W is bounded above by an expression involving k (which represents the mutual information d[X1 # X2]) and a parameter eta, along with a term based on the conditional mutual information between sums of thes…"
"0.8129634120485829","0.8129634120485829","0.8129640817642212","True","f47e0eb2-63f9-4a3e-8c97-8978968722de","Fermat's Last Theorem","ImperialCollegeLondon/FLT","9.3","IsDedekindDomain.HeightOneSpectrum.valuation_comap","If k is an element of K and i is the inclusion map from K to L, then the value of the valuation w on i(k), scaled by the ramification index e of the extension w over v, equals the value of the valuation v on k. This relates the valuations v and w through the ramification index and the inclusion map. The valuations are written additively.","3731a245-9fd8-4b7c-855e-6b7b0151bd2b","IsDedekindDomain.HeightOneSpectrum.valuation_comap","FLT.DedekindDomain.IntegralClosure","FLT","FLT","If a valuation w lies over another valuation v, then the value of an element x in the base field under w is equal to the value under v raised to the power of the ramification index. This relationship holds through the extension of fields and the corresponding prime ideals. The ramification index measures how much the prime ideal associated with w …"
"0.8119039352859815","0.8119039352859815","0.81190425157547","True","ace823d4-30ed-4df6-8e40-779ef8504334","The sphere eversion project","leanprover-community/sphere-eversion","1.1","Loop, Loop.average, Loop.support","A loop is a periodic function with period 1, defined on the real numbers and taking values in a finite-dimensional vector space, or equivalently a function on the circle. The average of a loop is its integral over one period. The support of a family of loops, indexed by a space E, is the set of points in E where the corresponding loop is not const…","13fcd3aa-c659-46ec-bbc5-172adeac1ddd","Loop.support","SphereEversion.Loops.Basic","sphere-eversion","sphere-eversion","The support of a loop family is the smallest closed set containing all points where the loop is not constant. It is defined for loops that repeat every unit interval and take values in a topological space. A loop is considered constant if it always returns the same value regardless of input."
"0.8112592614244902","0.8112592614244902","0.8112603425979614","True","94ffbd5c-1daa-4040-a7dd-aac77f7ef631","Sphere Packing in Dimension 8","thefundamentaltheor3m/Sphere-Packing-Lean","6.11","modular_slash_negI_of_even","For even k, applying the slash operator with the negative identity matrix leaves F unchanged.","85f782aa-dc52-4743-bc87-c00195b61172","modular_slash_negI_of_even","SpherePacking.ModularForms.SlashActionAuxil","sphere-packing-math-inc","sphere-packing-math-inc","If a function f is defined on the upper half-plane and k is an even integer, then applying the slash operator with weight k and the matrix negI (the negative identity matrix) leaves f unchanged."
"0.8096873963808771","0.8096873963808771","0.8096880316734314","True","3f10a83a-81cc-4e37-858a-d7851b0fc716","Carleson operators on doubling metric measure spaces","fpvandoorn/carleson","10.2.9","estimate_bad","The measure of the set where the absolute value of the operator T_r applied to b exceeds alpha over 2 is bounded above by a constant multiple of the integral of the absolute value of f, divided by alpha. The constant depends on powers of 2 raised to expressions involving a and c. This estimate is used to control the ""bad"" part in a decomposition a…","c0d20395-2de9-4bac-9020-a040b10d48c4","estimate_bad","Carleson.TwoSidedCarleson.WeakCalderonZygmund","carleson","carleson","For a bounded function f with finite support on a doubling metric measure space, the measure of the set where the absolute value of the Calderon-Zygmund operator applied to the ""bad"" part of f exceeds a threshold α/2 is controlled by a constant multiple of the L1 norm of f divided by α. The constant depends only on the parameter a, which is at lea…"
"0.8091165501804073","0.8091165501804073","0.8091170191764832","True","58eff50e-7c34-48f5-a624-7e3d5ea3b323","Carleson operators on doubling metric measure spaces","fpvandoorn/carleson","7.6.3","TileStructure.Forest.thin_scale_impact","If a point p is in the set T(u2) but not in S, and a cube J from the collection J' intersects the ball around the image of p, then the scale of p is at most the scale of J plus 2 minus a small positive term that depends on constants Z, n, and a.","0f3765a9-dcc5-49f8-9d44-5eb889fd6d27","TileStructure.Forest.thin_scale_impact","Carleson.ForestOperator.RemainingTiles","carleson","carleson","If two distinct tiles u1 and u2 are in the same forest, with u1 earlier than u2, and a point p is in u2 but not in the set excluded by u1, and a grid cube J is associated with u1, then the scale of p is bounded above by the scale of J minus a constant that depends on the parameters a and n, provided the balls around p and J of certain radii are no…"
"0.8084468390426146","0.8084468390426146","0.8084471225738525","True","c864dd2a-f8a6-411b-b797-c9d0f40537ad","Class Field Theory","kbuzzard/ClassFieldTheory","42","groupCohomology.instIsIso_shortExact_upSES, groupCohomology.instIsIso_shortExact_downSES, groupCohomology.δUpIsoTate, groupCohomology.δDownIsoTate","If G is a finite group, then for any subgroup S of G and any integer n, the Tate cohomology of S with coefficients in up(M) at degree n is isomorphic to the Tate cohomology of S with coefficients in M at degree n+1, and the Tate cohomology of S with coefficients in down(M) at degree n+1 is isomorphic to the Tate cohomology of S with coefficients i…","e680a872-fa64-4913-a752-dd0002e118ac","groupCohomology.δUpIsoTate","ClassFieldTheory.Cohomology.Functors.UpDown","ClassFieldTheory","ClassFieldTheory","For a finite group G and a commutative ring R, shifting a representation M up in dimension results in Tate cohomology groups that are isomorphic to the Tate cohomology of M shifted by one degree; specifically, the n-th cohomology of the up-shifted module is isomorphic to the (n+1)-th cohomology of the original module. This isomorphism reflects a s…"
"0.807867705821991","0.8078677208335961","0.807867705821991","True","635b1b21-4289-4af0-854b-91b18f6d821d","The Polynomial Freiman-Ruzsa Conjecture","teorth/pfr","12.16","multiDist_of_perm","The distribution of a collection of random variables remains unchanged when their indices are rearranged by a one-to-one mapping.","75ab9c2a-df13-4175-8c7e-3518711bb54e","multiDist_of_perm","PFR.MoreRuzsaDist","pfr","pfr","Rearranging a list of random variables using a permutation does not change their joint multi-difference measure. This means the value of multiDist remains the same even if the order of the variables is changed. The result holds for random variables taking values in a countable abelian group with measurable structure and probability measures on the…"
"0.806867230870625","0.806867230870625","0.806867241859436","True","4c438048-1994-4799-8234-0f57544fca61","The Polynomial Freiman-Ruzsa Conjecture","teorth/pfr","6.6","distance_ge_of_min","The distance between two G-valued random variables X'_1 and X'_2 is at least k minus error terms involving their distances from reference points X^0_1 and X^0_2, adjusted by constants eta and the original distances to X_1 and X_2.","fde4f7c8-4dd9-45d5-b80c-108fb44364c4","distance_ge_of_min","PFR.TauFunctional","pfr","pfr","If X1 and X2 are minimizers for a reference package p with distance k between them, then the distance between any two measurable random variables X1' and X2' is at least k minus correction terms involving eta and the changes in distance from X1 to X1' and X2 to X2' relative to fixed reference points."
"0.8067777667784324","0.8067777667784324","0.8067783117294312","True","f8b59d99-83ab-4847-9513-6b4ae6a710c3","Carleson operators on doubling metric measure spaces","fpvandoorn/carleson","4.2.1","frequency_ball_cover","For each interval I in the collection D, the set Q(X) is contained within the union of balls of radius 0.7 centered at points z in a selected set Z(I), where these balls are defined with respect to the metric d over the interior of I.","b0506b5d-1d1a-42d8-9d9e-92ed042eabc9","frequency_ball_cover","Carleson.TileExistence","carleson","carleson","The range of the set Q is contained within a union of balls, each centered at a point z from the grid Z_I, with radius equal to (defaultD a) raised to the power s_I, divided by 4. Each ball is defined in a pseudometric space with a doubling measure and a structured grid system. The centers and radii depend on fixed parameters derived from the spac…"
"0.806755006313324","0.8067552813000052","0.806755006313324","True","5ecfcae2-b62e-4b04-92bd-eebfd9ca7ef4","Arithmetic Progressions - Almost Periodicity","YaelDillies/apap","5.8","ff","If a subset A of the vector space F_q^n has no non-trivial three-term arithmetic progressions, and the size of A is a fraction alpha of the total space, then the dimension n is bounded above by a constant multiple of the ninth power of the logarithm of 1/alpha, where q is an odd prime power.","75dd4478-30b9-4d1b-8654-33c666e27a86","ff","APAP.FiniteField","apap","apap","If G is a finite abelian group with a module structure over the integers modulo a prime number q (where q is at least 3), and A is a nonempty subset of G that contains no three-term arithmetic progression, then the dimension of G as a vector space over the field ZMod q is bounded above by a constant multiple of (1 + the natural logarithm of the re…"
"0.8066953336477621","0.8066953336477621","0.806695818901062","True","993dbfb2-44b8-47c1-b32c-a63928449059","The Polynomial Freiman-Ruzsa Conjecture","teorth/pfr","13.19","rho_of_translate","The Rho invariant lemma states that the function rho of a set X shifted by any element s from group G remains unchanged. This means rho is invariant under translation by elements of G.","9af513d7-bfcb-4a85-9d7d-21b0bc0ffd0d","rho_of_translate","PFR.RhoFunctional","pfr","pfr","The value of rho does not change when you shift the function X by adding a constant s to all its outputs, as long as the measure and the finite set A are fixed and the function remains measurable. This means translating the input function in the group G leaves the rho value unchanged. The result holds for any finite additive group with a discrete …"
"0.8065433037197035","0.8065433037197035","0.8065434694290161","True","dff4661e-11b2-434c-96f4-b3d2656e95e2","The sphere eversion project","leanprover-community/sphere-eversion","1.14","extend_loops","Given two compact sets inside open sets and two loops defined on those open sets with certain properties, there exists a neighborhood containing both compact sets and a new loop defined on this neighborhood that matches the first loop near the first compact set and the complement of the second open set.","9e5ba6f6-5fe8-403c-a4b6-0fa7334e0b54","extend_loops","SphereEversion.Loops.Surrounding","sphere-eversion","sphere-eversion","Given two families of loops that surround a function g with base b over open sets U₀ and U₁, and closed sets K₀ ⊆ U₀ and K₁ ⊆ U₁, there exists a neighborhood U around the union K₀ ∪ K₁ and a new loop family γ that matches the original family γ₀ near K₀ and outside U₁, while still surrounding g with base b over the region Ω."
"0.806318187096242","0.806318187096242","0.8063182234764099","True","9e7d29cb-58cc-4e77-b6af-b487f9f46390","Fermat's Last Theorem","ImperialCollegeLondon/FLT","10.39","MeasureTheory.addHaarScalarFactor_tensor_adeles_eq_one","The determinant of the extended automorphism on the adelic vector space, when measured by the adelic Haar measure, equals 1. This follows from breaking the map into local components and using properties of determinants and Haar measures over local fields, combined with the product formula. The proof uses a lattice to handle technical issues with t…","48453170-241a-4541-9f07-6b9173bfceac","MeasureTheory.addHaarScalarFactor_tensor_adeles_eq_one","FLT.HaarMeasure.HaarChar.AdeleRing","FLT","FLT","For a number field K and a finite-dimensional K-vector space V, the scaling factor of the Haar measure under a K-linear automorphism of V, when extended to the adelic tensor product space, is exactly 1. This means the natural additive isomorphism induced by the automorphism preserves the Haar measure. The result holds in the measurable and topolog…"
"0.8059928642436247","0.8059928642436247","0.8059930205345154","True","49d19812-3806-40b2-b423-40d6bbb3253c","Carleson operators on doubling metric measure spaces","fpvandoorn/carleson","5.2.4","dyadic_union","For every point x in the set A(lambda,k,n), there exists a dyadic cube I that contains x and is entirely contained within A(lambda,k,n).","4b453463-c243-4f4f-9dcf-afe7c80b5c5f","dyadic_union","Carleson.Discrete.ExceptionalSet","carleson","carleson","For any point x in the set A(l, k, n), there exists a dyadic tile i containing x such that the entire tile i is contained within A(l, k, n). This means the set A(l, k, n) can be covered by dyadic tiles that lie entirely inside it. The result relies on the underlying metric space structure and the specific tiling framework defined by the parameters."
"0.8042513482121216","0.8042513482121216","0.8042516708374023","True","a66f4055-b943-42d9-b82a-033a264f2d9b","Brownian motion project","RemyDegenne/brownian-motion","2.2.49","MeasureTheory.isCapacitable_measure_iff","A set can be measured by the capacity derived from a finite measure exactly when the set is measurable and has zero measure if it is negligible for that measure.","6291a939-5226-4dac-9b61-313ca348fe84","MeasureTheory.isCapacitable_measure_iff","BrownianMotion.Choquet.Capacity","brownian-motion","brownian-motion","A set is capacitable with respect to the capacity induced by a finite measure if and only if it is measurable with respect to the completion of that measure, meaning it can be approximated well from measurable sets and has a well-defined measure even if it includes or excludes null sets."
"0.8026740322097666","0.8026740322097666","0.8026745319366455","True","53e17510-3841-4ce5-9541-7964da5b5d1d","Brownian motion project","RemyDegenne/brownian-motion","2.4.13","ProbabilityTheory.SimpleProcess.integral_add_left, ProbabilityTheory.SimpleProcess.integral_smul_left, ProbabilityTheory.SimpleProcess.integral_add_right, ProbabilityTheory.SimpleProcess.integral_smul_right, ProbabilityTheory.SimpleProcess.integral_sub_left, ProbabilityTheory.SimpleProcess.integral_sub_right, ProbabilityTheory.SimpleProcess.integr…","The elementary stochastic integrals with respect to bilinear, linear, and real-valued processes are linear in both of their inputs. This means that scaling or adding processes in either argument results in the same scaling or addition of the integral. Linearity holds for both left and right arguments, including cases involving zero and constant pr…","4bd381a3-9d47-4a41-a820-54aebca8a4c7","ProbabilityTheory.SimpleProcess.integral_add_left","BrownianMotion.StochasticIntegral.SimpleProcess","brownian-motion","brownian-motion","The integral of the sum of two simple processes with respect to a bilinear map is equal to the sum of their individual integrals. This means integration is linear in the simple process when the other inputs are held fixed. The result holds for real-normed spaces and uses a filtration to ensure adaptability."
"0.8023976748631989","0.8023976748631989","0.8023977279663086","True","0cbabeb6-66bd-4d64-a4bc-aab8d6c5d69a","Carleson operators on doubling metric measure spaces","fpvandoorn/carleson","4.1.4","cover_by_cubes","For any integers l and k with -S ≤ l ≤ k ≤ S and any point y in the set Y_k, the region I_3(y,k) is contained within the union of all regions I_3(y',l) where y' ranges over the set Y_l. This holds because each point in I_3(y,k) can be traced through a sequence of nested regions down to level l. The inclusion follows by mathematical induction on th…","6f98b20b-cb51-48c1-80c8-d7279b569d1b","cover_by_cubes","Carleson.TileExistence","carleson","carleson","For any integers l and k with l less than or equal to k, and given a point y in the space Yk at scale k, the set I3 at scale k containing y is contained within the union of all I3 sets at the smaller scale l. This means that larger-scale regions can be covered by smaller-scale ones. The result holds under the assumptions of a pseudometric space an…"
"0.8018330233960389","0.8018330233960389","0.8018333911895752","False","e1a2adc3-71e7-4f7e-841b-76bdec441df9","Fermat's Last Theorem","ImperialCollegeLondon/FLT","11.9","NumberField.AdeleRing.DivisionAlgebra.Aux.X_meets_kernel'","If beta is in D_A^(1), then the set X times beta inverse has a non-empty intersection with the multiplicative group of D. This means there is some non-zero element of D that can be written as an element of X multiplied by beta inverse. The result follows from properties of Haar measure and the structure of the adele ring of a division algebra.","f1b2a917-9db9-46be-b455-77600fb56049","NumberField.AdeleRing.DivisionAlgebra.Aux.X_meets_kernel","FLT.DivisionAlgebra.Finiteness","FLT","FLT","For a number field K and a finite-dimensional division algebra D over K, if β is a unit in the tensor product of D with the adele ring of K's integers and lies in the kernel of a certain Haar measure character, then there exists an element x in a specific compact set X and an element d in the image of D's units in the adele tensor product such tha…"
"0.7999851868523787","0.7999851868523787","0.7999855875968933","True","2606ea41-62e8-413d-b6cf-ad46c7f11e56","Brownian motion project","RemyDegenne/brownian-motion","2.3.54","isBounded_image_of_isCadlag_of_isCompact","If a process is right-continuous with left limits and the time set is a first-countable linearly ordered topological space, then the process sends compact time intervals to bounded sets in a pseudo-metric space.","02e64ae4-abe7-410c-8210-0ec7680d24fd","isBounded_image_of_isCadlag_of_isCompact","BrownianMotion.StochasticIntegral.Cadlag","brownian-motion","brownian-motion","A function that is right-continuous and has left limits (càdlàg) sends compact sets to bounded sets. This means that if the input set is compact, the output values of the function on that set do not go to infinity. The result holds in spaces with a linear order and a pseudometric structure."
"0.7998905870347931","0.7998905870347931","0.7998909950256348","False","e1217a0a-9c22-44bf-9e7f-f3a11c2f6382","Brownian motion project","RemyDegenne/brownian-motion","2.1.80","MeasureTheory.Filtration.limitProcess","If a stochastic process X indexed by time T converges almost surely to a function Y as time goes to infinity, and Y is measurable with respect to the limiting sigma-algebra of a given filtration, then Y is called the limit of X and is written X_infinity.","105b68a4-9ff6-4e5d-9afb-5b07eee9ff32","ProbabilityTheory.IsSquareIntegrable.ae_tendsto_limitProcess","BrownianMotion.StochasticIntegral.SquareIntegrable","brownian-motion","brownian-motion","For a square integrable process adapted to a filtration, the process values converge almost surely to a limit that is measurable with respect to the limiting sigma-algebra of the filtration. This limit is given by the function `limitProcess`. The convergence happens as the index tends to infinity along the directed set."
"0.7981402286042444","0.7981402286042444","0.7981404662132263","True","b51ea9a3-a945-4e3e-9a4a-84b2ed8dc842","The Polynomial Freiman-Ruzsa Conjecture","teorth/pfr","11.7","AffineSpace.finrank","The dimension of a set A of integer lattice points in d-dimensional space is the smallest number d' such that A fits inside a shifted version of a d'-dimensional integer lattice. This dimension equals the real vector space dimension of the set of differences between points in A.","79ca6f57-066a-4c02-99c7-733eb5ac6d1f","AffineSpace.finrank","PFR.ForMathlib.AffineSpaceDim","pfr","pfr","The dimension of the smallest affine space over the integers containing a given set of points in an additive group is computed as a natural number. This measures the number of independent directions needed to reach all points in the set using integer combinations of vectors. It is derived from the linear span of difference vectors between points, …"
"0.7967813222745351","0.7967813222745351","0.7967817783355713","True","362c80e9-5241-49e7-ae61-59186c1c514f","Fermat's Last Theorem","ImperialCollegeLondon/FLT","7.3","AutomorphicForm.GLn.Weight","The weight of an automorphic form for GL_n over the rationals is represented by a finite-dimensional continuous complex representation of a maximal compact subgroup of GL_n over the real numbers, and it is standard to use the orthogonal group O_n of real matrices for this purpose.","04cde386-e787-4a75-9088-87e2d132b82f","AutomorphicForm.GLn.Weight","FLT.GlobalLanglandsConjectures.GLnDefs","FLT","FLT","AutomorphicForm.GLn.Weight (n : ℕ) is a type that represents certain algebraic weights associated with automorphic forms for the general linear group GL(n) over the complex numbers. It is built from a more basic structure called preweight, refined using subtypes to enforce specific conditions. These weights are used to classify automorphic forms a…"
"0.7967420076754808","0.7967420076754808","0.7967421412467957","True","24d6099b-1b9a-4157-98d9-582abdcb69a7","Carleson operators on doubling metric measure spaces","fpvandoorn/carleson","5.4.2","equivalenceOn_urel","For each k, n, j, the relation ~ on the set U2(k,n,j) is reflexive, symmetric, and transitive, meaning it divides the set into distinct equivalence classes.","c4af2be8-05b5-48f4-b38d-fc7f8af17f1b","equivalenceOn_urel","Carleson.Discrete.ForestUnion","carleson","carleson","For certain structured subsets of a metric space X with given parameters and functions, the relation URel k n j defines an equivalence relation on the set 𝔘₂ k n j, meaning it groups elements into classes where each element is related to itself, the relation is symmetric, and it is transitive within that set."
"0.7958224955750722","0.7958224955750722","0.795823335647583","True","6ba0f417-efae-4214-a81b-10c04f61625a","Carleson operators on doubling metric measure spaces","fpvandoorn/carleson","11.7.8","frequency_monotone","If one ball is contained inside another, the distance between two frequency functions over the smaller ball is less than or equal to the distance over the larger ball. This is because the larger ball allows for greater variation in the functions. The result follows from the definition of the distance and the fact that the radius of the smaller bal…","1244b21e-35ed-476b-a5ea-7db32d25e744","frequency_monotone","Carleson.Classical.CarlesonOnTheRealLine","carleson","carleson","If one interval centered at x₁ with radius r is contained within another interval centered at x₂ with radius R, then the distance between functions f and g measured over the smaller interval is less than or equal to the distance measured over the larger interval."
"0.7944770469948046","0.7944770469948046","0.794477105140686","True","20d9deb3-75c4-42ce-83d6-68c8db32d2c4","Brownian motion project","RemyDegenne/brownian-motion","1.5.27","chainingSequence_mem","If a sequence of finite covers approximates a set at progressively finer scales, and a point belongs to one of these covers at a certain scale, then its approximations at all coarser scales belong to the corresponding covers.","c9f3b1e9-6bd3-419c-abdb-b1e8da439169","chainingSequence_mem","BrownianMotion.Continuity.Chaining","brownian-motion","brownian-motion","If you have a sequence of finite sets that cover a nonempty set A at decreasing scales, and you start from a point in one of these sets, then repeatedly projecting that point back through earlier sets in the sequence keeps you inside the corresponding sets at each step."
"0.792457431083103","0.792457431083103","0.7924574613571167","True","287b0ec9-1aaa-408a-8793-8216cc0fcfc4","Brownian motion project","RemyDegenne/brownian-motion","2.2.25","MeasureTheory.IsPavingAnalytic.iInter, MeasureTheory.IsPavingAnalytic.inter","A countable intersection of F-analytic sets is also F-analytic.","d387b261-7406-4713-bb77-67dee94510f0","MeasureTheory.IsPavingAnalytic.iInter","BrownianMotion.Choquet.AnalyticSet","brownian-motion","brownian-motion","If a sequence of sets is analytic with respect to a paving, then their countable intersection is also analytic with respect to the same paving. This means the property of being an analytic set is preserved under taking intersections of countably many such sets. The result relies on constructing a suitable compact system over the product of the und…"
"0.790495408147916","0.790495408147916","0.7904955148696899","True","122266f2-f9a5-4411-8a31-fd47d56c75d0","Brownian motion project","RemyDegenne/brownian-motion","2.4.11","ProbabilityTheory.SimpleProcess.integralEval","The linear elementary stochastic integral is a specific type of stochastic integral where the integrand takes values in the space of bounded linear operators from E to F, and the integration is defined using the evaluation map (L, x) ↦ L(x); it is denoted by V •_L X. This construction builds on a more general bilinear form of the elementary stocha…","201a0d5b-7267-4412-a13e-763d7992d942","ProbabilityTheory.SimpleProcess.integralEval","BrownianMotion.StochasticIntegral.SimpleProcess","brownian-motion","brownian-motion","The integralEval function computes a stochastic integral for a simple process where the process takes values in continuous linear maps from E to F, integrating against a path-valued process X by evaluating the linear maps at each point in time and summing the results in a linear way. It is defined for time-indexed processes over a filtered probabi…"
"0.789965079941531","0.789965079941531","0.7899653315544128","True","e62e581e-0d87-45cd-b9ec-2e720a02a179","The sphere eversion project","leanprover-community/sphere-eversion","2.10","RelLoc.FormalSol.IsShortAt","A formal solution F of R is (pi, v)-short if, for every x, the derivative Df(x) times v lies inside the convex hull of a specific set derived from R, evaluated at (x, f(x), phi(x)), with respect to pi and v. This condition ensures a certain boundedness of the directional derivative in relation to the structure of R.","8dabb384-4cfb-4e9e-85d7-f71617487d93","RelLoc.FormalSol.IsShortAt","SphereEversion.Local.AmpleRelation","sphere-eversion","sphere-eversion","A formal solution F is short for a dual pair p at a point x if the derivative of F.f at x lies in the convex hull of the connected component of the slice defined by F, p, and x. This condition checks whether the derivative is in a certain geometrically meaningful region of the target space. The slice is built from local data and the dual pair, whi…"
"0.7894756510060468","0.7894756510060468","0.7894762754440308","True","c665c0ec-1db7-4931-beef-4803f7fdb5b9","Carleson operators on doubling metric measure spaces","fpvandoorn/carleson","5.3.12","dens1_le","For any subset A of C(k,n), the density of A under measure dens1 is at most 2 raised to the power 4a, multiplied by 2 to the power -n+1.","5132f2ec-27f3-433e-8394-6d5e8087bb3c","dens1_le","Carleson.Discrete.Defs","carleson","carleson","For a set A contained in a specific collection of tiles at scale levels k and n, the density measure dens1 of A is at most 2 raised to the power of (4 times a minus n plus 1), where a is a fixed natural number parameter. This bound depends on the structure of the space and the tile hierarchy defined by the given data."
"0.789369125540822","0.789369125540822","0.7893692255020142","True","402d1d10-997c-4441-a329-16b4b04e642f","Fermat's Last Theorem","ImperialCollegeLondon/FLT","9.21","IsDedekindDomain.linearEquivTensorProductModule","The map taking B tensor A M to L tensor K M is an isomorphism for any K-module M, meaning these two tensor products are structurally identical. This follows from the fact that B tensor A K is isomorphic to L, and tensoring with M preserves this isomorphism.","76458995-b62c-47e9-b7c4-96f50a452f94","IsDedekindDomain.linearEquivTensorProductModule","FLT.DedekindDomain.IntegralClosure","FLT","FLT","There is a natural isomorphism of A-modules between the tensor product of L and M over K, and the tensor product of B and M over A, where A is a Dedekind domain, K is its fraction field, L is a field containing B as an integral closure over A, and M is a module over both A and K. This isomorphism respects the linear structure over A. It arises fro…"
"0.7893068696948083","0.7893068696948083","0.7893069386482239","False","937084a5-42bb-43ea-8ad0-a83bd602634a","Brownian motion project","RemyDegenne/brownian-motion","1.5.30","edist_chainingSequence_le","For points x and y in certain covers of a set A, the distance between their projections at level m is bounded by the distance between x and y plus the sum of the cover precision terms from level m up to k-1 and from m up to l-1.","80ecec02-065c-42d1-8c6c-42ae9a5dfb61","edist_chainingSequence_le_sum","BrownianMotion.Continuity.Chaining","brownian-motion","brownian-motion","The distance between a point x and its chaining sequence approximation at level m is at most the sum of the epsilon values from level m up to level k-1, provided each C i is an epsilon i-cover of the set A and x is in C k."
"0.7889925798279981","0.7889925798279981","0.7889925837516785","True","10153b41-7a3f-4678-970b-782a32f7ebae","Fermat's Last Theorem","ImperialCollegeLondon/FLT","2.3","FermatLastTheorem.of_p_ge_5","If Fermat's Last Theorem is false, then there exists a counterexample where the exponent is a prime number greater than or equal to 5.","82ad5b26-1440-4f3d-82e8-b6d4e4f5c5aa","FermatLastTheorem.of_p_ge_5","FLT.Basic.FreyPackage","FLT","FLT","If Fermat's Last Theorem holds for all prime numbers greater than or equal to 5, then it holds for all exponents. This means proving the theorem just for those prime powers is enough to prove it in general."
"0.7876898409852267","0.7876898409852267","0.7876906394958496","True","6e71a73c-89cc-42ac-b540-e702ef5491f2","Carleson operators on doubling metric measure spaces","fpvandoorn/carleson","3.0.1","continuous_carlesonOperatorIntegrand, rightContinuous_carlesonOperatorIntegrand, leftContinuous_carlesonOperatorIntegrand, measurable_carlesonOperatorIntegrand, enorm_carlesonOperatorIntegrand_le","For a measurable function f bounded by 1, the integral G of a kernel K times f and a complex exponential over a region defined by distances R1 and R2 is continuous in the phase parameter vartheta, right-continuous in R1, left-continuous in R2, and measurable and bounded in the base point x.","dcbf5839-90e4-46e0-971b-ac529ea6a00a","leftContinuous_carlesonOperatorIntegrand","Carleson.MetricCarleson.Basic","carleson","carleson","The function that maps R2 to the value of the carlesonOperatorIntegrand at R1, with fixed kernel K, phase function theta, input function f, and point x, is left-continuous at R2 for R1 > 0, provided f is measurable and bounded by 1 in norm. This means small decreases in R2 result in only small changes in the integral's value near R2. The continuit…"
"0.7875835701335441","0.7875835701335441","0.7875836491584778","True","60ba6108-b76f-4dd0-8904-03e2982b9bbc","Fermat's Last Theorem","ImperialCollegeLondon/FLT","5.20","QHat.unitsrat_meet_unitszHat","The units common to both the rational numbers and the profinite integers are exactly the integers that are units, meaning the numbers 1 and -1.","4e78725a-a35a-408b-8db7-0d439566289a","QHat.unitsrat_meet_unitszHat","FLT.Data.QHat","FLT","FLT","The intersection of the subgroup of QHat units coming from nonzero rational numbers and the subgroup coming from invertible profinite integers is exactly the subgroup of units coming from the integers."
"0.7875820543969639","0.7875820543969639","0.7875823378562927","True","d28ea41d-664b-42f0-86db-e30707c0c781","Chandra-Furst-Lipton","YaelDillies/chandra-furst-lipton","3.1","NOF.eval","The eval function takes a list of d elements from a group G and returns 1 if their sum is zero, otherwise it returns 0.","4646435b-f291-46f1-bfe5-1bc58e6422b7","NOF.eval","ChandraFurstLipton.LowerBoundEval","chandra-furst-lipton","chandra-furst-lipton","NOF.eval takes a finite index type ι and a function x from ι to an abelian group G with decidable equality, and returns a boolean value indicating whether the sum of all values of x over the universal finite set of ι equals zero in the group G."
"0.7840474843978882","0.7840476383656372","0.7840474843978882","True","b65b9403-d8bb-41c3-9e8c-de682fbad6d0","The sphere eversion project","leanprover-community/sphere-eversion","1.9","Loop.Surrounds","A loop surrounds a vector if the vector lies inside the area enclosed by the loop's path. The loop starts and ends at a specific point called the base point, which is where a fixed starting point on a circle is mapped to. This describes how loops in space can enclose vectors and are anchored at particular locations.","63fb1890-34fe-41e9-ba82-726bc75b44e8","Loop.Surrounds","SphereEversion.Loops.Surrounding","sphere-eversion","sphere-eversion","A loop γ surrounds a point x if the path traced by γ encloses x, meaning x lies inside the region bounded by the loop's image in the space. The loop is a periodic function from the real numbers to a normed vector space over the reals, repeating every unit interval. This surrounding condition depends on the topological relationship between the poin…"
"0.7822669893664064","0.7822669893664064","0.7822672128677368","False","94bdf4bc-71a2-4588-91ba-9194b8b4e1d0","Fermat's Last Theorem","ImperialCollegeLondon/FLT","11.12","NumberField.AdeleRing.DivisionAlgebra.Aux.C","C is defined as the set of pairs (t, x) where t is in the inverse image of X under T, and x is in X, with both components living in the adele ring of a number field. This set is a subset of the product of the adele ring with itself. The definition relies on T being a finite set. The result sets up the structure for proving that C is compact.","57a803ab-6e27-481e-a541-d385521fd357","NumberField.AdeleRing.DivisionAlgebra.Aux.C_compact","FLT.DivisionAlgebra.Finiteness","FLT","FLT","For a number field K and a finite-dimensional division algebra D over K, the set C made of pairs of tensor products involving the adele ring of K's integers is compact in the product topology. This compactness is established using properties of continuous maps and product spaces. The result supports key steps in proving finiteness theorems related…"
"0.7815491177659749","0.7815491177659749","0.7815493941307068","True","187f8000-78c1-4950-8091-5b648f8e60d0","Carleson operators on doubling metric measure spaces","fpvandoorn/carleson","6.3.4","Antichain.global_antichain_density","The sum of the measures of certain intersections of sets E(p) with G, over a collection of tiles p, is bounded by a constant multiple of the density of the tile collection times the measure of the union of their associated intervals, where the constant depends exponentially on parameters a and N.","2c708ad7-decf-463f-b3a8-6f810d8bdccc","Antichain.global_antichain_density","Carleson.Antichain.AntichainTileCount","carleson","carleson","The sum of the volumes of certain measurable sets associated with an antichain is bounded above by a constant multiple of the density of the antichain times the volume of the union of the tiles in the antichain. The bound depends on parameters a and N, and holds under specific structural and metric assumptions on the space and tiling."
"0.7811578768743314","0.7811578768743314","0.7811588644981384","True","ca98f2d7-b592-4132-b2ab-93546243c279","Fermat's Last Theorem","ImperialCollegeLondon/FLT","11.5","NumberField.AdeleRing.DivisionAlgebra.Aux.Y","Y is the set of all products xy where x and y are elements of X, and this set Y is a subset of D_A. X itself is defined as the set of all differences e minus f where e and f are in E.","5256b07a-4946-40aa-8d1f-dd72c8b110de","NumberField.AdeleRing.DivisionAlgebra.Aux.Y","FLT.DivisionAlgebra.Finiteness","FLT","FLT","Y is the set of all products of pairs of elements from X, where X is defined as the set of differences between elements of E, and all operations take place within a tensor product space built from a number field, its adele ring, and a finite-dimensional division algebra over the field."
"0.7809923232190921","0.7809923232190921","0.7809927463531494","True","9c24cb47-e0b0-460b-b3ed-2dd7559a36b9","Brownian motion project","RemyDegenne/brownian-motion","2.4.23","ProbabilityTheory.SimpleProcess.integral_top","The integral of a simple process with respect to a stochastic process over an infinite time horizon equals the sum of the bilinear function applied to the process increments at specified times. This result follows directly from the definition of the stochastic integral for simple processes. The process involved becomes constant after a finite time…","300c81ae-98cb-43af-ab0d-049dbcd4145a","ProbabilityTheory.SimpleProcess.integral_top","BrownianMotion.StochasticIntegral.SimpleProcess","brownian-motion","brownian-motion","The integral of a simple process with respect to a continuous bilinear map B, evaluated at the top time ⊤, equals the sum over each interval of B applied to the process value and the increment of the integrator X across that interval."
"0.7797747199645195","0.7797747199645195","0.7797753810882568","False","c024eb12-47ec-4e88-aa3a-7f09e3e0b720","Chandra-Furst-Lipton","YaelDillies/chandra-furst-lipton","2.1","NOF.Protocol","A NOF protocol defines two functions, strategy and guess, that take a player index, a tuple of group elements, and a list of previous bits, then output a bit. These functions guide players in a communication game where each sees all inputs except their own. The protocol sets the rules for how players generate and interpret messages during the game…","3963ecd8-9ba0-4ccc-ba2f-5298315c9aa0","NOF.Protocol.broadcast","ChandraFurstLipton.NOFModel","chandra-furst-lipton","chandra-furst-lipton","NOF.Protocol.broadcast takes a communication protocol P for a group G with d players, and a function x that assigns a group element to each player, then produces a sequence of boolean values representing the broadcast message over time. The output is a list of true/false values generated based on the protocol and the inputs from all players except…"
"0.778956460875219","0.778956460875219","0.7789566516876221","False","d9c5e81f-5fca-4e9e-aea3-6e5500acc00e","Carleson operators on doubling metric measure spaces","fpvandoorn/carleson","10.2.1","maximal_theorem","The measure of the set where the maximal function of a bounded, measurable, finite-support complex function exceeds a positive value alpha is at most a constant times the L1 norm of the function divided by alpha. The constant depends on alpha through a power of 2 raised to twice a parameter a. This result is related to the Hardy-Littlewood maximal…","660ee42f-14b2-45c2-9e81-3de0d50ea2d4","volume_univ_le","Carleson.TwoSidedCarleson.WeakCalderonZygmund","carleson","carleson","The total volume of the entire space is at most a constant multiple of the L1 norm of a bounded, compactly supported complex function f, where the constant depends on a natural number a and a positive real number alpha. This bound holds when the function f does not satisfy a certain general-case condition related to its maximal behavior. The const…"
"0.7783900499343872","0.7783900681557608","0.7783900499343872","True","f419c258-a494-49f2-a19d-861d158824fa","Brownian motion project","RemyDegenne/brownian-motion","1.5.53","scale_change","For a function X mapping from a space T to a space E, and a sequence of finer covers of a subset J of T, the maximum distance between values of X at points in a cover set C_k that are close in T is bounded by the maximum distance between their projections in an earlier cover C_m plus twice the maximum deviation of points in C_k from their projecti…","2ddc7e76-d611-4441-b069-09df1167a204","scale_change","BrownianMotion.Continuity.Chaining","brownian-motion","brownian-motion","The theorem bounds the maximum distance between images of points under a function X by splitting it into two parts: the maximum distance between images of approximated points in a chaining sequence, and twice the maximum error between each point and its approximation. This allows controlling the overall variation of X using simpler, discretized ap…"
"0.7782946825027466","0.7782950355067372","0.7782946825027466","True","c4093c74-3bf8-4366-bb62-b91f90fc7847","The sphere eversion project","leanprover-community/sphere-eversion","2.3","fderiv_corrugated_map, corrugation.c0_small_on, remainder_c0_small_on, corrugation.support","A smooth function f can be modified by a process called corrugation using a family of loops gamma, such that the new function f' is uniformly close to f on any compact set, its derivative is close to the original derivative in directions perpendicular to a given linear functional, and the directional derivative in a specified direction closely mat…","4c18b7ce-e62d-4f7a-818b-85c97d7ce7cb","fderiv_corrugated_map","SphereEversion.Local.Corrugation","sphere-eversion","sphere-eversion","The derivative of a function that has been modified by adding a corrugation (a periodic oscillation along a direction) equals the original derivative adjusted by a term involving the loop's value at frequency N, plus an additional remainder term that accounts for higher-order interactions. This remainder arises from the interplay between the proje…"
"0.7754811134836614","0.7754811134836614","0.775481641292572","True","7dbe1a6b-d149-4e29-a32b-ce611b7b588b","Chandra-Furst-Lipton","YaelDillies/chandra-furst-lipton","2.4","NOF.Protocol.IsValid","A NOF protocol is valid for a function F at time t on input x if every participant, using their partial input and the broadcast message at time t, correctly computes the value of F(x). Each participant's guess must match the true output of F. This must hold for all participants involved. The protocol succeeds only when all guesses are correct.","5a9b6ae5-36c4-4dc4-b6dc-63a83342b14b","NOF.Protocol.IsValid","ChandraFurstLipton.NOFModel","chandra-furst-lipton","chandra-furst-lipton","A protocol P is valid for a group G with d players and a function F if, for every possible input function x that assigns group elements to players, the broadcast behavior of P on x eventually matches the output of F after some number of steps t, where correctness is checked using modular arithmetic and the inputs that each player can see (all exce…"
"0.7736815810203552","0.7736816249846985","0.7736815810203552","True","4a732d64-835c-450b-a5f7-85ec34591be5","Carleson operators on doubling metric measure spaces","fpvandoorn/carleson","6.3.1","Antichain.tile_reach","If two points are within distance 2^N of a reference point under their respective metrics, and one point's index set is contained in the other's with a smaller scale, then the first point scaled by 2^(N+2) is less than or comparable to the second point scaled by the same factor.","a5325eaa-d68b-4443-935f-a551819f668e","Antichain.tile_reach","Carleson.Antichain.AntichainTileCount","carleson","carleson","If two tiles p and p' are close enough to a reference point ϑ at their respective scales, and p has a smaller scale than p', then scaling both tiles by 2^(N+2) preserves the order of their positions, meaning the scaled version of p is less than or equal to the scaled version of p'. This result relies on the structure of the space, including its me…"
"0.7723716308559385","0.7723716308559385","0.7723717093467712","False","2aab1293-80c8-445e-8ad3-90073cfe660b","Fermat's Last Theorem","ImperialCollegeLondon/FLT","10.12","MeasureTheory.ringHaarChar_mul_volume","If X is a Borel set in the real numbers and r is a nonzero real number, then the measure of the set rX equals the absolute value of r times the measure of X.","59d54d1d-3b19-4c5c-901b-28d913a2101c","MeasureTheory.ringHaarChar_real","FLT.HaarMeasure.HaarChar.RealComplex","FLT","FLT","Scaling a set of real numbers by a nonzero real number x changes its volume by a factor equal to the absolute value of x. This means the Haar measure on the real line scales according to the usual absolute value when multiplied by units of the real field. The function describing this scaling factor for the multiplicative action of nonzero reals on…"
"0.7723666947536754","0.7723666947536754","0.7723670601844788","False","5d9090cf-08c0-41dc-b035-c9dada444127","Fermat's Last Theorem","ImperialCollegeLondon/FLT","5.5","ZHat.e","The sum of factorials from 0! onward is infinite in ordinary arithmetic, but when taken modulo any positive integer N, all terms from N! onward are divisible by N and contribute nothing. Thus, the sum modulo N depends only on the first N terms, and e_N is defined as the sum of factorials from 0! to (N-1)! reduced modulo N. This gives a well-define…","04c1b9a5-190d-4d18-abb0-0451b6730af1","ZHat.e_def","FLT.Data.QHat","FLT","FLT","ZHat.e_def states that for any positive natural number n, the value of ZHat.e at n is the sum of the factorials of all natural numbers from 0 up to n-1, computed in the ring of integers modulo n."
"0.7712185899849047","0.7712185899849047","0.7712186574935913","True","401b284a-a3d0-4851-8e54-7e6eeeda6e30","Fermat's Last Theorem","ImperialCollegeLondon/FLT","5.14","QHat.IsCoprime","Two objects N and z are called coprime if the reduction of z modulo N is a unit in the ring of integers modulo N, and the notation z/N represents the tensor product of 1/N with z.","c1d31fc6-e50f-4d02-84d9-99740474afcc","QHat.IsCoprime","FLT.Data.QHat","FLT","FLT","QHat.IsCoprime N z is true when the element z, viewed as a sequence of integers modulo every positive integer N, has components that are all coprime to N—meaning for each N, the value of z modulo N is invertible (a unit) in the ring of integers modulo N. This expresses that z behaves like an integer coprime to all moduli simultaneously."
"0.7697792732176677","0.7697792732176677","0.7697795629501343","True","aa4681c8-07db-40e9-80b8-09f3d929df94","Carleson operators on doubling metric measure spaces","fpvandoorn/carleson","6.1.1","tile_disjointness","If two tiles contain the same point, then the tiles must be the same tile.","bcde11f2-72de-49a3-b2c1-897ad17323c0","tile_disjointness","Carleson.Antichain.Basic","carleson","carleson","If two tiles in a collection have overlapping regions, then they must be the same tile, provided the collection forms an antichain under inclusion and satisfies certain structural conditions in a metric space with a distinguished base point and controlled geometry."
"0.7694109677123351","0.7694109677123351","0.7694116234779358","True","98ec4272-71ef-4e05-a153-1c3c7128d896","Toric varieties","YaelDillies/toric","4.3.10","AlgebraicGeometry.Scheme.isPerfPair_charPairing","The pairing between characters and cocharacters on a torus is non-degenerate and induces an isomorphism between the character lattice and the dual of the cocharacter lattice.","badeb8dd-dc3c-4cd6-bca1-3538feccc331","AlgebraicGeometry.Scheme.isPerfPair_charPairing","Toric.GroupScheme.Character","toric","toric","For a split torus T over the spectrum of a domain ring R, where T is locally of finite type and has a commutative group structure, the natural pairing between its characters and cocharacters forms a perfect pairing. This means the pairing is bilinear and non-degenerate: every nontrivial character pairs nontrivially with some cocharacter, and vice …"
"0.7690390710291203","0.7690390710291203","0.7690393924713135","True","63620a37-80e0-4a1d-af2d-0795bbb9a9d2","Carleson operators on doubling metric measure spaces","fpvandoorn/carleson","11.6.3","carlesonOperatorReal_measurable","If f is a bounded measurable function on the real numbers, then the operator T applied to f produces a measurable function. This result relies on the bound for the Hilbert kernel.","adc7e6b2-97af-4341-8231-ab6fb0a36761","carlesonOperatorReal_measurable","Carleson.Classical.CarlesonOperatorReal","carleson","carleson","If f is a measurable and bounded complex-valued function on the real numbers, then the Carleson operator applied to f produces another measurable function. This result holds for a specific type of operator defined using oscillatory integrals involving a kernel function K. The theorem ensures that the output function retains the measurability prope…"
"0.7668234347736527","0.7668234347736527","0.7668237686157227","True","cc20bd52-af4a-4fe5-b0ae-3d9541a06910","Carleson operators on doubling metric measure spaces","fpvandoorn/carleson","7.1.3","TileStructure.Forest.pointwise_tree_estimate","For any point x in a set L from a tree structure associated with u, the absolute value of a sum involving transformed functions is bounded by a constant multiple of maximal and square functions evaluated at another point x', plus an additional term involving a specific operator applied to the function. The bound depends on parameters related to th…","52ee9ca8-c54f-413c-acba-489ec4e2a5bc","TileStructure.Forest.pointwise_tree_estimate","Carleson.ForestOperator.PointwiseEstimate","carleson","carleson","For a function f with bounded support, the absolute value of the Carleson-type sum over a tile tree u in a forest t at a point x is bounded by a constant times the sum of three terms: the maximal function of the norm of f averaged over cubes, a boundary operator term, and the nontangential maximal function of a phase-modulated version of f, all ev…"
"0.766429803629951","0.766429803629951","0.7664299011230469","True","245ad251-821b-4a51-9ca3-d886dc694113","Carleson operators on doubling metric measure spaces","fpvandoorn/carleson","5.3.3","wiggle_order_11_10, wiggle_order_100, wiggle_order_500","If one element is less than or equal to another and a scaling factor is at least 1.1, then the scaled elements maintain a similar inequality. If ten times one element is less than or equal to another and their index sets differ, then a hundred times the first is less than or equal to a hundred times the second. If twice one element is less than or…","ad9c695f-703c-4123-b0eb-41e64c6c6b6d","wiggle_order_100","Carleson.TileStructure","carleson","carleson","If scaling a tile p by 10 is less than or equal to scaling another tile p' by 1, and the tiles have different indices, then scaling p by 100 is less than or equal to scaling p' by 100, under standard geometric and analytic assumptions in a pseudometric space."
"0.7660768032073975","0.7660768590878484","0.7660768032073975","True","b4b23d99-ffc1-43be-849e-38f38b29fa99","Sphere Packing in Dimension 8","thefundamentaltheor3m/Sphere-Packing-Lean","6.42","H₂_imag_axis_pos, H₄_imag_axis_pos","H2(it) and H4(it) are positive when t is greater than zero.","f1dad011-a241-401e-9a3a-d853dbb698ae","H₂_imag_axis_pos","SpherePacking.ModularForms.JacobiTheta.Basic","sphere-packing-math-inc","sphere-packing-math-inc","For any positive real number t, the function H₂ evaluated at it (on the imaginary axis) is greater than zero. This is because H₂ is defined as the fourth power of the Jacobi theta function Θ₂, and each term in the series for Θ₂(it) is positive, making the whole sum positive. Since a positive number raised to the fourth power is also positive, H₂(i…"
"0.7651811348711289","0.7651811348711289","0.7651814222335815","True","73de0ddc-2455-48b6-9df7-290325e6427d","Arithmetic Progressions - Almost Periodicity","YaelDillies/apap","4.1","drc","For a given set A and non-negative function f, there exist subsets A1 of B1 and A2 of B2 such that the average of f over the convolution of the uniform measures on A1 and A2 is controlled by the p-th power of the convolution of A with itself, and the relative sizes of A1 and A2 are bounded below in terms of the Lp norm of that convolution.","dd393f30-35df-40e2-8f35-50644a560097","drc","APAP.Physics.DRC","apap","apap","If a function f is nonzero somewhere in the difference set (B1 minus B2) and also in the difference set (A minus A), and if B1 and B2 overlap and A is nonempty, then there exist nonempty subsets A1 of B1 and A2 of B2 such that a weighted inner product involving f is bounded by a sum over f, and the relative sizes of A1 and A2 compared to B1 and B2…"
"0.7607259492091015","0.7607259492091015","0.7607263922691345","True","d88a3f83-c553-445a-b156-52d109bd0c7f","The sphere eversion project","leanprover-community/sphere-eversion","3.2","OpenSmoothEmbedding.contMDiff_update","If two smooth families of embeddings and maps agree outside a set whose image is closed, then combining them using the given maps results in a smooth family of maps. The updated maps remain smooth when transitioning between the spaces involved. This holds parameter-wise for each element in the parameter space P. The condition ensures smoothness is…","afc1bbb9-b017-44ac-9e62-1d3bc451a936","OpenSmoothEmbedding.contMDiff_update","SphereEversion.Global.SmoothEmbedding","sphere-eversion","sphere-eversion","If two smooth embeddings and certain related functions are continuously differentiable, and a condition holds on a closed set, then the function obtained by updating one embedding with the other using these functions is also continuously differentiable."
"0.7605499988735105","0.7605499988735105","0.7605504393577576","True","00c5052e-d193-4b56-9de4-8941dcb7640f","Fermat's Last Theorem","ImperialCollegeLondon/FLT","5.25","Hurwitz.norm","The Hurwitz quaternions have a norm based on the sum of the squares of their components, similar to a+bi+cj+dk, but the formula is adjusted slightly to account for a special element called omega.","999af70d-81a2-4b4e-99ae-09b0abf45f2d","Hurwitz.norm","FLT.Data.Hurwitz","FLT","FLT","Hurwitz.norm takes a Hurwitz quaternion and returns an integer that represents the squared norm of that quaternion, calculated using the sum of the squares of its components. This integer value helps measure the size of the quaternion within the algebraic structure used in the proof of Fermat's Last Theorem."
"0.7572038440870678","0.7572038440870678","0.7572043538093567","True","95e234cd-e45d-42b7-8752-101cc3a2bf68","Sphere Packing in Dimension 8","thefundamentaltheor3m/Sphere-Packing-Lean","8.8","MLDE_F, MLDE_G","F and G are functions that satisfy specific second-order differential equations involving the Eisenstein series E4, the discriminant function Delta, and derivatives of E2 and another function H2, with constant coefficients 7200 and -640 respectively.","2725e142-90be-4bb1-bb11-3e658daea3fa","MLDE_G","SpherePacking.ModularForms.FG","sphere-packing-math-inc","sphere-packing-math-inc","The function G, defined on the upper half-plane, satisfies a specific modular linear differential equation involving its second Serre derivative, the modular forms E4 and Delta, and another function H2, with rational and constant coefficients."
"0.7562871722834477","0.7562871722834477","0.7562873363494873","True","318a04ee-f13c-4362-a97c-b00e0ddd2c85","Carleson operators on doubling metric measure spaces","fpvandoorn/carleson","6.2.2","Tile.range_support","If the function T_p* g evaluated at y is not zero, then y must lie within a ball centered at c(p) with radius 5 times D raised to the power s(p). The center and size of the ball depend on the properties of p. This gives a region where the function can be nonzero.","479fe270-44a3-41bb-a94c-b94e371c3352","Tile.range_support","Carleson.Antichain.TileCorrelation","carleson","carleson","If the adjoint Carleson operator applied to a function g at a point y is not zero, then y lies within a ball of radius 5 times D^s(p) centered at the center of the tile p, where D is a constant depending on a and s(p) is a scale parameter associated with the tile."
"0.7549290481126348","0.7549290481126348","0.7549295425415039","True","78a9d8ae-d550-41fb-b189-32db64467459","Carleson operators on doubling metric measure spaces","fpvandoorn/carleson","6.3.2","Antichain.stack_density","The sum of the measures of certain intersections involving elements of a set A with a given level set L is bounded above by a constant multiple of the measure of L, where the constant depends exponentially on N and the density of the set A.","b8f656ed-2548-48d9-a93b-748c9aeefcec","Antichain.stack_density","Carleson.Antichain.AntichainTileCount","carleson","carleson","The sum of the volumes of certain measurable sets associated with a specific antichain structure, intersected with a set G, is bounded above by a constant multiple of the volume of a grid element, where the constant depends exponentially on the scale parameter N and the density of the antichain."
"0.7513232564592486","0.7513232564592486","0.7513238191604614","True","fedf7e28-f84c-444c-9052-0871d5fce7f9","Carleson operators on doubling metric measure spaces","fpvandoorn/carleson","7.6.4","TileStructure.Forest.square_function_count","For each set J in a collection J' and for all values s, the average of the square of a sum of indicator functions over J is bounded by a constant multiple of (8 times D to the power of -s) raised to the power kappa, where the constant depends on a. The bound arises from properties of bounded overlap of balls and the doubling condition on the measu…","eb068440-45a1-4e6c-b0fc-f713f6b8c6ed","TileStructure.Forest.square_function_count","Carleson.ForestOperator.RemainingTiles","carleson","carleson","For a given dyadic cube J in a forest structure, the average over J of the square of the sum of indicator functions of certain disjoint tiles I is bounded by a constant C7_6_4 depending only on the scale parameters a and s'. Each tile I contributing to the sum must be disjoint from a specific set and have its 8-scaled ball intersect J, with the bo…"
"0.7510368030793598","0.7510368030793598","0.7510374188423157","True","622bb75b-b810-48a2-ba5f-bb473a92c867","Arithmetic Progressions - Almost Periodicity","YaelDillies/apap","2.10","AddDissociated.boringEnergy_le","If a set A in a group G has the property that its elements are dissociated, then the 2m-th energy of A is at most (32 times e times m times the size of A) raised to the power m.","75312904-1771-4165-9ed8-47652adb02d9","AddDissociated.boringEnergy_le","APAP.Prereqs.Chang","apap","apap","For a finite set s in a finite abelian group with discrete measurable structure and decidable equality, if s is additively dissociated, then the boring energy of s raised to the n-th power is at most changConst to the n-th power times n to the n-th power times the size of s to the n-th power."
"0.7505243775523052","0.7505243775523052","0.7505244612693787","True","888bace4-200b-4c81-a1ee-698ce6c5f348","Carleson operators on doubling metric measure spaces","fpvandoorn/carleson","5.1.1","exceptional_set","The measure of the set G' is at most half the measure of the set G.","14251e51-ea79-4297-bab7-bcbaf7804522","exceptional_set","Carleson.Discrete.ExceptionalSet","carleson","carleson","Under a specific set of mathematical conditions involving a metric space, function bounds, and tile structure, the volume of a modified set G' is at most half the volume of the original set G."
"0.7501061508683649","0.7501061508683649","0.7501062154769897","True","9fe35d3c-7927-42fe-8b0f-3e708291de36","Brownian motion project","RemyDegenne/brownian-motion","2.7.13","ProbabilityTheory.IsSquareIntegrable.eLpNorm_mono","For a square integrable martingale M, the L2 norm of Mt increases or stays the same as time t increases.","0abd794e-c17e-4734-959d-7beaea379c0e","ProbabilityTheory.IsSquareIntegrable.eLpNorm_mono","BrownianMotion.StochasticIntegral.SquareIntegrable","brownian-motion","brownian-motion","If a stochastic process is square integrable with respect to a filtration and the underlying measure is sigma-finite, then the L2 norm of the process at an earlier time is less than or equal to the L2 norm at a later time, provided the index set is linearly ordered and topological. This means the expected squared size of the process does not decre…"
"0.7465981784567505","0.7465981784567505","0.746598482131958","True","678570d8-6f55-4a84-a580-a2966496f4cc","The sphere eversion project","leanprover-community/sphere-eversion","2.4","JetSec.IsPartHolonomicAt","A map from a space E to the product of F and linear maps from E to F is called E'-holonomic if, for every vector in the subspace E', the derivative of the map in that direction matches the corresponding linear map at each point.","36ad80e7-989f-46a3-9725-f2f6d4f5b945","JetSec.IsPartHolonomicAt","SphereEversion.Local.OneJet","sphere-eversion","sphere-eversion","A formal solution F is partially holonomic at a point x in the direction of a subspace E' if the linear part of F at x matches the derivative of the function part of F at x when restricted to vectors in E'. This means that, along directions in E', the linear approximation given by F is exactly what you would get by differentiating the function par…"
"0.7378177663604155","0.7378177663604155","0.7378180027008057","True","19616a90-7376-44f0-91a6-6adda19fcac3","Fermat's Last Theorem","ImperialCollegeLondon/FLT","11.4","NumberField.AdeleRing.DivisionAlgebra.Aux.X","Let X be the set of all differences e minus f where e and f are elements of E, and this set X is a subset of D sub A.","85ef99ec-91ff-4b55-b60c-338ec4153380","NumberField.AdeleRing.DivisionAlgebra.Aux.X","FLT.DivisionAlgebra.Finiteness","FLT","FLT","X is defined as the set of differences between elements of E, where E is a compact set of tensors formed from a number field K and a finite-dimensional division algebra D over K, using the adele ring of the ring of integers of K."
"0.735785108340463","0.735785108340463","0.7357856631278992","True","bb61a4b5-ea5c-4934-8cd4-646897fdf42d","Carleson operators on doubling metric measure spaces","fpvandoorn/carleson","7.4.1","TileStructure.Forest.adjoint_tile_support1, TileStructure.Forest.adjoint_tile_support2","For each element p in a set P, the adjoint operator T_p applied to a function g is equal to the restriction of T_p acting on the restriction of g to a specific interval I(p), and this result is supported within a ball of radius 5D raised to a power depending on p. Similarly, for each element u in a set U and each p in a tree T(u), the adjoint oper…","68979776-1847-420f-9e4b-7dadc732cc88","TileStructure.Forest.adjoint_tile_support1","Carleson.ForestOperator.AlmostOrthogonality","carleson","carleson","The adjoint Carleson operator applied to a function f is equal to the indicator function of a ball of radius 5 times D^s(p) centered at the center of tile p, multiplied by the adjoint Carleson operator applied to the restriction of f to the same ball. The constants D and s(p) depend on the tile structure and the parameter a. This result describes …"
"0.7335446464215539","0.7335446464215539","0.733545184135437","False","f2eeb251-0c76-4d5b-aee3-1f3f21212b4d","The Polynomial Freiman-Ruzsa Conjecture","teorth/pfr","13.30","I_one_le","The value I1 is at most twice the product of eta and the distance d between X1 and X2, where X1 and X2 form a phi-minimizer and the distance is bounded using properties of phi and conditional mutual information.","042551b1-1c79-4515-b655-5e4b7d460ba3","I_two_le","PFR.RhoFunctional","pfr","pfr","I[X1 + X2 : X1 + X1' | X1 + X2 + X1' + X2'] is at most 2*η*d[X1 # X2] plus an adjustment term involving η, d[X1 # X2], and I[X1 + X2 : X1' + X2 | X1 + X2 + X1' + X2'], provided the random variables meet conditions like independence, identical distribution, measurability, and X1, X2 being part of a phi-minimizing pair over a nonempty finite set A i…"
"0.7270386219024658","0.7270386572729749","0.7270386219024658","True","7877c691-56bc-4482-913f-f0d44b10e63d","Carleson operators on doubling metric measure spaces","fpvandoorn/carleson","7.1.5","TileStructure.Forest.second_tree_pointwise","For any element u in a set U, any line L in the collection of lines associated with the tree of u, and any two points x and x' on L, the absolute value of a sum involving integrals of a function f against certain kernels is bounded above by a specific maximal operator applied to f, evaluated at x'.","eec7dae6-8359-48bc-8ebf-3b6070455a66","TileStructure.Forest.second_tree_pointwise","Carleson.ForestOperator.PointwiseEstimate","carleson","carleson","For any tile in a forest structure and any grid cube containing points x and x', the sum of integrals involving kernel functions and a localized average of f over that tile is bounded above by the non-tangential maximal function of the same localized average, evaluated at x'."
"0.7250845217778246","0.7250845217778246","0.7250849604606628","True","f4f12193-9441-4ab3-ad20-a72883b7916c","Gibbs Measures","YaelDillies/gibbs-measure","1.1","juxt","The juxtaposition of zeta and omega is a function that, given an element delta in S, returns zeta at delta if delta is in Delta, and otherwise returns omega at delta. It combines the values of zeta on Delta with the values of omega outside Delta into a single function on S.","05f99c8d-bdbd-4f61-a08a-3f1748d169ec","juxt","GibbsMeasure.Prereqs.Juxt","gibbs-measure","gibbs-measure","The function juxt takes a set Λ of elements from type S, a function η from S to E, a function ζ from the elements of Λ to E, and a value x from S, then returns a value of type E by applying either η or ζ depending on whether x is in Λ. It combines two functions into one that behaves differently inside and outside a specified subset."
"0.7184695601463318","0.7184696290140693","0.7184695601463318","True","d7f99bc4-a63b-4f84-ba53-9c8a869c76c4","Gibbs Measures","YaelDillies/gibbs-measure","1.33","Specification.IsPremodifier.isModifier_div","If h is a premodifier and nu is a function such that the product of nu and h is positive and finite everywhere, then the function rho defined as h divided by the product of the ISSSD of nu and h is a modifier of the ISSSD of nu.","495f60db-33be-4d46-bee2-36c12ae12029","Specification.IsPremodifier.isModifier_div","GibbsMeasure.Specification","gibbs-measure","gibbs-measure","If ρ is a premodifier for a specification built from a probability measure ν, then dividing each ρ Λ σ by its integral with respect to the independent specification (isssd ν) makes it a valid modifier, ensuring the resulting specification remains consistent."
"0.7116149401581546","0.7116149401581546","0.7116155028343201","False","0949d6e1-29c2-4949-8703-fea08eb22b72","Carleson operators on doubling metric measure spaces","fpvandoorn/carleson","5.3.2","smul_C2_1_2","If two elements p and p' have different index sets and n times p is less than or equal to k times p' under a certain relation, then adding a small fraction of m to n times p still keeps it less than or equal to m times p' under the same relation, provided the fraction is small enough based on a constant a. This result follows from metric propertie…","6e879293-7948-443a-b23a-a7eadebe91dc","wiggle_order_11_10","Carleson.TileStructure","carleson","carleson","If p is less than or equal to p' and n is a real number at least as large as a certain constant C5_3_3 depending on a, then scaling both p and p' by n preserves the inequality, meaning n times p is less than or equal to n times p'. The scaling operation uses the geometry of a pseudometric space with additional structure for analysis. This result h…"
"0.7099936806363162","0.7099936806363162","0.7099941372871399","False","f3e239ef-78c9-4df2-a48b-4b5e16c91788","Fermat's Last Theorem","ImperialCollegeLondon/FLT","5.6","ZHat.e_def","The sequence defined by taking the sum of factorials from 0! up to (N-1)! modulo N for each positive integer N forms an element in the ring of profinite integers.","8be8b19a-641b-4d76-8157-6e3a9d50bea3","ZHat.e","FLT.Data.QHat","FLT","FLT","ZHat.e is defined as the sequence where each term modulo n is the sum of the factorials from 0! up to (n-1)!, forming a compatible system of integers modulo every positive integer n. This object behaves like a p-adic analogue of the number e, but built using factorials without division. It lives in the ring ZHat, which consists of sequences of int…"
"0.7098387861802089","0.7098387861802089","0.7098395824432373","True","26c1df25-1bb6-4768-a583-c0db51c0a3df","Chandra-Furst-Lipton","YaelDillies/chandra-furst-lipton","1.3","NOF.IsMultidimCorner","A multidimensional corner in d dimensions is a set of points formed by starting at a point x and adding a common value c to each coordinate direction one at a time. The corner is called trivial if the value c is zero, meaning all points are the same. This structure is defined in a d-dimensional space over a group G. Each point in the corner differ…","aed2fc06-cae0-46a1-bda3-a4203d128f28","NOF.IsMultidimCorner","ChandraFurstLipton.MultidimCorners","chandra-furst-lipton","chandra-furst-lipton","A multidimensional corner exists when, for a finite index type and an abelian group, there are functions a and b such that for all distinct indices i and j, the equation a(i,j) = b(i) - b(j) holds. This describes a configuration of group elements where differences between certain pairs match values defined by the function a. The structure captures…"
