"anchor_sid","anchor_paper","anchor_repo","anchor_sim","anchor_is_blueprint_gold","anchor_lean_annotation","k1_total","k1_resolved","k1_annotated_only","k1_matched_only","k1_none","k2_total","k2_resolved","k2_annotated_only","k2_matched_only","k2_none","k1_unformalized_examples"
"81f6d543-ecd1-463f-9949-9edb2aae5182","Fermat's Last Theorem","ImperialCollegeLondon/FLT","0.9882384538650513","True","Hurwitz.quot_rem","2","2","0","0","0","1","1","0","0","0","[]"
"37cd7f44-7059-4f71-8732-f2e8b60e4283","The Polynomial Freiman-Ruzsa Conjecture","teorth/pfr","0.9766650795936584","False","BSG","2","2","0","0","0","5","5","0","0","0","[]"
"b3205137-2cfa-4977-86eb-fa3b3ea1aa99","The Polynomial Freiman-Ruzsa Conjecture","teorth/pfr","0.9749799966812134","True","multiDist_indep","8","8","0","0","0","36","35","0","0","1","[]"
"2fcd5dc3-f048-482a-97ce-9899a4c9b6dc","The Polynomial Freiman-Ruzsa Conjecture","teorth/pfr","0.9740515947341919","False","ProbabilityTheory.mutualInfo_nonneg","5","5","0","0","0","26","26","0","0","0","[]"
"f6dd0825-624c-4da7-9b3d-67d2fcaff7d2","Brownian motion project","RemyDegenne/brownian-motion","0.9733104705810547","True","MeasureTheory.Submartingale.monotone_convex_comp","1","1","0","0","0","38","21","1","0","16","[]"
"6bf481ff-dd0d-4461-a9e9-cc29acf046f1","The Polynomial Freiman-Ruzsa Conjecture","teorth/pfr","0.9712660908699036","True","ProbabilityTheory.mutual_comp_le","7","7","0","0","0","36","36","0","0","0","[]"
"a9b0dd44-62f7-4780-95e8-fe09564c0bed","The Polynomial Freiman-Ruzsa Conjecture","teorth/pfr","0.9687130451202393","False","ProbabilityTheory.IsUniform.entropy_eq","2","2","0","0","0","14","14","0","0","0","[]"
"c2b687bb-0191-4490-af8f-25c3e8fc1f9b","The Polynomial Freiman-Ruzsa Conjecture","teorth/pfr","0.9636386036872864","False","rdist_def","15","15","0","0","0","77","76","0","0","1","[]"
"1aa3400a-baa7-4481-8156-a9dffc6618c9","Brownian motion project","RemyDegenne/brownian-motion","0.9632808566093445","True","MeasurableSet.nullMeasurableSet_fst","5","5","0","0","0","9","8","1","0","0","[]"
"f754a74d-b3d6-4cb9-b64c-7d043e3074b5","Toric varieties","YaelDillies/toric","0.9608438014984131","True","essImage_hopfSpec","8","6","0","0","2","24","17","0","0","7","[{""sid"": ""ad202908-fb6e-4ccf-938d-ba50d0d90567"", ""ref"": ""4.2.10"", ""label"": ""0-diag-tors"", ""kind"": ""proposition"", ""src_paper"": ""Toric varieties"", ""body_head"": ""\\uses{0-diag} Let $G$ be an abelian group with an element of torsion $n$. Let $R$ be a commutative ring with $n$ invertible. Then $D_R(G)$ i""}, {""sid"": ""910b6628-8162-41d6-8f0c-89fa335c7a35"", ""ref"": ""4.2.9"", ""label"": ""0-subgroup-diag"", ""kind"": ""proposition"", ""src_paper"": ""Toric varieties"", ""body_head"": ""\\uses{0-diag} Let $R$ be a domain. Let $G$ be an abelian group. If $H$ is a closed subgroup of $D_R(G)$, then $H$ is a diagonalisable group ""}]"
"f0a1b995-4ab4-41b8-a880-cc5004e3de88","Carleson operators on doubling metric measure spaces","fpvandoorn/carleson","0.958445131778717","False","classical_carleson","1","1","0","0","0","4","4","0","0","0","[]"
"ddb66b80-b2ed-4d89-8485-737c85c9bf4e","The Polynomial Freiman-Ruzsa Conjecture","teorth/pfr","0.957667350769043","False","sum_of_rdist_eq","14","14","0","0","0","57","57","0","0","0","[]"
"e7075b31-20b4-4586-b8ae-9636ad5a27e3","The Polynomial Freiman-Ruzsa Conjecture","teorth/pfr","0.9570403099060059","True","ProbabilityTheory.IndepFun.rdist_eq","27","27","0","0","0","81","80","0","0","1","[]"
"05714221-49bb-4172-a7d5-b2b4f638e246","The Polynomial Freiman-Ruzsa Conjecture","teorth/pfr","0.9561742544174194","True","ProbabilityTheory.max_entropy_le_entropy_add, ProbabilityTheory.max_entropy_le_entropy_sub","18","18","0","0","0","58","57","0","0","1","[]"
"4c9156fd-6567-46a0-993b-708ac0722d52","Toric varieties","YaelDillies/toric","0.9552761912345886","True","AlgebraicGeometry.ToricVariety","5","1","0","0","4","27","10","0","0","17","[{""sid"": ""25c459f8-3315-46dd-a43b-9377a229a4f5"", ""ref"": ""5.2.1"", ""label"": ""1-1-aff-tor-var-diag-aff-mon"", ""kind"": ""proposition"", ""src_paper"": ""Toric varieties"", ""body_head"": ""\\uses{0-diag, 5-1-tor-var} Let $k$ be a field. Let $G$ be a finitely generated free abelian group. Let $M$ be an affine monoid with Grothend""}, {""sid"": ""259ba562-c09a-4db7-9fbe-4c547fed4825"", ""ref"": ""3.1.41"", ""label"": ""1-2-18-aff-tor-var-rat-polyhedral-cone"", ""kind"": ""definition"", ""src_paper"": ""Toric varieties"", ""body_head"": ""\\uses{5-1-tor-var, 1-2-17-dual-lat-cone} $U_\\sigma := \\Spec \\bbC[S_\\sigma]$ is an affine toric variety.""}, {""sid"": ""ad202908-fb6e-4ccf-938d-ba50d0d90567"", ""ref"": ""4.2.10"", ""label"": ""0-diag-tors"", ""kind"": ""proposition"", ""src_paper"": ""Toric varieties"", ""body_head"": ""\\uses{0-diag} Let $G$ be an abelian group with an element of torsion $n$. Let $R$ be a commutative ring with $n$ invertible. Then $D_R(G)$ i""}, {""sid"": ""ac77d20e-99a9-4b0c-9ba1-a3ce892ba5a5"", ""ref"": ""5.4.9"", ""label"": ""5-1-aff-tor-var-iso-diag-aff-mon"", ""kind"": ""theorem"", ""src_paper"": ""Toric varieties"", ""body_head"": ""\\uses{0-aff-mon, 5-1-tor-var, 5-1-tor-hom, 1-1-7-ya, 1-1-10-lat-ideal} Let $k$ be a field. Let $T$ be a torus over $k$. Let $V$ be a toric v""}]"
"5cd82bfa-19c8-44de-a7c3-b12cd300302d","The Polynomial Freiman-Ruzsa Conjecture","teorth/pfr","0.954575777053833","False","condRuzsaDist_diff_ofsum_le","5","5","0","0","0","42","42","0","0","0","[]"
"9d30b74d-11fd-4ba7-8dc6-982ee2785306","The Polynomial Freiman-Ruzsa Conjecture","teorth/pfr","0.9541765451431274","True","condRuzsaDist_diff_le, condRuzsaDist_diff_le', condRuzsaDist_diff_le'', condRuzsaDist_diff_le'''","17","17","0","0","0","72","72","0","0","0","[]"
"201d7cb7-e957-40d1-984c-b3a8160116b8","Sphere Packing in Dimension 8","thefundamentaltheor3m/Sphere-Packing-Lean","0.9533624649047852","True","SpherePacking.MainTheorem","5","1","0","0","4","12","9","0","0","3","[{""sid"": ""d6279d74-e7cb-46c1-b415-e8027fe3336b"", ""ref"": ""1.16"", ""label"": ""corollary:upper-bound-E8"", ""kind"": ""corollary"", ""src_paper"": ""Sphere Packing in Dimension 8"", ""body_head"": ""\\uses{thm:periodic-packing-optimal, theorem:CE_Main} All packing $\\mathcal{P} \\subseteq \\mathbb{R}^8$ has density satisfying $\\Delta_{\\mathc""}, {""sid"": ""9c3e1d00-af70-42bc-b020-7f53a9aac60f"", ""ref"": ""5.3"", ""label"": ""thm:g"", ""kind"": ""theorem"", ""src_paper"": ""Sphere Packing in Dimension 8"", ""body_head"": ""\\uses{thm:g1} There exists a radial Schwartz function $g:\\mathbb{R}^8\\to\\mathbb{R}$ which satisfies: \\begin{align} g(x)&\\leq 0\\mbox{ for } \\""}, {""sid"": ""7a25480a-157f-4b46-9913-9f14afc88cfa"", ""ref"": ""6.1"", ""label"": ""def:Gamma-1-Action"", ""kind"": ""lemma"", ""src_paper"": ""Sphere Packing in Dimension 8"", ""body_head"": ""The modular group $\\Gamma_1:=\\mathrm{SL}_2(\\mathbb{Z})$ acts on $\\mathfrak{H}$ by linear fractional transformations $$\\left(\\begin{smallmatr""}, {""sid"": ""4980a7e8-f09c-47e8-849d-a89699877364"", ""ref"": ""1.15"", ""label"": ""theorem:CE_Main"", ""kind"": ""theorem"", ""src_paper"": ""Sphere Packing in Dimension 8"", ""body_head"": ""\\uses{E8-Lattice,SpherePackingConstant,SpherePacking.density,E8Packing-density,thm:g,thm:Cohn-Elkies-general} All \\emph{periodic} packing $\\""}]"
"0ece0a1a-b6d3-41a6-95e8-a79659eb1fd8","The Polynomial Freiman-Ruzsa Conjecture","teorth/pfr","0.9530720114707947","True","ProbabilityTheory.cond_chain_rule, ProbabilityTheory.cond_chain_rule'","1","1","0","0","0","12","12","0","0","0","[]"
"cffe3be8-34e3-4107-9de9-e043ca04cc89","The Polynomial Freiman-Ruzsa Conjecture","teorth/pfr","0.9520614147186279","True","torsion_free_doubling","4","4","0","0","0","41","41","0","0","0","[]"
"e61c8f5b-9639-46b0-8f61-93f6b496657e","The Polynomial Freiman-Ruzsa Conjecture","teorth/pfr","0.9519443511962891","True","multidist_ruzsa_I","10","10","0","0","0","52","51","0","0","1","[]"
"a74e0ce2-0634-4290-980a-c8c5c3b6f31a","Fermat's Last Theorem","ImperialCollegeLondon/FLT","0.9518148899078369","False","IsModuleTopology.continuous_bilinear_of_finite_left","2","2","0","0","0","1","1","0","0","0","[]"
"032f7125-35a2-4303-a932-f998ef7310ad","Brownian motion project","RemyDegenne/brownian-motion","0.9517481327056885","False","Metric.packingNumber","4","4","0","0","0","5","5","0","0","0","[]"
"a95592de-6a8b-4fd1-aefa-2368fe8fc363","Brownian motion project","RemyDegenne/brownian-motion","0.9508715867996216","True","ProbabilityTheory.IsLocalSubmartingale.doob_meyer","6","5","0","0","1","43","17","3","0","23","[{""sid"": ""2cf8d0ce-3599-4a23-b17a-3283f755f351"", ""ref"": ""2.6.70"", ""label"": ""thm:Doob_Meyer"", ""kind"": ""theorem"", ""src_paper"": ""Brownian motion project"", ""body_head"": ""Let $S = (S_t )_{0\\leq t\\leq T}$ be a cadlag submartingale of class $D$. Then, $S$ can be written in a unique way in the form $S = M + A$ wh""}]"
"28534295-1815-4032-8349-1f5618232bb6","The Polynomial Freiman-Ruzsa Conjecture","teorth/pfr","0.9503800272941589","True","ProbabilityTheory.condMutualInfo_eq_zero","4","4","0","0","0","25","25","0","0","0","[]"
"11b93637-cd3c-4428-b188-2357a6c5a1af","Sphere Packing in Dimension 8","thefundamentaltheor3m/Sphere-Packing-Lean","0.9495100975036621","False","volume_ball_ratio_tendsto_nhds_one''","1","1","0","0","0","6","6","0","0","0","[]"
"9f0cd73a-f23d-4a55-82ef-223d7eaf9144","Brownian motion project","RemyDegenne/brownian-motion","0.9494990110397339","True","ProbabilityTheory.classD_of_uniformIntegrable_bounded_stoppingTime","3","3","0","0","0","22","19","0","0","3","[]"
"49bb084d-90a4-4b0a-b74f-cd5f0b43fbb3","The Polynomial Freiman-Ruzsa Conjecture","teorth/pfr","0.9487115144729614","True","ProbabilityTheory.entropy_neg","14","14","0","0","0","56","56","0","0","0","[]"
"97be675e-e394-42b8-aa3b-70eed709d95b","The Polynomial Freiman-Ruzsa Conjecture","teorth/pfr","0.9484310746192932","True","torsion_PFR","4","4","0","0","0","29","28","0","0","1","[]"
"8b3d769b-4a18-4561-b25c-900ecd883a11","Toric varieties","YaelDillies/toric","0.9478896856307983","True","AlgebraicGeometry.Scheme.asOver.instIsCommMonObj, AlgebraicGeometry.Scheme.asOver.instCommGrpObj","3","3","0","0","0","7","7","0","0","0","[]"
"4b80bac3-0a6a-4dc1-97a7-b175269a09d8","The Polynomial Freiman-Ruzsa Conjecture","teorth/pfr","0.9476680755615234","True","better_PFR_conjecture","4","4","0","0","0","19","18","0","0","1","[]"
"7bf4b7b2-87e2-4846-b7aa-0527da897cc0","Toric varieties","YaelDillies/toric","0.9460983276367188","True","essImage_algSpec","6","6","0","0","0","19","13","0","0","6","[]"
"0acc4901-9789-4f94-8f48-267a53c7f521","The Polynomial Freiman-Ruzsa Conjecture","teorth/pfr","0.944861888885498","True","ent_of_sum_le_ent_of_sum","8","8","0","0","0","47","47","0","0","0","[]"
"700995f9-71c4-4aac-9519-ec05ffbc355c","The Polynomial Freiman-Ruzsa Conjecture","teorth/pfr","0.9444166421890259","False","ProbabilityTheory.entropy_triple_add_entropy_le","6","6","0","0","0","37","37","0","0","0","[]"
"dd1233a3-15aa-4e32-a7ea-bf64de0c199d","Sphere Packing in Dimension 8","thefundamentaltheor3m/Sphere-Packing-Lean","0.9439663887023926","True","periodic_constant_eq_constant","6","4","0","0","2","12","8","0","0","4","[{""sid"": ""d6279d74-e7cb-46c1-b415-e8027fe3336b"", ""ref"": ""1.16"", ""label"": ""corollary:upper-bound-E8"", ""kind"": ""corollary"", ""src_paper"": ""Sphere Packing in Dimension 8"", ""body_head"": ""\\uses{thm:periodic-packing-optimal, theorem:CE_Main} All packing $\\mathcal{P} \\subseteq \\mathbb{R}^8$ has density satisfying $\\Delta_{\\mathc""}, {""sid"": ""9c3e1d00-af70-42bc-b020-7f53a9aac60f"", ""ref"": ""5.3"", ""label"": ""thm:g"", ""kind"": ""theorem"", ""src_paper"": ""Sphere Packing in Dimension 8"", ""body_head"": ""\\uses{thm:g1} There exists a radial Schwartz function $g:\\mathbb{R}^8\\to\\mathbb{R}$ which satisfies: \\begin{align} g(x)&\\leq 0\\mbox{ for } \\""}]"
"1c8ac708-bf73-4fda-aec0-5aa48a6f2a31","Carleson operators on doubling metric measure spaces","fpvandoorn/carleson","0.9425278306007385","True","lower_secant_bound'","6","6","0","0","0","6","6","0","0","0","[]"
"111c5144-bb97-4d68-b593-72c50cf4d61a","Carleson operators on doubling metric measure spaces","fpvandoorn/carleson","0.9422764778137207","True","integrable_bump_convolution","3","3","0","0","0","9","9","0","0","0","[]"
"539bbdb9-a4a3-4386-9d14-3feda9a7da7a","Brownian motion project","RemyDegenne/brownian-motion","0.941620945930481","True","HasBoundedCoveringNumber.subset","3","3","0","0","0","23","23","0","0","0","[]"
"39f30a47-9121-4485-bea5-fb933b7233fc","The Polynomial Freiman-Ruzsa Conjecture","teorth/pfr","0.941580057144165","True","ent_of_diff_le","11","11","0","0","0","67","67","0","0","0","[]"
"cc6bba2a-199a-4372-b14a-d638aa4e3961","The Polynomial Freiman-Ruzsa Conjecture","teorth/pfr","0.9401165246963501","True","rho_of_subgroup","8","6","0","0","2","16","16","0","0","0","[{""sid"": ""a6ab960a-30c0-4419-b9bd-82158c0a12ec"", ""ref"": ""13.13"", ""label"": ""rhominus-nonneg"", ""kind"": ""lemma"", ""src_paper"": ""The Polynomial Freiman-Ruzsa Conjecture"", ""body_head"": ""\\uses{rhominus-def} We have $\\rho^-(X) \\geq 0$.""}, {""sid"": ""e718ebc3-30d1-487b-ac6a-729c57b3edd8"", ""ref"": ""13.17"", ""label"": ""rho-init"", ""kind"": ""lemma"", ""src_paper"": ""The Polynomial Freiman-Ruzsa Conjecture"", ""body_head"": ""\\uses{rho-def} We have $\\rho(U_A) = 0$.""}]"
"47d26d6b-eeda-4085-9e54-7776c44a69e4","Brownian motion project","RemyDegenne/brownian-motion","0.9399351477622986","True","edist_nearestPt_le","2","2","0","0","0","3","3","0","0","0","[]"
"fa022adc-9208-42a4-80a4-4156b129185c","The Polynomial Freiman-Ruzsa Conjecture","teorth/pfr","0.9398232698440552","True","ent_of_proj_le","9","9","0","0","0","58","58","0","0","0","[]"
"cf4f931a-52c7-462e-ac53-c9aa4e86fd69","Brownian motion project","RemyDegenne/brownian-motion","0.9377181529998779","True","ProbabilityTheory.IsPreLocalizingSequence","5","4","1","0","0","45","35","1","0","9","[]"
"44fc4c81-9528-46c8-8e97-6eac5a62fc7c","The Polynomial Freiman-Ruzsa Conjecture","teorth/pfr","0.9368895888328552","False","ProbabilityTheory.entropy","10","10","0","0","0","54","54","0","0","0","[]"
"82cf29b7-f754-4479-b400-9fdee50147f2","The Polynomial Freiman-Ruzsa Conjecture","teorth/pfr","0.9365711808204651","True","KLDiv_add_le_KLDiv_of_indep","5","5","0","0","0","11","10","0","0","1","[]"
"a15dfd3c-e141-4072-8ba0-9c8c24d7510a","The Polynomial Freiman-Ruzsa Conjecture","teorth/pfr","0.9364840984344482","False","ProbabilityTheory.condEntropy","9","9","0","0","0","52","52","0","0","0","[]"
"ffbf49bf-1c14-4640-8053-8da85a0dc5da","Toric varieties","YaelDillies/toric","0.9363999962806702","True","commGrpAlg","2","2","0","0","0","18","12","0","0","6","[]"
"9edc8aa8-8685-4049-8b9c-87eebc8e401b","Brownian motion project","RemyDegenne/brownian-motion","0.9362910985946655","True","coveringNumber_Icc_zero_one_le_one_div","2","2","0","0","0","19","19","0","0","0","[]"
"88777bd1-5a9b-4351-bb8c-d69417f8b368","Sphere Packing in Dimension 8","thefundamentaltheor3m/Sphere-Packing-Lean","0.9362659454345703","True","SpherePacking.scale_density","4","4","0","0","0","5","5","0","0","0","[]"
"afd272af-03e5-475a-b17d-c04bd4d1a68d","Class Field Theory","kbuzzard/ClassFieldTheory","0.9362573623657227","True","Rep.tateCohomology_of_trivialCohomology, Rep.trivialHomology_of_trivialCohomology","5","5","0","0","0","19","12","0","0","7","[]"
"8dae7da5-3c9d-4a41-a8b1-a2bf42951d68","The Polynomial Freiman-Ruzsa Conjecture","teorth/pfr","0.9360619783401489","True","card_of_dual_constrained","3","3","0","0","0","1","1","0","0","0","[]"
"ca3394c0-81f0-4aa5-a2f4-73a9c3f7dbc8","Brownian motion project","RemyDegenne/brownian-motion","0.9359673261642456","True","MeasureTheory.IsMeasurableAnalytic, MeasureTheory.IsMeasurableAnalyticFor","4","4","0","0","0","5","5","0","0","0","[]"
"da7f0b00-9b60-4bcd-a5f1-7c38c9e8b3af","Brownian motion project","RemyDegenne/brownian-motion","0.935744047164917","False","ProbabilityTheory.isLocalizingSequence_localizingSequenceOfProp","3","3","0","0","0","15","13","2","0","0","[]"
"e54c28f9-aa3c-459a-955a-0702a6d5863c","Sphere Packing in Dimension 8","thefundamentaltheor3m/Sphere-Packing-Lean","0.9356071949005127","True","ModularForm.dimension_level_one","6","5","0","0","1","13","11","0","0","2","[{""sid"": ""d526ff78-1043-41e0-862c-35dc080e147a"", ""ref"": ""6.30"", ""label"": ""cor:dim-mf"", ""kind"": ""corollary"", ""src_paper"": ""Sphere Packing in Dimension 8"", ""body_head"": ""\\uses{def:Mk, thm:lvl1_dims} We have \\begin{align} \\dim M_2(\\mathrm{SL}_{2}(\\mathbb{Z})) &= 0, \\\\ \\dim M_4(\\mathrm{SL}_{2}(\\mathbb{Z})) &= 1""}]"
"c00e4e7e-cf17-4174-a907-1f3760997570","The sphere eversion project","leanprover-community/sphere-eversion","0.9349051713943481","True","HtpyFormalSol","0","0","0","0","0","0","0","0","0","0","[]"
"c79eef94-3cf7-4431-8ca4-828983b44d13","The Polynomial Freiman-Ruzsa Conjecture","teorth/pfr","0.9338780641555786","False","rho_of_sum_le","4","4","0","0","0","8","7","0","0","1","[]"
"e8fb79e5-21d7-4869-ab8c-9c98229526db","The Polynomial Freiman-Ruzsa Conjecture","teorth/pfr","0.9331634640693665","False","app_ent_PFR","7","7","0","0","0","32","32","0","0","0","[]"
"94aab4c6-8392-4c11-9a4b-187cbcf98d93","The Polynomial Freiman-Ruzsa Conjecture","teorth/pfr","0.932900071144104","True","ProbabilityTheory.mutualInfo, ProbabilityTheory.mutualInfo_def","7","7","0","0","0","50","50","0","0","0","[]"
"171654d5-a887-42a5-a7fb-6e7c6e8c55db","Brownian motion project","RemyDegenne/brownian-motion","0.9328894019126892","False","ProbabilityTheory.lintegral_sup_rpow_edist_le_sum","4","4","0","0","0","27","27","0","0","0","[]"
"ed9edf4a-8817-42c2-acd4-f7eddb80a56b","Brownian motion project","RemyDegenne/brownian-motion","0.9315654039382935","True","MeasureTheory.UniformIntegrable.condExp'","4","4","0","0","0","21","20","1","0","0","[]"
"aa5d4fe0-3a50-408f-9b3c-01a00c92b233","Brownian motion project","RemyDegenne/brownian-motion","0.9311926364898682","False","MeasureTheory.Martingale.stoppedValue_min_ae_eq_condExp'","9","8","1","0","0","59","42","3","0","14","[]"
"3d6042b2-f01f-4d1a-a96c-5dc8143867b9","Brownian motion project","RemyDegenne/brownian-motion","0.9310870170593262","True","ProbabilityTheory.IsLocalMartingale","14","9","0","0","5","91","50","8","0","33","[{""sid"": ""60d5fb14-03cf-4c03-b20e-93e9da808774"", ""ref"": ""2.3.30"", ""label"": ""thm:IsLocalMartingale.eq_zero_of_finiteVariation"", ""kind"": ""theorem"", ""src_paper"": ""Brownian motion project"", ""body_head"": ""\\uses{def:IsLocalMartingale} Let $M$ be a continuous local martingale with $M_0 = 0$. If $M$ is also a finite variation process, then $M_t =""}, {""sid"": ""a69acde5-4fe7-42f5-8be5-f602f79c8394"", ""ref"": ""2.7.41"", ""label"": ""def:continuousSemiMartingale"", ""kind"": ""definition"", ""src_paper"": ""Brownian motion project"", ""body_head"": ""\\uses{def:IsLocalMartingale} A continuous semi-martingale is a process that can be decomposed into a local martingale and a finite variation""}, {""sid"": ""4bbd9413-b979-4d02-b039-74d8e092841b"", ""ref"": ""2.3.65"", ""label"": ""lem:IsLocalMartingale.locally_classD"", ""kind"": ""lemma"", ""src_paper"": ""Brownian motion project"", ""body_head"": ""\\uses{def:IsLocalMartingale, def:classD, def:locally} \\notready Every local martingale is locally of class D.""}, {""sid"": ""b8f7c652-f29c-48cb-9b59-8c8652e3699f"", ""ref"": ""2.3.66"", ""label"": ""lem:IsLocalMartingale.martingale_iff_classDL"", ""kind"": ""lemma"", ""src_paper"": ""Brownian motion project"", ""body_head"": ""\\uses{def:IsLocalMartingale, def:classDL, def:Martingale, def:IsCadlag} \\notready A local martingale is a cadlag martingale if and only if i""}, {""sid"": ""4be17bb8-72a8-46b6-863d-b9523ed7abe3"", ""ref"": ""2.7.34"", ""label"": ""def:covariation"", ""kind"": ""definition"", ""src_paper"": ""Brownian motion project"", ""body_head"": ""\\uses{def:IsLocalMartingale, def:quadraticVariation} For $M$ and $N$ local martingales, the covariation $\\langle M, N \\rangle$ is a stochast""}]"
"148afe52-f769-46d6-8aa4-d008c269af17","Brownian motion project","RemyDegenne/brownian-motion","0.9308594465255737","False","ProbabilityTheory.ClassDL","16","14","0","0","2","63","52","2","0","9","[{""sid"": ""b8f7c652-f29c-48cb-9b59-8c8652e3699f"", ""ref"": ""2.3.66"", ""label"": ""lem:IsLocalMartingale.martingale_iff_classDL"", ""kind"": ""lemma"", ""src_paper"": ""Brownian motion project"", ""body_head"": ""\\uses{def:IsLocalMartingale, def:classDL, def:Martingale, def:IsCadlag} \\notready A local martingale is a cadlag martingale if and only if i""}, {""sid"": ""5cfea075-2d86-4da0-8054-ec281e70e84e"", ""ref"": ""2.3.67"", ""label"": ""lem:IsLocalSubmartingale.submartingale_iff_classDL_of_nonnegative"", ""kind"": ""lemma"", ""src_paper"": ""Brownian motion project"", ""body_head"": ""\\uses{def:IsLocalSubmartingale, def:classDL, def:Submartingale, def:IsCadlag} \\notready A nonnegative local submartingale is a cadlag submar""}]"
"a4dee7c9-88d4-4d97-b61e-da2e2109222f","The Polynomial Freiman-Ruzsa Conjecture","teorth/pfr","0.9296761751174927","True","PFR_projection'","4","4","0","0","0","25","25","0","0","0","[]"
"7226b099-62b0-4f93-9979-92679e7307f5","The Polynomial Freiman-Ruzsa Conjecture","teorth/pfr","0.9294477105140686","True","approx_hom_pfr","6","6","0","0","0","23","22","0","0","1","[]"
"79bd95d0-7829-4b42-b4ea-ab9670812ff9","The Polynomial Freiman-Ruzsa Conjecture","teorth/pfr","0.9293107390403748","False","ProbabilityTheory.entropy_pair_eq_add","10","10","0","0","0","71","71","0","0","0","[]"
"2535e280-a95d-423b-bffd-c56de21df6e3","The Polynomial Freiman-Ruzsa Conjecture","teorth/pfr","0.9293045997619629","False","ProbabilityTheory.IdentDistrib.rdist_congr","15","15","0","0","0","80","79","0","0","1","[]"
"f450be78-fd53-4a00-befe-8547c384471b","Sphere Packing in Dimension 8","thefundamentaltheor3m/Sphere-Packing-Lean","0.9288073778152466","False","SchwartzMap.PoissonSummation_Lattices","7","4","0","0","3","17","9","0","0","8","[{""sid"": ""14b127b4-1f60-4e8b-80a0-f65d8802f7fd"", ""ref"": ""4.5"", ""label"": ""lemma:inv-power-summable"", ""kind"": ""lemma"", ""src_paper"": ""Sphere Packing in Dimension 8"", ""body_head"": ""Let $X \\subset \\mathbb{R}^d$ be a set of sphere packing centres of separation $1$ that is periodic with some lattice $\\Lambda \\subset \\mathb""}, {""sid"": ""ac1b038b-9641-42a1-b1bd-902e8429705e"", ""ref"": ""7.1"", ""label"": ""def:phi4-phi2-phi0"", ""kind"": ""definition"", ""src_paper"": ""Sphere Packing in Dimension 8"", ""body_head"": ""\\uses{def:Ek,def:E2} \\begin{align} \\phi_{-4} &:= \\frac{E_4^2}{\\Delta} \\\\ \\phi_{-2} &:= \\frac{E_4(E_2 E_4 - E_6)}{\\Delta} \\\\ \\phi_{0} &:= \\fr""}, {""sid"": ""a77027a2-a45a-4d47-99cd-b3f8594265ae"", ""ref"": ""4.6"", ""label"": ""lemma:Schwartz-summable"", ""kind"": ""lemma"", ""src_paper"": ""Sphere Packing in Dimension 8"", ""body_head"": ""\\uses{def:Schwartz-Space} Let $f : \\mathbb{R}^d \\to \\mathbb{C}$ be a Schwartz function and let $X \\subset \\mathbb{R}^d$ be periodic with res""}]"
"248afe9e-9ba4-4008-9305-61b79f93fedb","Sphere Packing in Dimension 8","thefundamentaltheor3m/Sphere-Packing-Lean","0.928546667098999","True","PeriodicSpherePackingConstant","3","3","0","0","0","12","9","0","0","3","[]"
"3e849e2c-75c1-495b-a72b-a896c61b7a42","Toric varieties","YaelDillies/toric","0.9283524751663208","True","Bialgebra.IsDiagonalisable","4","2","0","0","2","6","4","0","0","2","[{""sid"": ""5aea8dd5-ecd6-43cc-a7b9-bf11a67235e6"", ""ref"": ""2.3.24"", ""label"": ""0-bialg-bij-of-span-grp-like"", ""kind"": ""proposition"", ""src_paper"": ""Toric varieties"", ""body_head"": ""\\uses{0-is-diag-bialg, 0-grp-like-grp} Let $A$ be a bialgebra over a domain $R$, let $G$ be a subgroup of $\\GrpLike(A)$ (which is a monoid b""}, {""sid"": ""4d8e5e3d-91b1-4bd1-8bc9-9f8a4c091012"", ""ref"": ""2.3.25"", ""label"": ""0-is-diag-bialg-quot"", ""kind"": ""proposition"", ""src_paper"": ""Toric varieties"", ""body_head"": ""\\uses{0-is-diag-bialg} Let $R$ be a domain, $G$ a commutative group, $A$ a $R$-bialgebra and $f : R[G] \\to A$ a surjective bialgebra hom. Th""}]"
"0763a243-6b20-46d0-a0c9-8e659b71bb91","The Polynomial Freiman-Ruzsa Conjecture","teorth/pfr","0.9283105134963989","True","ProbabilityTheory.chain_rule, ProbabilityTheory.chain_rule'","13","13","0","0","0","51","51","0","0","0","[]"
"7b1668f3-2287-4e2e-b23b-4fb44b82e85e","Brownian motion project","RemyDegenne/brownian-motion","0.9274787306785583","False","MeasurableSet.isPavingAnalytic_Icc_real","5","5","0","0","0","18","16","0","0","2","[]"
"f359642c-959a-426a-bae9-e4618654701e","Sphere Packing in Dimension 8","thefundamentaltheor3m/Sphere-Packing-Lean","0.9269539713859558","True","E8Packing_density","4","3","0","0","1","16","13","0","0","3","[{""sid"": ""4980a7e8-f09c-47e8-849d-a89699877364"", ""ref"": ""1.15"", ""label"": ""theorem:CE_Main"", ""kind"": ""theorem"", ""src_paper"": ""Sphere Packing in Dimension 8"", ""body_head"": ""\\uses{E8-Lattice,SpherePackingConstant,SpherePacking.density,E8Packing-density,thm:g,thm:Cohn-Elkies-general} All \\emph{periodic} packing $\\""}]"
"edbc07ba-a5d8-4f46-9c77-660a58a13d9a","Brownian motion project","RemyDegenne/brownian-motion","0.9259745478630066","True","ProbabilityTheory.IsLocalizingSequence","11","10","1","0","0","43","31","4","0","8","[]"
"e62d655a-90e8-4ae2-a767-ea8cbc96d8f6","The Polynomial Freiman-Ruzsa Conjecture","teorth/pfr","0.9257456064224243","True","KLDiv_nonneg","4","4","0","0","0","10","8","0","0","2","[]"
"ce405e00-d539-4081-b616-f7ac0e5a1272","The Polynomial Freiman-Ruzsa Conjecture","teorth/pfr","0.9254711866378784","True","ProbabilityTheory.entropy_le_log_card, ProbabilityTheory.entropy_le_log_card_of_mem","7","7","0","0","0","43","43","0","0","0","[]"
"21f3a427-f67e-490c-87a7-70c17f68eb31","The Polynomial Freiman-Ruzsa Conjecture","teorth/pfr","0.9253281950950623","True","PFR_projection","3","3","0","0","0","8","8","0","0","0","[]"
"f7544ad3-7504-44d5-ae84-cc2e4d725cbe","Brownian motion project","RemyDegenne/brownian-motion","0.9251954555511475","True","MeasureTheory.tendsto_stoppedValue_discreteApproxSequence","5","4","1","0","0","41","32","0","0","9","[]"
"70eca2d9-ab9b-40dc-b9d9-c599276468d9","Class Field Theory","kbuzzard/ClassFieldTheory","0.9249749779701233","True","Representation.herbrandQuotient, Rep.herbrandQuotient","3","3","0","0","0","18","9","0","0","9","[]"
"5c7f92f0-3097-4fbd-9e40-4fa91e56a1d4","Brownian motion project","RemyDegenne/brownian-motion","0.9243485927581787","True","ProbabilityTheory.hasLaw_brownian_eval","5","5","0","0","0","12","11","0","0","1","[]"
"685abaf8-bf4d-44f5-9711-cce076b222d2","Brownian motion project","RemyDegenne/brownian-motion","0.9239876866340637","True","ProbabilityTheory.IsSquareIntegrable","13","5","0","0","8","46","20","2","0","24","[{""sid"": ""15ed02b5-c00c-475c-894a-76d833fd30ce"", ""ref"": ""2.7.47"", ""label"": ""def:L2M"", ""kind"": ""definition"", ""src_paper"": ""Brownian motion project"", ""body_head"": ""\\uses{def:IsSquareIntegrable, def:quadraticVariation, def:L2Predictable, def:quadraticVariationMeasure} Let $M$ be a square integrable marti""}, {""sid"": ""ccaf287a-d5d3-4bc4-8ac0-cee32b5f2b59"", ""ref"": ""2.7.48"", ""label"": ""lem:sq_norm_elemStochIntegral"", ""kind"": ""lemma"", ""src_paper"": ""Brownian motion project"", ""body_head"": ""\\uses{def:elemStochIntegral, def:IsSquareIntegrable, def:quadraticVariation, def:L2M} For $V \\in \\mathcal{E}$ and $M \\in \\mathcal{M}^2$, the""}, {""sid"": ""471eca63-c79e-449b-95fd-1a3e65145fc1"", ""ref"": ""2.7.23"", ""label"": ""lem:isSquareIntegrable_elemStochIntegralBilin"", ""kind"": ""lemma"", ""src_paper"": ""Brownian motion project"", ""body_head"": ""\\uses{def:IsSquareIntegrable, def:elemStochIntegralBilin} For $V \\in \\mathcal{E}_{T, F}$, $M \\in \\mathcal{M}^2(E)$ and a continuous bilinear""}, {""sid"": ""99606289-aa1a-46b1-a10d-a351cd646dc7"", ""ref"": ""2.7.24"", ""label"": ""lem:inner_elemStochIntegral"", ""kind"": ""lemma"", ""src_paper"": ""Brownian motion project"", ""body_head"": ""\\uses{def:IsSquareIntegrable, def:elemStochIntegralBilin, lem:isSquareIntegrable_elemStochIntegralBilin} For $V \\in \\mathcal{E}_{T, \\mathbb{""}, {""sid"": ""863f6d41-9aca-48c2-881e-b0a297d17f80"", ""ref"": ""2.7.15"", ""label"": ""lem:IsSquareIntegrable.sup_eLpNorm_eq_eLpNorm_limitProcess"", ""kind"": ""lemma"", ""src_paper"": ""Brownian motion project"", ""body_head"": ""\\uses{def:IsSquareIntegrable, def:limitProcess} For $M$ a square integrable martingale, \\begin{align*} \\sup_{t \\in T} \\Vert M_t \\Vert_{L^2} ""}]"
"d7b64ae3-60ce-4343-8a32-4b0f1e156b92","Fermat's Last Theorem","ImperialCollegeLondon/FLT","0.9238216280937195","True","Topology.IsOpenEmbedding.isHaarMeasure_comap","3","3","0","0","0","6","5","0","0","1","[]"
"ca10a9b5-bc07-44e4-ac75-a8d61b6ebc63","The Polynomial Freiman-Ruzsa Conjecture","teorth/pfr","0.9235848784446716","True","ProbabilityTheory.mutualInfo_eq_zero","10","10","0","0","0","53","53","0","0","0","[]"
"1a1631f1-f992-4c6b-b33c-8e38fd0d0295","The Polynomial Freiman-Ruzsa Conjecture","teorth/pfr","0.923443078994751","True","rhoMinus_of_sum, rhoPlus_of_sum, rho_of_sum","4","4","0","0","0","11","11","0","0","0","[]"
"b15d1b70-b102-487d-b818-9aaa3aadfde0","The Polynomial Freiman-Ruzsa Conjecture","teorth/pfr","0.9231458902359009","True","weak_PFR","3","3","0","0","0","4","4","0","0","0","[]"
"04ceee02-7044-4d35-89ef-21901251041a","Fermat's Last Theorem for regular primes","leanprover-community/flt-regular","0.92289137840271","False","FltRegular.caseI","4","3","1","0","0","4","2","2","0","0","[]"
"43cb9e8b-a38d-499f-b169-9de77f44310b","Brownian motion project","RemyDegenne/brownian-motion","0.9228872656822205","False","Metric.packingNumber_two_mul_le_externalCoveringNumber","3","3","0","0","0","9","9","0","0","0","[]"
"4218bc32-1125-4b6a-928d-1e0a10f7f5eb","Brownian motion project","RemyDegenne/brownian-motion","0.9226484894752502","False","ProbabilityTheory.ClassD","18","15","0","0","3","76","54","5","0","17","[{""sid"": ""4bbd9413-b979-4d02-b039-74d8e092841b"", ""ref"": ""2.3.65"", ""label"": ""lem:IsLocalMartingale.locally_classD"", ""kind"": ""lemma"", ""src_paper"": ""Brownian motion project"", ""body_head"": ""\\uses{def:IsLocalMartingale, def:classD, def:locally} \\notready Every local martingale is locally of class D.""}, {""sid"": ""81e8a575-4c64-4494-8e64-fe1af4104a7f"", ""ref"": ""2.6.42"", ""label"": ""lem:A_uniform_integrable"", ""kind"": ""lemma"", ""src_paper"": ""Brownian motion project"", ""body_head"": ""\\uses{def:SAM} The sequence $(A^n_{2^n})_{n\\in\\mathbb{N}}$ is uniformly integrable (bounded in $L^1$ norm).""}, {""sid"": ""313f18cb-d1a6-43f3-98e6-7bc0620b5f6d"", ""ref"": ""2.6.68"", ""label"": ""lem:lim_Exp_A_n_tau_is_Exp_A_tau"", ""kind"": ""lemma"", ""src_paper"": ""Brownian motion project"", ""body_head"": ""Let $\\tau$ be an $(\\mathcal{F}_t)_{t\\in[0,T]}$ stopping time. We have $\\lim_n\\mathbb{E}[A^n_\\tau]=\\mathbb{E}[A_\\tau]$.""}]"
"a235f18a-d480-4ae8-ad2a-de088f381b35","Brownian motion project","RemyDegenne/brownian-motion","0.922233521938324","False","MeasureTheory.isPavingAnalytic_fst_of_image2_prod_measurableSet_Icc","8","8","0","0","0","19","17","0","0","2","[]"
"59b20933-f998-4a34-828a-33d01061348d","The Polynomial Freiman-Ruzsa Conjecture","teorth/pfr","0.9218839406967163","False","condRuzsaDist","9","9","0","0","0","59","59","0","0","0","[]"
"8e265ed7-b9c2-4d9c-8407-56404e74f85f","Brownian motion project","RemyDegenne/brownian-motion","0.9213409423828125","False","ProbabilityTheory.Locally.isCadlag","6","6","0","0","0","39","27","6","0","6","[]"
"03500478-3adc-44a9-9236-8bfb59e03ab6","Fermat's Last Theorem","ImperialCollegeLondon/FLT","0.9212348461151123","True","QHat","0","0","0","0","0","0","0","0","0","0","[]"
"6af016c8-1fa5-4704-a02a-7c3197028f9d","Arithmetic Progressions - Almost Periodicity","YaelDillies/apap","0.9211502075195312","False","rudin_exp_ineq","4","3","1","0","0","15","10","4","0","1","[]"
"897ed073-073a-4988-88ec-934acba213ab","Toric varieties","YaelDillies/toric","0.9210317134857178","True","MonoidAlgebra.mapDomainBialgHomMulEquiv, AddMonoidAlgebra.mapDomainBialgHomAddEquiv, commGrpAlg.fullyFaithful, commGrpAlg.instFull, commGrpAlg.instFaithful","4","4","0","0","0","15","11","0","0","4","[]"
"c8f9bb73-7fdc-41bf-97da-41603b43f441","Brownian motion project","RemyDegenne/brownian-motion","0.9199461936950684","True","MeasureTheory.IsPavingAnalytic.isCapacitable","6","6","0","0","0","31","29","0","0","2","[]"
"502f795e-7eb4-4eb3-ab3e-19a2e5fc39ea","The Polynomial Freiman-Ruzsa Conjecture","teorth/pfr","0.9193959832191467","True","ProbabilityTheory.mutualInfo_comm, ProbabilityTheory.mutualInfo_eq_entropy_sub_condEntropy","13","13","0","0","0","46","46","0","0","0","[]"
"76f1e5cb-d856-41a5-be5c-308b88b9ef77","Brownian motion project","RemyDegenne/brownian-motion","0.9192329049110413","True","MeasureTheory.uniformIntegrable_stoppedValue_discreteApproxSequence","5","5","0","0","0","32","24","1","0","7","[]"
"431d6b3f-6cce-4e44-bf75-e3644754bc80","Toric varieties","YaelDillies/toric","0.919022798538208","False","AlgebraicGeometry.Scheme.SplitTorus, AlgebraicGeometry.Scheme.Diag.canonicallyOver","8","5","0","0","3","19","7","0","0","12","[{""sid"": ""8da7dd4e-cc04-4daf-8e61-649a00436d12"", ""ref"": ""4.3.11"", ""label"": ""1-1-1-group-hom-torus"", ""kind"": ""proposition"", ""src_paper"": ""Toric varieties"", ""body_head"": ""\\uses{0-torus} Let $R$ be a domain. Let $T$ be a split torus over $R$. Let $G$ be a diagonalisable group scheme over $R$ and let $\\phi: T \\t""}, {""sid"": ""b0d4c964-2d86-4821-8a48-7e0776c772cd"", ""ref"": ""4.3.12"", ""label"": ""1-1-1-subgroup-torus"", ""kind"": ""proposition"", ""src_paper"": ""Toric varieties"", ""body_head"": ""\\uses{0-torus} Let $R$ be a commutative ring of characteristic zero. Let $T$ be a split torus. If $H \\subseteq T$ is a connected closed subg""}, {""sid"": ""775544e0-5881-4998-b058-eadfb59db5af"", ""ref"": ""5.2.4"", ""label"": ""1-1-tor-act-alg"", ""kind"": ""definition"", ""src_paper"": ""Toric varieties"", ""body_head"": ""\\uses{0-torus} There is a torus action on the semigroup algebra $\\bbC[M]$: given $t\\in T_N$ and $f\\in \\bbC[M]$ define \\[ t \\cdot f = (p \\map""}]"
"a4a176fd-b5ea-47fe-b08f-47bd229f9492","Brownian motion project","RemyDegenne/brownian-motion","0.91878342628479","True","ProbabilityTheory.SimpleProcess.integral","14","8","0","0","6","26","10","2","0","14","[{""sid"": ""300f4f12-8e5d-44c0-bbea-1e095768fc9a"", ""ref"": ""2.4.12"", ""label"": ""def:elemStochIntegral"", ""kind"": ""definition"", ""src_paper"": ""Brownian motion project"", ""body_head"": ""\\uses{def:elemStochIntegralBilin} We call \\emph{scalar elementary stochastic integral} the general elementary stochastic integral of Definit""}, {""sid"": ""471eca63-c79e-449b-95fd-1a3e65145fc1"", ""ref"": ""2.7.23"", ""label"": ""lem:isSquareIntegrable_elemStochIntegralBilin"", ""kind"": ""lemma"", ""src_paper"": ""Brownian motion project"", ""body_head"": ""\\uses{def:IsSquareIntegrable, def:elemStochIntegralBilin} For $V \\in \\mathcal{E}_{T, F}$, $M \\in \\mathcal{M}^2(E)$ and a continuous bilinear""}, {""sid"": ""99606289-aa1a-46b1-a10d-a351cd646dc7"", ""ref"": ""2.7.24"", ""label"": ""lem:inner_elemStochIntegral"", ""kind"": ""lemma"", ""src_paper"": ""Brownian motion project"", ""body_head"": ""\\uses{def:IsSquareIntegrable, def:elemStochIntegralBilin, lem:isSquareIntegrable_elemStochIntegralBilin} For $V \\in \\mathcal{E}_{T, \\mathbb{""}, {""sid"": ""9be10aff-0e0a-4315-b04f-a38691bee65b"", ""ref"": ""2.4.22"", ""label"": ""lem:tendsto_elemStochIntegral_limitProcess"", ""kind"": ""lemma"", ""src_paper"": ""Brownian motion project"", ""body_head"": ""\\uses{def:elemStochIntegralBilin, def:limitProcess} For $V$ a simple process and $X$ a stochastic process, $(V \\bullet_B X)_t$ tends to its ""}, {""sid"": ""e21a6aaf-3176-4961-8e6a-c5eedb71b724"", ""ref"": ""2.7.22"", ""label"": ""lem:eLpNorm_elemStochIntegralBilin_le"", ""kind"": ""lemma"", ""src_paper"": ""Brownian motion project"", ""body_head"": ""\\uses{def:IsSquareIntegrable, def:elemStochIntegralBilin} For $V \\in \\mathcal{E}_{T, F}$ bounded by a constant $D$, $M \\in \\mathcal{M}^2(E)$""}]"
"50c6fe24-8150-4b95-8ee8-1f42c4717a2a","Brownian motion project","RemyDegenne/brownian-motion","0.9184364080429077","False","IsCompactSystem","17","15","0","0","2","25","24","0","0","1","[{""sid"": ""f33a3718-43cc-4535-96a8-4701eef9be9b"", ""ref"": ""2.2.13"", ""label"": ""lem:IsCompactSystem.pi"", ""kind"": ""lemma"", ""src_paper"": ""Brownian motion project"", ""body_head"": ""\\uses{def:IsCompactSystem} The product of a countable family of compact systems is a compact system.""}, {""sid"": ""25aea4af-63a7-434f-8a98-1393b81dee9e"", ""ref"": ""2.2.17"", ""label"": ""lem:IsCompactSystem.countableInfClosure"", ""kind"": ""lemma"", ""src_paper"": ""Brownian motion project"", ""body_head"": ""\\uses{def:IsCompactSystem, def:countableInfClosure} If $S$ is a compact system, then $S_\\delta$ is a compact system.""}]"
"97895080-f3e4-45cc-baef-b2c07340a13f","Brownian motion project","RemyDegenne/brownian-motion","0.9183433055877686","True","MeasureTheory.MonotoneClass","4","4","0","0","0","4","4","0","0","0","[]"
"ef636974-ba49-4a4c-8631-a0d8237b7613","Brownian motion project","RemyDegenne/brownian-motion","0.9180467128753662","True","IsCompactSystem.image2_prod","2","2","0","0","0","17","15","0","0","2","[]"
"a69dafc2-9108-4dd2-8a68-38a45ddb1af1","The Polynomial Freiman-Ruzsa Conjecture","teorth/pfr","0.91794753074646","False","ProbabilityTheory.condMutualInfo","10","10","0","0","0","49","49","0","0","0","[]"
"1aab8a07-969e-41f9-a19b-718d21ee1ef4","The Polynomial Freiman-Ruzsa Conjecture","teorth/pfr","0.9178856611251831","True","ProbabilityTheory.condIndep_copies","5","5","0","0","0","31","31","0","0","0","[]"
"f70e8691-7502-49a8-9876-a3262f05f473","Brownian motion project","RemyDegenne/brownian-motion","0.9176310896873474","True","MeasureTheory.DiscreteApproxSequence","8","8","0","0","0","37","28","1","0","8","[]"
"50953fbe-a192-40b8-a848-67c1f86c846a","The Polynomial Freiman-Ruzsa Conjecture","teorth/pfr","0.9174899458885193","True","ProbabilityTheory.IsUniform.entropy_eq","5","5","0","0","0","34","34","0","0","0","[]"
"fe4938d5-549b-4c78-ab38-c9446fda80c0","Brownian motion project","RemyDegenne/brownian-motion","0.9173730611801147","False","MeasureTheory.Martingale.stoppedValue_min_ae_eq_condExp","6","6","0","0","0","60","43","3","0","14","[]"
"1b20f97d-76bf-48b1-b2ca-de0158729615","The Polynomial Freiman-Ruzsa Conjecture","teorth/pfr","0.9158556461334229","True","ProbabilityTheory.condMutualInfo_eq, ProbabilityTheory.condMutualInfo_eq'","7","7","0","0","0","37","37","0","0","0","[]"
"5f627c04-076c-424c-b1b1-71be1c223291","Sphere Packing in Dimension 8","thefundamentaltheor3m/Sphere-Packing-Lean","0.9152312278747559","True","SpherePackingConstant","4","3","0","0","1","14","12","0","0","2","[{""sid"": ""4980a7e8-f09c-47e8-849d-a89699877364"", ""ref"": ""1.15"", ""label"": ""theorem:CE_Main"", ""kind"": ""theorem"", ""src_paper"": ""Sphere Packing in Dimension 8"", ""body_head"": ""\\uses{E8-Lattice,SpherePackingConstant,SpherePacking.density,E8Packing-density,thm:g,thm:Cohn-Elkies-general} All \\emph{periodic} packing $\\""}]"
"b50b2e6c-3ed5-41ef-8c1b-6939a5d82533","Fermat's Last Theorem for regular primes","leanprover-community/flt-regular","0.9149713516235352","False","FltRegular.caseII","1","1","0","0","0","2","1","1","0","0","[]"
"15e5ff81-9b36-4bde-8072-af5590e3902f","The Polynomial Freiman-Ruzsa Conjecture","teorth/pfr","0.9148581027984619","True","rhoPlus","3","3","0","0","0","8","5","0","0","3","[]"
"7e53e7cf-85aa-4555-8a6e-dc19159242ff","The Polynomial Freiman-Ruzsa Conjecture","teorth/pfr","0.9146984219551086","True","kaimanovich_vershik","16","16","0","0","0","69","69","0","0","0","[]"
"ae7abef1-cdaf-40d4-9a12-f0701802636d","Gibbs Measures","YaelDillies/gibbs-measure","0.9146316051483154","True","Specification.IsGibbsMeasure","5","4","0","0","1","12","11","0","0","1","[{""sid"": ""20a5021b-8483-4e22-a0d6-6d6a61014276"", ""ref"": ""1.23"", ""label"": ""lem:isssd-gibbs-meas-uniqueness"", ""kind"": ""lemma"", ""src_paper"": ""Gibbs Measures"", ""body_head"": ""\\uses{def:gibbs-meas, def:isssd-spec} There is at most one Gibbs measure specified by $\\ISSSD(\\nu)$.""}]"
"19bfa30e-5706-493f-87fc-72ed19922230","Brownian motion project","RemyDegenne/brownian-motion","0.9144346714019775","True","MeasureTheory.leastGT_lt_iff","3","2","0","0","1","18","8","1","0","9","[{""sid"": ""2556890b-bcdb-475e-afd0-e6f0462d2ceb"", ""ref"": ""2.6.35"", ""label"": ""lem:predictablePart_gt_iff_leastGT_lt"", ""kind"": ""lemma"", ""src_paper"": ""Brownian motion project"", ""body_head"": ""\\uses{def:predictablePart} Suppose that $X$ is a submartingale and let $T \\ge 1$, $c \\in \\mathbb{R}$. Then $A_T > c \\iff \\tau^T(c) < T$.""}]"
"12b1ba8c-2e0e-4bea-aa2c-e8a475c18095","Brownian motion project","RemyDegenne/brownian-motion","0.9143054485321045","False","ProbabilityTheory.finite_set_bound_of_edist_le","5","5","0","0","0","31","31","0","0","0","[]"
"475e920c-53e6-4728-940e-c1f0814a856f","The Polynomial Freiman-Ruzsa Conjecture","teorth/pfr","0.9142814874649048","True","torsion_PFR_conjecture_aux","17","17","0","0","0","57","56","0","0","1","[]"
"c50934c3-4629-45f9-8dfd-125a60cb48e4","Brownian motion project","RemyDegenne/brownian-motion","0.913977861404419","False","ProbabilityTheory.HasLocallyIntegrableSup.locally_classDL","8","8","0","0","0","55","40","6","0","9","[]"
"4530ecc7-38fc-446e-889f-9b38d55e35ff","Brownian motion project","RemyDegenne/brownian-motion","0.9139602184295654","False","MeasureTheory.Martingale.submartingale_convex_comp","7","7","0","0","0","67","39","4","0","24","[]"
"02dc9778-9a77-4a22-a8b1-883718cc7a23","Fermat's Last Theorem","ImperialCollegeLondon/FLT","0.9135161638259888","False","IsDedekindDomain.FiniteAdeleRing.baseChangeContinuousAlgEquiv","1","1","0","0","0","1","1","0","0","0","[]"
"73281e8a-0875-4965-a1e2-66b496c639e4","Fermat's Last Theorem for regular primes","leanprover-community/flt-regular","0.9134773015975952","True","eq_pow_prime_of_unit_of_congruent","4","2","1","0","1","7","4","2","0","1","[{""sid"": ""edc7722b-c7ba-4f4d-84d0-8059db73f122"", ""ref"": ""4.9"", ""label"": ""lem:gen_dvd_by_frak_p"", ""kind"": ""lemma"", ""src_paper"": ""Fermat's Last Theorem for regular primes"", ""body_head"": ""Let $p$ be a regular odd prime, $x,y,z,\\epsilon \\in \\mathbb{Z}[\\zeta_p]$, $\\epsilon$ a unit, and $n \\in \\mathbb{Z}_{\\geq 1}$. Assume $x,y,z$""}]"
"0dd60fa8-ffe5-4384-8bb7-bb5c44dd285b","Toric varieties","YaelDillies/toric","0.9133404493331909","True","AlgebraicGeometry.Scheme.Char","6","4","0","0","2","16","7","0","0","9","[{""sid"": ""2182acd8-bcb3-4938-8a07-76ba57073c9c"", ""ref"": ""5.2.2"", ""label"": ""1-1-char-eigenspace"", ""kind"": ""definition"", ""src_paper"": ""Toric varieties"", ""body_head"": ""\\uses{0-char} For a finite dimensional representation of a torus $T$ on $W$, the {\\bf character eigenspace} of a character $\\chi \\in X(T)$ i""}, {""sid"": ""e6e83e87-baea-469b-ac5e-b9460730f39b"", ""ref"": ""5.4.1"", ""label"": ""1-1-phiAprime"", ""kind"": ""definition"", ""src_paper"": ""Toric varieties"", ""body_head"": ""\\uses{0-char} Let $S$ be a scheme. Let $G$ be an abelian group. Let $s$ be an arbitrary indexing type, and $\\MCA : s \\to G$ an indexed famil""}]"
"5c558702-e450-4403-b873-3ff49cfff098","Sphere Packing in Dimension 8","thefundamentaltheor3m/Sphere-Packing-Lean","0.9133316874504089","True","SpherePacking.scale_finiteDensity","3","3","0","0","0","6","6","0","0","0","[]"
"ce80ba52-300b-468d-8b81-cd2f892dec2c","The Polynomial Freiman-Ruzsa Conjecture","teorth/pfr","0.9117136001586914","True","dist_of_X_U_H_le","9","9","0","0","0","50","49","0","0","1","[]"
"10d8a982-9fa1-460f-8ec0-525be6f1400f","Brownian motion project","RemyDegenne/brownian-motion","0.9113967418670654","True","ProbabilityTheory.ElementaryPredictableSet.measurableSet_predictable","3","3","0","0","0","6","6","0","0","0","[]"
"d6e7f63b-2955-4a88-ad73-4eadd14b9c33","Brownian motion project","RemyDegenne/brownian-motion","0.9111641049385071","True","ProbabilityTheory.SimpleProcess.map₂","3","3","0","0","0","23","12","0","0","11","[]"
"a9868ae1-068c-42ae-b891-0f3050ce07ff","Brownian motion project","RemyDegenne/brownian-motion","0.9110283255577087","True","ProbabilityTheory.SimpleProcess.iSup_comap_eq_predictable","3","3","0","0","0","14","10","0","0","4","[]"
"5b8757b6-b1e2-4fc2-ad98-e4af24099d86","Fermat's Last Theorem","ImperialCollegeLondon/FLT","0.9109104871749878","True","AutomorphicForm.GLn.IsSlowlyIncreasing","0","0","0","0","0","0","0","0","0","0","[]"
"33ecf4df-34ec-4e0a-9660-bb4011d1c15a","The Polynomial Freiman-Ruzsa Conjecture","teorth/pfr","0.9106054306030273","True","second_estimate","9","9","0","0","0","44","44","0","0","0","[]"
"fb5e7628-5fed-4c71-864a-245277133a78","Brownian motion project","RemyDegenne/brownian-motion","0.9103341102600098","True","NNReal.approximable","7","7","0","0","0","36","28","1","0","7","[]"
"0281c954-6eab-4ee3-a22e-229732ea5d82","Sphere Packing in Dimension 8","thefundamentaltheor3m/Sphere-Packing-Lean","0.9084428548812866","True","LinearProgrammingBound","5","2","0","0","3","15","10","0","0","5","[{""sid"": ""9c3e1d00-af70-42bc-b020-7f53a9aac60f"", ""ref"": ""5.3"", ""label"": ""thm:g"", ""kind"": ""theorem"", ""src_paper"": ""Sphere Packing in Dimension 8"", ""body_head"": ""\\uses{thm:g1} There exists a radial Schwartz function $g:\\mathbb{R}^8\\to\\mathbb{R}$ which satisfies: \\begin{align} g(x)&\\leq 0\\mbox{ for } \\""}, {""sid"": ""7a25480a-157f-4b46-9913-9f14afc88cfa"", ""ref"": ""6.1"", ""label"": ""def:Gamma-1-Action"", ""kind"": ""lemma"", ""src_paper"": ""Sphere Packing in Dimension 8"", ""body_head"": ""The modular group $\\Gamma_1:=\\mathrm{SL}_2(\\mathbb{Z})$ acts on $\\mathfrak{H}$ by linear fractional transformations $$\\left(\\begin{smallmatr""}, {""sid"": ""4980a7e8-f09c-47e8-849d-a89699877364"", ""ref"": ""1.15"", ""label"": ""theorem:CE_Main"", ""kind"": ""theorem"", ""src_paper"": ""Sphere Packing in Dimension 8"", ""body_head"": ""\\uses{E8-Lattice,SpherePackingConstant,SpherePacking.density,E8Packing-density,thm:g,thm:Cohn-Elkies-general} All \\emph{periodic} packing $\\""}]"
"2b8ede02-a2eb-4fcd-8160-3d33473dbcea","The Polynomial Freiman-Ruzsa Conjecture","teorth/pfr","0.9080522060394287","True","rhoPlus_of_subgroup","6","6","0","0","0","15","13","0","0","2","[]"
"055d8b6e-2b3b-4d93-a28f-4bea7a3a72f0","Fermat's Last Theorem","ImperialCollegeLondon/FLT","0.9078718423843384","True","NumberField.InfinitePlace.Completion.finrank_pi_eq_finrank_tensorProduct","1","1","0","0","0","3","3","0","0","0","[]"
"88d22ccc-8bee-4eed-befc-6d36b3432a85","The Polynomial Freiman-Ruzsa Conjecture","teorth/pfr","0.9069295525550842","True","ProbabilityTheory.IdentDistrib.tau_eq","5","5","0","0","0","29","28","0","0","1","[]"
"f76e207e-8a67-43a9-a6fb-3be3b60ca51d","Brownian motion project","RemyDegenne/brownian-motion","0.9066615104675293","False","ProbabilityTheory.Locally.left_limit","5","5","0","0","0","28","21","6","0","1","[]"
"9680d456-c718-47e4-8c61-34e253574642","Brownian motion project","RemyDegenne/brownian-motion","0.9066495895385742","True","ProbabilityTheory.IsLocalMartingale.isLocalSubmartingale_sq_norm","3","3","0","0","0","25","9","0","0","16","[]"
"069fccc3-b541-4627-bfbb-454d8a7a7be0","Brownian motion project","RemyDegenne/brownian-motion","0.9065799117088318","True","MeasureTheory.Integrable.classDL","6","6","0","0","0","30","28","0","0","2","[]"
"27791515-ef44-445f-88f5-8772b8fe8598","Carleson operators on doubling metric measure spaces","fpvandoorn/carleson","0.9063205122947693","True","TileStructure.Forest.local_dens2_tree_bound","1","1","0","0","0","5","5","0","0","0","[]"
"7d69aaed-0f3f-4b4e-aa40-0491a910d760","Carleson operators on doubling metric measure spaces","fpvandoorn/carleson","0.9061785936355591","True","Dirichlet_Hilbert_diff","4","4","0","0","0","7","7","0","0","0","[]"
"ec4e9e76-8bca-4467-aa16-02a3641dd584","Brownian motion project","RemyDegenne/brownian-motion","0.906143307685852","False","MeasureTheory.Martingale.uniformIntegrable_stoppedValue","8","8","0","0","0","62","45","3","0","14","[]"
"f6846a62-a883-4c0d-9d95-5fde34f91a57","Class Field Theory","kbuzzard/ClassFieldTheory","0.9059774279594421","True","Rep.herbrandQuotient_ne_zero_of_shortExact₁, Rep.herbrandQuotient_ne_zero_of_shortExact₂, Rep.herbrandQuotient_ne_zero_of_shortExact₃, Rep.herbrandQuotient_eq_of_shortExact","7","2","0","0","5","15","6","0","0","9","[{""sid"": ""4432ee5f-4ef8-482f-8556-5d19edcf150e"", ""ref"": ""113"", ""label"": ""lem:herbrand S-units"", ""kind"": ""corollary"", ""src_paper"": ""Class Field Theory"", ""body_head"": ""\\uses{thm:Dirichlet unit theorem, lem:herbrand ses, lem:herbrand finite, lem:H2 cyclic Z, lem:herbrand log lattice } Let $l/k$ be a cyclic e""}, {""sid"": ""576df586-def9-4de2-a859-0790c9c7fa6d"", ""ref"": ""82"", ""label"": ""lem:herbrand local units"", ""kind"": ""lemma"", ""src_paper"": ""Class Field Theory"", ""body_head"": ""\\uses{lem:serre_cor, lem:herbrand finite, lem:herbrand ses} If $l/k$ is a cyclic extension then $h(l/k, {\\mathcal O}_l^\\times) = 1$.""}, {""sid"": ""b0c4dd4e-6b73-41f0-b0e5-4c83697b2164"", ""ref"": ""83"", ""label"": ""lem:herbrand local l*"", ""kind"": ""lemma"", ""src_paper"": ""Class Field Theory"", ""body_head"": ""\\uses{lem:herbrand local units, eg:herbrand Z, lem:herbrand ses} If $l/k$ is a cyclic extension of local fields then $h(l/k, l^\\times)= [l:k""}, {""sid"": ""6a4d2944-bcc5-47cc-9c22-41257ad85505"", ""ref"": ""114"", ""label"": ""lem:herbrand idele class group"", ""kind"": ""corollary"", ""src_paper"": ""Class Field Theory"", ""body_head"": ""\\uses{lem:herbrand S-units, lem:herbrand S-ideles, lem:herbrand ses } If $l/k$ is cyclic then $h(l/k,\\mathrm{Cl}_l) = [l:k]$.""}, {""sid"": ""d412021a-bcb1-4ba2-80a6-d6718cfc72e3"", ""ref"": ""111"", ""label"": ""lem:herbrand log lattice"", ""kind"": ""lemma"", ""src_paper"": ""Class Field Theory"", ""body_head"": ""\\uses{lem:herbrand L_S, lem:herbrand ses, lem:herbrand finite } Let $l/k$ be cyclic and let $M$ be any Galois-invariant lattice in $V_S$. Th""}]"
"2e06d743-8a2e-4708-9834-4783aba354be","Fermat's Last Theorem","ImperialCollegeLondon/FLT","0.9052077531814575","False","NumberField.instCompactSpaceAdicCompletionIntegers","1","0","0","0","1","0","0","0","0","0","[{""sid"": ""6f37170f-ad73-481b-aea7-50707bf0bf5c"", ""ref"": ""9.2"", ""label"": ""NumberField.AdeleRing.locallyCompactSpace"", ""kind"": ""theorem"", ""src_paper"": ""Fermat's Last Theorem"", ""body_head"": ""The adeles of a number field are locally compact.""}]"
"a56619d7-b6b2-4005-bbea-ad1cda92a692","Gibbs Measures","YaelDillies/gibbs-measure","0.9049863815307617","False","Specification.modification_modification","1","1","0","0","0","7","5","0","0","2","[]"
"167438b3-bd6c-4348-808c-75e6b18969e1","The Polynomial Freiman-Ruzsa Conjecture","teorth/pfr","0.9048315286636353","True","ProbabilityTheory.entropy_comm, ProbabilityTheory.entropy_assoc","7","7","0","0","0","36","36","0","0","0","[]"
"4471d806-1657-42c6-addc-aaddff87fa3d","Carleson operators on doubling metric measure spaces","fpvandoorn/carleson","0.9045467972755432","True","Hilbert_kernel_regularity","2","2","0","0","0","20","20","0","0","0","[]"
"2121b457-a917-4a73-8546-4d262ddeacc7","The sphere eversion project","leanprover-community/sphere-eversion","0.9041403532028198","True","RelMfld","0","0","0","0","0","0","0","0","0","0","[]"
"f862bd6b-bec9-45af-bee8-58300fcc65f6","Brownian motion project","RemyDegenne/brownian-motion","0.9040119647979736","True","ProbabilityTheory.L2Predictable","5","1","0","0","4","12","4","0","0","8","[{""sid"": ""c6e010f0-acc8-43d9-a71f-b54c59741fa0"", ""ref"": ""2.7.45"", ""label"": ""lem:simpleProcess_mem_L2Predictable"", ""kind"": ""lemma"", ""src_paper"": ""Brownian motion project"", ""body_head"": ""\\uses{def:simpleProcess, def:L2Predictable} Any simple process in $\\mathcal{E}_{T, E}$ is in $L^2(\\mu, P)$~. (Lean remark: we mean that the ""}, {""sid"": ""15ed02b5-c00c-475c-894a-76d833fd30ce"", ""ref"": ""2.7.47"", ""label"": ""def:L2M"", ""kind"": ""definition"", ""src_paper"": ""Brownian motion project"", ""body_head"": ""\\uses{def:IsSquareIntegrable, def:quadraticVariation, def:L2Predictable, def:quadraticVariationMeasure} Let $M$ be a square integrable marti""}, {""sid"": ""a0a5203b-a2bf-41f5-8f37-4ae7dd7a554d"", ""ref"": ""2.7.44"", ""label"": ""lem:L2Predictable.inner_eq"", ""kind"": ""lemma"", ""src_paper"": ""Brownian motion project"", ""body_head"": ""\\uses{def:L2Predictable} For $X, Y \\in L^2(\\mu, P)$, we have \\begin{align*} \\langle X, Y \\rangle_{L^2(\\mu, P)} = P\\left[ \\int_0^{\\infty} \\la""}, {""sid"": ""87793d02-c132-4227-acb0-fbae641ba81b"", ""ref"": ""2.7.46"", ""label"": ""lem:L2Predictable.sq_norm_simpleProcess"", ""kind"": ""lemma"", ""src_paper"": ""Brownian motion project"", ""body_head"": ""\\uses{def:simpleProcess, def:L2Predictable, lem:simpleProcess_mem_L2Predictable} Let $V \\in \\mathcal{E}_{T, E}$ and $\\mu$ a measure on $T$~.""}]"
"c312a3de-1836-4fcc-a1cb-49803488c7d7","Brownian motion project","RemyDegenne/brownian-motion","0.9027331471443176","True","MeasureTheory.IsCapacitable.fst","6","6","0","0","0","22","19","0","0","3","[]"
"1d87d7eb-b944-4d30-82ef-b1b4c8fe3422","Fermat's Last Theorem for regular primes","leanprover-community/flt-regular","0.9026564359664917","True","fltIdeals_coprime","3","1","2","0","0","3","2","1","0","0","[]"
"ce0faffa-250d-49d4-a678-118753dc63a2","Fermat's Last Theorem","ImperialCollegeLondon/FLT","0.9024971723556519","True","Homeomorph.restrictedProductMatrix","4","0","0","0","4","3","0","0","0","3","[{""sid"": ""7f79a4b6-d486-4688-8efc-b4e692a9a566"", ""ref"": ""13.9"", ""label"": ""Submonoid.units_isOpen"", ""kind"": ""lemma"", ""src_paper"": ""Fermat's Last Theorem"", ""body_head"": ""If $M$ is a topological monoid and $U$ is an open submonoid, then the units $U^\\times$ of $U$ are naturally an open subgroup of $M^\\times$.""}, {""sid"": ""21bfa50e-8f9f-4b7a-b69c-c2f07561d8a5"", ""ref"": ""13.5"", ""label"": ""Homeomorph.restrictedProductProd"", ""kind"": ""lemma"", ""src_paper"": ""Fermat's Last Theorem"", ""body_head"": ""If $A_i$ is a family of topological spaces equipped with open subsets $B_i$, and if $C_i$ is a family of topological spaces equipped with op""}, {""sid"": ""9b7a7595-71d6-4bec-8f13-a44f7c140f41"", ""ref"": ""13.22"", ""label"": ""GL2.restrictedProduct"", ""kind"": ""theorem"", ""src_paper"": ""Fermat's Last Theorem"", ""body_head"": ""$G$ is isomorphic and homeomorphic to the restricted product of $GL_2(K_v)$ with respect to the compact open subgroups $GL_2(\\mathcal{O}_v)$""}, {""sid"": ""73bfa180-8d71-44f1-9e23-061dfaffb512"", ""ref"": ""13.7"", ""label"": ""Homeomorph.restrictedProductPi"", ""kind"": ""corollary"", ""src_paper"": ""Fermat's Last Theorem"", ""body_head"": ""Restricted products (with respect to open subspaces) commute with finite products. In other words, if $j$ runs through a finite set $J$ and ""}]"
"5d54c00c-bb53-48a1-8cc6-b597cec67ae3","The Polynomial Freiman-Ruzsa Conjecture","teorth/pfr","0.9022833108901978","False","PFR_conjecture'","3","2","0","0","1","18","17","0","0","1","[{""sid"": ""9aaa704e-d7b8-4a42-94e6-c773f5464c50"", ""ref"": ""8.1"", ""label"": ""eta-def-new"", ""kind"": ""definition"", ""src_paper"": ""The Polynomial Freiman-Ruzsa Conjecture"", ""body_head"": ""$\\eta$ is a real parameter with $\\eta > 0$.""}]"
"9b5c4c17-cea6-4226-84c1-43af11cd1cf3","Sphere Packing in Dimension 8","thefundamentaltheor3m/Sphere-Packing-Lean","0.9019147157669067","True","SpherePacking.constant_eq_constant_normalized","3","3","0","0","0","11","10","0","0","1","[]"
"f2e6db77-3241-46f5-8cc9-2e928bac6feb","Brownian motion project","RemyDegenne/brownian-motion","0.9017280340194702","True","MeasureTheory.Submartingale.stoppedValue_min_ae_le_condExp","11","10","1","0","0","83","60","1","0","22","[]"
"2f35d63f-68f3-41e4-9ac6-8002fc7035e4","The Polynomial Freiman-Ruzsa Conjecture","teorth/pfr","0.9015198349952698","True","ProbabilityTheory.ent_of_cond_indep","6","6","0","0","0","41","41","0","0","0","[]"
"71bc4982-0213-4385-b977-3993c73948df","Sphere Packing in Dimension 8","thefundamentaltheor3m/Sphere-Packing-Lean","0.901319146156311","False","Submodule.E8","2","2","0","0","0","5","4","0","0","1","[]"
"559cf641-61fc-4ee5-9aa0-d4e896e47584","Toric varieties","YaelDillies/toric","0.9013057947158813","True","AlgebraicGeometry.Scheme.diagSpecIso, AlgebraicGeometry.Scheme.splitTorusIso","12","6","0","0","6","27","12","0","0","15","[{""sid"": ""8da7dd4e-cc04-4daf-8e61-649a00436d12"", ""ref"": ""4.3.11"", ""label"": ""1-1-1-group-hom-torus"", ""kind"": ""proposition"", ""src_paper"": ""Toric varieties"", ""body_head"": ""\\uses{0-torus} Let $R$ be a domain. Let $T$ be a split torus over $R$. Let $G$ be a diagonalisable group scheme over $R$ and let $\\phi: T \\t""}, {""sid"": ""25c459f8-3315-46dd-a43b-9377a229a4f5"", ""ref"": ""5.2.1"", ""label"": ""1-1-aff-tor-var-diag-aff-mon"", ""kind"": ""proposition"", ""src_paper"": ""Toric varieties"", ""body_head"": ""\\uses{0-diag, 5-1-tor-var} Let $k$ be a field. Let $G$ be a finitely generated free abelian group. Let $M$ be an affine monoid with Grothend""}, {""sid"": ""b0d4c964-2d86-4821-8a48-7e0776c772cd"", ""ref"": ""4.3.12"", ""label"": ""1-1-1-subgroup-torus"", ""kind"": ""proposition"", ""src_paper"": ""Toric varieties"", ""body_head"": ""\\uses{0-torus} Let $R$ be a commutative ring of characteristic zero. Let $T$ be a split torus. If $H \\subseteq T$ is a connected closed subg""}, {""sid"": ""ad202908-fb6e-4ccf-938d-ba50d0d90567"", ""ref"": ""4.2.10"", ""label"": ""0-diag-tors"", ""kind"": ""proposition"", ""src_paper"": ""Toric varieties"", ""body_head"": ""\\uses{0-diag} Let $G$ be an abelian group with an element of torsion $n$. Let $R$ be a commutative ring with $n$ invertible. Then $D_R(G)$ i""}, {""sid"": ""910b6628-8162-41d6-8f0c-89fa335c7a35"", ""ref"": ""4.2.9"", ""label"": ""0-subgroup-diag"", ""kind"": ""proposition"", ""src_paper"": ""Toric varieties"", ""body_head"": ""\\uses{0-diag} Let $R$ be a domain. Let $G$ be an abelian group. If $H$ is a closed subgroup of $D_R(G)$, then $H$ is a diagonalisable group ""}]"
"67f1ce75-edc2-4d9a-bb67-f4e97f6c9b1b","Fermat's Last Theorem","ImperialCollegeLondon/FLT","0.901157557964325","False","NumberField.InfinitePlace.Completion.piExtension","2","2","0","0","0","6","6","0","0","0","[]"
"2ce4e288-e6e6-4a55-b226-624991c22092","Brownian motion project","RemyDegenne/brownian-motion","0.9008467793464661","True","ProbabilityTheory.IsLocalSubmartingale","9","8","0","0","1","84","57","7","0","20","[{""sid"": ""5cfea075-2d86-4da0-8054-ec281e70e84e"", ""ref"": ""2.3.67"", ""label"": ""lem:IsLocalSubmartingale.submartingale_iff_classDL_of_nonnegative"", ""kind"": ""lemma"", ""src_paper"": ""Brownian motion project"", ""body_head"": ""\\uses{def:IsLocalSubmartingale, def:classDL, def:Submartingale, def:IsCadlag} \\notready A nonnegative local submartingale is a cadlag submar""}]"
"a8f05444-28d4-481f-b852-9d98116e114e","The Polynomial Freiman-Ruzsa Conjecture","teorth/pfr","0.9005995392799377","True","ProbabilityTheory.condMutualInfo_nonneg","3","3","0","0","0","20","20","0","0","0","[]"
"a3e264e5-c5ef-445b-94f4-5e6308a8cbfb","Brownian motion project","RemyDegenne/brownian-motion","0.9005506038665771","False","indistinguishable_of_modification","5","3","0","0","2","16","10","2","0","4","[{""sid"": ""bc337dcc-1a53-457e-935e-39652fb993bd"", ""ref"": ""1.2.2"", ""label"": ""def:modification"", ""kind"": ""definition"", ""src_paper"": ""Brownian motion project"", ""body_head"": ""\\leanok We say that a stochastic process $Y$ is a \\emph{modification} of another stochastic process $X$ if for all $t \\in T$, $Y_t =_{\\mathb""}, {""sid"": ""774ace91-77a8-42ec-a855-aa2f109a32f6"", ""ref"": ""1.2.3"", ""label"": ""def:indistinguishable"", ""kind"": ""definition"", ""src_paper"": ""Brownian motion project"", ""body_head"": ""\\leanok We say that a stochastic processes $Y$ is a \\emph{indistinguishable} from $X$ if $\\mathbb{P}$-a.e., for all $t \\in T$, $X_t = Y_t$.""}]"
"4092e4c2-ed22-4790-b20f-0adf6d42174b","Carleson operators on doubling metric measure spaces","fpvandoorn/carleson","0.9004570245742798","True","geometric_series_estimate","4","4","0","0","0","22","22","0","0","0","[]"
"fbd31c73-22d1-463f-8bf1-be672ce3d1dc","Toric varieties","YaelDillies/toric","0.9002910256385803","True","AlgebraicGeometry.Scheme.Cochar","4","4","0","0","0","10","7","0","0","3","[]"
"700aa1f0-fa9a-43b8-99de-8a7e4a633fd8","The Polynomial Freiman-Ruzsa Conjecture","teorth/pfr","0.900161623954773","True","ProbabilityTheory.entropy_pair_le_add","5","5","0","0","0","45","45","0","0","0","[]"
"369fa225-5c98-41cb-ae3e-d3ec16275520","Brownian motion project","RemyDegenne/brownian-motion","0.8998957872390747","True","MeasureTheory.isPredictable_predictablePart","9","7","0","0","2","47","25","10","0","12","[{""sid"": ""14e1c498-03f6-4e80-aec5-000135223f03"", ""ref"": ""2.6.31"", ""label"": ""lem:IsStoppingTime_leastGT_predictablePart"", ""kind"": ""lemma"", ""src_paper"": ""Brownian motion project"", ""body_head"": ""\\uses{def:IsStoppingTime,def:predictablePart, def:leastGT} Let $X$ be a real adapted process and let $A$ be its predictable part. Let $c \\in""}, {""sid"": ""0f7fbfc1-a54e-4861-8417-345dd0408ea4"", ""ref"": ""2.6.30"", ""label"": ""lem:centering_basic"", ""kind"": ""lemma"", ""src_paper"": ""Brownian motion project"", ""body_head"": ""\\uses{def:predictablePart, def:martingalePart} \\leanok Fake lemma: import this lemma when using the basic properties of the Doob decompositi""}]"
"dfe90e6f-cb58-4ebe-b418-700b4324368a","The sphere eversion project","leanprover-community/sphere-eversion","0.8994336128234863","True","exists_contDiff_of_convex₂","1","1","0","0","0","5","5","0","0","0","[]"
"8728ce6e-994c-4eb4-bfd1-ea60432e496f","Brownian motion project","RemyDegenne/brownian-motion","0.8991814851760864","True","ProbabilityTheory.ClassDL.hasLocallyIntegrableSup","9","9","0","0","0","56","40","3","0","13","[]"
"0e660321-d471-4ff1-a233-85e2a01784e0","Gibbs Measures","YaelDillies/gibbs-measure","0.8991469144821167","True","Specification.IsProper","5","5","0","0","0","15","13","0","0","2","[]"
"8a5db73b-78f3-464b-9970-bd52cc4bda05","The Polynomial Freiman-Ruzsa Conjecture","teorth/pfr","0.8989681005477905","True","kvm_ineq_III","8","8","0","0","0","54","54","0","0","0","[]"
"d16e2e07-0056-4e58-bafd-f6a681492ba8","The sphere eversion project","leanprover-community/sphere-eversion","0.8987654447555542","False","StepLandscape.improveStep_rel_t_eq_0, StepLandscape.improveStep_rel_C, StepLandscape.improveStep_rel_compl_K₁, StepLandscape.improveStep_c0_close, StepLandscape.improveStep_part_hol","3","3","0","0","0","9","8","0","0","1","[]"
"5a854451-1abc-4477-95b9-a4a04799747b","Carleson operators on doubling metric measure spaces","fpvandoorn/carleson","0.8985595703125","True","control_approximation_effect","5","5","0","0","0","17","17","0","0","0","[]"
"47d561ae-193c-4c29-a994-f565c31dec93","Class Field Theory","kbuzzard/ClassFieldTheory","0.8983792066574097","True","Rep.TrivialCohomology, Rep.TrivialHomology, Rep.TrivialTateCohomology","4","4","0","0","0","16","16","0","0","0","[]"
"e8d59fe8-b9e2-4a6b-bb8e-462fff417c3e","Brownian motion project","RemyDegenne/brownian-motion","0.8981920480728149","True","MeasurableSet.isPavingAnalytic_fst","4","4","0","0","0","21","20","0","0","1","[]"
"0c352df7-2b04-458d-ad9f-0d55256674da","Brownian motion project","RemyDegenne/brownian-motion","0.89815753698349","False","MeasureTheory.IsPredictable","11","6","2","0","3","25","17","1","0","7","[{""sid"": ""15dffce2-bf6a-4dae-886d-b98f8962b027"", ""ref"": ""2.1.49"", ""label"": ""lem:Adapted.isPredictable_of_leftContinuous"", ""kind"": ""lemma"", ""src_paper"": ""Brownian motion project"", ""body_head"": ""\\uses{def:predictable} An adapted process with left-continuous paths is predictable.""}, {""sid"": ""510bee86-3065-49a4-a7c2-f703f2f8cd34"", ""ref"": ""2.6.54"", ""label"": ""lem:predictable_barA"", ""kind"": ""lemma"", ""src_paper"": ""Brownian motion project"", ""body_head"": ""\\uses{def:barA, def:predictable} $\\overline{A}^n$ is predictable.""}, {""sid"": ""ed632fa3-2a3a-426d-885e-ad4b766927e6"", ""ref"": ""2.6.57"", ""label"": ""lem:predictable_calA"", ""kind"": ""lemma"", ""src_paper"": ""Brownian motion project"", ""body_head"": ""\\uses{def:calA, def:predictable} $\\mathcal{A}^n$ is predictable.""}]"
"fd04f7da-9a17-4e66-a258-7ba926efda5b","Class Field Theory","kbuzzard/ClassFieldTheory","0.8977022767066956","True","Representation.coind₁', Rep.coind₁'","2","2","0","0","0","9","9","0","0","0","[]"
"cfb2ab68-2a65-4ed9-9777-52acb8e2e67b","Class Field Theory","kbuzzard/ClassFieldTheory","0.8976106643676758","False","groupCohomology.trivialCohomology_of_even_of_odd","6","3","0","0","3","13","6","0","0","7","[{""sid"": ""4774269e-9e0a-4a80-9f11-8783f0266609"", ""ref"": ""48"", ""label"": ""cor:cohomology G-torsion"", ""kind"": ""corollary"", ""src_paper"": ""Class Field Theory"", ""body_head"": ""\\uses{lem:cor comp rest, lem:Hn unit, lem:Tate cohomology is cohomology or homology, cor:Tate up down isos } If $M$ is a representation of a""}, {""sid"": ""10b7efff-4ae6-408e-acf8-f9fb95edda57"", ""ref"": ""70"", ""label"": ""thm:splitting module trivial"", ""kind"": ""theorem"", ""src_paper"": ""Class Field Theory"", ""body_head"": ""\\uses{lem:restriction fundamental class generates, lem:splits in splitting module, thm:triviality criterion, lem:linear injective of surject""}, {""sid"": ""5cde3491-d8b0-4459-b4f0-e1e760d487cf"", ""ref"": ""49"", ""label"": ""cor:cohomology sub Sylow"", ""kind"": ""corollary"", ""src_paper"": ""Class Field Theory"", ""body_head"": ""\\uses{cor:Tate up down isos, lem:Tate cohomology is cohomology or homology, lem:cor comp rest } Let $M$ be a representation of a finite grou""}]"
"d7d1de9f-eb7a-49a7-b5bd-2f843fa8d9b4","Carleson operators on doubling metric measure spaces","fpvandoorn/carleson","0.8973838090896606","True","young_convolution","3","3","0","0","0","4","4","0","0","0","[]"
"51cff6ed-a2fb-4d88-8680-cefa382eaeac","Sphere Packing in Dimension 8","thefundamentaltheor3m/Sphere-Packing-Lean","0.8972814083099365","True","eta_equality","3","3","0","0","0","5","3","0","0","2","[]"
"51c43e89-6c12-4d41-8577-816c7b497d69","Brownian motion project","RemyDegenne/brownian-motion","0.8972045183181763","True","ProbabilityTheory.hasLaw_brownian_sub","5","5","0","0","0","14","13","0","0","1","[]"
"dd6acdd4-b7f6-48cc-a18e-174e079af024","The Polynomial Freiman-Ruzsa Conjecture","teorth/pfr","0.897116482257843","True","ProbabilityTheory.condEntropy_le_entropy","7","7","0","0","0","39","39","0","0","0","[]"
"f97bf929-a336-48aa-8ccb-1c65b641d5dc","The Polynomial Freiman-Ruzsa Conjecture","teorth/pfr","0.8967819213867188","True","ProbabilityTheory.entropy_submodular, ProbabilityTheory.condEntropy_comp_ge","10","10","0","0","0","48","48","0","0","0","[]"
"732eddd7-687c-4333-8fae-22802805d2df","Brownian motion project","RemyDegenne/brownian-motion","0.8965608477592468","True","MeasureTheory.Submartingale.classDL","10","9","1","0","0","77","55","1","0","21","[]"
"19a8940c-f77a-4a4a-a847-984cb1155235","The Polynomial Freiman-Ruzsa Conjecture","teorth/pfr","0.8964643478393555","True","condKLDiv_eq","3","2","0","0","1","9","9","0","0","0","[{""sid"": ""79c4df6c-f4e1-4443-b238-e622c85881d3"", ""ref"": ""13.8"", ""label"": ""ckl-div"", ""kind"": ""definition"", ""src_paper"": ""The Polynomial Freiman-Ruzsa Conjecture"", ""body_head"": ""\\uses{kl-div} If $X,Y,Z$ are random variables, with $X,Z$ defined on the same sample space, we define $$ D_{KL}(X|Z \\Vert Y) := \\sum_z \\math""}]"
"b4446bbb-adc0-4d31-8c61-bc7fa7d5f778","The Polynomial Freiman-Ruzsa Conjecture","teorth/pfr","0.8964488506317139","True","mutual_information_le","11","11","0","0","0","62","61","0","0","1","[]"
"c39f3b91-10eb-41f2-af78-01a6fd2def1f","The sphere eversion project","leanprover-community/sphere-eversion","0.8962926864624023","False","localisation_stability","4","4","0","0","0","11","11","0","0","0","[]"
"32d28fb5-68f3-4ae1-8b88-17fded620e4c","Brownian motion project","RemyDegenne/brownian-motion","0.8959861993789673","True","edist_nearestPt_of_isCover","4","4","0","0","0","9","9","0","0","0","[]"
"db84da81-7435-447c-91e2-b537dd8de3d4","Brownian motion project","RemyDegenne/brownian-motion","0.8952242732048035","False","MeasureTheory.IsPavingAnalytic.fst","5","5","0","0","0","32","29","0","0","3","[]"
"6bfbd5d9-3b0c-4d31-97f7-93f487cbaccb","Carleson operators on doubling metric measure spaces","fpvandoorn/carleson","0.8951594233512878","True","exceptional_set_carleson","5","5","0","0","0","17","17","0","0","0","[]"
"55dc7659-5e3f-4ba9-a50c-05bcf0ea7ae6","The Polynomial Freiman-Ruzsa Conjecture","teorth/pfr","0.8948281407356262","True","Real.sum_mul_log_div_leq","6","6","0","0","0","16","15","0","0","1","[]"
"7a934ec9-955c-4785-aecf-1583fccd6fa2","Class Field Theory","kbuzzard/ClassFieldTheory","0.894544243812561","False","carry, carryCocycle, localInv, localInvIso, localInv_symm_apply","5","1","0","0","4","14","6","0","0","8","[{""sid"": ""7524ebf3-756e-4254-9288-be9907775970"", ""ref"": ""68"", ""label"": ""lem:linear injective of surjective"", ""kind"": ""lemma"", ""src_paper"": ""Class Field Theory"", ""body_head"": ""Let $I$ be an ideal of a commutative ring $R$ and let $f:R/I \\to R/I$ be a surjective $R$-linear map. Then $f$ is injective.""}, {""sid"": ""19f162e4-48fa-4666-9f80-ae5acedd1ff0"", ""ref"": ""93"", ""label"": ""lem:local inv fundamental class"", ""kind"": ""lemma"", ""src_paper"": ""Class Field Theory"", ""body_head"": ""\\uses{lem:unramified fundamental class, def:local inv} The fundamental class $\\sigma_{l/k}$ has local invariant $\\frac{1}{[l:k]}$.""}, {""sid"": ""4fea9b66-8667-45ac-8c88-f3cab26426b5"", ""ref"": null, ""label"": null, ""kind"": ""remark"", ""src_paper"": ""Class Field Theory"", ""body_head"": ""\\begin{itemize} \\item Given $G$ and $R$, there can be several nonisomorphic $M$ which are finite class formations. For example if $M$ is a f""}, {""sid"": ""6ef9abee-0f42-4ae2-af0a-0ea9f4d00312"", ""ref"": ""94"", ""label"": ""lem:local unram rest"", ""kind"": ""lemma"", ""src_paper"": ""Class Field Theory"", ""body_head"": ""\\uses{lem:unramified fundamental class} Let $m / l / k$ be an unramified tower of extensions of local fields Then the restriction to $m/l$ o""}]"
"b79912ed-174e-4ed1-99ad-e334f5ef8887","The Polynomial Freiman-Ruzsa Conjecture","teorth/pfr","0.8943471908569336","True","isUniform_sub_const_of_rdist_eq_zero","12","12","0","0","0","74","73","0","0","1","[]"
"6dc84a25-e936-43d9-a324-279d26b5c3d7","Fermat's Last Theorem","ImperialCollegeLondon/FLT","0.8943372964859009","True","Hurwitz.starRing","0","0","0","0","0","0","0","0","0","0","[]"
"d4d0cb05-4836-415d-8913-5680d6076971","Fermat's Last Theorem","ImperialCollegeLondon/FLT","0.8939583897590637","True","NumberField.InfinitePlace.Completion.baseChange","4","4","0","0","0","5","5","0","0","0","[]"
"24e20ff1-b1e5-43dc-b912-ad7237992bda","The Polynomial Freiman-Ruzsa Conjecture","teorth/pfr","0.8938800692558289","True","KLDiv_of_convex","3","3","0","0","0","11","10","0","0","1","[]"
"5b0c7ec9-ff1a-45d2-8474-e1e15558ef88","Brownian motion project","RemyDegenne/brownian-motion","0.8937873840332031","True","ProbabilityTheory.isStable_submartingale","4","4","0","0","0","70","46","6","0","18","[]"
"a5fdacb8-6381-49dd-bf41-c277257e08ed","Brownian motion project","RemyDegenne/brownian-motion","0.8937779068946838","True","packingNumber_mul_le_volume","3","3","0","0","0","7","7","0","0","0","[]"
"c2e2ce2f-34a0-4686-a3c5-166cb36ac413","Fermat's Last Theorem for regular primes","leanprover-community/flt-regular","0.8929699659347534","False","flt_regular","3","2","1","0","0","4","2","1","0","1","[]"
"72c59402-dfc7-4c8f-a216-2c3af5944a63","Brownian motion project","RemyDegenne/brownian-motion","0.8927410840988159","False","ProbabilityTheory.ClassD.uniformIntegrable'","6","5","0","0","1","39","29","1","0","9","[{""sid"": ""ca70ea9e-b5bc-4062-96c8-b54362584869"", ""ref"": ""2.6.43"", ""label"": ""lem:M_uniform_integrable"", ""kind"": ""lemma"", ""src_paper"": ""Brownian motion project"", ""body_head"": ""\\uses{def:SAM} The sequence $(M^n_{2^n})_{n\\in\\mathbb{N}}$ is uniformly integrable (bounded in $L^1$ norm).""}]"
"e3d48deb-e32b-4ff2-ad59-6a79fa318c3e","Brownian motion project","RemyDegenne/brownian-motion","0.8926011919975281","False","MeasureTheory.Martingale.uniformIntegrable_stoppedValue_of_countable_range","7","7","0","0","0","52","36","3","0","13","[]"
"336fb293-e7e9-4cb3-8ba1-22bda2db142c","Brownian motion project","RemyDegenne/brownian-motion","0.8925329446792603","True","MeasureTheory.IsPavingAnalytic_measurableSet_iff_isPavingAnalytic_Icc","6","6","0","0","0","17","15","0","0","2","[]"
"a84988b3-4e63-413b-839f-68fb0eb42d9b","Class Field Theory","kbuzzard/ClassFieldTheory","0.892339289188385","True","groupCohomology.trivialCohomology_of_even_of_odd_of_solvable","2","2","0","0","0","4","1","0","0","3","[]"
"a8007f89-37c2-4e70-a971-f24586484d7c","Brownian motion project","RemyDegenne/brownian-motion","0.8918132781982422","False","MeasureTheory.Submartingale.uniformIntegrable_stoppedValue","15","14","0","0","1","102","59","11","0","32","[{""sid"": ""0f7fbfc1-a54e-4861-8417-345dd0408ea4"", ""ref"": ""2.6.30"", ""label"": ""lem:centering_basic"", ""kind"": ""lemma"", ""src_paper"": ""Brownian motion project"", ""body_head"": ""\\uses{def:predictablePart, def:martingalePart} \\leanok Fake lemma: import this lemma when using the basic properties of the Doob decompositi""}]"
"3336cd35-08fb-45ba-9e83-6274e3955bc5","Brownian motion project","RemyDegenne/brownian-motion","0.891272783279419","True","ProbabilityTheory.aemeasurable_pair_of_aemeasurable","0","0","0","0","0","0","0","0","0","0","[]"
"eba12b78-eafa-48b1-991d-8ef16f129b64","Brownian motion project","RemyDegenne/brownian-motion","0.8912617564201355","False","MeasureTheory.isStoppingTime_leastGT","4","4","0","0","0","45","31","1","0","13","[]"
"87523ef6-72ef-4d1c-bd3e-3d08cbe9c859","Sphere Packing in Dimension 8","thefundamentaltheor3m/Sphere-Packing-Lean","0.8911974430084229","False","SpherePacking.scale","3","3","0","0","0","6","6","0","0","0","[]"
"91cac985-edea-43bd-b3a4-3784f7f00e16","Brownian motion project","RemyDegenne/brownian-motion","0.8911842107772827","False","ProbabilityTheory.Locally.rightContinuous","7","6","1","0","0","43","30","5","0","8","[]"
"300de8ac-e859-4a01-80f6-a089e274fdf2","The Polynomial Freiman-Ruzsa Conjecture","teorth/pfr","0.8911554217338562","True","rhoMinus","4","2","0","0","2","10","9","0","0","1","[{""sid"": ""a6ab960a-30c0-4419-b9bd-82158c0a12ec"", ""ref"": ""13.13"", ""label"": ""rhominus-nonneg"", ""kind"": ""lemma"", ""src_paper"": ""The Polynomial Freiman-Ruzsa Conjecture"", ""body_head"": ""\\uses{rhominus-def} We have $\\rho^-(X) \\geq 0$.""}, {""sid"": ""79c4df6c-f4e1-4443-b238-e622c85881d3"", ""ref"": ""13.8"", ""label"": ""ckl-div"", ""kind"": ""definition"", ""src_paper"": ""The Polynomial Freiman-Ruzsa Conjecture"", ""body_head"": ""\\uses{kl-div} If $X,Y,Z$ are random variables, with $X,Z$ defined on the same sample space, we define $$ D_{KL}(X|Z \\Vert Y) := \\sum_z \\math""}]"
"1e55f47a-6bfc-4160-9ad2-1ebf8a57eed1","The Polynomial Freiman-Ruzsa Conjecture","teorth/pfr","0.8911347389221191","True","ent_sub_nsmul_le, ent_of_sub_smul'","8","8","0","0","0","46","46","0","0","0","[]"
"f3230b52-7993-472a-b9e7-8c869da166f7","Sphere Packing in Dimension 8","thefundamentaltheor3m/Sphere-Packing-Lean","0.8910355567932129","False","serre_D","9","7","0","0","2","18","11","0","0","7","[{""sid"": ""4aade60b-3f90-494c-abae-b6a9efdb22ff"", ""ref"": ""6.51"", ""label"": ""prop:theta-der"", ""kind"": ""proposition"", ""src_paper"": ""Sphere Packing in Dimension 8"", ""body_head"": ""\\uses{def:serre-der, lemma:theta-transform-S-T, lemma:jacobi-identity} We have \\begin{align} H_2' &= \\frac{1}{6} (H_{2}^{2} + 2 H_{2} H_{4} ""}, {""sid"": ""4170eb3a-ceb9-419a-afcf-f4af24c12601"", ""ref"": ""6.53"", ""label"": ""thm:anti-serre-der-pos"", ""kind"": ""theorem"", ""src_paper"": ""Sphere Packing in Dimension 8"", ""body_head"": ""\\uses{def:serre-der, cor:logder-disc-E2} Let $F$ be a holomorphic quasimodular cusp form with real Fourier coefficients. Assume that there e""}]"
"c3ade757-c231-4045-9f94-48002d0ab2cb","The Polynomial Freiman-Ruzsa Conjecture","teorth/pfr","0.8909348249435425","True","iter_multiDist_chainRule, iter_multiDist_chainRule'","3","3","0","0","0","6","6","0","0","0","[]"
"5b5841a4-6a0b-40c5-a5c3-d9a348c398ba","Brownian motion project","RemyDegenne/brownian-motion","0.8908868432044983","False","ProbabilityTheory.preBrownian","5","5","0","0","0","17","16","0","0","1","[]"
"5ffc5acd-ec65-47d0-94a2-d5ddb7a36d0f","The Polynomial Freiman-Ruzsa Conjecture","teorth/pfr","0.8907773494720459","True","ProbabilityTheory.entropy_comp_of_injective, ProbabilityTheory.entropy_of_comp_eq_of_comp","20","20","0","0","0","85","85","0","0","0","[]"
"f912a029-fe0a-4809-ad9e-2c1c42fc0394","Brownian motion project","RemyDegenne/brownian-motion","0.8906320333480835","True","MeasureTheory.fst_iInter_of_supClosure_image2_prod_of_antitone","6","5","0","0","1","16","14","0","0","2","[{""sid"": ""4143715f-ede8-48d9-8ae8-764d24797575"", ""ref"": ""2.2.1"", ""label"": ""def:image2_prod"", ""kind"": ""definition"", ""src_paper"": ""Brownian motion project"", ""body_head"": ""\\mathlibok The product of two pavings $S$ and $T$ is the set of sets of the form $s \\times t$ where $s \\in S$ and $t \\in T$. We denote that ""}]"
"3dc44c96-30dd-47fc-bc81-5677ecd83399","Brownian motion project","RemyDegenne/brownian-motion","0.890558123588562","True","ProbabilityTheory.isLocalizingSequence_of_isPreLocalizingSequence","4","1","2","0","1","18","15","3","0","0","[{""sid"": ""084a6886-b292-41c8-a53e-739106b8428a"", ""ref"": ""2.1.42"", ""label"": ""lem:rightContinuous_basic"", ""kind"": ""lemma"", ""src_paper"": ""Brownian motion project"", ""body_head"": ""\\uses{lem:eqRightCont, lem:rightContinuousRightCont, lem:rightContinuousMeasurableSet} \\leanok Fake lemma for the dependency graph. Import t""}]"
"0dc539a8-c394-4530-a0bc-81a9f86b2b7f","Fermat's Last Theorem","ImperialCollegeLondon/FLT","0.8904991745948792","False","NumberField.AdeleRing.baseChangeEquiv","2","2","0","0","0","3","3","0","0","0","[]"
"5f8c250a-f4dd-41ea-af66-c5c8ad3f71c6","Brownian motion project","RemyDegenne/brownian-motion","0.890434741973877","True","MeasureTheory.Submartingale.ae_bddAbove_Iic, ProbabilityTheory.maximal_ineq_countable","4","3","0","0","1","38","20","2","0","16","[{""sid"": ""4f8f57fd-de80-49f5-8e1a-6a69ed391d1e"", ""ref"": ""2.1.84"", ""label"": ""lem:doob_Lp_countable"", ""kind"": ""lemma"", ""src_paper"": ""Brownian motion project"", ""body_head"": ""Let $X : I \\rightarrow \\Omega \\rightarrow \\mathbb{R}$ be a non-negative sub-martingale. Let $I$ be countable. For every $M\\in I,\\lambda > 0$""}]"
"e78dcd8c-f5f7-41c2-bde2-afbd0eb4fe83","Brownian motion project","RemyDegenne/brownian-motion","0.8902275562286377","True","ProbabilityTheory.SimpleProcess.integral_assoc","5","4","0","0","1","15","7","0","0","8","[{""sid"": ""b50fad10-a55d-46c4-a1e2-e714476adf87"", ""ref"": ""2.4.17"", ""label"": ""cor:elemStochIntegral_assoc_real_bilin"", ""kind"": ""corollary"", ""src_paper"": ""Brownian motion project"", ""body_head"": ""Let $E, F, G$ be normed real vector spaces. Let $B : E \\times F \\to G$ be a continuous bilinear map. Then for every simple process $V$ with ""}]"
"f64ace85-2370-4cff-8909-8e121b2d5bce","The Polynomial Freiman-Ruzsa Conjecture","teorth/pfr","0.8901886940002441","True","condMultiDist_nonneg","4","4","0","0","0","20","20","0","0","0","[]"
"d072f534-7d22-4a02-a870-eb1130029f13","Toric varieties","YaelDillies/toric","0.8901598453521729","True","AlgebraicGeometry.Scheme.charPairing","5","5","0","0","0","13","5","0","0","8","[]"
"a58b949d-433a-45d1-a8c2-4571f64c2c55","The Polynomial Freiman-Ruzsa Conjecture","teorth/pfr","0.8901207447052002","True","entropic_PFR_conjecture_improv","8","8","0","0","0","52","52","0","0","0","[]"
"a5da0f0b-9926-4938-a4ee-6b6c325571d3","Toric varieties","YaelDillies/toric","0.8900247812271118","True","Bialgebra.span_isGroupLikeElem_eq_top_of_isDiagonalisable","4","4","0","0","0","9","5","0","0","4","[]"
"19ee8509-8b07-4bfc-bd1c-2f2ae5f4cf10","Class Field Theory","kbuzzard/ClassFieldTheory","0.8896961808204651","True","Rep.trivialTateCohomology_coind₁, Rep.trivialTateCohomology_coind₁', Rep.trivialTateCohomology_ind₁'","5","5","0","0","0","19","16","0","0","3","[]"
"f43545cd-e25e-46ee-a9cb-bfc228176c9c","Brownian motion project","RemyDegenne/brownian-motion","0.8894450664520264","False","ProbabilityTheory.lintegral_sup_rpow_edist_le_card_mul_rpow","3","3","0","0","0","26","26","0","0","0","[]"
"ab5fb57b-3d32-4c79-af0d-d5be83466c3d","Brownian motion project","RemyDegenne/brownian-motion","0.889072835445404","False","ProbabilityTheory.lintegral_sup_rpow_edist_le_of_minimal_cover","4","4","0","0","0","29","29","0","0","0","[]"
"6b34b534-b7fe-4643-a95b-61ba8452b198","The Polynomial Freiman-Ruzsa Conjecture","teorth/pfr","0.8890693187713623","True","kvm_ineq_I","12","12","0","0","0","49","48","0","0","1","[]"
"e2ce9471-5800-41a3-b949-d86bfdecacfa","Brownian motion project","RemyDegenne/brownian-motion","0.8889163136482239","False","MeasureTheory.debut","1","1","0","0","0","6","5","1","0","0","[]"
"25b16c57-f13e-4d0f-8d5e-fd4367db5e2c","The Polynomial Freiman-Ruzsa Conjecture","teorth/pfr","0.8886054754257202","True","condRuzsaDist_le, condRuzsaDist_le'","11","11","0","0","0","57","57","0","0","0","[]"
"fb56302c-5a06-4878-b948-77c638507d42","Brownian motion project","RemyDegenne/brownian-motion","0.8883774280548096","True","ProbabilityTheory.covMatrix_stdGaussian","6","6","0","0","0","19","19","0","0","0","[]"
"3969a4c6-98a3-416a-89f8-45d82844cf8f","The Polynomial Freiman-Ruzsa Conjecture","teorth/pfr","0.8874161839485168","True","rho_continuous","5","5","0","0","0","15","13","0","0","2","[]"
"460411ac-240d-4fa4-8f4c-a0c94412b621","Brownian motion project","RemyDegenne/brownian-motion","0.8870357275009155","False","ProbabilityTheory.lintegral_sup_rpow_edist_cover_rescale","6","6","0","0","0","35","35","0","0","0","[]"
"32515f14-f874-47af-9a58-cd215dea20ef","The Polynomial Freiman-Ruzsa Conjecture","teorth/pfr","0.8869637250900269","True","diff_ent_le_rdist', diff_ent_le_rdist''","5","5","0","0","0","45","45","0","0","0","[]"
"554a33b1-a9dc-4a6a-83b8-f33a36232063","Gibbs Measures","YaelDillies/gibbs-measure","0.8867824077606201","False","ProbabilityTheory.Kernel.condExp_ae_eq_integral_kernel","3","3","0","0","0","8","7","0","0","1","[]"
"a2b90dda-f37e-4b2b-a809-3db692893906","The Polynomial Freiman-Ruzsa Conjecture","teorth/pfr","0.8865625858306885","True","ProbabilityTheory.max_entropy_sub_mutualInfo_le_entropy_add, ProbabilityTheory.max_entropy_sub_mutualInfo_le_entropy_sub","8","8","0","0","0","46","46","0","0","0","[]"
"eff67cee-d0c8-4c95-9b81-2dfa8ff7ccac","The Polynomial Freiman-Ruzsa Conjecture","teorth/pfr","0.8864248394966125","False","ProbabilityTheory.IsUniform","5","5","0","0","0","20","20","0","0","0","[]"
"7da7eb7a-9c93-487d-9676-37cfe957c25a","Brownian motion project","RemyDegenne/brownian-motion","0.8862773180007935","True","ProbabilityTheory.continuous_brownian","5","5","0","0","0","14","13","0","0","1","[]"
"7ea4571e-a71d-4613-99be-aba4546dfe8f","Brownian motion project","RemyDegenne/brownian-motion","0.8855226635932922","False","volume_le_of_isCover","2","2","0","0","0","7","7","0","0","0","[]"
"13b5c45d-7bc1-46f1-84a1-1dd5fdd59a97","Brownian motion project","RemyDegenne/brownian-motion","0.885503888130188","True","SupClosed.mem_countableSupClosure_iff","3","3","0","0","0","6","6","0","0","0","[]"
"0d6d279c-ca4c-4c4c-8d6b-b99a24d4badf","The sphere eversion project","leanprover-community/sphere-eversion","0.885436475276947","True","exists_contDiff_of_convex","4","4","0","0","0","8","8","0","0","0","[]"
"e64a7910-f7ec-477d-9d6c-10469c9ccc05","The sphere eversion project","leanprover-community/sphere-eversion","0.8852218389511108","False","relative_inductive_construction_of_loc","2","2","0","0","0","7","7","0","0","0","[]"
"1353c644-a575-4aaa-a153-36377768e59b","Sphere Packing in Dimension 8","thefundamentaltheor3m/Sphere-Packing-Lean","0.8850468397140503","True","SpherePacking.density","9","8","0","0","1","19","16","0","0","3","[{""sid"": ""4980a7e8-f09c-47e8-849d-a89699877364"", ""ref"": ""1.15"", ""label"": ""theorem:CE_Main"", ""kind"": ""theorem"", ""src_paper"": ""Sphere Packing in Dimension 8"", ""body_head"": ""\\uses{E8-Lattice,SpherePackingConstant,SpherePacking.density,E8Packing-density,thm:g,thm:Cohn-Elkies-general} All \\emph{periodic} packing $\\""}]"
"4e015996-162b-4698-b5a0-9b0c1a635a92","Sphere Packing in Dimension 8","thefundamentaltheor3m/Sphere-Packing-Lean","0.884979784488678","False","E8Packing","7","6","0","0","1","11","9","0","0","2","[{""sid"": ""4980a7e8-f09c-47e8-849d-a89699877364"", ""ref"": ""1.15"", ""label"": ""theorem:CE_Main"", ""kind"": ""theorem"", ""src_paper"": ""Sphere Packing in Dimension 8"", ""body_head"": ""\\uses{E8-Lattice,SpherePackingConstant,SpherePacking.density,E8Packing-density,thm:g,thm:Cohn-Elkies-general} All \\emph{periodic} packing $\\""}]"
"7d8d783f-fb2e-49c7-a7ae-acf60939bcfc","The Polynomial Freiman-Ruzsa Conjecture","teorth/pfr","0.8848166465759277","False","ProbabilityTheory.mutual_comp_comp_le","6","6","0","0","0","36","36","0","0","0","[]"
"41d5c2a9-eaf2-490b-b9d7-6583dff3fb80","Brownian motion project","RemyDegenne/brownian-motion","0.8847938179969788","True","ProbabilityTheory.wienerMeasureAux","4","4","0","0","0","14","13","0","0","1","[]"
"ac798dfe-8910-483f-bb7c-a838e181b761","Gibbs Measures","YaelDillies/gibbs-measure","0.8847284317016602","True","ProbabilityTheory.Kernel.isCondExp_iff_bind_eq_left","2","2","0","0","0","5","4","0","0","1","[]"
"073c3786-762f-43f7-9b18-96a16ccfc930","The sphere eversion project","leanprover-community/sphere-eversion","0.884650468826294","True","exists_surrounding_loops","6","6","0","0","0","7","7","0","0","0","[]"
"ae27b095-3885-4eb3-bc44-907508b7b1f4","Sphere Packing in Dimension 8","thefundamentaltheor3m/Sphere-Packing-Lean","0.8842633962631226","True","LinearProgrammingBound'","6","4","0","0","2","24","16","0","0","8","[{""sid"": ""9c3e1d00-af70-42bc-b020-7f53a9aac60f"", ""ref"": ""5.3"", ""label"": ""thm:g"", ""kind"": ""theorem"", ""src_paper"": ""Sphere Packing in Dimension 8"", ""body_head"": ""\\uses{thm:g1} There exists a radial Schwartz function $g:\\mathbb{R}^8\\to\\mathbb{R}$ which satisfies: \\begin{align} g(x)&\\leq 0\\mbox{ for } \\""}, {""sid"": ""87290c6c-6d63-4f23-b2d4-0f85a2651ed0"", ""ref"": ""4.8"", ""label"": ""thm:smooth-fast-decay-schwartz"", ""kind"": ""theorem"", ""src_paper"": ""Sphere Packing in Dimension 8"", ""body_head"": ""Assume $f : \\mathbb{R} \\to \\mathbb{C}$ is smooth on $[0, \\infty)$ and for all $k, n \\in \\mathbb{N}$, there exists $C \\in \\mathbb{R}$ such th""}]"
"8e1487c5-1fe0-4361-8c88-993d9ea87450","Brownian motion project","RemyDegenne/brownian-motion","0.884192168712616","False","MeasureTheory.isStoppingTime_hittingAfter'","8","7","1","0","0","40","30","0","0","10","[]"
"6cafdf9c-33b3-4b62-a8de-863237506355","Carleson operators on doubling metric measure spaces","fpvandoorn/carleson","0.883987545967102","True","dist_mem_Icc_of_Ks_ne_zero, enorm_Ks_le, enorm_Ks_sub_Ks_le","3","3","0","0","0","26","26","0","0","0","[]"
"555637dc-5852-4f43-b3b7-5ab691d0b4ed","Brownian motion project","RemyDegenne/brownian-motion","0.8835852146148682","True","ProbabilityTheory.ElementaryPredictableSet","3","3","0","0","0","12","11","0","0","1","[]"
"ff18ba56-79f3-431e-a254-05cb333fec65","Brownian motion project","RemyDegenne/brownian-motion","0.8834370374679565","True","IsCadlag","22","16","1","0","5","62","47","2","0","13","[{""sid"": ""f907988e-24ee-4bce-9ab9-e5751cd025af"", ""ref"": ""2.1.81"", ""label"": ""thm:tendsto_limitProcess_of_cadlag"", ""kind"": ""theorem"", ""src_paper"": ""Brownian motion project"", ""body_head"": ""\\uses{def:Martingale, def:limitProcess, def:IsCadlag} \\notready Let $X$ be an uniformly integrable cadlag martingale with respect to the fil""}, {""sid"": ""b8f7c652-f29c-48cb-9b59-8c8652e3699f"", ""ref"": ""2.3.66"", ""label"": ""lem:IsLocalMartingale.martingale_iff_classDL"", ""kind"": ""lemma"", ""src_paper"": ""Brownian motion project"", ""body_head"": ""\\uses{def:IsLocalMartingale, def:classDL, def:Martingale, def:IsCadlag} \\notready A local martingale is a cadlag martingale if and only if i""}, {""sid"": ""20862796-ecfd-4743-90c5-f25dc1da27e0"", ""ref"": ""2.3.62"", ""label"": ""lem:Submartingale.locallyIntegrableSup"", ""kind"": ""lemma"", ""src_paper"": ""Brownian motion project"", ""body_head"": ""\\uses{def:Submartingale, def:locallyIntegrableSup, def:IsCadlag, def:rightContinuous} Every cadlag submartingale for a right-continuous filt""}, {""sid"": ""d8ae1865-a169-4c79-813a-eb757508be72"", ""ref"": ""2.1.89"", ""label"": ""lem:Submartingale.stoppedProcess_of_cadlag"", ""kind"": ""lemma"", ""src_paper"": ""Brownian motion project"", ""body_head"": ""\\uses{def:Submartingale, def:stoppedProcess, def:IsCadlag, def:IsStoppingTime} Let $X:\\mathbb{R}_+ \\to \\Omega \\to \\mathbb{R}$ be a cadlag su""}, {""sid"": ""5cfea075-2d86-4da0-8054-ec281e70e84e"", ""ref"": ""2.3.67"", ""label"": ""lem:IsLocalSubmartingale.submartingale_iff_classDL_of_nonnegative"", ""kind"": ""lemma"", ""src_paper"": ""Brownian motion project"", ""body_head"": ""\\uses{def:IsLocalSubmartingale, def:classDL, def:Submartingale, def:IsCadlag} \\notready A nonnegative local submartingale is a cadlag submar""}]"
"2dac8ebd-b1d2-4fd1-9a67-1f127f141b0e","The Polynomial Freiman-Ruzsa Conjecture","teorth/pfr","0.8834141492843628","True","condRhoMinus_le, condRhoPlus_le, condRho_le","6","6","0","0","0","7","6","0","0","1","[]"
"cc5f2dd4-8919-48da-9670-f53248c7ba08","The sphere eversion project","leanprover-community/sphere-eversion","0.8826516270637512","False","FormalSol","0","0","0","0","0","0","0","0","0","0","[]"
"4da71ae2-ecc6-48fe-a63e-a8d21f8cdcb7","Fermat's Last Theorem","ImperialCollegeLondon/FLT","0.882317066192627","False","IsDedekindDomain.FiniteAdeleRing.baseChangeAlgEquiv","2","2","0","0","0","2","0","0","0","2","[]"
"09638709-50d1-4f32-ab88-d47857962640","Fermat's Last Theorem","ImperialCollegeLondon/FLT","0.8821706175804138","False","IsSimpleRing.mulLeft_det_eq_mulRight_det","1","1","0","0","0","1","1","0","0","0","[]"
"1965966d-c476-4c09-a328-3c59666d8fb9","Class Field Theory","kbuzzard/ClassFieldTheory","0.8819233775138855","True","Rep.periodicCohomology, periodicTateCohomology","6","4","0","0","2","29","14","0","0","15","[{""sid"": ""74b408df-59cf-428e-927d-0171213010ea"", ""ref"": ""86"", ""label"": ""lem:finite field trivial"", ""kind"": ""lemma"", ""src_paper"": ""Class Field Theory"", ""body_head"": ""\\uses{thm:additive field trivial, cor:periodic cohomology, lem:herbrand finite, thm:hilbert 90} The Galois modules ${\\mathbb F}_l$ and ${\\ma""}, {""sid"": ""2a5f25bd-7655-44f9-ad8a-8bf552ca5494"", ""ref"": ""87"", ""label"": ""lem:unramified additive trivial"", ""kind"": ""lemma"", ""src_paper"": ""Class Field Theory"", ""body_head"": ""\\uses{thm:additive field trivial} If $l/k$ is unramified then there is a normal basis for ${\\mathcal O}_l$ over ${\\mathcal O}_k$. Hence ther""}]"
"17d561fe-8d50-4eec-b024-d8ca187d16df","Brownian motion project","RemyDegenne/brownian-motion","0.8816832304000854","True","ProbabilityTheory.lintegral_sup_rpow_edist_cover_of_dist_le","5","5","0","0","0","26","26","0","0","0","[]"
"f7012ee2-5aee-46dc-bd60-a3ab707687d1","Brownian motion project","RemyDegenne/brownian-motion","0.8815069198608398","True","ProbabilityTheory.isStable_martingale","6","5","1","0","0","60","40","7","0","13","[]"
"121e4219-ff41-402e-a3f0-2fc4ad481e30","The Polynomial Freiman-Ruzsa Conjecture","teorth/pfr","0.8813601732254028","True","KLDiv","7","6","0","0","1","11","11","0","0","0","[{""sid"": ""79c4df6c-f4e1-4443-b238-e622c85881d3"", ""ref"": ""13.8"", ""label"": ""ckl-div"", ""kind"": ""definition"", ""src_paper"": ""The Polynomial Freiman-Ruzsa Conjecture"", ""body_head"": ""\\uses{kl-div} If $X,Y,Z$ are random variables, with $X,Z$ defined on the same sample space, we define $$ D_{KL}(X|Z \\Vert Y) := \\sum_z \\math""}]"
"55e2a6eb-2229-47f3-b459-640314e2ab63","Sphere Packing in Dimension 8","thefundamentaltheor3m/Sphere-Packing-Lean","0.8812520503997803","False","ModularForm.eta","3","3","0","0","0","11","10","0","0","1","[]"
"7ef12e31-1bc1-4159-adcd-a3b625b481ba","Brownian motion project","RemyDegenne/brownian-motion","0.8810949921607971","False","ProbabilityTheory.maximal_ineq","5","3","1","0","1","51","30","1","0","20","[{""sid"": ""18f4c6e7-6711-4fee-bb51-eb7d18723530"", ""ref"": ""2.1.90"", ""label"": ""lem:doob_ineq_stop"", ""kind"": ""lemma"", ""src_paper"": ""Brownian motion project"", ""body_head"": ""\\uses{def:Submartingale, def:IsStoppingTime, def:RightContinuous} Let $X:\\mathbb{R}\\times\\Omega\\rightarrow \\mathbb{R}$ be a right-continuous""}]"
"ccb803ce-0414-4739-a87b-29680fa7d044","The Polynomial Freiman-Ruzsa Conjecture","teorth/pfr","0.8810287714004517","False","PFR_conjecture_improv_aux","16","16","0","0","0","50","50","0","0","0","[]"
"a596a8c9-6045-4697-ac08-d1e0d35901ec","The Polynomial Freiman-Ruzsa Conjecture","teorth/pfr","0.8806034326553345","False","PFR_conjecture","9","9","0","0","0","23","22","0","0","1","[]"
"48be10ce-421e-491b-9c33-eab0b1c4c1d1","Carleson operators on doubling metric measure spaces","fpvandoorn/carleson","0.8803268074989319","True","spectral_projection_bound","1","1","0","0","0","3","3","0","0","0","[]"
"042dabe9-569d-4ab1-a538-e7fe2f61265b","The sphere eversion project","leanprover-community/sphere-eversion","0.8795044422149658","False","inductive_construction_of_loc","3","3","0","0","0","2","2","0","0","0","[]"
"23a92d38-d15c-4d54-9a6b-84c868171316","The Polynomial Freiman-Ruzsa Conjecture","teorth/pfr","0.8793669939041138","False","PFR_conjecture_aux","16","16","0","0","0","50","47","0","0","3","[]"
"2d5ab52b-9470-4cfe-9cc1-0f29d9a6a68f","The Polynomial Freiman-Ruzsa Conjecture","teorth/pfr","0.879356324672699","False","entropic_PFR_conjecture","8","7","0","0","1","60","59","0","0","1","[{""sid"": ""3be0d32c-0ba1-47ec-80ce-63dc00097e38"", ""ref"": ""6.1"", ""label"": ""eta-def"", ""kind"": ""definition"", ""src_paper"": ""The Polynomial Freiman-Ruzsa Conjecture"", ""body_head"": ""$\\eta := 1/9$.""}]"
"2e1e2c1d-7987-4454-aa07-26c1cb8b169b","Sphere Packing in Dimension 8","thefundamentaltheor3m/Sphere-Packing-Lean","0.8793246150016785","True","PeriodicSpherePacking.density_eq","7","7","0","0","0","12","10","0","0","2","[]"
"5ce3869b-907e-4c1b-b373-085f3da4bddb","Brownian motion project","RemyDegenne/brownian-motion","0.8792575597763062","True","ProbabilityTheory.finite_set_bound_of_edist_le_of_le_diam","9","9","0","0","0","30","30","0","0","0","[]"
"e4d51f09-de8f-4d16-8577-77fa7bde6b21","Brownian motion project","RemyDegenne/brownian-motion","0.8791689872741699","True","ProbabilityTheory.HasLocallyIntegrableSup","9","8","0","0","1","36","29","5","0","2","[{""sid"": ""20862796-ecfd-4743-90c5-f25dc1da27e0"", ""ref"": ""2.3.62"", ""label"": ""lem:Submartingale.locallyIntegrableSup"", ""kind"": ""lemma"", ""src_paper"": ""Brownian motion project"", ""body_head"": ""\\uses{def:Submartingale, def:locallyIntegrableSup, def:IsCadlag, def:rightContinuous} Every cadlag submartingale for a right-continuous filt""}]"
"30cfa031-04a3-4463-bfab-05bbc171e71b","Brownian motion project","RemyDegenne/brownian-motion","0.8786243200302124","True","komlos_L1","4","1","1","0","2","9","1","1","0","7","[{""sid"": ""8bc78500-4d91-42eb-820e-f7129058e90b"", ""ref"": ""2.6.46"", ""label"": ""lem:M_cal_converges_L1"", ""kind"": ""lemma"", ""src_paper"": ""Brownian motion project"", ""body_head"": ""\\uses{def:barM} There exists an $M : \\Omega \\to \\mathbb{R}$ and convex weights $\\lambda^n_n,\\cdots,\\lambda^n_{N_n}$ such that $\\mathcal{M}^n""}, {""sid"": ""6e0f3814-b66c-4edd-9f6f-d1c6b0a5e752"", ""ref"": ""2.6.47"", ""label"": ""def:calM"", ""kind"": ""definition"", ""src_paper"": ""Brownian motion project"", ""body_head"": ""\\uses{lem:M_cal_converges_L1, def:barM} For $t\\in[0,T]$ let $\\mathcal{M}^n_t=\\lambda^n_n \\overline{M}^n_t+\\cdots +\\lambda^n_{N_n} \\overline{""}]"
"306943ed-2296-4da1-9cda-939783827813","Fermat's Last Theorem","ImperialCollegeLondon/FLT","0.8781459331512451","True","NumberField.InfinitePlace.Completion.piEquiv","2","2","0","0","0","6","6","0","0","0","[]"
"76ef37e1-b4c6-40b2-a51c-bb322ab2b532","Fermat's Last Theorem","ImperialCollegeLondon/FLT","0.8775789737701416","False","NumberField.InfinitePlace.Completion.baseChangeEquiv","7","7","0","0","0","5","5","0","0","0","[]"
"14cbb859-9ea0-46c8-bb37-986041aa9081","The Polynomial Freiman-Ruzsa Conjecture","teorth/pfr","0.8773252964019775","True","ProbabilityTheory.IdentDistrib.KLDiv_eq","2","2","0","0","0","7","6","0","0","1","[]"
"375c147b-e321-4eb7-9bd4-86945759b473","Toric varieties","YaelDillies/toric","0.8770900964736938","True","preservesLimitsOfSize_algSpec, algSpec.instFull, algSpec.instFaithful, algSpec.fullyFaithful","10","10","0","0","0","17","11","0","0","6","[]"
"68a4c1b8-ee7c-4d21-b7ef-04f4da521289","The Polynomial Freiman-Ruzsa Conjecture","teorth/pfr","0.8769761323928833","True","sub_multiDistance_le","10","10","0","0","0","38","38","0","0","0","[]"
"a32bdba3-963e-437e-a2d1-240749e694ca","Brownian motion project","RemyDegenne/brownian-motion","0.8769109845161438","True","MeasureTheory.ProgMeasurable.hasStronglyMeasurableSupProcess","5","5","0","0","0","22","22","0","0","0","[]"
"86a1a64c-fcc9-42b8-9711-a49d2e90e85a","Gibbs Measures","YaelDillies/gibbs-measure","0.8767479658126831","True","Specification.isGibbsMeasure_iff_forall_bind_eq, Specification.isGibbsMeasure_iff_frequently_bind_eq","4","3","0","0","1","8","7","0","0","1","[{""sid"": ""1508e9b5-03cb-41c2-bc6f-06f933f23f37"", ""ref"": ""1.9"", ""label"": ""lem:cond-exp-proper-ker-lintegral"", ""kind"": ""lemma"", ""src_paper"": ""Gibbs Measures"", ""body_head"": ""\\uses{def:cond-exp-ker, def:proper-ker} If $\\pi \\in \\text{Ker}_{\\mathcal B, \\mathcal X}$ is a conditional expectation kernel for $\\mu$, then""}]"
"c7b99a20-d47f-43e0-958c-b046328d5c55","Arithmetic Progressions - Almost Periodicity","YaelDillies/apap","0.8757641911506653","True","int","1","0","0","0","1","2","0","0","0","2","[{""sid"": ""4dece2b5-300f-48af-ad1d-81c064bc0651"", ""ref"": ""7.8"", ""label"": ""main-int-count"", ""kind"": ""theorem"", ""src_paper"": ""Arithmetic Progressions - Almost Periodicity"", ""body_head"": ""If $A\\subseteq \\{1,\\ldots,N\\}$ has size $\\left\\lvert A\\right\\rvert=\\alpha N$, then $A$ contains at least \\[\\exp(-O(\\mathcal{L}{\\alpha}^{12})""}]"
"d61fc76d-6c3f-4840-8d34-b397e5f370f1","Toric varieties","YaelDillies/toric","0.8757606148719788","False","essImage_bialgSpec","6","6","0","0","0","10","8","0","0","2","[]"
"d4ccdfb8-ca5c-4e5d-958d-77441fcfe088","Brownian motion project","RemyDegenne/brownian-motion","0.8756691217422485","True","MeasureTheory.Submartingale.monotone_predictablePart","11","6","1","0","4","76","36","9","0","31","[{""sid"": ""2556890b-bcdb-475e-afd0-e6f0462d2ceb"", ""ref"": ""2.6.35"", ""label"": ""lem:predictablePart_gt_iff_leastGT_lt"", ""kind"": ""lemma"", ""src_paper"": ""Brownian motion project"", ""body_head"": ""\\uses{def:predictablePart} Suppose that $X$ is a submartingale and let $T \\ge 1$, $c \\in \\mathbb{R}$. Then $A_T > c \\iff \\tau^T(c) < T$.""}, {""sid"": ""0f7fbfc1-a54e-4861-8417-345dd0408ea4"", ""ref"": ""2.6.30"", ""label"": ""lem:centering_basic"", ""kind"": ""lemma"", ""src_paper"": ""Brownian motion project"", ""body_head"": ""\\uses{def:predictablePart, def:martingalePart} \\leanok Fake lemma: import this lemma when using the basic properties of the Doob decompositi""}, {""sid"": ""88959766-31d6-45e9-aa90-3611385080af"", ""ref"": ""2.6.69"", ""label"": ""lem:limsup_A_n_tau_is_A_tau_ae"", ""kind"": ""lemma"", ""src_paper"": ""Brownian motion project"", ""body_head"": ""Let $\\tau$ be an $(\\mathcal{F}_t)_{t\\in[0,T]}$ stopping time. We have $\\limsup_n \\mathcal{A}_\\tau^n = A_\\tau$.""}, {""sid"": ""e9107a49-bfe4-476f-a958-4312fd0060a7"", ""ref"": ""2.6.58"", ""label"": ""lem:calA_mono"", ""kind"": ""lemma"", ""src_paper"": ""Brownian motion project"", ""body_head"": ""\\uses{def:calA} $\\mathcal{A}^n$ is non-decreasing on $[0,T]$.""}]"
"eaf4f7fe-1273-42c6-907e-8ecdf7bc0c9d","Brownian motion project","RemyDegenne/brownian-motion","0.8755906820297241","True","MeasureTheory.isPavingAnalytic_isPavingAnalytic","6","6","0","0","0","19","17","0","0","2","[]"
"c2222810-811f-4959-9ad5-bfc8a068ef96","Toric varieties","YaelDillies/toric","0.8755718469619751","False","Bialgebra.isDiagonalisable_iff_span_isGroupLikeElem_eq_top","5","3","0","0","2","10","6","0","0","4","[{""sid"": ""4d8e5e3d-91b1-4bd1-8bc9-9f8a4c091012"", ""ref"": ""2.3.25"", ""label"": ""0-is-diag-bialg-quot"", ""kind"": ""proposition"", ""src_paper"": ""Toric varieties"", ""body_head"": ""\\uses{0-is-diag-bialg} Let $R$ be a domain, $G$ a commutative group, $A$ a $R$-bialgebra and $f : R[G] \\to A$ a surjective bialgebra hom. Th""}, {""sid"": ""5aea8dd5-ecd6-43cc-a7b9-bf11a67235e6"", ""ref"": ""2.3.24"", ""label"": ""0-bialg-bij-of-span-grp-like"", ""kind"": ""proposition"", ""src_paper"": ""Toric varieties"", ""body_head"": ""\\uses{0-is-diag-bialg, 0-grp-like-grp} Let $A$ be a bialgebra over a domain $R$, let $G$ be a subgroup of $\\GrpLike(A)$ (which is a monoid b""}]"
"d059f378-16ed-4058-b854-dcacd0088d2d","Fermat's Last Theorem for regular primes","leanprover-community/flt-regular","0.8753477334976196","False","FltRegular.CaseI.may_assume","2","1","1","0","0","3","2","1","0","0","[]"
"7276db0a-3d5d-4e88-87d8-c0b401a15b81","Fermat's Last Theorem","ImperialCollegeLondon/FLT","0.8752179741859436","True","Topology.IsOpenEmbedding.regular_comap","1","1","0","0","0","4","3","0","0","1","[]"
"de7f8354-2f42-4e61-ba14-569e1dff6d64","Brownian motion project","RemyDegenne/brownian-motion","0.8751648664474487","False","ProbabilityTheory.hasLocallyIntegrableSup_of_locally_classDL","9","8","1","0","0","59","42","6","0","11","[]"
"a4948e41-7418-4188-9234-5d6063f844d9","Brownian motion project","RemyDegenne/brownian-motion","0.8750709891319275","True","InfClosed.mem_countableInfClosure_iff","3","3","0","0","0","8","6","0","0","2","[]"
"a924930c-f104-4386-8db1-80a62008379a","The Polynomial Freiman-Ruzsa Conjecture","teorth/pfr","0.8750293254852295","True","Finset.addEnergy'","2","2","0","0","0","1","1","0","0","0","[]"
"0e407931-5b55-41d7-a03d-4bdaa79ad042","The Polynomial Freiman-Ruzsa Conjecture","teorth/pfr","0.8749366998672485","True","condRho_of_sum_le","3","3","0","0","0","14","13","0","0","1","[]"
"4a0d0b78-817e-4f41-b8d7-c2110864f3cb","The Polynomial Freiman-Ruzsa Conjecture","teorth/pfr","0.8747926950454712","True","better_PFR_conjecture_aux0","9","8","0","0","1","55","54","0","0","1","[{""sid"": ""e718ebc3-30d1-487b-ac6a-729c57b3edd8"", ""ref"": ""13.17"", ""label"": ""rho-init"", ""kind"": ""lemma"", ""src_paper"": ""The Polynomial Freiman-Ruzsa Conjecture"", ""body_head"": ""\\uses{rho-def} We have $\\rho(U_A) = 0$.""}]"
"2eec9ac5-3286-4f15-a213-97c6c4d83da3","Brownian motion project","RemyDegenne/brownian-motion","0.8743319511413574","True","ProbabilityTheory.classD_iff_norm","5","5","0","0","0","27","23","1","0","3","[]"
"e9499d03-1491-497c-8ea4-46aad57fe422","Brownian motion project","RemyDegenne/brownian-motion","0.8742704391479492","False","ProbabilityTheory.locally_classD_of_locally_classDL","12","11","1","0","0","58","42","5","0","11","[]"
"925cd492-0888-4b84-8bb2-272f41db17c0","Fermat's Last Theorem","ImperialCollegeLondon/FLT","0.8741735816001892","True","QHat.canonicalForm","0","0","0","0","0","0","0","0","0","0","[]"
"0875a1b4-1d69-46e0-97e8-0765abe1651e","Brownian motion project","RemyDegenne/brownian-motion","0.8736578822135925","True","ProbabilityTheory.covMatrix, ProbabilityTheory.posSemidef_covMatrix","5","5","0","0","0","26","24","0","0","2","[]"
"de432d47-a4ec-4ec1-9e8a-86968bb515c7","Brownian motion project","RemyDegenne/brownian-motion","0.8736271262168884","True","MeasureTheory.Martingale.classD_iff_uniformIntegrable","11","10","1","0","0","62","45","2","0","15","[]"
"5ade2e06-c530-4447-a9ff-30b1408775a0","Brownian motion project","RemyDegenne/brownian-motion","0.8733365535736084","True","ProbabilityTheory.gaussianProjectiveFamily","4","3","0","0","1","15","15","0","0","0","[{""sid"": ""be6a2588-f745-419a-9a26-44adac76b14b"", ""ref"": ""1.4.6"", ""label"": ""lem:C_eq_gramMatrix"", ""kind"": ""lemma"", ""src_paper"": ""Brownian motion project"", ""body_head"": ""\\uses{def:gramMatrix} \\leanok Let $I = \\{t_1, \\ldots, t_n\\}$ be a finite subset of $\\mathbb{R}_+$. For $i \\le n$, let $v_i = \\mathbb{I}_{[0,""}]"
"101bdbf0-6443-4772-8323-7edd1b2233bf","Brownian motion project","RemyDegenne/brownian-motion","0.8731136918067932","False","ProbabilityTheory.exists_modification_holder_iSup","7","7","0","0","0","37","34","0","0","3","[]"
"ca35acb3-14b7-4b1b-8b9e-8c27c0bca01e","Sphere Packing in Dimension 8","thefundamentaltheor3m/Sphere-Packing-Lean","0.8731034994125366","False","serre_D_slash_equivariant","5","4","0","0","1","13","9","0","0","4","[{""sid"": ""8c4a8e64-ad47-4bab-9c03-cad13423b485"", ""ref"": ""6.48"", ""label"": null, ""kind"": ""remark"", ""src_paper"": ""Sphere Packing in Dimension 8"", ""body_head"": ""More generally, the following theorem holds: if $F$ is a quasimodular form of weight $k$ and depth $s$, then $\\partial_{k-s}F$ is a quasimod""}]"
"ed3ae493-91fb-44aa-9e48-317321869f0a","The Polynomial Freiman-Ruzsa Conjecture","teorth/pfr","0.8729528188705444","True","KLDiv_of_comp_inj","5","4","0","0","1","19","18","0","0","1","[{""sid"": ""79c4df6c-f4e1-4443-b238-e622c85881d3"", ""ref"": ""13.8"", ""label"": ""ckl-div"", ""kind"": ""definition"", ""src_paper"": ""The Polynomial Freiman-Ruzsa Conjecture"", ""body_head"": ""\\uses{kl-div} If $X,Y,Z$ are random variables, with $X,Z$ defined on the same sample space, we define $$ D_{KL}(X|Z \\Vert Y) := \\sum_z \\math""}]"
"1ae3fdb3-baae-43f3-965b-51cb3e1a92b1","Toric varieties","YaelDillies/toric","0.8728944063186646","False","hopfSpec.instFull, hopfSpec.instFaithful, hopfSpec.fullyFaithful","8","6","0","0","2","25","20","0","0","5","[{""sid"": ""ad202908-fb6e-4ccf-938d-ba50d0d90567"", ""ref"": ""4.2.10"", ""label"": ""0-diag-tors"", ""kind"": ""proposition"", ""src_paper"": ""Toric varieties"", ""body_head"": ""\\uses{0-diag} Let $G$ be an abelian group with an element of torsion $n$. Let $R$ be a commutative ring with $n$ invertible. Then $D_R(G)$ i""}, {""sid"": ""910b6628-8162-41d6-8f0c-89fa335c7a35"", ""ref"": ""4.2.9"", ""label"": ""0-subgroup-diag"", ""kind"": ""proposition"", ""src_paper"": ""Toric varieties"", ""body_head"": ""\\uses{0-diag} Let $R$ be a domain. Let $G$ be an abelian group. If $H$ is a closed subgroup of $D_R(G)$, then $H$ is a diagonalisable group ""}]"
"e16d2aad-6409-4fae-b23a-8eb7262a08ab","The Polynomial Freiman-Ruzsa Conjecture","teorth/pfr","0.872846245765686","False","condRho_sum_le","6","6","0","0","0","18","18","0","0","0","[]"
"d458edab-3581-481b-b6ca-03118e02a778","Fermat's Last Theorem","ImperialCollegeLondon/FLT","0.8724706172943115","True","NumberField.InfinitePlace.Completion.baseChange_surjective","3","3","0","0","0","6","6","0","0","0","[]"
"91afbdf6-f131-4496-8d2c-830355801dc5","Brownian motion project","RemyDegenne/brownian-motion","0.8720285296440125","False","MeasureTheory.maximal_ineq","2","2","0","0","0","38","20","1","0","17","[]"
"ed1cfd95-d7a9-4b1b-865c-43f532fce91e","Fermat's Last Theorem for regular primes","leanprover-community/flt-regular","0.8719414472579956","False","IsRegularNumber","0","0","0","0","0","0","0","0","0","0","[]"
"97acd510-197e-4d7d-be78-b1043e2003d8","Brownian motion project","RemyDegenne/brownian-motion","0.8719052076339722","False","MeasureTheory.isStoppingTime_debut","7","6","1","0","0","41","31","0","0","10","[]"
"03d0a152-0624-4685-9142-6515bd8be539","Fermat's Last Theorem","ImperialCollegeLondon/FLT","0.8716046214103699","False","NumberField.InfinitePlace.Completion.instIsModuleTopologyValEqComapAlgebraMap_fLT","1","1","0","0","0","3","3","0","0","0","[]"
"4eed8e77-a6a5-4bd0-ad11-ea5216d753dc","Arithmetic Progressions - Almost Periodicity","YaelDillies/apap","0.8715745806694031","False","spec_hoelder","4","3","1","0","0","17","10","5","0","2","[]"
"0f5263bf-8a7f-49aa-b133-1ed9894bff57","Fermat's Last Theorem","ImperialCollegeLondon/FLT","0.8715526461601257","False","FreyPackage","4","4","0","0","0","1","1","0","0","0","[]"
"a447a05c-48ea-4347-81dc-f0674f15c671","Carleson operators on doubling metric measure spaces","fpvandoorn/carleson","0.8711555600166321","True","Tile.uncertainty","4","4","0","0","0","18","18","0","0","0","[]"
"267e53bc-c2e7-4c08-a841-93938d7a23b5","Class Field Theory","kbuzzard/ClassFieldTheory","0.8711099624633789","True","groupCohomology.tateComplex, groupCohomology.tateComplexFunctor, groupCohomology.tateCohomology","6","6","0","0","0","14","10","0","0","4","[]"
"971e71b3-bed1-4ade-ac47-a226577458f3","Fermat's Last Theorem","ImperialCollegeLondon/FLT","0.8710980415344238","True","Hurwitz.exists_near","2","2","0","0","0","1","1","0","0","0","[]"
"a08f87fd-a663-4718-8875-04f2b9b9544f","The sphere eversion project","leanprover-community/sphere-eversion","0.8710265159606934","False","OneJetSec.IsHolonomicAt, OneJetSec.isHolonomicAt_iff","0","0","0","0","0","0","0","0","0","0","[]"
"677feaec-f2ce-4a00-866d-c4f83299bc33","Toric varieties","YaelDillies/toric","0.8707612752914429","True","commHopfAlgCatEquivCogrpCommAlgCat","3","3","0","0","0","16","10","0","0","6","[]"
"e729016e-1dd2-422d-a8da-3077b2aabca6","The sphere eversion project","leanprover-community/sphere-eversion","0.8707495927810669","True","RelLoc.FormalSol.improve","4","3","0","0","1","14","14","0","0","0","[{""sid"": ""b20ddf88-89a2-489d-9137-efffec615a54"", ""ref"": ""4.3"", ""label"": ""sphere_eversion_of_loc"", ""kind"": ""theorem"", ""src_paper"": ""The sphere eversion project"", ""body_head"": ""There is a homotopy of immersion of $\ud835\udd4a^2$ into $\u211d^3$ from the inclusion map to the antipodal map $a \\!: q \u21a6 -q$.""}]"
"0228e0c6-0bce-48d2-b31d-1d9547598882","Brownian motion project","RemyDegenne/brownian-motion","0.8707427382469177","False","ProbabilityTheory.hasLaw_preBrownian_sub","7","7","0","0","0","15","14","0","0","1","[]"
"a0e771a5-5369-42bb-941f-42315ec82296","The Polynomial Freiman-Ruzsa Conjecture","teorth/pfr","0.8706378936767578","True","ProbabilityTheory.entropy_comp_le","4","4","0","0","0","35","35","0","0","0","[]"
"be147009-d785-40a5-88b8-c8e1b34912a7","The Polynomial Freiman-Ruzsa Conjecture","teorth/pfr","0.8702799081802368","False","PFR_conjecture_improv","4","4","0","0","0","24","24","0","0","0","[]"
"2b840550-e185-4357-8fad-0aa985cf3115","Brownian motion project","RemyDegenne/brownian-motion","0.8702133297920227","False","ProbabilityTheory.finite_kolmogorov_chentsov","7","7","0","0","0","31","30","0","0","1","[]"
"cf627537-4876-404c-bc07-be0790b3e9ab","Toric varieties","YaelDillies/toric","0.8700002431869507","True","algSpec","5","5","0","0","0","12","10","0","0","2","[]"
"62d72ed7-9824-4519-8eae-a28e884a2b63","Carleson operators on doubling metric measure spaces","fpvandoorn/carleson","0.869997501373291","False","dirichletKernel_eq, partialFourierSum_eq_conv_dirichletKernel","4","4","0","0","0","5","5","0","0","0","[]"
"29e1b219-255c-4d21-93e5-32b56ea7452e","The Polynomial Freiman-Ruzsa Conjecture","teorth/pfr","0.8699867129325867","True","exists_isUniform_of_rdist_self_eq_zero","4","4","0","0","0","27","27","0","0","0","[]"
"c16ce8ad-d3f9-4f86-8f72-5c89d34427f2","Brownian motion project","RemyDegenne/brownian-motion","0.8699711561203003","True","ProbabilityTheory.classDL_iff_norm","2","2","0","0","0","21","19","0","0","2","[]"
"f6cc4b26-42e2-4a17-8ea4-e886c77768e0","Sphere Packing in Dimension 8","thefundamentaltheor3m/Sphere-Packing-Lean","0.8698824644088745","True","ramanujan_E₂, ramanujan_E₄, ramanujan_E₆, ramanujan_E₂', ramanujan_E₄', ramanujan_E₆'","9","6","0","0","3","33","18","0","0","15","[{""sid"": ""1bbed756-30ef-41f9-b276-a64bb2b216c4"", ""ref"": ""7.5"", ""label"": ""cor:phi0-bound"", ""kind"": ""corollary"", ""src_paper"": ""Sphere Packing in Dimension 8"", ""body_head"": ""\\uses{thm:ramanujan-formula, lemma:mod-div-disc-bound, lemma:Ek-Fourier, lemma:mod_form_poly_growth} There exists a constant $C_0 > 0$ such ""}, {""sid"": ""43e1866f-fd75-4087-ab51-5469741a8458"", ""ref"": ""6.50"", ""label"": ""cor:logder-disc-E2"", ""kind"": ""corollary"", ""src_paper"": ""Sphere Packing in Dimension 8"", ""body_head"": ""\\uses{thm:ramanujan-formula, def:disc-definition} \\begin{equation} \\Delta' = E_2 \\Delta. \\end{equation}""}, {""sid"": ""d526ff78-1043-41e0-862c-35dc080e147a"", ""ref"": ""6.30"", ""label"": ""cor:dim-mf"", ""kind"": ""corollary"", ""src_paper"": ""Sphere Packing in Dimension 8"", ""body_head"": ""\\uses{def:Mk, thm:lvl1_dims} We have \\begin{align} \\dim M_2(\\mathrm{SL}_{2}(\\mathbb{Z})) &= 0, \\\\ \\dim M_4(\\mathrm{SL}_{2}(\\mathbb{Z})) &= 1""}]"
"46263ca5-a80a-49ca-8a12-b8d836599b45","The Polynomial Freiman-Ruzsa Conjecture","teorth/pfr","0.8697601556777954","True","card_of_dual","3","3","0","0","0","1","1","0","0","0","[]"
"bd421c9c-6a27-475b-81cd-11bb840baa44","The Polynomial Freiman-Ruzsa Conjecture","teorth/pfr","0.8697306513786316","True","ProbabilityTheory.prob_ge_exp_neg_entropy","5","5","0","0","0","37","37","0","0","0","[]"
"63802918-11c4-45c2-8065-8db161872947","Brownian motion project","RemyDegenne/brownian-motion","0.8696991205215454","False","ProbabilityTheory.memHolder_brownian","6","6","0","0","0","16","15","0","0","1","[]"
"1d5b614b-86ff-484f-b7aa-9a8ee1ad1056","Brownian motion project","RemyDegenne/brownian-motion","0.8696869015693665","True","ProbabilityTheory.lintegral_sup_rpow_edist_le_sum_of_le_one","4","4","0","0","0","16","16","0","0","0","[]"
"e67af919-96a7-4df5-98fc-ea9dea8eddad","The Polynomial Freiman-Ruzsa Conjecture","teorth/pfr","0.8695472478866577","True","ent_bsg","14","14","0","0","0","69","69","0","0","0","[]"
"4387b43b-ac2e-4a41-b4d9-ca32e97cd632","The Polynomial Freiman-Ruzsa Conjecture","teorth/pfr","0.8694651126861572","False","ProbabilityTheory.exists_isUniform, ProbabilityTheory.exists_isUniform_measureSpace","4","4","0","0","0","28","28","0","0","0","[]"
"da271e15-35b0-4382-9f9f-33aec5446085","Brownian motion project","RemyDegenne/brownian-motion","0.8694584965705872","True","ProbabilityTheory.HasIntegrableSup","3","3","0","0","0","14","13","0","0","1","[]"
"cb73ddee-23c4-4d0c-84d7-3ecd1cbff519","Class Field Theory","kbuzzard/ClassFieldTheory","0.8693662881851196","False","localInv","6","2","0","0","4","26","7","0","0","19","[{""sid"": ""d752eadd-f143-44be-a89e-45bbc87eaec5"", ""ref"": ""95"", ""label"": ""lem:local unram inv infl"", ""kind"": ""lemma"", ""src_paper"": ""Class Field Theory"", ""body_head"": ""\\uses{def:local inv, lem:local inv fundamental class} Let $m / l / k$ be a tower of unramified extensions of local fields and let $\\mathrm{i""}, {""sid"": ""19f162e4-48fa-4666-9f80-ae5acedd1ff0"", ""ref"": ""93"", ""label"": ""lem:local inv fundamental class"", ""kind"": ""lemma"", ""src_paper"": ""Class Field Theory"", ""body_head"": ""\\uses{lem:unramified fundamental class, def:local inv} The fundamental class $\\sigma_{l/k}$ has local invariant $\\frac{1}{[l:k]}$.""}, {""sid"": ""08986364-b5d9-41a2-8cb9-6ba7a6bb3ca5"", ""ref"": ""92"", ""label"": ""def:unramified local inv"", ""kind"": ""definition"", ""src_paper"": ""Class Field Theory"", ""body_head"": ""\\uses{lem:unramified units trivial, def:local inv} The \\emph{local invariant} $\\mathrm{inv}_{l/k} : H^2(l/k, l^\\times) \\cong \\frac{1}{[l:k]}""}, {""sid"": ""2c79db86-11ef-4655-85a8-e85d5fe037ea"", ""ref"": ""96"", ""label"": ""thm:local fund class"", ""kind"": ""theorem"", ""src_paper"": ""Class Field Theory"", ""body_head"": ""\\uses{ lem:unramified fundamental class, thm:hilbert 90, def:local inv, lem:local H2 upper bound } For every finite Galois extension $l/k$ o""}]"
"21f26f0b-00be-4a17-bd04-db78398a90b8","Brownian motion project","RemyDegenne/brownian-motion","0.8693637847900391","True","le_volume_of_isSeparated","3","3","0","0","0","5","5","0","0","0","[]"
"8569209b-7c3b-4384-94d8-c9bec82d3cf7","Brownian motion project","RemyDegenne/brownian-motion","0.8691746592521667","False","ProbabilityTheory.ClassDL.locally_classD","7","7","0","0","0","51","41","5","0","5","[]"
"beff80a3-96aa-41ed-b524-ddc4ee27ebe4","Brownian motion project","RemyDegenne/brownian-motion","0.8691518902778625","False","MeasureTheory.Filtration.predictable","6","6","0","0","0","22","16","2","0","4","[]"
"3af3aa28-5910-426c-8a20-9213adb1e17b","Brownian motion project","RemyDegenne/brownian-motion","0.8678654432296753","True","ProbabilityTheory.SimpleProcess.integral_const_right","1","1","0","0","0","13","7","0","0","6","[]"
"1d731bbc-404d-4517-a064-3cd7facdd9e0","Gibbs Measures","YaelDillies/gibbs-measure","0.867743730545044","True","Specification.IsMarkov","1","1","0","0","0","7","7","0","0","0","[]"
"4ed2fb55-015c-4f64-8651-8d10791e49a0","Sphere Packing in Dimension 8","thefundamentaltheor3m/Sphere-Packing-Lean","0.8677321076393127","True","SpherePacking.finiteDensity_le, SpherePacking.finiteDensity_ge","3","3","0","0","0","10","10","0","0","0","[]"
"3abfb09e-2531-42af-8767-92d9310b248d","Brownian motion project","RemyDegenne/brownian-motion","0.8675172328948975","True","MeasureTheory.ProgMeasurableSet","2","2","0","0","0","10","9","1","0","0","[]"
"b5741304-7386-46f9-97ed-9ed327b99872","Brownian motion project","RemyDegenne/brownian-motion","0.8672220706939697","True","ProbabilityTheory.ClassD.classDL","6","6","0","0","0","35","28","0","0","7","[]"
"0442b7e5-3c2e-4add-8abb-484a80b6e34b","Sphere Packing in Dimension 8","thefundamentaltheor3m/Sphere-Packing-Lean","0.8671807646751404","True","Δ_ne_zero","5","3","0","0","2","20","9","0","0","11","[{""sid"": ""318fc258-30b7-41a3-bce9-97fc8e2de0a3"", ""ref"": ""7.14"", ""label"": ""prop:a-double-zeros"", ""kind"": ""proposition"", ""src_paper"": ""Sphere Packing in Dimension 8"", ""body_head"": ""\\uses{cor:phi0-near-0-infty, def:a-definition, cor:disc-nonvanishing} For $r>\\sqrt{2}$ we can express $a(r)$ in the following form \\begin{eq""}, {""sid"": ""a18c038a-a88c-47da-860d-8d8cc6935c44"", ""ref"": ""7.28"", ""label"": ""prop:b-double-zeros"", ""kind"": ""proposition"", ""src_paper"": ""Sphere Packing in Dimension 8"", ""body_head"": ""\\uses{lemma:psiI-psiT-psiS-fourier, def:psiI-psiT-psiS, cor:psiI-near-0-infty, cor:disc-nonvanishing} For $r>\\sqrt{2}$ function $b(r)$ can b""}]"
"9f6db375-96cb-4ba5-ac03-ac505cbc90a5","Brownian motion project","RemyDegenne/brownian-motion","0.8671540021896362","True","MeasureTheory.MonotoneClass.generateFrom_eq","1","1","0","0","0","3","3","0","0","0","[]"
"f63a3da9-d00f-4fa0-b595-aea75e0951a1","Class Field Theory","kbuzzard/ClassFieldTheory","0.8670758008956909","True","groupCohomology.TateCohomology.isoGroupCohomology, groupCohomology.TateCohomology.isoGroupHomology, groupCohomology.TateCohomology.zeroIso, groupCohomology.TateCohomology.zeroIsoOfIsTrivial, groupCohomology.TateCohomology.negOneIso, groupCohomology.TateCohomology.negOneIsoOfIsTrivial","9","6","0","0","3","41","21","0","0","20","[{""sid"": ""4774269e-9e0a-4a80-9f11-8783f0266609"", ""ref"": ""48"", ""label"": ""cor:cohomology G-torsion"", ""kind"": ""corollary"", ""src_paper"": ""Class Field Theory"", ""body_head"": ""\\uses{lem:cor comp rest, lem:Hn unit, lem:Tate cohomology is cohomology or homology, cor:Tate up down isos } If $M$ is a representation of a""}, {""sid"": ""5cde3491-d8b0-4459-b4f0-e1e760d487cf"", ""ref"": ""49"", ""label"": ""cor:cohomology sub Sylow"", ""kind"": ""corollary"", ""src_paper"": ""Class Field Theory"", ""body_head"": ""\\uses{cor:Tate up down isos, lem:Tate cohomology is cohomology or homology, lem:cor comp rest } Let $M$ be a representation of a finite grou""}, {""sid"": ""ff2bbf33-67de-485e-8e5b-0574bcecaa87"", ""ref"": ""44"", ""label"": ""lem:Tate -1 aug"", ""kind"": ""lemma"", ""src_paper"": ""Class Field Theory"", ""body_head"": ""\\uses{ def:augmentation module, lem:homology 1 trivial, lem:Tate cohomology is cohomology or homology } Let $S$ be a subgroup of a finite gr""}]"
"1228e149-7047-423a-b8da-ff1d2b512a29","Brownian motion project","RemyDegenne/brownian-motion","0.8670240044593811","False","MeasureTheory.Measure.capacity","3","3","0","0","0","8","8","0","0","0","[]"
"d292150b-f434-4c2c-b6ed-8b13ca9ac7f6","Class Field Theory","kbuzzard/ClassFieldTheory","0.8669918775558472","False","Representation.ind₁', Rep.ind₁'","4","4","0","0","0","9","9","0","0","0","[]"
"080d0f8c-8c98-44a3-8fb7-4fcb4e150c98","The Polynomial Freiman-Ruzsa Conjecture","teorth/pfr","0.8669896721839905","False","ProbabilityTheory.CondIndepFun","2","2","0","0","0","7","7","0","0","0","[]"
"330eaa90-7837-42a5-8a83-f1e7f1d96ac1","Brownian motion project","RemyDegenne/brownian-motion","0.8664388656616211","True","ProbabilityTheory.lintegral_sup_rpow_edist_le_card_mul_rpow_of_dist_le","4","4","0","0","0","29","29","0","0","0","[]"
"c8451d00-1d66-4d52-8c53-dc827f2af98b","Sphere Packing in Dimension 8","thefundamentaltheor3m/Sphere-Packing-Lean","0.8663496375083923","True","jacobi_identity","4","1","0","0","3","13","9","0","0","4","[{""sid"": ""d526ff78-1043-41e0-862c-35dc080e147a"", ""ref"": ""6.30"", ""label"": ""cor:dim-mf"", ""kind"": ""corollary"", ""src_paper"": ""Sphere Packing in Dimension 8"", ""body_head"": ""\\uses{def:Mk, thm:lvl1_dims} We have \\begin{align} \\dim M_2(\\mathrm{SL}_{2}(\\mathbb{Z})) &= 0, \\\\ \\dim M_4(\\mathrm{SL}_{2}(\\mathbb{Z})) &= 1""}, {""sid"": ""4aade60b-3f90-494c-abae-b6a9efdb22ff"", ""ref"": ""6.51"", ""label"": ""prop:theta-der"", ""kind"": ""proposition"", ""src_paper"": ""Sphere Packing in Dimension 8"", ""body_head"": ""\\uses{def:serre-der, lemma:theta-transform-S-T, lemma:jacobi-identity} We have \\begin{align} H_2' &= \\frac{1}{6} (H_{2}^{2} + 2 H_{2} H_{4} ""}, {""sid"": ""d88ab4f5-b24e-4da0-8186-56dc6475968b"", ""ref"": ""6.41"", ""label"": ""lemma:lv1-lv2-identities"", ""kind"": ""lemma"", ""src_paper"": ""Sphere Packing in Dimension 8"", ""body_head"": ""\\uses{lemma:theta-transform-S-T, lemma:theta-modular, lemma:disc-cuspform} We have \\begin{align} E_4 &= \\frac{1}{2}(H_{2}^{2} + H_{3}^{2} + ""}]"
"ec968cde-243f-4f2c-b9eb-2ef3dc43eaa2","Sphere Packing in Dimension 8","thefundamentaltheor3m/Sphere-Packing-Lean","0.8660047054290771","True","E8Basis_volume","3","3","0","0","0","11","9","0","0","2","[]"
"673c87c7-f1b7-42d8-9730-aa5558b19cde","Sphere Packing in Dimension 8","thefundamentaltheor3m/Sphere-Packing-Lean","0.8659855127334595","False","Delta_E4_eqn","3","3","0","0","0","10","8","0","0","2","[]"
"f115988c-49c9-4743-9053-c2d5a6080d4c","Sphere Packing in Dimension 8","thefundamentaltheor3m/Sphere-Packing-Lean","0.865760326385498","False","span_E8Matrix","4","4","0","0","0","4","3","0","0","1","[]"
"7db5df55-7aae-4fce-a605-d52d37aa3cfa","The Polynomial Freiman-Ruzsa Conjecture","teorth/pfr","0.865697979927063","False","sub_mem_symmGroup","8","8","0","0","0","60","60","0","0","0","[]"
"d49f7772-dadb-42a9-90b8-c523cc33562b","The Polynomial Freiman-Ruzsa Conjecture","teorth/pfr","0.8652899861335754","True","multiTau_min_sum_le","7","7","0","0","0","31","31","0","0","0","[]"
"1ee95fdc-970b-4ca9-941b-c3fc99c06eaa","Gibbs Measures","YaelDillies/gibbs-measure","0.8645616769790649","False","MeasureTheory.lcondExp","1","1","0","0","0","3","2","0","0","1","[]"
"26f7007e-bb84-4d26-91b9-ac272c68a8ce","Sphere Packing in Dimension 8","thefundamentaltheor3m/Sphere-Packing-Lean","0.8645517826080322","True","SpherePacking.finiteDensity","5","5","0","0","0","10","9","0","0","1","[]"
"6a9f3f4b-6fa1-4699-a2fb-650c17a54bdf","Fermat's Last Theorem","ImperialCollegeLondon/FLT","0.8643984198570251","False","MeasureTheory.ringHaarChar_restrictedProduct","1","1","0","0","0","3","3","0","0","0","[]"
"83edbaeb-6b79-4e5d-bde4-1e0f100f63af","Brownian motion project","RemyDegenne/brownian-motion","0.8643577098846436","True","ProbabilityTheory.IsStable","17","13","4","0","0","43","39","2","0","2","[]"
"d3ce2835-c23e-424a-bcf2-972f3faba054","Toric varieties","YaelDillies/toric","0.8641147017478943","True","MonoidAlgebra.isGroupLikeElem_of","3","3","0","0","0","11","8","0","0","3","[]"
"0d228d69-8750-47c1-847d-b94942d5769d","Brownian motion project","RemyDegenne/brownian-motion","0.8639591336250305","True","ProbabilityTheory.isLocalizingSequence_leastGE","7","6","0","0","1","51","38","4","0","9","[{""sid"": ""ea074c77-0ce3-43f3-9ae6-6f1efe830247"", ""ref"": ""2.2.61"", ""label"": ""cor:isStoppingTime_leastGE_of_rightContinuous"", ""kind"": ""corollary"", ""src_paper"": ""Brownian motion project"", ""body_head"": ""\\uses{def:IsStoppingTime, def:leastGE, def:rightContinuous, def:adapted, def:RightContinuous} If $X : \u03b9 \\to \u03a9 \\to \u211d$ is a right-continuous a""}]"
"eaef369f-f94a-48c1-a6ce-5ebf581b3cb6","Class Field Theory","kbuzzard/ClassFieldTheory","0.863811731338501","True","Rep.trivialCohomology_coind₁","8","8","0","0","0","21","14","0","0","7","[]"
"fc0e6c9b-43d1-4514-9703-99fdfa7417e5","Gibbs Measures","YaelDillies/gibbs-measure","0.8637629747390747","True","Specification.IsIndep","3","3","0","0","0","10","10","0","0","0","[]"
"cd4d279a-b9e9-44de-a657-ee29ecff86e9","Carleson operators on doubling metric measure spaces","fpvandoorn/carleson","0.8633390665054321","True","fourierConv_ofTwiceDifferentiable","4","4","0","0","0","4","4","0","0","0","[]"
"0e87556f-7a45-4504-b053-04dcffccee64","Sphere Packing in Dimension 8","thefundamentaltheor3m/Sphere-Packing-Lean","0.8632209300994873","False","G₂_transform","5","5","0","0","0","18","11","0","0","7","[]"
"9bb9e75e-8d51-4e83-a760-2b6462e7d26c","Brownian motion project","RemyDegenne/brownian-motion","0.8631893396377563","True","MeasureTheory.isStoppingTime_leastGE","5","4","0","0","1","45","30","2","0","13","[{""sid"": ""ea074c77-0ce3-43f3-9ae6-6f1efe830247"", ""ref"": ""2.2.61"", ""label"": ""cor:isStoppingTime_leastGE_of_rightContinuous"", ""kind"": ""corollary"", ""src_paper"": ""Brownian motion project"", ""body_head"": ""\\uses{def:IsStoppingTime, def:leastGE, def:rightContinuous, def:adapted, def:RightContinuous} If $X : \u03b9 \\to \u03a9 \\to \u211d$ is a right-continuous a""}]"
"8eed51d7-9df3-434c-a495-9c0cba3e06bb","Brownian motion project","RemyDegenne/brownian-motion","0.8627883195877075","False","coveringNumber_closedBall_ge","2","2","0","0","0","9","9","0","0","0","[]"
"9dbdd956-73e6-44d8-bb9c-12e2e7156829","Class Field Theory","kbuzzard/ClassFieldTheory","0.8627718687057495","False","groupCohomology.map_cochainsFunctor_shortExact","2","2","0","0","0","4","3","0","0","1","[]"
"410b09e5-60b4-4535-be0e-a1bce921baa7","Brownian motion project","RemyDegenne/brownian-motion","0.8624271154403687","True","ProbabilityTheory.SimpleProcess.isPredictable","3","3","0","0","0","20","11","2","0","7","[]"
"03612a57-c816-410c-b020-ee812f49b5e4","Fermat's Last Theorem","ImperialCollegeLondon/FLT","0.8623167276382446","True","NumberField.InfinitePlace.Completion.baseChange_injective","4","4","0","0","0","6","6","0","0","0","[]"
"d23a1806-fe26-4c86-8693-b19512ba3820","The Polynomial Freiman-Ruzsa Conjecture","teorth/pfr","0.862189531326294","True","goursat","3","3","0","0","0","6","6","0","0","0","[]"
"dbf53f61-0850-4b3d-ba15-9a817b57b4df","Brownian motion project","RemyDegenne/brownian-motion","0.8621404767036438","True","ProbabilityTheory.maximal_ineq_norm","4","3","1","0","0","41","27","2","0","12","[]"
"a1c85104-e7ab-408e-adef-3f8fa1ee49f7","The Polynomial Freiman-Ruzsa Conjecture","teorth/pfr","0.8618820309638977","False","diff_ent_le_rdist","17","17","0","0","0","64","64","0","0","0","[]"
"fc57192f-9665-46b6-8f8b-a9bfc22b12ba","Brownian motion project","RemyDegenne/brownian-motion","0.8616832494735718","True","MeasureTheory.discreteApproxSequence_of","5","5","0","0","0","30","22","1","0","7","[]"
"0820d4cc-d5a9-4479-b1c7-8a54920da56c","Brownian motion project","RemyDegenne/brownian-motion","0.8616406917572021","False","ProbabilityTheory.isGaussianProcess_preBrownian","6","6","0","0","0","14","13","0","0","1","[]"
"e2c9bd26-752b-46ed-a368-b8ce36f03693","Class Field Theory","kbuzzard/ClassFieldTheory","0.8614628911018372","False","groupCohomology.rest","2","2","0","0","0","8","6","0","0","2","[]"
"64e8af97-bc97-442c-8a47-f63db521e6c2","The Polynomial Freiman-Ruzsa Conjecture","teorth/pfr","0.8612970113754272","True","rho_PFR_conjecture","10","10","0","0","0","57","55","0","0","2","[]"
"909d0894-6f5e-406b-8c6f-78a86115ef4c","Sphere Packing in Dimension 8","thefundamentaltheor3m/Sphere-Packing-Lean","0.8612477779388428","False","E₂_eq","9","7","0","0","2","33","17","0","0","16","[{""sid"": ""b004088b-7031-45ad-8e42-4f31cbd3e85d"", ""ref"": ""8.9"", ""label"": ""cor:MLDE-pos"", ""kind"": ""corollary"", ""src_paper"": ""Sphere Packing in Dimension 8"", ""body_head"": ""\\uses{lemma:FG-de, cor:disc-pos, cor:theta-pos, def:E2} \\eqref{eqn:ddf} (resp. \\eqref{eqn:ddg}) is positive (resp. negative) on the (positiv""}, {""sid"": ""ac1b038b-9641-42a1-b1bd-902e8429705e"", ""ref"": ""7.1"", ""label"": ""def:phi4-phi2-phi0"", ""kind"": ""definition"", ""src_paper"": ""Sphere Packing in Dimension 8"", ""body_head"": ""\\uses{def:Ek,def:E2} \\begin{align} \\phi_{-4} &:= \\frac{E_4^2}{\\Delta} \\\\ \\phi_{-2} &:= \\frac{E_4(E_2 E_4 - E_6)}{\\Delta} \\\\ \\phi_{0} &:= \\fr""}]"
"aa8ee4bd-ce4c-43db-be4f-763547b406a3","The sphere eversion project","leanprover-community/sphere-eversion","0.861139178276062","False","local_loops","5","5","0","0","0","8","8","0","0","0","[]"
"7146be3f-484d-4f03-b7eb-a8189c3ff9d7","The Polynomial Freiman-Ruzsa Conjecture","teorth/pfr","0.8611305356025696","True","condRho","5","5","0","0","0","9","9","0","0","0","[]"
"ce64c70c-16e5-4a61-a8b6-fb4dd8844f15","Sphere Packing in Dimension 8","thefundamentaltheor3m/Sphere-Packing-Lean","0.8606266975402832","False","PeriodicSpherePacking.aux2_ge', PeriodicSpherePacking.aux2_le'","1","1","0","0","0","6","6","0","0","0","[]"
"31da1850-42c5-4c6f-a7e5-60b69fdf28d1","The sphere eversion project","leanprover-community/sphere-eversion","0.8605773448944092","False","LocalisationData","0","0","0","0","0","0","0","0","0","0","[]"
"410a10f9-538b-41a5-ba2a-0e0c847193d5","Fermat's Last Theorem","ImperialCollegeLondon/FLT","0.8604304790496826","True","IsDedekindDomain.HeightOneSpectrum.adicCompletion.baseChangeContinuousAlgEquiv","1","0","0","0","1","3","1","0","0","2","[{""sid"": ""73d44861-1300-4355-bb2d-1c3962491f4d"", ""ref"": ""9.7"", ""label"": ""IsDedekindDomain.HeightOneSpectrum.adicCompletion.instIsModuleTopology"", ""kind"": ""theorem"", ""src_paper"": ""Fermat's Last Theorem"", ""body_head"": ""Giving $L_w$ the $K_v$-algebra structure coming from the natural map $K_v\\to L_w$, the $w$-adic topology on $L_w$ is the $K_v$-module topolo""}]"
"fca776e7-b416-4c50-92b9-c582d79070e7","The sphere eversion project","leanprover-community/sphere-eversion","0.8600874543190002","False","RelLoc.IsAmple","0","0","0","0","0","0","0","0","0","0","[]"
"a9fccfb0-1480-4e26-b167-5dfb8de4ca21","Brownian motion project","RemyDegenne/brownian-motion","0.8599625825881958","False","ProbabilityTheory.lintegral_sup_cover_eq_of_lt_iInf_dist","5","5","0","0","0","30","30","0","0","0","[]"
"f43bdf60-26e2-4c95-aeb2-096587cefb7d","Brownian motion project","RemyDegenne/brownian-motion","0.8599458932876587","False","coveringNumber_le_volume_div","5","5","0","0","0","24","24","0","0","0","[]"
"d96e0f28-061e-4f36-8a10-77343984e51d","Fermat's Last Theorem","ImperialCollegeLondon/FLT","0.8598488569259644","True","NumberField.FiniteAdeleRing.DivisionAlgebra.finiteDoubleCoset","1","1","0","0","0","3","1","0","0","2","[]"
"13b9d985-0df2-4ea1-81d0-820b0591dd45","Brownian motion project","RemyDegenne/brownian-motion","0.8596938848495483","True","MeasureTheory.isPavingAnalytic_of_measurableSet_generateFrom","8","8","0","0","0","17","15","0","0","2","[]"
"cfd6ef2a-6e78-4014-b7b3-596b10f12a07","Brownian motion project","RemyDegenne/brownian-motion","0.8596481084823608","False","MeasureTheory.tendsto_eLpNorm_stoppedValue_of_discreteApproxSequence","12","11","1","0","0","43","34","0","0","9","[]"
"093eefe1-1976-47f3-9eb0-e59296b6c91f","Toric varieties","YaelDillies/toric","0.8595132231712341","True","HopfAlgebra.antipode_mul_antidistrib, HopfAlgebra.antipode_mul_distrib","1","1","0","0","0","2","2","0","0","0","[]"
"44041dc4-d0af-4c36-843d-2662ae247603","The Polynomial Freiman-Ruzsa Conjecture","teorth/pfr","0.8592779636383057","True","condRho_of_injective","3","3","0","0","0","8","8","0","0","0","[]"
"f40bfc83-23db-4ff2-88ff-4c8c264b79ea","Brownian motion project","RemyDegenne/brownian-motion","0.8590863347053528","False","ProbabilityTheory.lintegral_sup_rpow_edist_succ","6","6","0","0","0","30","30","0","0","0","[]"
"534afbfd-2bfc-4d88-a8b4-30542256d8fd","Sphere Packing in Dimension 8","thefundamentaltheor3m/Sphere-Packing-Lean","0.8588336706161499","False","FG_inequality_2","6","3","0","0","3","27","15","0","0","12","[{""sid"": ""4170eb3a-ceb9-419a-afcf-f4af24c12601"", ""ref"": ""6.53"", ""label"": ""thm:anti-serre-der-pos"", ""kind"": ""theorem"", ""src_paper"": ""Sphere Packing in Dimension 8"", ""body_head"": ""\\uses{def:serre-der, cor:logder-disc-E2} Let $F$ be a holomorphic quasimodular cusp form with real Fourier coefficients. Assume that there e""}, {""sid"": ""c160ef2e-bae9-45e2-95a1-b563b19baff7"", ""ref"": ""8.14"", ""label"": ""thm:g1"", ""kind"": ""theorem"", ""src_paper"": ""Sphere Packing in Dimension 8"", ""body_head"": ""\\uses{prop:a-fourier, prop:b-fourier, prop:a-double-zeros, prop:b-double-zeros, prop:ineqA, prop:ineqB, prop:a0, prop:b0} The function $$g(x""}, {""sid"": ""c4301c64-b26c-4fd2-ab54-f5c7ff4bda69"", ""ref"": ""8.2"", ""label"": ""prop:ineqB"", ""kind"": ""proposition"", ""src_paper"": ""Sphere Packing in Dimension 8"", ""body_head"": ""\\uses{lemma:ineqABnew-equiv, lemma:F-G-phi-psi-identities, cor:ineqBnew} Consider the function $B:(0,\\infty)\\to\\mathbb{C}$ defined as \\begin""}]"
"5ccade27-2e19-437a-81f0-e3db0c6aa638","The Polynomial Freiman-Ruzsa Conjecture","teorth/pfr","0.8588209748268127","True","ProbabilityTheory.independent_copies, ProbabilityTheory.independent_copies', ProbabilityTheory.independent_copies_two, ProbabilityTheory.independent_copies3_nondep","15","15","0","0","0","87","87","0","0","0","[]"
"a726bce8-465c-4bbf-acf9-fc5c2202d445","The Polynomial Freiman-Ruzsa Conjecture","teorth/pfr","0.8587344884872437","True","tau_minimizes","6","6","0","0","0","30","29","0","0","1","[]"
"e4804829-dac1-4a8d-9ca0-a677be60c84a","The Polynomial Freiman-Ruzsa Conjecture","teorth/pfr","0.858418345451355","True","multiDist","17","17","0","0","0","36","35","0","0","1","[]"
"f32b12ee-2d3c-4d70-a6c3-0eb021865d49","Brownian motion project","RemyDegenne/brownian-motion","0.8583284616470337","True","ProbabilityTheory.SimpleProcess.stoppedProcess_integral","2","1","0","0","1","21","8","2","0","11","[{""sid"": ""300f4f12-8e5d-44c0-bbea-1e095768fc9a"", ""ref"": ""2.4.12"", ""label"": ""def:elemStochIntegral"", ""kind"": ""definition"", ""src_paper"": ""Brownian motion project"", ""body_head"": ""\\uses{def:elemStochIntegralBilin} We call \\emph{scalar elementary stochastic integral} the general elementary stochastic integral of Definit""}]"
"07a587ec-0f20-4094-97f1-9aefc074641d","Sphere Packing in Dimension 8","thefundamentaltheor3m/Sphere-Packing-Lean","0.8579424619674683","True","Γ2_generate","5","5","0","0","0","8","4","1","0","3","[]"
"e4c7102f-39d6-453d-9ce7-84b3ab8e6a5f","Fermat's Last Theorem","ImperialCollegeLondon/FLT","0.857651948928833","False","NumberField.AdeleRing.ModuleBaseChangeContinuousLinearEquiv","1","1","0","0","0","1","1","0","0","0","[]"
"a5f41eae-b244-47ba-8f33-4c9dea87da8f","Brownian motion project","RemyDegenne/brownian-motion","0.8573848009109497","True","MeasureTheory.Martingale.congr","2","2","0","0","0","29","18","2","0","9","[]"
"92d99047-1c5e-4973-b735-cf49d3990057","Fermat's Last Theorem","ImperialCollegeLondon/FLT","0.8573145866394043","False","NumberField.AdeleRing.DivisionAlgebra.compact_quotient","1","1","0","0","0","2","2","0","0","0","[]"
"354ac3e7-1013-4955-9bf5-bb501aa10516","Toric varieties","YaelDillies/toric","0.8573015928268433","True","hopfSpec","5","5","0","0","0","21","15","0","0","6","[]"
"23bec3aa-0c5e-4d26-9b4b-3ae124ba49cf","The Polynomial Freiman-Ruzsa Conjecture","teorth/pfr","0.857224702835083","False","multidist_ruzsa_III","14","14","0","0","0","67","66","0","0","1","[]"
"b5c0baca-0e3e-4ae3-bfef-a39fe1329e10","The Polynomial Freiman-Ruzsa Conjecture","teorth/pfr","0.8568769693374634","False","approx_hom_pfr'","4","4","0","0","0","5","5","0","0","0","[]"
"174007a0-0f7d-4aa4-8bae-1829fab08409","The sphere eversion project","leanprover-community/sphere-eversion","0.8564435243606567","False","SmoothSurroundingFamily.reparametrize_average","6","6","0","0","0","8","8","0","0","0","[]"
"b04ad893-02c1-4cb8-938b-1274222f950b","Brownian motion project","RemyDegenne/brownian-motion","0.8563336730003357","True","ProbabilityTheory.SimpleProcess.integral_bot","2","2","0","0","0","14","8","0","0","6","[]"
"6b207812-54c0-4eb3-acd9-36d1ef6f7489","Brownian motion project","RemyDegenne/brownian-motion","0.8560215830802917","True","ProbabilityTheory.constL_lt_top","2","2","0","0","0","7","6","0","0","1","[]"
"b0554244-a1fc-4fc1-b921-364581f6eb12","The sphere eversion project","leanprover-community/sphere-eversion","0.8557081818580627","True","OpenSmoothEmbedding.dist_update","3","3","0","0","0","9","9","0","0","0","[]"
"976b165e-52b7-4d43-8c10-cf20ac86bdba","Brownian motion project","RemyDegenne/brownian-motion","0.8556135892868042","False","MeasurableSet.isPavingAnalytic_image2_prod","6","6","0","0","0","18","16","0","0","2","[]"
"d32fc7da-a1c5-4ff5-873f-dd57fed8f724","Class Field Theory","kbuzzard/ClassFieldTheory","0.8553253412246704","True","Rep.coind₁'_obj_iso_coind₁","5","5","0","0","0","11","11","0","0","0","[]"
"be4ac5ad-a3df-442d-b00c-bdd6c65a700a","Carleson operators on doubling metric measure spaces","fpvandoorn/carleson","0.8553025722503662","True","estimate_x_shift","3","3","0","0","0","6","6","0","0","0","[]"
"324c11bd-71cd-4fb3-875b-80c8f1cda97a","Fermat's Last Theorem","ImperialCollegeLondon/FLT","0.8552287220954895","True","Mazur_Frey","2","2","0","0","0","3","3","0","0","0","[]"
"7b609a96-5f63-491d-bdd3-ee2c2e622f86","Brownian motion project","RemyDegenne/brownian-motion","0.854716420173645","False","Metric.coveringNumber_le_packingNumber","4","4","0","0","0","12","12","0","0","0","[]"
"7cac5d5c-7734-41e8-84fc-48512722bbfc","Gibbs Measures","YaelDillies/gibbs-measure","0.8545433282852173","False","Specification.isModifier_iff_ae_eq","3","2","0","0","1","7","6","0","0","1","[{""sid"": ""013a4216-ebfc-48e5-8e59-78014487cd6a"", ""ref"": ""1.32"", ""label"": ""lem:modif-premodif"", ""kind"": ""lemma"", ""src_paper"": ""Gibbs Measures"", ""body_head"": ""\\uses{def:modif, def:premodif} If $\\rho$ is a modifier of $\\ISSSD(\\nu^S)$, then it is a premodifier if any of the following conditions hold:""}]"
"bb052db7-11a4-4616-9193-e0c7f9fa4fbe","Class Field Theory","kbuzzard/ClassFieldTheory","0.8539415001869202","True","Rep.aug","1","0","0","0","1","6","5","0","0","1","[{""sid"": ""ff2bbf33-67de-485e-8e5b-0574bcecaa87"", ""ref"": ""44"", ""label"": ""lem:Tate -1 aug"", ""kind"": ""lemma"", ""src_paper"": ""Class Field Theory"", ""body_head"": ""\\uses{ def:augmentation module, lem:homology 1 trivial, lem:Tate cohomology is cohomology or homology } Let $S$ be a subgroup of a finite gr""}]"
"1971ed77-7fd0-4a95-b2b4-1b76e9586812","Brownian motion project","RemyDegenne/brownian-motion","0.8538328409194946","False","MeasureTheory.Submartingale.classD_iff_uniformIntegrable","12","11","1","0","0","80","55","1","0","24","[]"
"1b523743-7963-4f78-b97c-8c287fa132ce","Class Field Theory","kbuzzard/ClassFieldTheory","0.8536463975906372","False","Rep.dimensionShift.up_trivialCohomology, Rep.dimensionShift.down_trivialCohomology","5","3","0","0","2","10","5","0","0","5","[{""sid"": ""4774269e-9e0a-4a80-9f11-8783f0266609"", ""ref"": ""48"", ""label"": ""cor:cohomology G-torsion"", ""kind"": ""corollary"", ""src_paper"": ""Class Field Theory"", ""body_head"": ""\\uses{lem:cor comp rest, lem:Hn unit, lem:Tate cohomology is cohomology or homology, cor:Tate up down isos } If $M$ is a representation of a""}, {""sid"": ""5cde3491-d8b0-4459-b4f0-e1e760d487cf"", ""ref"": ""49"", ""label"": ""cor:cohomology sub Sylow"", ""kind"": ""corollary"", ""src_paper"": ""Class Field Theory"", ""body_head"": ""\\uses{cor:Tate up down isos, lem:Tate cohomology is cohomology or homology, lem:cor comp rest } Let $M$ be a representation of a finite grou""}]"
"ff09af2b-94b2-420a-bb00-f2ba766ae6a6","Brownian motion project","RemyDegenne/brownian-motion","0.85357666015625","True","ProbabilityTheory.ElementaryPredictableSet.indicator","2","2","0","0","0","12","8","0","0","4","[]"
"2c2963b8-3b27-438b-a539-9009260466b1","Carleson operators on doubling metric measure spaces","fpvandoorn/carleson","0.8532307744026184","True","cotlar_estimate","4","4","0","0","0","8","8","0","0","0","[]"
"0f193718-a692-4c6f-bad6-5b0051c1551e","Carleson operators on doubling metric measure spaces","fpvandoorn/carleson","0.8529989719390869","True","antichain_operator","7","7","0","0","0","29","29","0","0","0","[]"
"09d6437a-8376-41ad-b495-8e70a1bde08c","Toric varieties","YaelDillies/toric","0.8529782295227051","True","AlgebraicGeometry.Scheme.diagHomEquiv","3","3","0","0","0","25","17","0","0","8","[]"
"d354eaf1-d7cb-455b-b627-2570a78a45fa","The sphere eversion project","leanprover-community/sphere-eversion","0.8526658415794373","True","immersionRel_open_ample","1","1","0","0","0","0","0","0","0","0","[]"
"23b0874b-83fa-4531-8bbe-1b6c9d63d7d0","The Polynomial Freiman-Ruzsa Conjecture","teorth/pfr","0.8524763584136963","False","dist_le_of_sum_zero","4","4","0","0","0","28","28","0","0","0","[]"
"ea69814f-2187-44b3-b2db-57291887088c","Brownian motion project","RemyDegenne/brownian-motion","0.8521777391433716","True","ProbabilityTheory.IsAEKolmogorovProcess.lintegral_sup_rpow_edist_eq_zero","3","3","0","0","0","26","26","0","0","0","[]"
"694fc1fd-3aa6-4dac-a22f-a5eb8a171155","The Polynomial Freiman-Ruzsa Conjecture","teorth/pfr","0.851984441280365","False","multidist_ruzsa_IV","10","10","0","0","0","59","58","0","0","1","[]"
"50c47e62-34ad-46cd-87db-2121bd33c769","The Polynomial Freiman-Ruzsa Conjecture","teorth/pfr","0.8518462181091309","False","cor_multiDist_chainRule","3","3","0","0","0","20","20","0","0","0","[]"
"83bb1c14-bc07-48d5-a55e-32e64b14694a","The Polynomial Freiman-Ruzsa Conjecture","teorth/pfr","0.8518062829971313","False","multidist_ruzsa_II","14","13","0","0","1","65","65","0","0","0","[{""sid"": ""364cf658-4fda-432d-85c7-5f4b2fb2fda3"", ""ref"": ""12.38"", ""label"": ""more-random"", ""kind"": ""definition"", ""src_paper"": ""The Polynomial Freiman-Ruzsa Conjecture"", ""body_head"": ""By a slight abuse of notation, we identify $\\mathbb{Z}/m\\mathbb{Z}$ and $\\{1,\\dots,m\\}$ in the obvious way, and let $Y_{i,j}$ be an independ""}]"
"d6da503e-93ac-41db-a2a4-f45b539acfb2","The Polynomial Freiman-Ruzsa Conjecture","teorth/pfr","0.8517391681671143","True","condMultiDist","8","8","0","0","0","40","40","0","0","0","[]"
"51abc608-7697-4d20-8e9c-792e785856cb","Brownian motion project","RemyDegenne/brownian-motion","0.8516561985015869","False","Metric.IsCover","6","6","0","0","0","29","29","0","0","0","[]"
"09b71e26-ae3a-4be2-837f-7f14722ad686","Carleson operators on doubling metric measure spaces","fpvandoorn/carleson","0.851628303527832","True","tile_sum_operator, integrable_tile_sum_operator","3","3","0","0","0","13","13","0","0","0","[]"
"7ee1bcb1-f8f5-41d0-9b9d-b6abf7eaba2d","Chandra-Furst-Lipton","YaelDillies/chandra-furst-lipton","0.8515945672988892","True","NOF.IsForbiddenPatternWithTip.broadcast_eq","4","4","0","0","0","10","5","0","0","5","[]"
"6e25ad0e-f5e2-4a51-95e8-196d87fce1a2","The Polynomial Freiman-Ruzsa Conjecture","teorth/pfr","0.8515381217002869","False","dist_le_of_sum_zero'","3","3","0","0","0","7","7","0","0","0","[]"
"58dc5046-b994-482b-ac4b-f98f07c6bb0d","Brownian motion project","RemyDegenne/brownian-motion","0.8515245914459229","True","isCompactSystem_Icc","4","4","0","0","0","19","17","0","0","2","[]"
"a87aba25-1d18-4e5c-88a4-2c2c111a034c","Class Field Theory","kbuzzard/ClassFieldTheory","0.8514509201049805","True","groupCohomology.rest, groupCohomology.infl, groupCohomology.rest_δ_naturality, groupCohomology.infl_δ_naturality","8","6","0","0","2","19","13","0","0","6","[{""sid"": ""dde274dc-b84c-4c83-8879-7fdcd31a6fc3"", ""ref"": ""47"", ""label"": ""lem:cor comp rest"", ""kind"": ""lemma"", ""src_paper"": ""Class Field Theory"", ""body_head"": ""\\uses{def:corestriction, lem:inflation restriction naturality} For all $\\sigma \\in H^n(G,M)$ we have \\(\\mathrm{cor}(\\mathrm{rest}(\\sigma)) =""}, {""sid"": ""4774269e-9e0a-4a80-9f11-8783f0266609"", ""ref"": ""48"", ""label"": ""cor:cohomology G-torsion"", ""kind"": ""corollary"", ""src_paper"": ""Class Field Theory"", ""body_head"": ""\\uses{lem:cor comp rest, lem:Hn unit, lem:Tate cohomology is cohomology or homology, cor:Tate up down isos } If $M$ is a representation of a""}]"
"0ff28528-c5b8-4153-9387-f41e44210c40","Arithmetic Progressions - Almost Periodicity","YaelDillies/apap","0.8513763546943665","True","rudin_ineq","4","3","1","0","0","16","11","4","0","1","[]"
"4715ef34-eba3-4f6c-966a-f904031bebdb","Brownian motion project","RemyDegenne/brownian-motion","0.8510916233062744","True","MeasureTheory.projectiveLimit, MeasureTheory.IsProjectiveLimit.unique, MeasureTheory.isProjectiveLimit_projectiveLimit, MeasureTheory.isFiniteMeasure_projectiveLimit, MeasureTheory.isProbabilityMeasure_projectiveLimit","3","3","0","0","0","5","5","0","0","0","[]"
"80d1e728-99b4-4417-969d-5e9d5ab3bf6f","Carleson operators on doubling metric measure spaces","fpvandoorn/carleson","0.8509929776191711","False","forest_complement","12","12","0","0","0","38","38","0","0","0","[]"
"2aab96ed-1841-4ba3-bd1b-678fd06c89f0","Brownian motion project","RemyDegenne/brownian-motion","0.8509809970855713","True","MeasureTheory.Approximable","6","6","0","0","0","35","27","1","0","7","[]"
"2793d1f9-2ae2-49c4-bf00-2debb014ddcc","Fermat's Last Theorem","ImperialCollegeLondon/FLT","0.8509237766265869","True","FreyPackage.of_not_FermatLastTheorem_p_ge_5","2","2","0","0","0","6","6","0","0","0","[]"
"8ddb5a41-a869-4d81-9575-23bd64bc8b72","The Polynomial Freiman-Ruzsa Conjecture","teorth/pfr","0.8509034514427185","True","KLDiv_eq_zero_iff_identDistrib","1","1","0","0","0","2","2","0","0","0","[]"
"801973cd-0e83-4edc-b7e6-497fa57441fc","Brownian motion project","RemyDegenne/brownian-motion","0.8504518270492554","True","ProbabilityTheory.hasIndepIncrements_brownian","2","2","0","0","0","12","11","0","0","1","[]"
"334a43a9-29fc-4fd6-9d25-d8f9240fbcac","Carleson operators on doubling metric measure spaces","fpvandoorn/carleson","0.8503013253211975","True","cotlar_set_F₁, cotlar_set_F₂","3","3","0","0","0","8","8","0","0","0","[]"
"9a352fd6-1afc-4e08-9844-32b4c115bec8","The Polynomial Freiman-Ruzsa Conjecture","teorth/pfr","0.8501957058906555","True","I₃_eq, sum_condMutual_le","9","9","0","0","0","47","46","0","0","1","[]"
"3842bd15-7603-4cd7-8aab-73c2415e986a","Arithmetic Progressions - Almost Periodicity","YaelDillies/apap","0.8501802086830139","False","largeSpec","3","2","1","0","0","16","9","5","0","2","[]"
"0af09a69-4abe-430e-956d-ac83a6bae6ca","Fermat's Last Theorem","ImperialCollegeLondon/FLT","0.8501484394073486","False","FreyPackage.freyCurve","0","0","0","0","0","0","0","0","0","0","[]"
"84270dba-b40a-4ee7-94de-eae4f09f77b1","The Polynomial Freiman-Ruzsa Conjecture","teorth/pfr","0.8500940799713135","True","weak_PFR_int","4","4","0","0","0","11","11","0","0","0","[]"
"c30244e1-a332-49f8-88dd-4ec24523e162","Brownian motion project","RemyDegenne/brownian-motion","0.8500624895095825","True","nearestPt","3","3","0","0","0","12","12","0","0","0","[]"
"123605e4-10dc-40f1-a899-15f74c4b9fe3","Sphere Packing in Dimension 8","thefundamentaltheor3m/Sphere-Packing-Lean","0.8499026298522949","True","dim_gen_cong_levels","2","2","0","0","0","8","6","0","0","2","[]"
"19327ed8-2fc7-49ac-9da9-a3bc141c7880","Sphere Packing in Dimension 8","thefundamentaltheor3m/Sphere-Packing-Lean","0.8497635126113892","False","IsZLattice","2","2","0","0","0","5","5","0","0","0","[]"
"2e9fc365-735e-4dc6-81d3-cc15170a3da7","Brownian motion project","RemyDegenne/brownian-motion","0.8495182394981384","False","MeasureTheory.IsMeasurableAnalyticFor.isMeasurableAnalytic","3","3","0","0","0","4","4","0","0","0","[]"
"4856da6d-0883-4e4b-9e88-5417e7cdd147","Sphere Packing in Dimension 8","thefundamentaltheor3m/Sphere-Packing-Lean","0.8492918014526367","False","Δ","8","7","0","0","1","22","9","0","0","13","[{""sid"": ""43e1866f-fd75-4087-ab51-5469741a8458"", ""ref"": ""6.50"", ""label"": ""cor:logder-disc-E2"", ""kind"": ""corollary"", ""src_paper"": ""Sphere Packing in Dimension 8"", ""body_head"": ""\\uses{thm:ramanujan-formula, def:disc-definition} \\begin{equation} \\Delta' = E_2 \\Delta. \\end{equation}""}]"
"c503a0d1-c99f-43db-841f-d7759ab16da6","Fermat's Last Theorem","ImperialCollegeLondon/FLT","0.8491734862327576","True","QHat.injective_rat","1","1","0","0","0","0","0","0","0","0","[]"
"b79c2c51-2da4-4654-a7d5-bdb21cef635c","The sphere eversion project","leanprover-community/sphere-eversion","0.8490850925445557","False","sphere_eversion","1","1","0","0","0","2","2","0","0","0","[]"
"a6350101-2b0c-4ad5-a503-7e7e744b8071","Brownian motion project","RemyDegenne/brownian-motion","0.8490532040596008","True","MeasureTheory.Martingale.classDL","8","8","0","0","0","62","48","3","0","11","[]"
"e07bfb14-ce92-41b6-b99b-51586b8d5ddb","Brownian motion project","RemyDegenne/brownian-motion","0.8489892482757568","False","ProbabilityTheory.lintegral_sup_rpow_edist_le_of_minimal_cover_of_le_one","4","4","0","0","0","31","31","0","0","0","[]"
"b483c0e4-a718-4355-bd2e-7f892211fcaa","Brownian motion project","RemyDegenne/brownian-motion","0.8487794399261475","False","MeasureTheory.IsProjectiveLimit","2","2","0","0","0","2","2","0","0","0","[]"
"d353c8fe-1e0a-4e06-a769-7dc0e1aad7b4","Class Field Theory","kbuzzard/ClassFieldTheory","0.8486695289611816","True","Rep.split.FiniteClassFormation","2","0","0","0","2","5","1","0","0","4","[{""sid"": ""c74870a0-c477-4646-a062-5c314cd75e6c"", ""ref"": ""69"", ""label"": ""lem:restriction fundamental class generates"", ""kind"": ""lemma"", ""src_paper"": ""Class Field Theory"", ""body_head"": ""\\uses{def:fundamental class} Let $\\sigma \\in H^2(G,M)$ be a fundamental class. Then the restriction of $\\sigma$ to any subgroup $S$ of $G$ i""}, {""sid"": ""061e9f05-237f-4aa2-8813-e5b70db88a5c"", ""ref"": ""65"", ""label"": ""lem:splits in splitting module"", ""kind"": ""lemma"", ""src_paper"": ""Class Field Theory"", ""body_head"": ""\\uses{def:splitting module} The image of $\\sigma'$ in $H^2(G,\\mathrm{split}(\\sigma))$ is zero.""}]"
"1533852d-4e1e-462f-a6a1-80a6e0e7cc02","The sphere eversion project","leanprover-community/sphere-eversion","0.8485269546508789","False","nice_atlas","0","0","0","0","0","0","0","0","0","0","[]"
"f8cfdc61-16dc-4643-b599-a38374646d4c","Brownian motion project","RemyDegenne/brownian-motion","0.8485122919082642","True","MeasureTheory.IsPavingAnalytic.nullMeasurableSet","5","5","0","0","0","28","27","0","0","1","[]"
"8bdec393-9290-4704-b3e8-3aa7aa5e3a10","Fermat's Last Theorem for regular primes","leanprover-community/flt-regular","0.8485047221183777","False","IsCyclotomicExtension.Rat.isIntegralClosure_adjoin_singleton_of_prime_pow","4","3","1","0","0","5","5","0","0","0","[]"
"49e8a3ff-ff41-4021-986a-c0db199af38e","Brownian motion project","RemyDegenne/brownian-motion","0.8483822345733643","False","MeasureTheory.UniformIntegrable.comp","12","12","0","0","0","36","32","2","0","2","[]"
"35dcf25e-9651-4cd3-b1cd-03db65f7293e","The Polynomial Freiman-Ruzsa Conjecture","teorth/pfr","0.848301351070404","True","single_fibres","4","4","0","0","0","17","17","0","0","0","[]"
"2ce8ab6a-2140-48e5-945a-9180d2a02eda","Brownian motion project","RemyDegenne/brownian-motion","0.8482005596160889","False","ProbabilityTheory.wienerMeasure","2","2","0","0","0","4","4","0","0","0","[]"
"71d7a451-8501-470e-ae27-ceb328405afc","Fermat's Last Theorem for regular primes","leanprover-community/flt-regular","0.8481563925743103","True","exists_int_sub_pow_prime_dvd","2","2","0","0","0","3","2","1","0","0","[]"
"987c6f41-425f-435e-b3a8-5c6e41b848e3","The sphere eversion project","leanprover-community/sphere-eversion","0.8481293320655823","False","RelMfld.Ample","0","0","0","0","0","0","0","0","0","0","[]"
"906e0c4e-08a3-4829-b81c-e034cb8dfbf4","Carleson operators on doubling metric measure spaces","fpvandoorn/carleson","0.8478580713272095","False","real_van_der_Corput","4","4","0","0","0","20","19","0","0","1","[]"
"a15c18b2-b385-4778-a385-0c409810ea19","The sphere eversion project","leanprover-community/sphere-eversion","0.847827672958374","True","oneJetExt","0","0","0","0","0","0","0","0","0","0","[]"
"6019034c-46f7-424d-b4f2-4d2b5fbbdfd8","Fermat's Last Theorem","ImperialCollegeLondon/FLT","0.8475162982940674","False","NumberField.AdeleRing.instIsModuleTopology","2","2","0","0","0","2","2","0","0","0","[]"
"f9dd0b89-b1e6-420a-9e59-522539ed49f6","The Polynomial Freiman-Ruzsa Conjecture","teorth/pfr","0.8474407196044922","True","multidist_eq_zero","10","10","0","0","0","68","67","0","0","1","[]"
"d61d35cd-03d5-433c-8e60-d14adededdfe","Toric varieties","YaelDillies/toric","0.8474136590957642","True","AlgebraicGeometry.Scheme.cocharDiag","4","4","0","0","0","16","10","0","0","6","[]"
"fb7a2a87-c44e-4897-a546-48985ca6d9aa","The Polynomial Freiman-Ruzsa Conjecture","teorth/pfr","0.8472045660018921","True","exists_isUniform_of_rdist_eq_zero","12","12","0","0","0","61","60","0","0","1","[]"
"11dd5cca-8369-4ec2-9030-8310184ad88a","Carleson operators on doubling metric measure spaces","fpvandoorn/carleson","0.8471164703369141","False","ball_covering","2","1","0","0","1","7","7","0","0","0","[{""sid"": ""d5019d85-e6bc-4e6e-9876-60657da2afae"", ""ref"": ""10.2.3"", ""label"": ""disjoint-family-countable"", ""kind"": ""lemma"", ""src_paper"": ""Carleson operators on doubling metric measure spaces"", ""body_head"": ""In a doubling metric measure space $(X,\\rho,\\mu, a)$, every disjoint family of balls $B_j = B(x_j, r_j)$, $j\\in J$, is countable.""}]"
"fae596a8-19d6-4d77-9654-5c924dc5a4c7","Brownian motion project","RemyDegenne/brownian-motion","0.8466190099716187","True","ProbabilityTheory.sup_stoppedProcess_leastGE_le","4","3","0","0","1","24","20","1","0","3","[{""sid"": ""20862796-ecfd-4743-90c5-f25dc1da27e0"", ""ref"": ""2.3.62"", ""label"": ""lem:Submartingale.locallyIntegrableSup"", ""kind"": ""lemma"", ""src_paper"": ""Brownian motion project"", ""body_head"": ""\\uses{def:Submartingale, def:locallyIntegrableSup, def:IsCadlag, def:rightContinuous} Every cadlag submartingale for a right-continuous filt""}]"
"be314cc6-f4e6-4d32-9c7b-f5a2928c07d4","Brownian motion project","RemyDegenne/brownian-motion","0.8465094566345215","True","MeasureTheory.IsMeasurableAnalytic.nullMeasurableSet","5","5","0","0","0","8","8","0","0","0","[]"
"9457feee-e89e-4708-873f-d597c0a89722","Class Field Theory","kbuzzard/ClassFieldTheory","0.8463883399963379","False","Representation.coind₁, Rep.coind₁, Rep.ind₁","6","6","0","0","0","13","13","0","0","0","[]"
"49488d02-62b7-4eba-85f7-ca7b01b16f2b","Brownian motion project","RemyDegenne/brownian-motion","0.8463869094848633","False","ProbabilityTheory.covarianceBilin_map","2","2","0","0","0","4","4","0","0","0","[]"
"d8493ece-3634-4c07-a69b-e432bc8d3eec","The sphere eversion project","leanprover-community/sphere-eversion","0.8463436365127563","False","inductive_htpy_construction","2","2","0","0","0","9","9","0","0","0","[]"
"820da3f4-c08e-4dc4-a1de-4480cdf22aca","The Polynomial Freiman-Ruzsa Conjecture","teorth/pfr","0.8460165858268738","False","homomorphism_pfr","4","4","0","0","0","18","17","0","0","1","[]"
"5e79b126-b0ff-42cc-8791-a6dd11c7eaa6","Brownian motion project","RemyDegenne/brownian-motion","0.845872700214386","False","ProbabilityTheory.lintegral_sup_rpow_edist_le_sum_rpow","2","2","0","0","0","15","15","0","0","0","[]"
"86f80163-9b2b-4f99-a3b1-397d27a71f8f","The Polynomial Freiman-Ruzsa Conjecture","teorth/pfr","0.8456992506980896","False","better_PFR_conjecture_aux","8","7","0","0","1","29","28","0","0","1","[{""sid"": ""e718ebc3-30d1-487b-ac6a-729c57b3edd8"", ""ref"": ""13.17"", ""label"": ""rho-init"", ""kind"": ""lemma"", ""src_paper"": ""The Polynomial Freiman-Ruzsa Conjecture"", ""body_head"": ""\\uses{rho-def} We have $\\rho(U_A) = 0$.""}]"
"872dbfb0-e308-45f4-9c8e-b054c43767ce","Class Field Theory","kbuzzard/ClassFieldTheory","0.845492959022522","True","Rep.dimensionShift.δ_up_zero_epi, Rep.dimensionShift.δ_up_isIso, Rep.dimensionShift.δUpIso, Rep.dimensionShift.epi_δ_up_zero_res, Rep.dimensionShift.isIso_δ_up_res, Rep.dimensionShift.δUpResIso, Rep.dimensionShift.δUpNatIso","4","4","0","0","0","14","11","0","0","3","[]"
"2a194a3f-f701-4a0c-a8af-27b0d72b2ae4","Brownian motion project","RemyDegenne/brownian-motion","0.8454806804656982","True","ProbabilityTheory.Martingale.IsLocalMartingale","7","4","1","0","2","56","34","3","0","19","[{""sid"": ""6f0d258d-fc23-494e-8b10-07614a77c1aa"", ""ref"": ""2.7.53"", ""label"": ""lem:dense_simpleProcess"", ""kind"": ""lemma"", ""src_paper"": ""Brownian motion project"", ""body_head"": ""\\uses{def:L2M, def:simpleProcess} The set of simple processes is dense in $L^2(M)$.""}, {""sid"": ""7d19c9f6-1b8c-4ef4-af7f-f675f386814a"", ""ref"": ""2.7.52"", ""label"": ""lem:integral_eq_zero_of_forall_eq_zero"", ""kind"": ""lemma"", ""src_paper"": ""Brownian motion project"", ""body_head"": ""\\uses{def:L2M} Let $X \\in L^2(M)$ such that $\\langle X, V\\rangle = 0$ for any simple process $V$. Then for all $t$, $\\int_0^t X_s \\: d\\langl""}]"
"d272cf6f-3271-4d1b-825b-d877e1766513","Brownian motion project","RemyDegenne/brownian-motion","0.8452435731887817","True","ProbabilityTheory.isGaussianProcess_brownian","4","4","0","0","0","15","14","0","0","1","[]"
"da77afaf-a110-4ed2-a3d8-c7ed16de663f","Brownian motion project","RemyDegenne/brownian-motion","0.845085084438324","False","MeasureTheory.tendstoInMeasure_iff_tendsto_Lp_finite","3","3","0","0","0","13","12","1","0","0","[]"
"403409bd-37ef-4226-99bd-96ccfb31e03b","Fermat's Last Theorem","ImperialCollegeLondon/FLT","0.844981849193573","False","ZHat.nontrivial","1","1","0","0","0","1","1","0","0","0","[]"
"85ebfef2-030f-4eda-9407-829f54cb9885","The sphere eversion project","leanprover-community/sphere-eversion","0.8443341255187988","True","RelMfld.Ample.localize","2","2","0","0","0","8","8","0","0","0","[]"
"d9881244-3349-4606-b2d5-e2f4fc37de52","Brownian motion project","RemyDegenne/brownian-motion","0.8442399501800537","False","ProbabilityTheory.IsGaussianProcess","4","4","0","0","0","21","19","0","0","2","[]"
"3246a8a9-6ab8-4e25-880f-fc854f75501d","Gibbs Measures","YaelDillies/gibbs-measure","0.8442335724830627","False","ProbabilityTheory.condExpKernel, ProbabilityTheory.Kernel.IsCondExp","5","4","0","0","1","8","7","0","0","1","[{""sid"": ""1508e9b5-03cb-41c2-bc6f-06f933f23f37"", ""ref"": ""1.9"", ""label"": ""lem:cond-exp-proper-ker-lintegral"", ""kind"": ""lemma"", ""src_paper"": ""Gibbs Measures"", ""body_head"": ""\\uses{def:cond-exp-ker, def:proper-ker} If $\\pi \\in \\text{Ker}_{\\mathcal B, \\mathcal X}$ is a conditional expectation kernel for $\\mu$, then""}]"
"388f7310-4590-47b5-b0de-2c28a8558cfd","Fermat's Last Theorem","ImperialCollegeLondon/FLT","0.8439115285873413","True","QHat.unitsrat_join_unitszHat","1","1","0","0","0","0","0","0","0","0","[]"
"5c0fea7f-4402-46d6-8ec7-28d001d7d0fb","Fermat's Last Theorem","ImperialCollegeLondon/FLT","0.8437495827674866","False","Wiles_Taylor_Wiles","5","5","0","0","0","1","1","0","0","0","[]"
"127af732-9864-4a37-986d-14022097bdfa","Brownian motion project","RemyDegenne/brownian-motion","0.8436990976333618","False","ProbabilityTheory.finite_set_bound_of_edist_le_of_diam_le","7","7","0","0","0","31","31","0","0","0","[]"
"8f8dd04f-fe95-4ac5-81c6-232a61451509","The Polynomial Freiman-Ruzsa Conjecture","teorth/pfr","0.8434156179428101","False","symmGroup","4","4","0","0","0","24","24","0","0","0","[]"
"671041ce-7b11-4976-a704-04d1c848634a","Carleson operators on doubling metric measure spaces","fpvandoorn/carleson","0.8433544039726257","False","TileStructure.Forest.limited_scale_impact","3","3","0","0","0","10","10","0","0","0","[]"
"b61f5992-bc09-471a-9626-b149b6fc96db","Brownian motion project","RemyDegenne/brownian-motion","0.8433493375778198","False","ProbabilityTheory.covarianceBilin","3","3","0","0","0","11","11","0","0","0","[]"
"3062398c-e2d6-4dbd-94d8-71357a35014b","Brownian motion project","RemyDegenne/brownian-motion","0.8433331251144409","True","ProbabilityTheory.covMatrix_map","3","3","0","0","0","13","13","0","0","0","[]"
"08c9734c-eaaa-4669-8c53-6fc91ba23e42","The Polynomial Freiman-Ruzsa Conjecture","teorth/pfr","0.8429556488990784","False","ProbabilityTheory.max_condEntropy_sub_condMutualInfo_le_condEntropy_mul, ProbabilityTheory.max_condEntropy_sub_condMutualInfo_le_condEntropy_div","4","4","0","0","0","33","33","0","0","0","[]"
"de1bad42-12da-434b-880c-16f943cf532a","Fermat's Last Theorem","ImperialCollegeLondon/FLT","0.842496931552887","True","MeasureTheory.addEquivAddHaarChar_piCongrRight","3","3","0","0","0","2","2","0","0","0","[]"
"5eeb99c3-0dec-46b9-ba99-a5ca7deedcea","Carleson operators on doubling metric measure spaces","fpvandoorn/carleson","0.8424030542373657","True","partialFourierSum_bound","4","4","0","0","0","9","9","0","0","0","[]"
"fe99aa24-1225-40dd-b5d5-80b18b5b864b","Class Field Theory","kbuzzard/ClassFieldTheory","0.8422999382019043","True","groupCohomology.tateComplex.norm_comm, groupCohomology.tateComplex.normNatEnd","3","2","0","0","1","6","6","0","0","0","[{""sid"": ""5444e9ce-102f-4b0d-873b-d93f1bbea537"", ""ref"": ""16"", ""label"": ""lem:norm comm"", ""kind"": ""lemma"", ""src_paper"": ""Class Field Theory"", ""body_head"": ""\\uses{def:norm} For any $g \\in G$ and $m \\in M$ we have $g \\bullet N_G (m) = N_G (m)$ and $N_G (g \\bullet m) = N_G (m)$.""}]"
"c27ec289-a674-4700-99d3-afcbac38b70d","Gibbs Measures","YaelDillies/gibbs-measure","0.8422421813011169","False","MeasureTheory.ae_eq_lcondExp_of_forall_setLIntegral_eq","4","3","0","0","1","4","4","0","0","0","[{""sid"": ""1508e9b5-03cb-41c2-bc6f-06f933f23f37"", ""ref"": ""1.9"", ""label"": ""lem:cond-exp-proper-ker-lintegral"", ""kind"": ""lemma"", ""src_paper"": ""Gibbs Measures"", ""body_head"": ""\\uses{def:cond-exp-ker, def:proper-ker} If $\\pi \\in \\text{Ker}_{\\mathcal B, \\mathcal X}$ is a conditional expectation kernel for $\\mu$, then""}]"
"cf5aa5ac-d0ba-4b6e-872e-2406b113a474","Brownian motion project","RemyDegenne/brownian-motion","0.842210590839386","True","ProbabilityTheory.ContinuousMap.borel_eq_iSup_comap_eval","1","1","0","0","0","1","1","0","0","0","[]"
"98923e6d-1665-4eff-bc36-6ffadcab7210","Toric varieties","YaelDillies/toric","0.8412562012672424","True","AlgebraicGeometry.Scheme.charDiag","4","4","0","0","0","19","10","0","0","9","[]"
"e86d18f4-a92e-4fa0-b156-ed48b55860ec","Brownian motion project","RemyDegenne/brownian-motion","0.8412543535232544","True","isCoverWithBoundedCoveringNumber_Ico_nnreal","4","4","0","0","0","13","12","0","0","1","[]"
"53798a48-9363-4d6e-b778-7135702ca54a","Brownian motion project","RemyDegenne/brownian-motion","0.8409703969955444","True","MeasureTheory.UniformIntegrable.add","2","2","0","0","0","16","15","0","0","1","[]"
"69eacefc-e617-4226-89bf-357e71c14bf4","Toric varieties","YaelDillies/toric","0.8407799005508423","True","AlgebraicGeometry.Scheme.IsDiagonalisable","2","2","0","0","0","16","10","0","0","6","[]"
"2e3b443b-2139-4bdd-b9e5-697d37866f37","Brownian motion project","RemyDegenne/brownian-motion","0.8406867384910583","True","ProbabilityTheory.locally_classDL_iff_hasLocallyIntegrableSup","11","9","1","0","1","59","43","6","0","10","[{""sid"": ""20862796-ecfd-4743-90c5-f25dc1da27e0"", ""ref"": ""2.3.62"", ""label"": ""lem:Submartingale.locallyIntegrableSup"", ""kind"": ""lemma"", ""src_paper"": ""Brownian motion project"", ""body_head"": ""\\uses{def:Submartingale, def:locallyIntegrableSup, def:IsCadlag, def:rightContinuous} Every cadlag submartingale for a right-continuous filt""}]"
