"similarity","q_sid","q_paper","q_source","q_decl_name","q_slogan","c_sid","c_paper","c_source","c_ref","c_lean_annotation","c_slogan"
"0.9740514814865746","930bd448-678b-4fd5-abe3-9d24f80b97d2","pfr","Lean Repo","ProbabilityTheory.measureMutualInfo_nonneg","The mutual information between two random variables is always greater than or equal to zero. This means that the amount of shared information between the variables cannot be negative, reflecting that knowing one variable never increases uncertainty about the other.","2fcd5dc3-f048-482a-97ce-9899a4c9b6dc","teorth/pfr","Lean Community","2.17","ProbabilityTheory.mutualInfo_nonneg","The mutual information between two random variables X and Y is always greater than or equal to zero. This means that knowing one variable never reduces the expected information about the other. Mutual information being nonnegative reflects that it measures shared information, which cannot be negative."
"0.9625667372571544","146750fc-03d2-4ba7-ad63-1c9e973b0e11","misc-yd","Lean Repo","Metric.epackingNum","The epsilon-packing number of a set s is the largest number of points you can pick from s such that every pair of points is at least distance epsilon apart; if no such maximum exists, it is infinite. It counts how many well-separated points can fit inside the set.","46e0d956-d901-46b4-85c6-80d682f53141","2310.19103","arXiv","9.8","","The epsilon packing number of a set S is the largest number of points you can choose from S so that every pair of points is more than epsilon distance apart."
"0.9536464405436381","c049ff03-f365-4ddf-8dc7-1214a2512695","brownian-motion","Lean Repo","MeasureTheory.capacity_iUnion","For an increasing sequence of sets, the capacity of their union equals the supremum of the capacities of the individual sets. This means the capacity function preserves limits of increasing sequences. The result holds for any capacity defined on a type with a suitable collection of sets.","90fe5a0c-0367-479a-a697-028c48180f07","1104.0792","arXiv","5.3","","The capacity of the union of an increasing sequence of sets equals the limit of the capacities of the individual sets."
"0.9386812592066996","dabac13c-f7d9-4f13-9667-643659f6d852","PrimeNumberTheoremAnd","Lean Repo","RS_prime.theorem_c","For any real number x greater than 1, the sum of the reciprocals of all prime numbers less than or equal to the floor of x is greater than the natural logarithm of the natural logarithm of x.","42331a2a-cff4-4b65-9b51-5fb5feb90e75","1207.3480","arXiv","3.9","","For any x greater than 1, the sum of the reciprocals of all prime numbers up to x is at least the natural log of the natural log of x plus approximately 0.26149, minus a small correction term involving powers of the logarithm of x."
"0.9293047902181294","3e39840a-cde4-4342-a949-760ef1b082c8","pfr","Lean Repo","ProbabilityTheory.IdentDistrib.rdist_congr_left","If two random variables X and Y have copies X' and Y that follow the same distributions, then the Ruzsa distance between X and Y is the same as the Ruzsa distance between X' and Y.","2535e280-a95d-423b-bffd-c56de21df6e3","teorth/pfr","Lean Community","3.10","ProbabilityTheory.IdentDistrib.rdist_congr","If X' and Y' are copies of X and Y, then the Ruzsa distance between X' and Y' is the same as the Ruzsa distance between X and Y."
"0.9124542798257977","073898a2-3583-4eea-a67c-112c7afadc7e","cslib","Lean Repo","Cslib.ωLanguage.isRegular_iff","An omega language is regular if and only if there exists a finite state space and a nondeterministic Buchi automaton over that state space which accepts exactly the language.","3e6fe7f9-41d8-4ec5-bd94-dafa3b0cdfd5","1605.00186","arXiv","","","A language is called omega-regular if a non-deterministic Buchi automaton can recognize it."
"0.9021149762860028","a0294514-9ed0-43ac-a097-bd68fd0b20af","PrimeNumberTheoremAnd","Lean Repo","log_ge","For any real number t that is greater than or equal to zero, the natural logarithm of (1 + t) is at least t minus half of t squared. This gives a lower bound for the logarithm function near zero using a simple quadratic expression.","84d500d3-d1d8-461b-9cc7-2327eda1ddbb","2505.23152","arXiv","7.11","","For any non-negative number x, the natural logarithm of (1 plus x) is always greater than or equal to x minus half of x squared. This inequality provides a lower bound for the logarithm function when x is zero or positive. It is useful in approximations and proofs involving logarithmic expressions."
"0.9007226019885669","2850ac28-84d5-4cc1-9cb7-3e38a543bdb2","sphere-packing-math-inc","Lean Repo","SpherePacking.Dim24.Uniqueness.BS81.Thm15.Lemma21.CodingTheory.minDist_le_weight_of_nonzero_mem","In a linear binary code, the minimum distance between any two distinct codewords is at most the number of nonzero bits in any nonzero codeword. This means the lightest nonzero codeword sets an upper bound on the code's minimum distance.","a2712944-3304-4806-8650-6a96141160a4","1907.12754","arXiv","1.12","","For a linear code, the minimum distance between any two codewords equals the smallest weight among all non-zero codewords."
"0.8996129634743842","57d48e20-4683-461e-bc0f-57231c9e6280","combinatorial-games","Lean Repo","IGame.Impartial.of_mem_moves","If a game is impartial, then every move available to either player leads to another impartial game. This means that after any move, the resulting position still has the same symmetry between the two players. The property of being impartial is preserved through all possible moves.","7761a842-0235-45be-a0fe-988069530a3c","math/0410026","arXiv","7.1","","An impartial game is a type of game where both players have the same moves available at every turn, and every possible move leads to another impartial game."
"0.8967822508200882","3be32e9c-05a9-481a-876f-d578b4eb916f","misc-yd","Lean Repo","Metric.ecoveringNum","The ecoveringNum is the smallest number of points needed to form a set within s such that every point in s is within distance ε of at least one of these points; if no such finite set exists, the value is infinity. It measures how many balls of radius ε are required to cover the set s, using centers that must lie in s itself.","5928ed68-60a2-41c1-9581-290be74699e2","2012.01602","arXiv","3.1","","The covering number is the smallest number of points needed so that every point in a given set is within a distance epsilon of at least one of these points. It measures how many small balls of radius epsilon are required to cover the entire set."
"0.8910349139331748","5054069e-b818-41a4-8d80-26053dfab684","Sphere-Packing-Lean","Lean Repo","serre_D_apply","The Serre derivative of weight k applied to a function F at a point z in the upper half-plane equals the derivative of F at z minus k times one twelfth times the value of the Eisenstein series E2 at z multiplied by F at z. This defines a modified derivative operator used in the theory of modular forms. The formula adjusts the ordinary derivative by a term involving the Eisenstein series E2 and the weight k.","f3230b52-7993-472a-b9e7-8c869da166f7","thefundamentaltheor3m/Sphere-Packing-Lean","Lean Community","6.45","serre_D","The weight k Serre derivative of a modular form F is given by the derivative of F minus (k divided by 12) times the product of the Eisenstein series E2 and F."
"0.8867820425892254","90113778-cf90-4a8c-aedf-7939f180dfe0","gibbs-measure","Lean Repo","ProbabilityTheory.Kernel.isCondExp_iff","A kernel π is the conditional expectation of a measure μ with respect to a sub-sigma-algebra 𝓑 if and only if, for every measurable set A, the conditional expectation of the indicator function of A given 𝓑 equals almost everywhere the real-valued function that maps each point a to the measure of A under the kernel π evaluated at a.","554a33b1-a9dc-4a6a-83b8-f33a36232063","YaelDillies/gibbs-measure","Lean Community","1.10","ProbabilityTheory.Kernel.condExp_ae_eq_integral_kernel","If a kernel pi is a conditional expectation kernel for a measure mu, then the conditional expectation of any bounded measurable function f given a sigma-algebra B equals the integral of f with respect to pi, and this holds mu-almost everywhere."
"0.8865196045367296","ddc08d8a-1f87-49fb-8357-2ef74560a20f","HarderNarasimhan","Lean Repo","OrderTheory.instCompleteLatticeDedekindMacNeilleCompletion","The Dedekind-MacNeille completion of any partially ordered type forms a complete lattice, meaning that every collection of elements in this completion has both a least upper bound and a greatest lower bound. This structure is built from the closed subsets of the original type under the Dedekind-MacNeille closure operator. The complete lattice instance is derived from the general fact that the fixed points of any closure operator on sets form a complete lattice.","b26708ed-96df-483d-ac28-6f9449b171cf","1909.01236","arXiv","4.22","","The Dedekind-MacNeille completion of a partially ordered set P is the collection of all subsets A of P such that the lower bound of the upper bound of A equals A itself, and this collection forms a complete lattice when ordered by subset inclusion."
"0.8861324664567112","955e291d-14ad-4261-b008-4ff28a2ac3d7","PrimeNumberTheoremAnd","Lean Repo","RS_prime.meisselMertensConstant_identity","The sum of the reciprocals of all prime numbers up to x is equal to the natural log of the natural log of x, plus the Meissel-Mertens constant, plus a correction term involving the difference between Chebyshev's theta function and x, divided by x times the log of x, plus an integral from x to infinity that adjusts for the behavior of that same difference weighted by the derivative of 1/(s log s). This identity holds for all real numbers x at least 2. It gives an exact expression for the sum of reciprocal primes using logarithmic terms, a well-known constant, and analytic corrections based on …","015fb06c-64a4-472e-a2ce-7ae58520a939","2405.06139","arXiv","2.6","","The sum of the reciprocals of all prime numbers up to x is approximately log(log(x)) plus the Meissel-Mertens constant, and the difference between this sum and that expression is bounded by a small error term that decreases as x increases."
"0.8853832835416654","f1203a75-dcaa-4edb-bb43-03b5954265a8","toric","Lean Repo","AlgebraicGeometry.Scheme.algΓAlgSpecAdjunction","The declaration defines an adjunction between two functors: one that turns a commutative R-algebra into a geometric object (a scheme over Spec R), and another that takes such a geometric object and returns its ring of functions. This adjunction expresses a fundamental correspondence between algebra and geometry, where maps between algebras correspond naturally to maps between schemes. Specifically, it states that algebraic maps from an R-algebra A to the ring of global sections of a scheme X over Spec R correspond one-to-one with morphisms of schemes from X to the space Spec A over Spec R.","75d592f4-2188-4436-b1c3-ed32cf9df7ea","2305.16281","arXiv","2.0.2.5","","For any ring R, there is a pair of functors between the category of schemes over the spectrum of R and the opposite category of commutative R-algebras that form an adjunction; the functor from schemes to algebras assigns global sections relative to R, and the functor from algebras to schemes assigns spectra relative to R; this adjunction is built using the standard adjunction between spaces and rings via Spec and global sections, pulled back appropriately."
"0.8852370044911898","1af41ce0-01b5-4041-8881-dc0585ceed3b","PrimeNumberTheoremAnd","Lean Repo","Dusart.corollary_5_3_c","For any real number x that is at least 468049, the number of primes less than or equal to x is at least x divided by (the natural logarithm of x minus 1 minus the reciprocal of the natural logarithm of x).","291e4c64-d395-4645-9307-8628e28e4941","2203.05917","arXiv","5.2","","For every number x that is at least 467,497, the count of prime numbers up to x is greater than x divided by a specific expression involving the logarithm of x and several correction terms."
"0.8825768572465691","a50d0c2e-5774-4023-a5dd-48fd8ac58766","carleson","Lean Repo","MeasureTheory.lt_rearrangement_iff","For a measurable function f and a measure μ, the value y is less than the decreasing rearrangement of f at t if and only if t is less than the measure of the set where the norm of f is at least y. This equivalence links the distribution function and the rearrangement function through their threshold behavior. Both functions map into the extended nonnegative real numbers, including infinity.","0d9678c0-d7d6-418d-a1f5-19679dca9f58","2209.14175","arXiv","11.4","","The distribution function of a measurable function f gives the measure of the set where the absolute value of f exceeds a given threshold. The decreasing rearrangement of f is the inverse-like function that, for each value t, returns the smallest threshold such that the distribution function is at most t."
"0.8780679577289875","c1ed9f7b-fa58-40eb-8433-318684dc273f","brownian-motion","Lean Repo","measurable_limUnder_of_exists_tendsto","If a family of measurable functions from a measurable space X to a pseudo-metrizable Borel space E converges pointwise along a countably generated filter, then the pointwise limit function is also measurable. This means that under these conditions, taking limits preserves measurability. The existence of a limit for each input is assumed, and the resulting limit function respects the measurable structure.","88117a8f-09a5-4b50-b060-5f20d6a734c6","2204.10091","arXiv","2.1","","If a sequence of measurable functions from a measurable space into a metric space converges point by point to a limit function, then the limit function is also measurable."
"0.8765489004184381","182756f0-281d-4733-bcaf-2b9a1ac6d447","pfr","Lean Repo","ProbabilityTheory.Kernel.iIndepFun.finsets_comp","If a family of random variables is mutually independent, and you group their indices into pairwise disjoint finite sets, then applying a measurable function to each group results in a new family of independent random variables.","f5d39a8b-75d9-4d7b-a9a5-b217534558f7","2411.06517","arXiv","4","","If you have independent random variables divided into separate groups, and you apply a measurable function to each group independently, then the resulting random variables are still independent."
"0.8750647642467602","0fedcbe2-c84e-4ecc-8eac-34a66fa0d7b0","PrimeNumberTheoremAnd","Lean Repo","ZetaNear1BndExact","There exists a positive constant c such that for all real numbers sigma between 1 and 2, the absolute value of the Riemann zeta function at sigma is less than or equal to c divided by (sigma minus 1).","24f71bd2-c95d-4de7-bc83-1cdb7d98dc2d","1809.02829","arXiv","3.4","","For every real number sigma greater than one half, the absolute difference between the Riemann zeta function at s and s divided by (s minus one) is bounded above by a constant multiple of the absolute value of s, where the constant depends on sigma and involves the logarithm of 2 pi, Euler's constant, and one, all divided by the square root of (2 sigma minus one)."
"0.874792714363708","86ff7b5c-8d9d-426d-b988-428dac5548c8","PrimeNumberTheoremAnd","Lean Repo","LeanCert.Engine.mem_logIntervalRefined","If a and b are positive rational numbers with a less than or equal to b, then the natural logarithm of any number in the interval [a, b] lies within the interval [log(a), log(b)], where log is the real logarithm function and the resulting interval is represented using rational bounds. This ensures a certified enclosure of the logarithm's values over the input range. The result is used to compute rigorous rational approximations of logarithms in interval arithmetic.","a2e3eb47-d7ac-4872-9a52-398f723d7271","0708.3721","arXiv","8","","For every positive real number x and natural number n, the natural logarithm of x is bounded above and below by two rational interval expressions, with equality only when x equals 1. These bounds are constructed using properties of logarithms and interval arithmetic to ensure rigorous numerical computations. The method supports automated and formally verified calculations of real functions within a theorem prover."
"0.8724547814197563","ae473398-8e8f-4d64-89b8-29057acaf7e6","pfr","Lean Repo","ProbabilityTheory.entropy_inv","If a random variable takes values in a countable group, then the entropy of the random variable is the same as the entropy of its inverse. This means that transforming each outcome of the variable by taking its group inverse does not change the amount of uncertainty. The result holds when the variable is measurable and the group operations are compatible with the measurable structure.","49bb084d-90a4-4b0a-b74f-cd5f0b43fbb3","teorth/pfr","Lean Community","3.1","ProbabilityTheory.entropy_neg","The entropy of a random variable that takes values in a group is the same as the entropy of its negation. This means flipping the sign of the variable does not change its uncertainty or information content."
"0.8693646162622171","92e392d2-5ce3-487f-af5e-04cdbf3ccdec","cslib","Lean Repo","Cslib.LTS.HomTraceEq","Homogeneous trace equivalence checks whether two states in the same labeled transition system have identical sets of possible execution traces. It is a special case of trace equivalence where both states belong to one and the same system. Two states are considered equivalent if they produce the same sequences of labels through their transitions.","6afda7c9-7b88-4520-84c3-e65dca88932f","1502.02910","arXiv","34","","Two states in a labeled transition system are trace equivalent if they can perform exactly the same sequences of actions, meaning the set of all possible sequences of labels leading to any state from each of them is identical."
"0.8685653322774913","1ecd9734-542c-4f01-bf65-ff7aa493d5e5","combinatorial-games","Lean Repo","LGame.Stopper","A game is called a stopper if both players eventually run out of moves no matter how they play. This means that even in loopy games, where cycles are allowed, play cannot continue forever. It's a way to ensure that every game ends in finite time.","211ee8fe-4b11-42ca-a42f-bb1961231ae1","2601.10574","arXiv","1.4","","A stopper is a game that must end after a finite number of moves when players take turns. An ender is a game that cannot go on forever no matter how the moves are ordered, even if players do not alternate turns."
"0.867377387507314","be542427-0792-48c2-861a-e182ff675232","FLT","Lean Repo","instIsCentralTensorProduct_fLT_1","If k is a field, A is a field containing k, and B is a ring containing k such that k is central in B, then the tensor product of B and A over k has a natural algebra structure where A is central in this tensor product. This means that elements of A commute with all elements in the tensor product when multiplied. The result ensures that the algebraic structure of the tensor product respects the centrality of A.","9d5945ed-6bac-4404-b049-50de90fd3f57","Whysoserioushah/BrauerGroup_new","Lean Community","1.1.9","IsCentralSimple.TensorProduct.isCentral","If A and B are central algebras over a field K, then their tensor product over K is also a central algebra over K."
"0.866094544133724","1ccc937b-6b70-4095-afc6-3f9258c3f7df","physlib","Lean Repo","FieldSpecification.WickAlgebra.static_wick_theorem","Any list of field operators can be expressed as a sum over all possible ways of contracting pairs of operators, where each term in the sum includes a signed product of contracted pairs and a normal-ordered product of the remaining uncontracted operators.","71f8166f-5b60-4730-b47d-53ef7f73013a","1710.09248","arXiv","4.4","","A product of operators can be written as a sum of normally ordered products, where each term includes zero or more pairs of contracted operators; the contractions account for all possible pairings between operators in the product, with higher-order terms involving multiple disjoint pairs."
"0.8624123668590926","fd9c2287-7bad-4d34-a1fb-2a33de2db79f","physlib","Lean Repo","InnerProductSpace'.instCompleteSpaceWithLpOfNatENNReal","If E is a complete inner product space over a real-like field, then the space of E-valued functions with finite L2 norm (represented as WithLp 2 E) is also complete. This means that any Cauchy sequence of such functions converges to a limit within the space. The result follows from the fact that the L2 norm structure on E is equivalent to its original normed structure.","4d52d6f2-ae22-4bdc-8e49-bd86d044931f","2403.15662","arXiv","3.6","","The space of square-integrable complex-valued functions on a measure space, equipped with the metric induced by the L2 norm, is complete. This means every Cauchy sequence in this space converges to a function within the same space."
"0.8623313982156661","f165edb0-4bdd-41f2-bf05-43422c40c889","HarderNarasimhan","Lean Repo","HarderNarasimhan.impl.hHFil_of_hNSeries","Given a sequence of elements in a lattice that starts at the bottom, ends at the top, and has strictly decreasing slope values at each step, there exists a Harder-Narasimhan filtration that matches this sequence up to its length, with all further terms set to the top element.","8a770b49-4a73-4800-ac59-f860b1a67545","2107.07743","arXiv","5.10","","A Harder-Narasimhan filtration of an element E in a bounded lattice is a sequence of increasing subelements starting from zero and ending at E, where each successive quotient is semi-stable and the minimal slopes of these quotients decrease strictly."
"0.8622917646591779","f0220be3-d68c-48ce-8f03-39f561e655c0","PrimeNumberTheoremAnd","Lean Repo","ArithmeticFunction.IsCompletelyAdditive.isAdditive","If a function f from natural numbers to a type with zero satisfies f(m * n) = f(m) + f(n) for all natural numbers m and n, and f(1) = 0, then it automatically satisfies f(m * n) = f(m) + f(n) when m and n are coprime. Being completely additive implies being additive in the case of coprime arguments.","108744c6-5f4a-4009-a374-18a10c107b18","2301.09677","arXiv","1.3","","A function is additive if the value at the product of two coprime integers equals the sum of the values at each integer. If this property holds for all pairs of integers, even when they are not coprime, the function is completely additive."
"0.8609702730297303","dae610d4-3f0c-4382-bc67-564c94ddb786","pfr","Lean Repo","ProbabilityTheory.measureEntropy_eq_sum","The entropy of a finite measure μ on a measurable space is equal to the sum over a finite set A, where A contains all points in the space except for a set of measure zero, and each term in the sum is the negative of the normalized measure of a single point multiplied by the natural logarithm of that normalized measure. The measure is normalized by dividing by the total measure of the space. This gives a way to compute entropy as a finite sum when the measure is concentrated on a finite set.","4e0a4230-5dd9-47f2-a12c-5208576e8c1a","1204.2612","arXiv","2.3","","The entropy of a measure mu on a finite set S is the sum over all possible configurations w on S of minus mu(w) times the logarithm of mu(w), where configurations with zero measure are ignored."
"0.8562342772099533","3d91ceb2-c2ac-42bb-8a2a-aacb869550d0","sphere-packing-math-inc","Lean Repo","SpherePacking.ForMathlib.integral_phase_gaussian_even","The integral over 2k-dimensional space of a complex exponential function involving an inner product with w, multiplied by a Gaussian function scaled by s, equals another Gaussian function in w scaled by s to the power k. This holds for positive s and natural number k. The result connects the Fourier transform of a Gaussian to a Gaussian in even dimensions.","e9e4883d-c3ca-4a02-a23a-2b033f2f98ce","2403.12491","arXiv","B2","","The integral of a complex exponential function weighted by a Gaussian over d-dimensional space equals another Gaussian function of the squared distance between two non-zero vectors. This result connects the Fourier transform of a Gaussian to a Gaussian in the original space. It holds for any dimension d and any pair of non-zero vectors in R^d."
"0.8558468188550233","0b3240a4-c731-49dd-b555-9cad3f739946","HarderNarasimhan","Lean Repo","HarderNarasimhan.CommutativeAlgebra.associatedPrimes_localizedModule_subset_disjoint","The associated primes of a module after localizing at a multiplicative set S do not include any prime ideals that contain elements from S. This is because elements of S become invertible in the localized module, so they cannot be in any associated prime. Thus, every associated prime of the localized module must be disjoint from S.","79394132-32df-4be5-97bf-a335ef83d0ab","2106.10999","arXiv","2.4","","For a module M over a commutative Noetherian ring R, and a multiplicatively closed subset S of R, the associated primes of the localized module S^{-1}M are exactly the extensions to the localized ring S^{-1}R of those associated primes of M that do not intersect S."
"0.8548319641753223","2bf69994-a938-41aa-8d18-524a29938ac4","combinatorial-games","Lean Repo","IGame.ofSets_inj'","Two games are equal if and only if their left and right option sets are the same for both players. This means a game is uniquely determined by its moves for each player. The result holds when the sets of moves are small enough to be handled in the given type universe.","4eb2a3f7-4c7d-42f9-8cf8-07882efc6676","math/0410026","arXiv","2.17","","If two games are equal, adding the same game to both does not change their equality. Also, if two games have the same left and right options, they are equal. Changing any move option in a game to an equivalent one results in an equivalent game."
"0.8548231751576477","8d30d474-db41-481e-ad0c-dcd809dcc355","cslib","Lean Repo","Cslib.LambdaCalculus.Named.Term.AlphaEquiv.symm","If two lambda calculus terms are alpha-equivalent, meaning they differ only in the names of bound variables, then the equivalence holds in both directions: if the first term is equivalent to the second, the second is also equivalent to the first.","14520246-8045-41a3-9b9d-adc677347880","1111.0089","arXiv","4.8","","Alpha equivalence is the smallest congruence relation that allows renaming of bound variables in lambda terms, provided the new variable does not already appear free in the term. This means two lambda expressions are considered the same if they differ only in the names of their bound variables. Terms are treated as equal under alpha equivalence when such a renaming is possible. From now on, all terms are considered up to this equivalence."
"0.8545459211358524","1ce56150-57dd-43a0-94a2-7ae56c83da6b","sphere-eversion","Lean Repo","orthogonal_line_inf","The set of vectors orthogonal to both u and v is the same as the set of vectors orthogonal to v and also orthogonal to the projection of u onto the space perpendicular to v.","1c03c37a-5427-43d8-b9b9-48b177260058","2210.00549","arXiv","2.4","","The vector obtained by subtracting the projection of v onto u from v is perpendicular to u. This means the component of v that is orthogonal to u is given by (I - (uu^T)/(u·u))v. The result shows that this vector is always orthogonal to u for any vectors u and v in R^n."
"0.8544060299704652","5263daa4-b7ff-4297-8ff9-4ec238d065ae","PrimeNumberTheoremAnd","Lean Repo","Nat.modEq_iff_exists_mul_add","Two natural numbers are congruent modulo a given number if and only if one can be written as the other plus a multiple of that number.","dfcec268-9926-497a-a552-523e7db23836","2512.24531","arXiv","","","Two integers are congruent modulo N if they leave the same remainder when divided by N, or equivalently, if their difference is divisible by N."
"0.8479534137022751","3c1fcc39-edf0-4b7f-b18e-28b3705945c9","cslib","Lean Repo","Cslib.Language.IsRegular.zero","The empty language, which contains no strings, is considered regular because it can be recognized by a finite automaton with no accepting states. This holds for any alphabet type, as the language defined by zero elements satisfies the definition of regularity.","f7e9804d-db9a-4fbe-a873-2fa0993ed43e","1510.07293","arXiv","","","If a regular expression r describes a language containing only the empty string, then r is equivalent to the empty string symbol. If r describes a language with no strings at all, then r is equivalent to the null or empty set symbol."
"0.8467469629506397","70879bfa-12cb-4936-a523-3943e83fe61b","physlib","Lean Repo","Lorentz.Vector.timelike_neg_time_component_product","If two timelike vectors have negative time components, then multiplying those time components gives a positive result.","4a8a5e6e-7c43-4ba4-8708-ef04bb7928d3","2506.01012","arXiv","2.5","","If two vectors in real n-dimensional space with positive time components are both time-like, or one is time-like and the other is light-like, their inner product is negative."
"0.844986004186991","f1cd702f-114d-43b4-baa9-99080035631c","PrimeNumberTheoremAnd","Lean Repo","CH2.ϕ_continuous","For any real numbers nu and epsilon where nu is not zero, the function phi_pm(nu, epsilon) is continuous. This means small changes in the input to the function result in small changes in the output, with no sudden jumps or breaks. The continuity holds across the entire domain of the function under standard real number topology.","6689d0f2-a9e1-4e6e-93cb-6f41ae3779e9","2310.13829","arXiv","6","","The function phi is continuous, meaning small changes in its input lead to small changes in its output."
"0.8436137813608748","913372bd-96ba-43d6-b5f4-d0337a1333f8","PrimeNumberTheoremAnd","Lean Repo","CH2.ϕ_star_bound_right","For real numbers nu0, nu1, epsilon, and c, where nu0 is positive, nu0 <= nu1, and c is greater than -nu0 divided by (2 times pi), there exists a constant C such that for all nu between nu0 and nu1 and for all complex numbers z with imaginary part at least c, the absolute value of Phi_star(nu, epsilon, z) is at most C times (the magnitude of z plus one).","6b30af4f-b457-46ee-b932-6b75abd204b0","1703.04999","arXiv","3.3","","There is a positive number C such that for all r between r0 and R, and for all complex numbers nu_R with nonnegative real part, the absolute value of the function Phi_0 at r and nu is at most C divided by the absolute value of nu_R plus one, times the ratio r over r0 raised to the real part of nu_R."
"0.8421980899794341","0a10e250-c34d-430b-b896-c1966eb023c4","sphere-eversion","Lean Repo","set_juggling","Given a closed set K and two compact sets K1, K2 contained in open sets U1, U2 respectively, and given an open set U containing K, there exist open sets U1', U2' and compact sets K1', K2' such that K1 is in K1', K1' is in U1', K2' is in U2', the union of K1' and K2' equals that of K1 and K2, K is disjoint from U2', U1' is contained in the union of U and U1, and U2' is contained in U2.","d205f439-72d1-41d5-b89b-4a37021b40bc","2508.05765","arXiv","1","","For a compact set K inside an open set U, and a locally finite collection of disjoint compact sets, there is a smaller open set V around K whose closure stays inside U, such that only those compact sets intersecting K can also intersect the closure of V."
"0.8416162409086423","5a7433ca-c2b5-4c3f-9b88-e4524d252f01","combinatorial-games","Lean Repo","IGame.inv_of_equiv_zero","If a game x is equivalent to zero, then its inverse is also equal to zero.","b7476b4d-c1da-4706-9d45-0fec11ea07fa","2207.11596","arXiv","8","","If a game G has an inverse such that G plus its inverse equals zero, and adding another game H to G does not change G, then H must be the zero game."
"0.8408991915058456","f3a44691-5559-4229-8f60-0385106eb4b9","ClassFieldTheory","Lean Repo","Rep.TrivialHomology.res_subtype","If a representation has trivial homology over a group and you restrict it to a subgroup via the inclusion map, then the restricted representation also has trivial homology. This is because the inclusion of a subgroup into the full group is an injective homomorphism, and trivial homology is preserved under such restrictions.","e51290dc-acdb-4470-b249-444800d7fb80","1902.11139","arXiv","2.5","","If a group G has a subgroup H, and a certain representation of G has a trivial symmetry group, then any representation of H that appears in its restriction to H must also have a trivial symmetry group."
"0.8386777449942442","b1e052bb-f31b-4b6d-98cf-db1581f86fd0","FLT","Lean Repo","Rat.FiniteAdeleRing.instFactPrimeValNat_fLT","For any prime number p, it is true that p is a prime natural number. The statement confirms that every element of the set of primes satisfies the property of being prime in the natural numbers.","3eeb0df2-1f98-47d5-8a91-a7ecddfaa890","2105.12185","arXiv","4.1","","The set of prime numbers is denoted by P, and primes are the natural numbers greater than 1 that have no positive divisors other than 1 and themselves."
"0.8376106926097626","6722fb0c-24f7-41a1-a1de-e763f0f4183b","cslib","Lean Repo","Cslib.ωSequence.iterate_id","The infinite sequence formed by repeatedly applying the identity function to a value a is the same as the constant sequence where every element is a.","908524d6-ec89-4bc1-bfdd-ada0865140a5","0807.1524","arXiv","","","The function repeat takes a value a and produces an infinite sequence where a is repeated over and over, starting with a and continuing with the same sequence again."
"0.8367717817506166","06eac475-fdf5-4bf5-b349-e932ed9df44e","pfr","Lean Repo","ProbabilityTheory.integral_congr_finiteSupport","If two functions f and g are equal at all points where a finite-support measure assigns nonzero weight, then their integrals with respect to that measure are equal.","18b5a747-4cb6-49fe-88af-249dc06ebd99","2506.09163","arXiv","1","","If the integrals of two functions f and g over every measurable set E are equal with respect to a non negative measure mu, then f and g are equal almost everywhere with respect to mu."
"0.8348982473535401","e8293d0c-ac93-4409-9e7e-7ca36af45d18","cslib","Lean Repo","Cslib.LTS.HomBisimilarity.refl","In any labeled transition system, every state is bisimilar to itself, meaning each state behaves the same as itself under all possible transitions.","0711c630-97a4-45ba-8975-ea399b9e4ade","1711.11208","arXiv","10","","Two states in a labeled transition system are bisimilar if there is a relation between them such that each can match the other's transitions step by step, and their successors remain related. This means they behave in the same way with respect to all possible actions. Bisimilarity captures when two states are indistinguishable in their observable behavior."
"0.8347111161439092","087008ac-a186-4339-ba7e-9908f01735a7","physlib","Lean Repo","TimeTransMan.dist","The distance between two points in the time manifold TimeTransMan is calculated as a real number, using a chosen unit of time. This distance is translationally invariant, meaning it depends only on the difference between the points and not their absolute positions. The result is expressed in multiples of a specified time unit.","f0231bf3-635a-42b5-a8d2-cab25fc1fb0a","2301.12723","arXiv","71","","The distance calculated in this context satisfies the properties of a time metric, meaning it behaves like a measure of time-based separation. It is consistent with how distances are defined in time-related mathematical spaces."
"0.8333244288375953","bbcae140-f385-476c-ba63-204e467d1728","apap","Lean Repo","MeasureTheory.cLpNorm_exponent_top_eq_essSup","For a function defined on a finite set where every subset is measurable, the L-infinity norm (limit of p-norms as p goes to infinity) equals the maximum value of the function's norm across all points in the domain.","714230fc-4eb0-4f96-a111-ba26c974b8de","1609.07031","arXiv","2.20","","The limit of the Lp norm of a measurable function X as p goes to infinity equals the L infinity norm of X, showing that the smallest upper bound of X is the limiting value of its p-norms."
"0.8329819138415524","ea8833f9-197f-4de9-aec8-c47de8031309","carleson","Lean Repo","CoveredByBalls","A set s in a pseudometric space can be covered by no more than N balls, each of radius r. This means there exists a finite collection of N points such that every point in s is within distance r of at least one of these points. The condition depends only on the pseudometric structure, where distances are defined but distinct points may have zero distance.","5ffb991e-277a-48d4-984e-6741a5b4a0b6","1907.13307","arXiv","6.2","","A pseudometric is a function that assigns a nonnegative real number to pairs of elements in a set, is symmetric, satisfies the triangle inequality, and allows zero distance between distinct points; the r-radius ball around a point consists of all points within distance r according to this function."
"0.8327968308031309","ada37919-87c3-4922-86e4-8e93f2e973e5","FLT","Lean Repo","IsDedekindDomain.FiniteAdeleRing.tensorEquivRestrictedProduct","There is an A-linear isomorphism between the tensor product of B with the finite adele ring of K and a restricted product of tensor products of B with the completions of K at each place, where most components lie in the corresponding submodules of integers. This isomorphism maps an element b ⊗ x to the function sending each place v to b ⊗ (x at v). The result expresses how extending scalars from A to B interacts with the adele ring structure.","7a0f82f1-6767-4cab-b73d-2381a859e223","ImperialCollegeLondon/FLT","Lean Community","9.25","","The natural map from the tensor product of B with the finite adeles of K over A to the restricted product R is an isomorphism of B-algebras. This means that B combined with the finite adeles of K in this way fully captures the structure of R. The result follows from earlier theorems and properties of tensor products with filtered colimits."
"0.8327518533504249","d61e8501-b637-4755-9170-56c2a3237075","brownian-motion","Lean Repo","ProbabilityTheory.SimpleProcess.ext","Two simple stochastic processes are equal if they have the same starting value at time bot and the same values at all other time intervals, given that their random variables are adapted to the same filtration and take values in a normed vector space with a Borel structure.","1f10c4b0-6f35-483a-a7e3-af5194cfb2bb","2006.06243","arXiv","2.2","","Two processes are stochastically equivalent if at every time point, the probability that they are equal is one."
"0.8318986519639765","7170a39e-809d-4921-bdf5-4992a6238a81","carleson","Lean Repo","le_of_mem_of_mem","If a point belongs to two dyadic cubes and one cube is no larger than the other, then the smaller cube is contained in the larger one. This holds in a space with a doubling measure and a structured grid system. The cube hierarchy respects both size and spatial inclusion.","e64f8a95-1f8d-443b-b32b-00e7a887b33d","fpvandoorn/carleson","Lean Community","4.1.5","dyadic_property","If two expanded grid cubes at different scales overlap, then the smaller cube is entirely contained within the larger one. This holds when the cubes are centered at points from nested grid levels within a bounded range. The containment reflects a hierarchical structure of the grid system."
"0.8301790287845293","62334b6a-936a-470d-958f-b793ff4f9253","PrimeNumberTheoremAnd","Lean Repo","UpperBnd_aux2","If t is a real number with absolute value greater than 3, and σ is at least 1 minus A divided by the natural logarithm of |t|, then |t| raised to the power of (1 − σ) is at most e^A.","7904f6d8-1496-40cf-947b-9fba780941ea","2202.01047","arXiv","4.1","","For any positive number sigma, the absolute value of the logarithm of t multiplied by t raised to the power sigma is at most 1 divided by e times sigma, for t between 0 and 1. Also, for t greater than 1, the logarithm of t is less than or equal to t raised to the power sigma divided by e times sigma."
"0.8299533265464754","f58161e0-7a2b-4fce-bf39-f380bd654a96","PrimeNumberTheoremAnd","Lean Repo","DerivUpperBnd_aux7_tendsto","As t gets very large, the expression -(1 / σ² * t^(-σ) + 1 / σ * t^(-σ) * log t) gets arbitrarily close to 0, provided σ is positive. This means the function approaches zero at infinity for any fixed positive σ.","f02d94b2-61ff-4b09-b7db-ced526c9d712","1702.08146","arXiv","1.1","","As time t becomes very large, the function sigma infinity of t behaves like 2 times t minus 1.5 times the natural log of t minus a constant x infinity plus a term that becomes negligible. The constant x infinity depends on the initial value u zero."
"0.8293248916874927","ae0d780e-b51b-4379-aee4-940565085738","physlib","Lean Repo","QuantumMechanics.OneDimension.HilbertSpace.parityOperatorSchwartz","The parity operator acts on smooth, rapidly decaying complex-valued functions on the real line by reflecting them across zero, meaning it transforms a function ψ into the function that maps x to ψ(-x). It is a continuous linear map from the space of such functions to itself.","568db96b-26e5-4fb0-bd5b-6d9164b0130c","1507.06709","arXiv","3.1","","The parity operator takes a function f of x and returns the same function evaluated at negative x, effectively reflecting the function across the y-axis."
"0.8279633724131609","ae8be573-f6d1-463e-bbe7-6ba563410858","pfr","Lean Repo","ProbabilityTheory.Kernel.IsZeroOrProbabilityMeasure.compProd","If a measure on one space is either zero or a probability measure, and a kernel from that space to another is either zero or a Markov kernel, then the resulting joint measure formed by combining them is also either zero or a probability measure. This joint measure is built by first sampling from the initial measure and then using the kernel to sample from the second space. The result ensures the combined system preserves the probabilistic structure or total lack of mass.","9c901bac-226d-47dd-a5a0-bdcad08454d0","2206.12379","arXiv","1","","A Markov kernel maps each point in a space to a probability measure on another space, while being measurable in the first argument. The image of a Markov kernel under a probability measure is a new probability measure obtained by integrating the kernel against the original measure. Two Markov kernels can be composed to form a new kernel by integrating one kernel against the measure produced by the other. This composition represents the combined probabilistic transition from the first to the third space through the second."
"0.8269750332011185","170e8521-39e1-4c6c-b181-d6f1b2dc217d","PersistentDecomp","Lean Repo","Dual.DirectSumDecomposition.not_bot_mem","A direct sum decomposition of a module consists of a collection of non-zero submodules that are independent and span the whole module, and this declaration states that the zero submodule is not included in such a decomposition.","1de11c63-a334-49b4-a039-018b8b302ded","2101.02031","arXiv","4.3.2.2","","A module M is the direct sum of a family of its submodules if and only if every element of M can be written as a sum of elements from the submodules, and each submodule has no nonzero overlap with the sum of the others."
"0.8264700211321061","11a5fa3a-9d54-498f-8008-82525a92c833","flt-regular","Lean Repo","fermatLastTheoremEleven","There are no positive integers x, y, z such that x^11 + y^11 = z^11. This is true because 11 is a regular prime number and not equal to 2, which implies Fermat's Last Theorem holds for exponent 11.","c7e55796-a8c9-4c16-af40-98a972e2921c","2401.03099","arXiv","11","","There are no nonzero integer solutions a, b, c to the equation a^11 + b^11 = c^n with gcd(a,b,c) = 1 and either a+b even or a+b divisible by 11, for any integer n greater than or equal to 2."
"0.8263581127147953","c1662b0a-a536-48d7-854a-ececf03d58f3","PrimeNumberTheoremAnd","Lean Repo","LeanCert.Core.IntervalDyadic.mul","IntervalDyadic.mul defines how to multiply two intervals with dyadic rational endpoints by computing the smallest and largest possible products from the four combinations of the endpoints, ensuring the result is a new interval that contains all possible values of the multiplication. It uses dyadic min4 and max4 to find the new lower and upper bounds. The resulting interval is guaranteed to be valid because the minimum of the four products is always less than or equal to the maximum.","bfd2fc51-3232-438a-b933-2797b5cba434","2212.11429","arXiv","1","","The product of two intervals is contained within a new interval whose bounds are computed using the positive and negative parts of the original endpoints. For any real number z, z+ is the maximum of z and 0, and z- is the minimum of z and 0. The upper and lower limits of the resulting interval are sums of products of these adjusted values from the original intervals. This gives a safe approximation of the range of possible values when multiplying two intervals."
"0.8240377998547351","e71133ad-8538-4581-b4dc-6d6afc14c22b","cslib","Lean Repo","Cslib.URM.Diverges","A program diverges on given inputs if it runs forever and never stops. This happens when the program does not reach a final state after following its instructions repeatedly. Divergence means the opposite of halting.","ad848fb7-a80c-4182-b337-46de6d9fe4bb","2110.11034","arXiv","5.6","","A program diverges if it runs forever without terminating, and this behavior is defined for sequences, variable bindings, conditionals, loops, and blocks by showing that at least one part of the program runs infinitely. For example, a loop can diverge if its condition stays true and either the body diverges or the loop continues diverging after one iteration. A sequence can diverge if the first statement diverges or if the first finishes but the second diverges. This definition applies coinductively, meaning infinite execution is treated as a self-sustaining process."
"0.8218453835846649","c5f4eb66-c14f-47cf-850a-e93a7b312025","FLT","Lean Repo","instMulActionMonoidHomOfMulDistribMulAction_fLT","If a monoid α acts on a monoid G in a way that distributes over multiplication, and M is another monoid, then α can act on the set of monoid homomorphisms from M to G by applying the action pointwise. This action respects the multiplicative structure of α and satisfies the usual properties of a monoid action. The result is a well-defined multiplicative action on functions that preserve monoid structure.","44467dbc-1100-40df-b2fb-a4aa8baf913f","1710.04634","arXiv","4","","A monoid action of a monoid M on a set X is a way of combining elements of M with elements of X such that applying the identity element of M leaves elements of X unchanged, and the action respects the monoid operation through the rule (xy)·t = x·(y·t). This action can be viewed as a mapping from M to functions on X, where the image of the identity is the identity function, and the operation in M corresponds to function composition. The structure ensures compatibility between the algebraic properties of the monoid and the transformations on the set."
"0.8218201202784936","e62acc08-fd2f-4dcd-be8b-495e61cdc157","ClassFieldTheory","Lean Repo","Rep.instTrivialTateCohomologyOfSubsingleton","If a group is finite and has at most one element (subsingleton), and its elements act on a module over a commutative ring, then all Tate cohomology groups of this representation are trivial. This means that the cohomology vanishes in all degrees. The result holds for any such module when the acting group is both finite and subsingleton.","afd272af-03e5-475a-b17d-c04bd4d1a68d","kbuzzard/ClassFieldTheory","Lean Community","63","Rep.tateCohomology_of_trivialCohomology, Rep.trivialHomology_of_trivialCohomology","If a representation of a finite group has trivial cohomology, then its Tate cohomology is also trivial."
"0.8217482099127086","8e5e2bd6-18dc-4f3e-8984-56f75753a892","brownian-motion","Lean Repo","MeasureTheory.DiscreteApproxSequence.inf","The infimum of two discrete approximation sequences for stopping times τ and σ is itself a discrete approximation sequence for the stopping time min(τ, σ), with respect to the same filtration and measure. This means that approximating each stopping time from above using discrete sequences, then taking their pointwise minimum, gives a valid discrete approximation for the earlier of the two stopping times. The result relies on the fact that the minimum of stopping times is a stopping time and that the discrete structure is preserved under taking minima.","fc57192f-9665-46b6-8f8b-a9bfc22b12ba","RemyDegenne/brownian-motion","Lean Community","2.1.73","MeasureTheory.discreteApproxSequence_of","If tau is a stopping time bounded by t and tau_n is a discrete approximation sequence of tau, then the sequence formed by taking the minimum of tau_n and t is also a discrete approximation sequence of tau."
"0.8196651780251708","6ca8b6d9-0516-4b06-929a-691e1ef40e77","PrimeNumberTheoremAnd","Lean Repo","decay_bounds_W21","If a function f satisfies bounds on its size and second derivative, specifically both bounded by A/(1 + t^2) for all real t, then its Fourier transform at any point u is bounded by (pi + 1/(4*pi)) * A / (1 + u^2).","c820ae4b-c400-43a4-9f63-9387bf08a5a7","1502.07861","arXiv","6.2","","If a function f is bounded and defined on a set A, then its U2 norm equals the L4 norm of its Fourier transform, and the infinity norm of the Fourier transform is at most the U2 norm, which in turn is at most the square root of the product of the L2 norm of f and the infinity norm of its Fourier transform."
"0.8183800412584129","62f01a68-77c7-411c-aa5b-b9dd01a9b3af","carleson","Lean Repo","const_n_prop_2","For a given natural number a and a real number t between 0 and 1, the value of t multiplied by D raised to the power k is less than or equal to D raised to the power k minus const_n times const_K, where D, const_n, and const_K are positive constants depending on a and t.","6d204119-efbb-4dab-8e58-6e75e4e0232e","1811.03586","arXiv","11","","For every natural number k and every number t between 0 and 1, the product of t and (t minus 1) raised to the power of 2k is less than or equal to 1 divided by (2k plus 1)."
"0.8182608455320015","9ab9a107-928e-4d55-9592-5b620e3ab2ef","physlib","Lean Repo","CanonicalEnsemble.mathematicalHelmholtzFreeEnergy","The mathematical Helmholtz free energy is defined as the negative of the product of temperature and the Boltzmann constant multiplied by the natural logarithm of the mathematical partition function of a canonical ensemble. It is a real-valued quantity derived from the ensemble's microstates and their energies. This quantity serves as a step toward defining the physical Helmholtz free energy in thermodynamics.","20d2f04b-cd77-4b81-ae9d-07ef661098b0","2509.17753","arXiv","3.30","","The Helmholtz free energy is calculated from the natural logarithm of the canonical partition function scaled by the inverse temperature. Entropy is derived from how the free energy changes with inverse temperature, multiplied by Boltzmann's constant and the square of the inverse temperature. Pressure is found by taking the negative rate of change of the free energy with respect to volume. These definitions link thermodynamic quantities to the partition function in statistical mechanics."
"0.8177885847363529","c37cfd7c-0169-4ddb-8c98-54dd6e8a9335","formal-conjectures","Lean Repo","SimpleGraph.diam_eq_zero_of_subsingleton","If a simple graph has at most one vertex, then its diameter is zero. This happens because there are no two distinct vertices to have a positive distance between them.","52c95540-440b-47bc-81d9-38fd4573d883","2406.04923","arXiv","3.1","","If a graph has at least two vertices and is not empty, then its diameter is at most one less than the number of vertices."
"0.8177744131520326","bf7b2106-9b22-45cb-8ba2-fc61dc4e77ab","formal-conjectures","Lean Repo","Shatters.exists_superset","If a collection of sets 𝒜 shatters a set A, then there exists some set B in 𝒜 such that A is a subset of B.","a19e1039-6b16-4f98-88e7-07ec8cbcdd4d","2103.12686","arXiv","35","","A collection A of subsets of a set C shatters a subset B of C if every possible subset of B can be obtained by intersecting B with some element of A. This means the intersections of A with B cover all subsets of B."
"0.817633462574321","9def1505-ff4b-41e8-8774-6dc81b54994c","apap","Lean Repo","dft_conj","The discrete Fourier transform of the complex conjugate of a function on a finite abelian group is equal to the complex conjugate of the Fourier transform of the function evaluated at the inverse character.","fccd20ba-d6ad-4f23-b426-7fe235ab3098","0801.3813","arXiv","3.2","","The discrete Fourier transform of a function f on a group G is calculated by summing the product of f at each point x and the complex conjugate of a character chi evaluated at x, for all characters chi in the dual group of G."
"0.8175346364718542","03b3d3a8-f2ee-4d36-bf3d-cb28ac4878ae","toric","Lean Repo","CommHopfAlgCat.forget₂_commBialgCat_map","When you take a morphism between commutative Hopf algebras and forget the Hopf algebra structure to view it as a morphism between commutative bialgebras, the resulting map is the same as first converting the Hopf algebra morphism to a bialgebra homomorphism and then treating that as a morphism in the category of commutative bialgebras.","625c7478-e8b2-4e17-91c2-eb4ee587cf27","1506.06518","arXiv","5.6","","If A is a commutative algebra and B is a Hopf algebra or bialgebra, then the algebra of commutative morphisms from B to A naturally carries a Hopf algebra or bialgebra structure. This structure arises because the morphisms from B to A tensored with any commutative algebra form a group or monoid, and the representing object inherits the structure. Alternatively, it follows from the fact that this algebra is a quotient of a known Hopf algebra by an ideal compatible with the Hopf algebra operations."
"0.8159276511807594","1c83a376-a405-4f9d-83a9-71bf0a1a18d6","combinatorial-games","Lean Repo","IGame.instTransSubpositionWSubposition","If one game is a proper subposition of another, and that second game can reach a third through a series of zero or more moves, then the first game is also a proper subposition of the third. This establishes a transitive relationship between the proper subposition relation and the weak (zero-or-more-move) reachability relation. The result is used to support step-by-step reasoning in proofs involving game positions.","d4e9bca3-a3b8-4791-9570-85b145e14101","2307.13396","arXiv","","","If U and U' are subsets of V, and the game restricted to U is a subgame of the original game, and the game restricted to U' within the U-restricted game is also a subgame, then the game restricted directly to U' is a subgame of the original game."
"0.8151379275293227","95ccc08a-5479-47cd-ab2a-995d800739da","flt-regular","Lean Repo","FltRegular.p_dvd_c_of_ab_of_anegc","If p is a prime number not equal to 3, and integers a, b, c satisfy a^p + b^p = c^p, with a congruent to b and b congruent to -c modulo p, then p divides c.","8f8636ab-ba69-4bc8-96df-ed5261792c40","1805.07127","arXiv","3.3","","If a, b, c form a primitive solution to the equation a^2 + 3b^6 = c^p where p is at least 3, then c must be divisible by a prime other than 2 or 3."
"0.8150552726087908","2651a00b-4514-4c82-b844-2f936753880e","sphere-packing-math-inc","Lean Repo","Delta_apply","For any complex number z in the upper half plane, the function Delta evaluated at z equals the value of the modular form Δ at z.","0442b7e5-3c2e-4add-8abb-484a80b6e34b","thefundamentaltheor3m/Sphere-Packing-Lean","Lean Community","6.26","Δ_ne_zero","The function Δ(z) is never zero for any z in the upper half-plane. This follows from its product formula, which shows it is always positive when evaluated on the positive imaginary axis. The nonvanishing of Δ(z) is an important property used in the theory of modular forms."
"0.8146804604860126","9308fa81-1258-47a1-966a-06bc917f2d4f","PrimeNumberTheoremAnd","Lean Repo","Lcm.hε_pos","For natural numbers n that are at least the square of a fixed value X₀, the expression 1 + 1 divided by the cube of the natural logarithm of the square root of n is always greater than zero. This relies on the logarithm being defined and positive for sufficiently large n, and basic properties of positive real numbers under addition and division. The result follows from the positivity of logarithms and the fact that adding 1 to a positive fraction yields a number greater than 1.","9addc9df-3926-4aad-af45-1f3990ae382d","2602.15905","arXiv","2.5","","For all x greater than or equal to 1, the value of x divided by (1 plus the natural log of x) minus the natural log of (1 plus the natural log of x) is greater than or equal to zero."
"0.8144521009524925","e91f9ffb-209c-489a-a5c2-6862abe8ad57","ClassFieldTheory","Lean Repo","groupCohomology.map_congr","If two group homomorphisms f and g from G to H are equal, and two intertwining maps φ and ψ from the restricted representations N↓f and N↓g to M induce the same linear map, then the induced maps on group cohomology are equal in every degree n.","be36bd3b-dc56-4a2b-936f-d275ad0e6e2f","1403.0688","arXiv","2.1","","If two homomorphisms between groups are similar, then for every non negative integer n, the homomorphisms they induce on cohomology groups with coefficients in C are identical."
"0.8144350819158498","abc9f05b-ed63-4cf8-945c-ad5913a5e983","PrimeNumberTheoremAnd","Lean Repo","LeanCert.Core.DerivativeIntervals.sin_deriv_abs_le_one","The absolute value of the derivative of the sine function at any real number is less than or equal to one. This means the rate of change of sine never exceeds 1 in magnitude. The result follows from the fact that the derivative of sine is cosine, and the absolute value of cosine is always at most 1.","be5271d8-0868-4a51-adeb-d193b39a01ae","2210.10143","arXiv","8.3","","For any real number t, the absolute value of the sine of t is less than or equal to the absolute value of t."
"0.8143811502068737","6942836d-1659-472c-aaf5-e8832c6eedba","sphere-packing-math-inc","Lean Repo","SpherePacking.Dim24.Uniqueness.BS81.LP.Gegenbauer24.PSD.Harmonic.isHomogeneous_laplacian","If a polynomial in 24 variables is homogeneous of degree k, then applying the Laplacian (the sum of second partial derivatives) results in a polynomial that is homogeneous of degree k-2.","2d319df4-e140-43ef-a0c6-860b470a0287","2509.00193","arXiv","5","","The Laplacian operator maps a homogeneous polynomial of degree k+2 to a homogeneous polynomial of degree k by taking its Laplacian, and it sends all linear polynomials to zero."
"0.8142328452248664","8218af89-3c9d-4006-9a01-a96d6cbf6bfc","formal-conjectures","Lean Repo","QuadraticAlgebra.fact_field","For any squarefree integer d not equal to 1, there is no rational number r such that r squared equals d. This means the square root of such an integer d cannot be expressed as a fraction of two integers. The result relies on the fact that integers can be embedded into the rationals and that squarefree integers are not perfect squares.","d8265e53-de82-48ac-a368-0950fe3190cc","1404.1579","arXiv","3.4","","The square root of any positive square free integer cannot be expressed as a rational combination of other rational numbers, meaning it is linearly independent over the rationals."
"0.8131475757489143","8ad786c9-4941-44b8-af08-15f7f3fc8f21","PrimeNumberTheoremAnd","Lean Repo","second_smaller_terms","If a function f(x) approaches 0 as x goes to infinity, and δ is any positive number, then for all sufficiently large x, the value of (1 + δ) times (x / log x) is greater than (1 + f(x)) times (x / log x). This means that as x becomes very large, even a small fixed increase (1 + δ) eventually dominates a shrinking perturbation (1 + f(x)) when multiplied by x / log x.","c285ca85-b1e4-4fdd-9fd1-904e1a47e776","0905.2732","arXiv","1","","If a function f(x) approaches a limit δ as x goes to infinity, and if f(x) is always greater than f(x + ε) for some fixed positive ε and all x in its domain, then f(x) must be greater than δ for all x."
"0.8130149886861496","21fac6c3-c6f5-4d75-b92f-5718731065f2","PrimeNumberTheoremAnd","Lean Repo","Mertens.sum_mangoldt_div_log_eq_log_log","There exists a constant C such that for all real numbers x greater than or equal to 2, the absolute difference between the sum of vonMangoldt(d) / (d * log d) for d from 1 to floor(x) and the value log(log(x)) is at most C.","4c19ed50-c2e8-427c-b0e7-1b4ab868c53d","2303.02030","arXiv","1.1","","For large real numbers x at least 1, the sum of the product of the von Mangoldt function at n and at 2n+1, for all n up to x, is much greater than a constant times x times log log x, divided by log x times log log log x."
"0.81253898849171","1f071e69-b86f-4363-923b-81e9059f9e74","sphere-packing-math-inc","Lean Repo","swap_equiv","swap_equiv is an equivalence that swaps the two elements of a function from Fin 2 to a type α, then swaps them back, showing that swapping is invertible and defines a bijection on the function space. It uses the fact that applying swap twice returns the original function, as proven by swap_involutive. This equivalence represents a symmetry between the two positions in a pair.","b91f4861-e1da-4961-8f24-3ca48951e81c","2302.12991","arXiv","","","A function is two-set-permutation equivariant if swapping two input sets and then applying the function gives the same result as applying the function first and then swapping the outputs. This means the function behaves consistently when the order of its two inputs is changed. The inputs and outputs are sequences of elements from a space X, and the sequences can be of any length. The swap applies to both the inputs and the outputs in a matching way."
"0.811363500705668","fc2fff65-c1ec-458a-bb38-fe114bd91a69","cslib","Lean Repo","Cslib.Automata.DA.run'","This function takes a deterministic automaton and an infinite sequence of input symbols, then returns a function from natural numbers to states, representing the state of the automaton at each step as it processes the sequence. It uses the automaton's transition rules and starting state to compute the sequence of states. The infinite input is treated as a function from natural numbers to symbols.","0edf28dc-7406-4c7b-ba79-1df1da818361","cs/9906017","arXiv","11","","A function maps each state of a deterministic finite automaton and a new symbol to a string of states, generating a sequence where each term is the state reached by processing the next word in alphabetical order over the input alphabet. The sequence starts from the initial state and follows transitions according to the automaton's rules. This constructs a trace of all possible state visits in the order of increasing input words."
"0.8109296275550375","8bf686b1-5650-4f22-b5dc-2e95d8c22584","PrimeNumberTheoremAnd","Lean Repo","LiSeries.integral_exp_sub_one_div_eq_tsum","The integral from 0 to y of (e^u - 1)/u du equals the infinite sum of y^(n+1) / ((n+1) * (n+1)!) for n starting at 0. This result is obtained by integrating the power series expansion of (e^u - 1)/u term by term. Each term in the series integrates to the corresponding term in the sum.","0829d121-772e-40cd-9597-e70c6ed00110","1904.00070","arXiv","14","","For any positive integer u and non-negative y, the integral from 0 to infinity of e to the minus alpha times alpha to the power u times f sub u of alpha times y, with respect to alpha, equals e to the minus y times y to the power u. The function f sub u is defined as a series involving Bessel functions. By using the series expansion of f sub u and applying Fubini's theorem, the integral simplifies to the stated result. The proof relies on recognizing the integral as a gamma function that evaluates to a factorial."
"0.8108694481670949","69d9a4de-a9fd-4b90-a351-8bcad107eb7a","cslib","Lean Repo","Cslib.LambdaCalculus.LocallyNameless.Fsub.Term.open_tm_subst_tm_intro","If a variable x does not appear free in a term t, then opening t with another term s is the same as first opening t with a fresh free variable x and then substituting s for x in the result.","8a7e0737-990e-40dc-a5e3-d037aefa135e","1001.3368","arXiv","","","If x is a free variable in term t and u has no free variables, then substituting the denotation of u for x in the denotation of t equals the denotation of t with u substituted for x. Also, if x is free in t, then substituting u for x in the abstraction of x over t reduces in zero or more steps to the result of substituting u for x in t."
"0.810469409099881","633be164-0b91-4633-b051-058ec784d547","PrimeNumberTheoremAnd","Lean Repo","FKS.proposition_3_8","For given inputs including real numbers x, σ₁, σ₂, T and a natural number N, under the conditions that σ₁ is between 5/8 and 1, σ₂ is greater than σ₁ and at most 1, the interval from σ₁ to σ₂ lies within the valid range for zero-free regions of the zeta function, and T is at least H₀, the value of the function Sigma, which measures zeta function behavior, is bounded above by the value of ε₃, a bound derived from these parameters.","d5027547-52b6-4355-ba5e-3eb93e09e7e7","1909.12075","arXiv","7","","If sigma is between 127/168 and 107/138, the number of zeros N(sigma,T) is bounded by the sum of two terms involving powers of T, each with a small error. When sigma is between 127/168 and 23/30, the bound simplifies to just the first of those two terms."
"0.8103650834383542","606c9c10-4432-41a8-97bf-095c133017e0","formal-conjectures","Lean Repo","hasMulVCDimAtMost_compl","In an abelian group, a set has multiplicative VC dimension at most d if and only if its complement does. This means the largest complexity of patterns that can be shattered by the set is the same as that of its complement. The result follows from the fact that taking complements is an involution and preserves the logical structure of shattering.","a3b5f21e-4e87-4473-9c84-f21615f3bd5b","1802.02836","arXiv","4.6","","The left and right VC-dimensions of subsets in a group are related by inversion: the left VC-dimension of the inverses of two sets equals the right VC-dimension of the original sets. In abelian groups, where left and right notions coincide, the VC-dimension of a set is the same as that of its negation. This symmetry arises because inversion maps shattered sets to their inverses. Inversion preserves the combinatorial structure relevant to VC-dimension, especially in abelian groups."
"0.8102452107597347","00ee144d-2ea5-4abf-958d-f8d495731697","ClassFieldTheory","Lean Repo","Topology.IsQuotientMap.of_comp_of_isCoinducing","If the composition of two functions is a quotient map and the first function is surjective and coinducing, then the second function is also a quotient map.","15af4279-faa6-42f8-ae65-59849f3974ea","math/0308047","arXiv","4.13","","If two functions are topological quotient maps, then their composition is also a topological quotient map."
"0.8097220385311531","e48f649f-0b45-48a3-9ef0-0b2d757471ff","pfr","Lean Repo","ProbabilityTheory.Kernel.entropy_eq_integral_sum","The entropy of a kernel with respect to a measure equals the integral over the input space of the sum of the negative of each output probability times the logarithm of that probability, evaluated pointwise and weighted by the input measure. This expresses the average uncertainty of the kernel's outputs given the distribution of inputs. The kernel must be either zero or a Markov kernel, ensuring valid probabilistic behavior.","f75511bc-4447-4dc4-8a91-a6270ac9bce4","2509.22272","arXiv","3.5","","The kernel-based von Neumann entropy of a probability distribution is calculated using the covariance operator associated with the distribution, and it equals the negative trace of that operator multiplied by its own logarithm. This measures the uncertainty or spread of the distribution in a reproducing kernel Hilbert space. It generalizes the concept of entropy from classical probability to kernel-based representations."
"0.8093328413251784","56ed731a-edbc-4efd-89f9-40486803565b","combinatorial-games","Lean Repo","Game.instZeroLEOneClass","The declaration states that the type of combinatorial games, called Game, supports a relation where the game zero is less than or equal to the game one. This means that in the context of game outcomes, the game 0 does not give Right an advantage over the game 1 when playing as the second player. The relation is part of a broader structure that allows comparing games in a way consistent with their strategic value.","14b94bc0-59ee-4c39-b3b5-e092c029f2a5","2201.06069","arXiv","5","","A game G is considered greater than or equal to H if, for any other game X, the outcome of G combined with H is at least as good for the first player as H combined with X. Similarly, G is less than or equal to H if the outcome of G plus H is no better for the first player than H plus X. The relation G ⋛ H means neither G ≥ H nor G ≤ H holds. This defines a comparison system for games based on outcomes when combined with other games."
"0.8091602526126431","be00b136-0e7c-411b-b263-a139232d5e9c","FLT","Lean Repo","Deformation.ProartinianCat.toResidueField_surjective","The map from a local proartinian algebra to its residue field is surjective, meaning every element in the residue field comes from some element in the algebra. This holds for algebras over a commutative local ring equipped with the necessary topological structure.","12b00624-6db7-4565-b2d6-b187aaec2ae8","1407.5108","arXiv","67","","If a map between two local algebras over a local ring is such that the source is complete and the induced map on residue fields is surjective, then the original map is surjective. Moreover, if the map is surjective, the induced map on residue fields is an isomorphism, and the target algebra is flat over the base ring, then the map itself is an isomorphism."
"0.8089169341385907","3a631ae9-e1f7-43e7-a6a5-03b1f90b77cc","brownian-motion","Lean Repo","countableSupClosure_min","If a set s is contained in a set t that is closed under countable suprema, then the smallest set containing s that is closed under countable suprema is also contained in t.","3f11e290-7cc0-4ce6-be32-b39fd04e92c3","1701.04521","arXiv","","","If a set H is closed under a smaller set T, and T is contained in a larger set S, then H is also closed under S. This means the closure of T is contained in the closure of S."
"0.808856505938253","5c7fc025-b6f1-4320-860b-5f155487dab2","combinatorial-games","Lean Repo","IGame.Numeric.not_fuzzy","Numeric games are always comparable, meaning one is less than or equal to the other; they cannot be incomparable.","9dca6e09-3122-4d6d-a344-04cecdfd53d3","math/0410026","arXiv","3.4","","Every two numbers can be compared such that one is either less than, greater than, or equal to the other, and only one of these is true at a time."
"0.8081797965339025","89d06ee8-ffb1-461a-aa0d-2d8f22cf1a47","FLT","Lean Repo","instIsLocalHomRingHomToRingHom_fLT","If f is a ring equivalence between two semirings A and B, then the underlying function of f is a local homomorphism, meaning it maps units in A to units in B. This holds because ring equivalences preserve the ring structure and invertibility. The instance ensures that such a map satisfies the IsLocalHom property.","9785f42d-c9af-4389-b45e-166a36e80fad","0903.2965","arXiv","4.2","","A ring is semilocal if and only if there exists a local ring homomorphism from it into a semilocal ring, meaning the homomorphism preserves units in both directions. This characterizes semilocal rings through the existence of such a special type of map. The result connects the structure of a ring to the behavior of units under homomorphisms. It also implies that pullbacks of semilocal rings are semilocal."
"0.8071585982012703","ef13d60f-9280-49d3-bda7-01adb4605e1a","toric","Lean Repo","AlgebraicGeometry.Scheme.HomGrp.congr","If G is isomorphic to G' and H is isomorphic to H', where all are group schemes over a common base scheme S and H, H' are commutative, then the group of homomorphisms from G to H over S is isomorphic to the group of homomorphisms from G' to H' over S, with the isomorphism preserving the group structure.","9b85f980-6cba-43d9-b9a3-7b75254ae3ad","1506.01750","arXiv","4.3","","For etale group schemes G and H over a base S, the group of homomorphisms from G to H is the same as the group of isomorphisms from G to H. This is because homomorphisms between etale group schemes that preserve the group structure are necessarily isomorphisms. The Cartier dual of such an isomorphism is also an isomorphism and hence a valid homomorphism."
"0.8068976024678477","2f383a47-8dcc-4d9e-ac7f-94e619e8a3d9","brownian-motion","Lean Repo","ProbabilityTheory.IsBrownian.tendsto_nhds_zero","Almost every sample path of a Brownian motion starts at zero and approaches zero as the time parameter approaches zero.   This means that for almost all outcomes, the continuous function describing the motion passes through the origin at time zero.   The result follows from the continuity of paths and the fact that the process begins at zero with probability one.","b38be7c1-4c59-4cfa-bdd0-67e3f9b245e4","2108.03844","arXiv","2.1","","A Brownian motion is a random process that starts at zero, has normally distributed increments with mean zero and variance equal to the time difference, has independent increments over non-overlapping time intervals, and almost surely has continuous sample paths."
"0.8059206354310927","b3206006-68df-4087-9591-7a848537911c","PrimeNumberTheoremAnd","Lean Repo","LeanCert.Validity.RootFinding.verify_has_root","If a continuous function changes sign over an interval with rational endpoints, then the function must cross zero somewhere in that interval, meaning a root exists within it. This fact is used to confirm the correctness of a bisection method that searches for such roots. The verification ensures that when the algorithm says a root is present, it actually is.","2aa94d5b-b540-4753-beae-87d2018294aa","2305.10313","arXiv","5","","By checking the signs of a function near the endpoints of an interval, it is possible to tell if the function crosses zero within that interval. If the function changes sign, a bisection method can find the zero to any desired level of accuracy. This process relies on repeatedly narrowing the interval where the sign change occurs."
"0.80589240357525","be5fdec2-f69a-43f1-b6b7-4c2497c2637c","toric","Lean Repo","AddMonoidAlgebra.mapDomainOfBialgHom","A ring homomorphism between group algebras over a commutative domain R, that also preserves the bialgebra structure, must come from a group homomorphism between the underlying additive groups. Specifically, every such bialgebra map R[G] → R[H] induces a unique additive group map G → H. This induced map is built by restricting the algebra homomorphism to the group-like elements corresponding to the basis.","14107f9a-07f8-451c-86dc-e87518936166","YaelDillies/toric","Lean Community","2.3.20","","There is a one-to-one correspondence between bialgebra maps from the group algebra R[G] to a bialgebra A and group maps from G to the set of group-like elements in A, when R is a domain and G is a commutative group."
"0.8054242469495653","6b35f9f0-885a-46a9-a931-ea068412b8ab","physlib","Lean Repo","TriLinearSymm.toCubic","Given a symmetric trilinear function on a rational vector space, this operation produces a homogeneous cubic function by applying the trilinear function to the same input vector three times. The resulting function scales appropriately under rational scalar multiplication and respects addition, maintaining cubic homogeneity. This conversion preserves the algebraic structure of the original function in a simplified, single-argument form.","6328b946-46a0-4a07-bdc5-4f7e84e1114c","1108.0908","arXiv","","","A cubic norm is a function from a vector space to a field that scales with the cube of any scalar multiple, and has a symmetric three-variable form that is linear in each variable when the others are held fixed. This three-variable form is derived by a specific algebraic combination of the norm evaluated on sums of vectors. The trilinear form ensures the norm behaves well with respect to linear operations across three inputs."
"0.8042215641750019","49c7b770-c34e-42df-8615-fe2aaaad6a8c","PrimeNumberTheoremAnd","Lean Repo","MellinOfDeltaSpike","The Mellin transform of a function that has been scaled by a positive constant ε is equal to the Mellin transform of the original function evaluated at the scaled complex variable ε times s. This result holds for real-valued functions transformed under the DeltaSpike operation. It reflects how scaling the input of a function affects its Mellin transform.","12799f29-bab8-4981-874c-9b4ad958a58a","1502.02633","arXiv","43","","The Mellin transform of a scaled and rotated function equals the original transform multiplied by a factor involving the scale size raised to the power of minus the transform variable and the inverse of the rotation component. Scaling the input by a positive real or local field unit and applying a group action affects the transform predictably. This formula shows how the transform behaves under such changes."
"0.8040879170927033","051fcc7d-45ab-48a7-a49d-a3363360343e","physlib","Lean Repo","Space.fderiv_space_eq_fderiv_curry","The derivative of a function that depends on time and space, taken with respect to space at a fixed time, equals the spatial part of the full derivative of the function with respect to both time and space, evaluated in the direction of zero time change and a given space change.","86107923-aa5f-4526-ae89-479e03fa8d7e","1002.2446","arXiv","","","If the function F depends on time and position through a continuously differentiable function f, then the time derivative of F is the partial derivative of f with respect to time, and the spatial derivative of F is the gradient of f with respect to space."
"0.803851457621527","a3106d52-d5fd-40ca-a254-32e62ae10053","sphere-packing-math-inc","Lean Repo","φ₀_S_transform","For any complex number z in the upper half-plane, the value of the function φ₀ at -1/z is equal to φ₀(z) minus (12i)/(πz) times φ₂'(z) minus 36/(π²z²) times φ₄'(z). This describes how φ₀ changes when z is transformed by inversion. The functions φ₂' and φ₄' are related to modular forms of different weights.","6d784fcb-e28c-4418-94fc-2f2e5ec61804","2508.21239","arXiv","2.1","","For a complex number z in the upper half-plane, the dual function Phi-sharp-D at -1/z equals an exponential factor times the original function Phi-D at z, showing a modular transformation property under inversion. The exponential factor involves special values of L-functions associated with a quadratic character chi-D. This relation connects the behavior of two infinite products linked to modular forms for the Hecke group H(sqrt(D))."
"0.8037467595830264","c04f62b1-a25a-4801-9bca-dafbe923d8b8","FLT","Lean Repo","InverseLimit.inv₀_def","In an inverse limit system where each component has a group with zero structure and the transition maps preserve multiplication, identity, and zero, the inverse of an element in the limit is defined componentwise: the inverse of a compatible sequence is the sequence of inverses, and this respects the algebraic structure.","24ed8f76-69b1-496a-814f-148f82aabbf8","1910.01797","arXiv","3.4","","An inverse system consists of a sequence of non-empty sets and functions between them that satisfy a compatibility condition: applying functions in sequence gives the same result as applying a single function directly. The inverse limit is the set of all sequences where each element is in the corresponding set and the functions map later elements consistently to earlier ones. This captures the idea of finding elements that are compatible across all stages of the system."
"0.8030419574786488","0401c76d-8302-4314-8e40-41fa10e8fc06","cslib","Lean Repo","Cslib.CLL.Proposition","A proposition in classical linear logic is defined using a type called Atom, which represents basic atomic statements, and builds more complex propositions from it. The type of propositions depends on the universe level of the atoms. This structure allows constructing logical expressions in linear logic from simple atomic elements.","fc453175-8c31-48a1-ade9-f8d235338a62","cs/0012018","arXiv","9","","Propositional linear logic formulas are built from atomic propositions using connectives for multiplication, addition, implication, conjunction, disjunction, and modal operators, along with constants for truth and falsity in different forms. The basic elements include atoms and symbols representing units for the multiplicative and additive operations. Operations include tensor, par, linear implication, with, plus, and the exponential operators bang and question mark. Negation is also included as a postfix operation on formulas."
"0.8027928571631672","291763a4-56e4-45c2-854e-1c4d62aaed17","apap","Lean Repo","BohrSet.coe_width","For a Bohr set B on an additive group G, the width of B at a character ψ (as a non-negative real) coerces to the extended non-negative real value of the width, matching the extended width directly when ψ is one of the frequencies of B.","6ba3a016-5538-4b09-8eef-13540fe591a2","2311.12248","arXiv","5","","A Bohr set is a collection of elements x in a group G such that for every character chi in a given non-empty set Gamma of characters, the value of chi at x is within a distance tau of 1. The set Gamma is called the frequency set and tau is called the width, with the rank of the Bohr set being the number of characters in Gamma."
"0.8025853357523242","6ab3ff2a-d432-4780-b409-b7704fdaf8c2","combinatorial-games","Lean Repo","Surreal.instAddGroupWithOne","The surreal numbers support addition, subtraction, negation, and have both a zero and a one element, with one being built from a game where the left player can move to zero and the right has no moves. They form a commutative group under addition, and integers can be consistently embedded into them by mapping natural numbers as repeated additions of one and extending to negatives via negation. This structure ensures the surreal numbers behave like a number system with both additive and multiplicative units.","949ce0e8-9e82-4494-bbda-acf09e1def23","1812.00051","arXiv","7.10","","The collection of surreal numbers forms a commutative group under addition, meaning addition is associative and commutative, every number has an additive inverse, and zero acts as the additive identity."
"0.8019021246607476","39a1fa66-6090-4c05-b740-1c31a5a69cdc","FLT","Lean Repo","Rat.AdeleRing.fundamentalDomain","The fundamental domain for the quotient of the adele ring of the rationals by the rationals is the set of adeles where the finite part is a unit in the profinite integers and the infinite part lies in the half-open interval [0,1). This set represents a complete set of coset representatives for the quotient space. It is used to study arithmetic properties of the rationals via integration and measure theory on adeles.","5ddf6e09-9cd0-4519-b1ac-f82beda8a39f","1603.09698","arXiv","8.2","","The quotient space formed by the multiplicative rationals and the profinite integers acting on the adeles of the rationals can be logically defined within the adele ring using a first-order formula. This means that the structure of this quotient is encoded in the algebraic and logical framework of the adeles themselves. Elements of this quotient correspond to certain adeles that are units at almost all places and non-zero everywhere. The result shows that this object, relevant to number theory and zeta function theory, is interpretable in the first-order theory of the adeles."
"0.8018358185614122","6e58895d-e4d6-4247-a825-8d55ac2faff7","carleson","Lean Repo","MeasureTheory.distribution_add_le_of_enorm","If the norm of f(x) is almost everywhere bounded by A times the sum of the norms of g1(x) and g2(x), then the measure of the set where the norm of f exceeds A*(t + s) is at most the sum of the measures where the norms of g1 and g2 exceed t and s, respectively.","7d3744ae-4a55-470d-83a7-8abb811a19db","1901.08752","arXiv","2.1","","The measure of the set where the absolute value of the sum of two operators exceeds t+s is less than or equal to the sum of the measures where the absolute values of each operator exceed t and s, respectively."
"0.8009799475219764","797b5916-573a-43e9-a418-6f9ab17fa967","combinatorial-games","Lean Repo","SignExpansion.neg_le","For sign expansions x and y, the negative of x is less than or equal to y if and only if the negative of y is less than or equal to x. This expresses a symmetry property of the ordering under negation.","7f582e80-ea45-460d-a5bc-873a36a07046","1809.05230","arXiv","3.6","","For an ordered set X of a specific kind, the relation x ≤ y under the negative order (≤_N) holds exactly when it holds under the positive order (≤_P). This means the two ways of comparing elements in X give the same results. The result follows from earlier theorems about the properties of these order relations."
"0.799561350453937","e5b2bd8c-9b61-4087-9e34-79430fe2c4bb","HarderNarasimhan","Lean Repo","HarderNarasimhan.impl.semistable_iff","An object is semistable if and only if the interval from the smallest to the largest element is semistable, meaning the function mu does not achieve a higher value on any subinterval starting from the bottom than it does across the whole range. This equivalence connects a global stability condition with a local one on the full interval. It allows switching between a typeclass-based definition and a predicate-based one for technical convenience.","a3b0be2f-96ee-4b2e-a979-7d58b160676b","2105.08332","arXiv","2.13","","An object is semistable if, for a given stability function, the phase of every nonzero subobject is less than or equal to the phase of the object itself."
"0.7991788992807061","0237dc80-8ca3-41e4-bc18-aa08b2b2ab73","FLT","Lean Repo","TensorProduct.RightActions.AlgebraMap.baseChange","Given a ring homomorphism from B to C that respects the algebra structure over a commutative ring R, and given another commutative R-algebra A, there is an induced algebra homomorphism from the tensor product B ⊗_R A to C ⊗_R A. This map extends the original homomorphism by acting as the identity on A. It is constructed by tensoring the original map with the identity on A.","743e49b1-8047-4a8c-9d8b-56bdf1ee6c69","2510.06058","arXiv","2.28","","When working with a ring homomorphism from k to R, the tensor product R⊗kR is treated as an R-algebra using the map that sends a to a⊗1, unless otherwise specified."
"0.7989747397445676","300dfd7e-fdc8-4fb4-8b7d-9b76d7584057","physlib","Lean Repo","Cosmology.SpatialGeometry.limit_S_sphere","As k becomes very large, the expression k * sin(r / k) gets arbitrarily close to r for any real number r. This means the limit of k * sin(r / k) as k approaches infinity is r.","3142fef4-c854-4cfb-97a8-55eac44995de","cs/0305009","arXiv","1","","As k becomes very large, r_k approaches r_k star multiplied by a factor that gets arbitrarily close to 1."
"0.798693577191011","a5abc405-54b6-43a0-a5f9-8d8bb2fc63df","combinatorial-games","Lean Repo","Surreal.Cut.leftSurreal","The leftSurreal function maps each surreal number to a surreal cut formed by splitting all surreal numbers into two sets: those strictly less than it and those greater than or equal to it. This cut represents the gap just before the number in the ordered sequence of surreals. The function preserves the order structure, meaning smaller surreals map to earlier cuts.","f9c07c4a-e014-43db-b796-2cff03e6df9b","1608.03413","arXiv","2.4","","For any surreal number a, the sets of numbers less than a and simpler than a, and greater than a and simpler than a, form a representation of a as a cut. Any other representation of a with sets cofinal to these will define the same number. This representation is called the canonical cut of a."
"0.7978109564443034","14b62309-52fb-4cde-bbda-40466461f388","flt-regular","Lean Repo","mem_primitiveRoots_of_mem_nthRootsFinset","If p is a prime number and η is a p-th root of unity in a commutative domain R, and η is not equal to 1, then η is a primitive p-th root of unity.","daaf1388-d683-4cfc-a48a-0755adf14018","2409.18229","arXiv","3.8","","Let p be a prime number and let ξ be a primitive p-th root of unity. In the ring Z[ξ], the element 1−ξ is prime, and p can be written as a unit times (1−ξ) raised to the power p−1."
"0.7975656551993708","36b90431-40bf-477d-b455-32cc76fb9613","sphere-eversion","Lean Repo","Loop.add_int_eq","A loop is a function from real numbers to a space X that repeats every 1 unit, and this result says that shifting the input by any integer n does not change the output, because the function's value at time t + n is the same as at time t. This generalizes the 1-periodicity of loops to any integer shift.","999eab8b-64e6-4a89-9409-02af823de8bd","1908.08698","arXiv","2.1","","A function is 1-periodic if its value repeats every time the input is shifted by any integer vector, meaning the output stays the same when each input coordinate changes by an integer amount."
"0.7968514252656503","2111757a-1da9-4812-aaa2-ee9ee111a64b","physlib","Lean Repo","Cosmology.FLRW","FLRW is a structure that holds the scale factor a(t) and the spatial geometry type, which together describe the expanding universe in cosmology. The scale factor a(t) represents how distances in the universe change over time. It may be required to be smooth or at least twice differentiable for physical consistency.","32b114b0-a23b-4c2d-a99c-fbdaa9841414","2409.13799","arXiv","6","","FLRW spacetimes are mathematical models of the universe that describe a space that expands or contracts over time, where space at each moment has uniform curvature that is either spherical, hyperbolic, or flat. The geometry is determined by a scale factor that changes with time, and if this factor approaches zero at a finite starting time, it represents a Big Bang beginning. If the scale factor does not approach zero, or if time extends infinitely into the past, the universe has no beginning in that sense. These models are used in cosmology to describe the large-scale structure of spacetime."
"0.7967851668856389","ef0fca87-48b3-4fdc-8d3a-6cb809ec8eb3","combinatorial-games","Lean Repo","IGame.grundyAux_neg","The Grundy value for a player in the negated game is the same as the Grundy value for the opposite player in the original game. In other words, flipping the game and the player results in the same auxiliary Grundy value. This reflects a symmetry between players and game negation in impartial games.","2b7febfb-0c4a-4e4b-8f2e-6cb166c751d2","math/9604208","arXiv","1.6","","The value of a game with negated payoff equals the negative of the value of a related game where the move spaces for the two players are swapped and the payoff order is reversed. This holds for both the upper and lower game values. The result connects the solutions of two related two-player games under payoff negation and player role reversal."
"0.7967619001587598","3740cd8e-04d0-40b6-a9b3-1e3a5f55c012","toric","Lean Repo","AddMonoidAlgebra.mapDomainBialgHomEquiv_symm_apply","For a commutative ring R that is a domain, and additive groups G and H, the inverse of an equivalence between group homomorphisms G -> H and bialgebra homomorphisms R[G] -> R[H] maps a given bialgebra homomorphism f to the corresponding group homomorphism defined by how f acts on the group elements. This result shows that every such bialgebra homomorphism comes from a group homomorphism when R is a domain. The map is given explicitly by the function that extracts the underlying group hom from the algebra map.","4d8e5e3d-91b1-4bd1-8bc9-9f8a4c091012","YaelDillies/toric","Lean Community","2.3.25","","If R is a domain, G is a commutative group, A is an R-bialgebra, and there is a surjective bialgebra homomorphism from the group algebra R[G] to A, then A is isomorphic as a bialgebra to the group algebra of the image of G under the map."
"0.7967253130863206","5f51bbd0-9c94-4a6c-8a20-8c559de41cb2","FLT","Lean Repo","TensorProduct.RightActions.instTopologicalSpaceOfFinite_fLT","If M is a finite module over a commutative semiring R, and A is a topological R-algebra, then the tensor product M ⊗[R] A is given a topology making it a topological A-module. This topology comes from the module structure and the topology on A. It ensures algebraic and topological structures are compatible when M is finitely generated over R.","a74e0ce2-0634-4290-980a-c8c5c3b6f31a","ImperialCollegeLondon/FLT","Lean Community","10.34","IsModuleTopology.continuous_bilinear_of_finite_left","If R and S are topological rings with S a finite R-algebra and having the R-module topology, and if M is an S-module with the induced R-module structure, then the topology on M as an R-module is the same as the topology on M as an S-module."
"0.7963321778428863","505e81d7-848f-4b59-ba21-2c1cf909821a","combinatorial-games","Lean Repo","Surreal.Cut.right_inj","Two surreal cuts are equal if and only if their right sets are equal. This means the right set of a surreal cut uniquely determines the cut itself.","1e013c58-c98c-4a8f-87d8-e7ef50e72587","1203.4538","arXiv","2.1","","For any two sets of surreal numbers L and R where every element of L is less than every element of R, there is a unique surreal number a of shortest length that lies between them, called the cut defined by L and R. If another pair of sets L' and R' is cofinal with L and R and also bounds a, then the cut defined by L' and R' gives the same number a. Every surreal number a can be expressed as the cut of its own left and right sets, and any representation of a as a cut must come from sets cofinal with these."
"0.7951867870497047","681f7451-cc76-479f-a936-d8e413ec0412","pfr","Lean Repo","ProbabilityTheory.condDistrib_fst_of_ne_zero","If Z takes a value u with positive probability, then the conditional distribution of the first component (X) given Z = u is the same as the marginal conditional distribution of X given Z = u, ignoring Y. This holds when all spaces are countable and discrete, and the underlying measure is finite. The functions X, Y, and Z are assumed to be measurable.","a71ea458-9d98-4046-8b3a-c1baa3eb6e21","2512.19641","arXiv","1","","If certain conditions hold, then the distribution of Z given both X and Y is the same as the distribution of Z given X alone. Furthermore, this distribution is also the same as the distribution of Z given only the linear combination X transpose times beta zero, with or without Y."
"0.7944137056336278","62743b1c-5c5a-4adf-8bab-2ef4f4c37222","PrimeNumberTheoremAnd","Lean Repo","Eπ.bound","Eπ.bound(ε, x₀) means that for all real numbers x greater than or equal to x₀, the value of Eπ(x) is less than or equal to ε.","c6fd91e8-310a-4d83-ae2b-ff33862da4e8","1002.3430","arXiv","5.8","","E_epsilon is always less than E for values of epsilon between 0 and 1, and E_epsilon gets arbitrarily close to E at each point as epsilon approaches 0. Additionally, the values of E_epsilon over any finite time interval remain bounded for all positive epsilon."
"0.7939967440656112","538c3641-9008-430e-8de2-3e8c685da7ec","sphere-packing-math-inc","Lean Repo","SpherePacking.Dim24.LinearMap.BilinForm.HasLeechDistanceSpectrum.center_sub_mem_dual","If a 24-dimensional periodic sphere packing has the same distance spectrum and density as the Leech lattice, then the difference between any two sphere centers is a point in the dual of the packing's lattice.","8c50fec0-15c8-4760-9e79-e680092a2ecf","2303.07908","arXiv","1.2","","In 24-dimensional space, the densest way to pack spheres in a repeating pattern has a center density no greater than 1, and this maximum density is achieved only when the packing is the same as the Leech lattice."
"0.7938556959240521","db40248d-676d-4e71-8370-65a78af7ab38","formal-conjectures","Lean Repo","HasMulVCNDimAtMost.of_compl","In a commutative group, if the complement of a set has multiplicative VC-n dimension at most d, then the set itself also has multiplicative VC-n dimension at most d. This means the combinatorial complexity of a set, in terms of how it can be shattered by product patterns, is the same as that of its complement. The result follows from the equivalence between a set and its complement having bounded VC-n dimension.","106d8686-3c03-49cd-8d13-2532d0167cfa","2111.10048","arXiv","4.7","","The VC dimension of a set system and the VC dimension of its complement system are equal. This means that flipping which sets are included does not change the complexity measure of the system."
"0.793406581967936","a6afa37c-e75c-4026-abda-1bff20ead882","physlib","Lean Repo","QuantumMechanics.angularMomentum_commutation_angularMomentum","The commutator of two angular momentum components in d dimensions is proportional to the imaginary unit times Planck's constant, multiplied by a combination of Kronecker deltas and other angular momentum components, following a specific index structure. This relation captures how angular momentum operators fail to commute in quantum mechanics. The result depends on the indices i, j, k, and l, each ranging from 0 to d-1.","aa834a07-cd3c-4258-b743-9f89fb60c529","1601.04735","arXiv","5","","The angular momentum operators for rotations in a body-fixed frame follow a specific set of commutation rules, where the commutator of two components is proportional to the third component and involves the imaginary unit and Planck's constant. The proportionality uses the Levi-Civita symbol to represent the antisymmetric nature of the rotation generators. This relation reflects the algebraic structure of angular momentum in quantum mechanics."
"0.7927474389729926","d0ca652c-86f8-4ffc-adaa-ef3af9a95b5d","FLT","Lean Repo","IsDedekindDomain.HeightOneSpectrum.intValuation_comap","If a prime valuation w lies over a prime valuation v in an integral extension of Dedekind domains, then the value of an element a from the base ring under w is equal to its value under v raised to the power of the ramification index. This relates the valuations of elements in the extension ring to those in the base ring via the ramification index. The algebra map embedding the base ring into the extension ring is assumed injective.","f47e0eb2-63f9-4a3e-8c97-8978968722de","ImperialCollegeLondon/FLT","Lean Community","9.3","IsDedekindDomain.HeightOneSpectrum.valuation_comap","If k is an element of K and i is the inclusion map from K to L, then the value of the valuation w on i(k), scaled by the ramification index e of the extension w over v, equals the value of the valuation v on k. This relates the valuations v and w through the ramification index and the inclusion map. The valuations are written additively."
"0.7924124290206724","fcf95717-99a9-4640-a36a-b39595ead6f9","pfr","Lean Repo","gen_ineq_aux1","For measurable, independent functions Z1, Z2, Z3, Z4 and another measurable function Y, all taking values in a finite abelian group with a probability measure, the conditional distance between Y+Z1+Z2 and the pair (Z1+Z3, Z1+Z2+Z3+Z4) is bounded above by a combination of individual distances, conditional distances, and entropy differences involving the Z's and their sums.","5cd82bfa-19c8-44de-a7c3-b12cd300302d","teorth/pfr","Lean Community","3.26","condRuzsaDist_diff_ofsum_le","The difference in conditional Ruzsa distance between a variable X and the sum Y + Z, given the sum Y + Z + Z', compared to the distance between X and Y, is bounded above by half the sum of the entropies of Y + Z + Z' and Y + Z minus the entropies of Y and Z'. This result compares how adding independent random variables affects the distance measure in terms of entropy. The bound depends only on the entropies of the involved sums. All variables take values in an abelian group and Y, Z, Z' are independent."
"0.7915208448762271","b9d9503f-89ef-4a5a-8823-d00c3a252b65","sphere-packing-math-inc","Lean Repo","MagicFunction.b.SchwartzIntegrals.J₄'","J₄' is a smooth function from the real numbers to the complex numbers that, along with all its derivatives, decays faster than any polynomial grows, meaning it and its derivatives become very small as the input gets large in absolute value.","d95be4f6-7820-433a-b89e-70e2bd86f282","2410.05611","arXiv","2.2","","A smooth function from the real numbers to the complex numbers is said to have rapid decay if, for any non-negative integers m and n, the product of x raised to the m-th power and the n-th derivative of the function remains bounded as x approaches infinity."
"0.7914577449233803","21c2d734-bb62-4a2b-8063-150a3776bca7","sphere-packing-math-inc","Lean Repo","SpherePacking.Dim24.Uniqueness.BS81.CodingTheory.GolayUniquenessSteps.CodeFromOctads.choose3_of_le4","If n is a natural number less than or equal to 4, then the number of ways to choose 3 items from n items is 1 when n equals 3, and 4 when n equals 4; otherwise it is 0.","110dba96-91fa-42f0-92df-a9d7d99ee1a5","2509.24237","arXiv","12","","For n at least 4, the value of N sub 3 of n, 2, 1, 1 is less than or equal to 3."
"0.789981195400502","8e81742d-e54e-4f27-a061-0e9bf3b435c8","FLT","Lean Repo","DoubleCoset.union_finset_rightrel_cover","If a finite collection of double cosets covers the entire group when projected through the quotient map, then the union of these double cosets equals the whole group. Each double coset is formed by multiplying elements of two subgroups around a representative from the quotient. The theorem ensures that such a cover is complete if it includes all group elements.","295e047e-6ddd-4b2a-bbf0-e8594eabc5f6","1305.1243","arXiv","5.2","","For any two elements sigma and sigma prime in set P, and for each c in a certain collection labeled by sigma and sigma prime, there is a finite set associated to c such that the double coset space of a group labeled by sigma and sigma prime can be written as a union of double cosets over this finite set. The union of all such finite sets across all c forms a complete set of representatives for the double coset space of the group modulo subgroups associated to sigma and sigma prime."
"0.7892267244531742","969c3adc-73f7-4132-9af0-30b4f5ca57d7","PrimeNumberTheoremAnd","Lean Repo","LeanCert.Engine.mem_atanhIntervalRefined","If a real number x is between -1 and 1, then the absolute value of the inverse hyperbolic tangent of x is less than or equal to the inverse hyperbolic tangent of the absolute value of x.","9a4d1df5-3798-400d-a0c3-32f543c64486","2307.11747","arXiv","3.1","","For any real number x less than or equal to zero, the absolute value of 1 plus the hyperbolic tangent of x is at most twice the exponential of negative two times the absolute value of x."
"0.7891589239235075","22e6fba3-66a7-4ed7-9d4f-ebdacc220872","sphere-eversion","Lean Repo","instFunLikeOneJetSecOneJetBundle","A section of a one-jet bundle over a manifold can be treated as a function from the source manifold to the total space of the one-jet bundle, where each point is mapped to a jet encoding the first-order behavior of a map between manifolds. This declaration ensures that such sections have a function-like structure, allowing them to be applied pointwise. It sets up the necessary framework to work with these sections as if they were ordinary functions.","b660e30c-6fdf-48f9-ae29-65b183c2a593","hep-th/9405040","arXiv","","","A jet field on a fibred manifold is a section of its first order jet bundle, assigning to each point in the manifold a corresponding jet. A first order connection is a specific type of jet field that provides a smooth way to lift points from the base manifold to the jet bundle, using locally defined functions. This connection defines how tangent directions are lifted in a manner compatible with the fibred structure."
"0.7882318742092553","dd8a4533-18ef-4217-9dec-0377a6865502","physlib","Lean Repo","MSSM.PermGroup","The group of family permutations is the symmetric group on 6 elements, meaning it consists of all possible ways to rearrange 6 distinct items. This group is denoted as S6, where each element represents a unique permutation of the 6 items.","d8680675-eb3e-469f-96dd-07b6bd8d204c","1209.5665","arXiv","224","","The symmetric group of order n, denoted S(n), is the group of all possible permutations of a set containing n elements."
"0.7880645481215037","0aa287a8-c7f4-423c-88d8-fa5dedf041e6","brownian-motion","Lean Repo","MeasureTheory.isPavingAnalyticFor_isPavingAnalyticFor","If a set s is analytic with respect to the paving of sets that are themselves analytic for p and K, then s is also analytic for p using a larger index type formed by pairing K with sequences of pairs from natural numbers and K. This means analyticity can be lifted through a kind of iterated paving construction. The result shows that being analytic relative to analytic sets still stays within a controlled extension of the original paving.","eaf4f7fe-1273-42c6-907e-8ecdf7bc0c9d","RemyDegenne/brownian-motion","Lean Community","2.2.29","MeasureTheory.isPavingAnalytic_isPavingAnalytic","The analytic paving of an analytic paving of a family of sets F is the same as the analytic paving of F."
"0.7880641169977272","8614ce5b-dc56-4887-b1a5-2b9c25074582","physlib","Lean Repo","QuantumMechanics.OneDimension.momentumOperator","The momentum operator takes a complex-valued function of a real variable and returns another complex-valued function, obtained by taking the derivative of the input, multiplying it by -1 times the imaginary unit i, and then multiplying by the reduced Planck constant ℏ.","9521e7cc-67e3-41d7-bfeb-76e45537735e","2002.10382","arXiv","2.1","","The operator defined by the given expression acts on functions in the space H1_0 of real numbers by taking the negative imaginary unit times the weak derivative of the function, and this operator is the same as the standard momentum operator on that function space."
"0.7880182319173886","5ec5326d-f994-4868-983b-916096c884e9","cslib","Lean Repo","Cslib.LTS.instTransTraceEq","If one labeled transition system has the same traces as a second, and the second has the same traces as a third, then the first has the same traces as the third; this allows chaining trace equivalence proofs. The declaration enables the calc tactic to use this transitivity when proving trace equivalence. It does so by implementing a general pattern for combining two relational facts into a third.","92e9cb14-4d4c-4f40-936a-00b63538e335","2407.17708","arXiv","","","If the first triple is equivalent to the second, and the second is equivalent to the third, then the first triple is also equivalent to the third. This shows that the equivalence relation is transitive."
"0.7876860381492248","ff886e82-e7db-4c8c-9273-32e9098fbcff","FLT","Lean Repo","AddAction.FixedPoints.ext","If two fixed points of an additive action are equal when viewed as elements of the underlying space, then they are the same fixed point.","3248ec76-d05d-46f7-b737-81fad8dd4e3a","2407.16671","arXiv","2.6","","If two fixed points of a function f have the same value under every functional in the set M(f), then the two points must be identical."
"0.7874150871849644","b08e7cbf-d363-467d-9010-f9e8cb7b8178","cslib","Lean Repo","Turing.StackTape.tail_cons","Adding an element to the front of a stack tape and then removing the first element results in the original stack tape. This means the tail operation undoes the effect of adding an element at the beginning. The behavior holds regardless of whether the added element is a symbol or nothing.","164dcce2-0fef-47b5-8511-653dde338841","1604.04575","arXiv","2","","Pushing a new element and then popping it from the same position returns the original structure unchanged."
"0.7869542938864421","f95d9ae5-99c9-4662-b0ed-fdb1cf973b99","sphere-packing-math-inc","Lean Repo","MagicFunction.a.RealIntegrands.Φ₆_contDiffOn","For any real number r, the function Φ₆ r is infinitely differentiable on the interval [1, ∞), meaning all its derivatives exist and are continuous at every point in that range.","483aa63d-4e92-4314-8a14-8bb706f3e562","math/0408023","arXiv","3.9","","The function phi from the real numbers is smooth, meaning it can be differentiated infinitely many times."
"0.7864408732703959","1c3b2a5f-6553-4b78-82d4-6e526bdeb0b9","combinatorial-games","Lean Repo","IGame.Impartial.le_comm","For impartial games x and y, x is less than or equal to y if and only if y is less than or equal to x. This means the usual ordering relation is symmetric on impartial games. As a result, comparing impartial games in this way does not distinguish between which one is ""better"" for a player.","089d2e5e-eb27-441b-9e6b-2dccded62d26","2101.11699","arXiv","18","","Two games G and H are impartially equal if, when added to any other game X, the outcome of G plus X is the same as the outcome of H plus X. This means G and H behave the same way in all possible game situations. The equality is defined within the class of infinite impartial games."
"0.7860508045252277","862a8aa3-7261-439c-b082-73aab65249b3","combinatorial-games","Lean Repo","Surreal.birthday_natCast","The birthday of the surreal number corresponding to a natural number n is equal to the ordinal represented by n. This means that casting a natural number into the surreal numbers preserves its birthday as the same natural number in the ordinal sense.","1beda202-2c64-4927-9827-df9fc4c4cf2f","1810.10373","arXiv","1","","The birthday of the sum of two surreal numbers equals the sum of their birthdays."
"0.7860353791787985","bba9cce3-0429-45b8-be6b-158bcd1993a6","PersistentDecomp","Lean Repo","DirectSumDecomposition.isInternal","For any object c in the category C, the components of a direct sum decomposition of a functor M into submodules form an internal direct sum at c, meaning every element of the module M c can be uniquely written as a sum of elements from the individual submodules, with no overlaps between them.","aef8fe7d-a9d4-4c05-9872-e63e567e2989","2101.02031","arXiv","4.3.2.3","","A module M is the internal direct sum of a family of its submodules if every element of M can be written in exactly one way as a sum of elements from these submodules, where only finitely many terms are nonzero. This means M is isomorphic to the external direct sum of the submodules via the map that sends a tuple of elements to their sum in M."
"0.7859426892451788","537bc52b-ff47-43cd-b221-9633ae817373","combinatorial-games","Lean Repo","IGame.ofSetsRecOn_ofSets","When defining a property or function recursively on combinatorial games built from left and right sets, the result for a game {s | t} is obtained by applying the recursive rule to all elements in the left set s and right set t, using the same recursive processing on each option. This principle ensures that recursive definitions are well-founded by relying on the structure of games as built from smaller components. It formalizes how to compute a value for a game based on values computed for its left and right options.","9456e453-78bf-476f-87e4-2257ad4d7851","0903.5429","arXiv","1","","A game is defined as a pair of sets, one called left and one called right, where each set contains previously defined games. The structure represents possible moves for two players, with the left set representing options for the first player and the right set for the second. Each game is built recursively from simpler games already defined. This definition forms the foundation of combinatorial game theory."
"0.7853620122359013","19b90296-d0a6-4dac-9707-d77474be2a6a","sphere-packing-math-inc","Lean Repo","SpherePacking.Dim24.Uniqueness.RigidityClassify.covolume_eq_one_of_covolume_eq_numReps_and_subgroup_card","If a 24-dimensional periodic sphere packing has the same density as the Leech lattice, its centers form a lattice with a covolume equal to the number of points per unit cell, and the lattice is contained in its dual, then there exists an overlattice containing the original lattice with covolume 1, and the centers of the packing are a translate of this overlattice.","8c50fec0-15c8-4760-9e79-e680092a2ecf","2303.07908","arXiv","1.2","","In 24-dimensional space, the densest way to pack spheres in a repeating pattern has a center density no greater than 1, and this maximum density is achieved only when the packing is the same as the Leech lattice."
"0.7851756598292722","488bfe5e-82fb-47c5-90ed-9201ddf7e21e","combinatorial-games","Lean Repo","Surreal.toGame_le_iff","The function that converts surreal numbers into games preserves the less-than-or-equal-to relationship: one surreal number is less than or equal to another if and only if their corresponding games have the same order. This means the ordering of surreal numbers matches the ordering of their equivalent games. The conversion from surreals to games is an order embedding.","e6d74b28-89a8-422b-a1ef-58b665c9307b","1812.00051","arXiv","6.2","","There is a function that assigns an initial sequence to each surreal number, and one surreal number is less than another if and only if its corresponding initial sequence is less than the other's. The ordering of surreal numbers matches the ordering of their assigned sequences. This result helps show that the less-than relation on surreal numbers is cotransitive."
"0.7851203492460491","c95d4eac-68c3-4328-9b97-563ea7b947e0","FLT","Lean Repo","UniformSpace.Completion.mapSemialgHom_coe","When a ring homomorphism between two uniform rings is uniformly continuous, its extension to the completions maps the embedding of any element a in the source ring to the embedding of f(a) in the completion of the target ring. This means the extended map respects the original function on the embedded elements. The result holds because uniform continuity ensures compatibility with the completion process.","744508ea-3f6b-4608-9a87-af438091af7e","0709.0574","arXiv","4","","If X and Y are uniform convergence spaces and phi is a uniformly continuous embedding from X to Y, then there is an injective uniformly continuous map from the completion of X to the completion of Y that extends phi."
"0.7847264742482166","4f2464f0-52c0-43b6-b0d9-bcd3dfa76b1d","ClassFieldTheory","Lean Repo","groupCohomology.subsingleton_of_subquotient","If a filtered module has the property that the cohomology of each successive quotient at level q+1 has at most one element, and the filtration is complete and decreasing, then the cohomology of the entire module at level q+1 also has at most one element.","fa48a52a-600b-4c72-91d8-bb16702d34c7","1112.3717","arXiv","2.2","","For a module M with a special kind of filtration where each quotient is Cohen--Macaulay with respect to Q, the local cohomology of M with respect to Q is nonzero only in specific degrees q_i, and in those degrees it is isomorphic to the local cohomology of the corresponding filtered piece and its quotient."
"0.783672755300825","1d1539e0-42c3-4fc5-9c85-463b357f0e96","FLT","Lean Repo","Matrix.GeneralLinearGroup.GL2.unipotent","The unipotent function returns a 2x2 invertible matrix over a commutative ring R, where the matrix has 1s on the diagonal, 0 in the bottom-left, and a given element t in the top-right. This matrix is always invertible because its determinant is 1. The result is an element of the general linear group GL(2, R).","17ba51dc-b770-431c-831a-fbaa1c9fd9a9","2512.20341","arXiv","2.5","","For a unit u in a commutative ring R, a specific product of elementary unipotent matrices involving u and its inverse results in a diagonal matrix with entries u and u inverse."
"0.7833641216867429","f9e5a8a6-3e51-4e05-8fe4-b1c10738f0d7","carleson","Lean Repo","MeasureTheory.trnc_le_func","The norm of the truncated or complemented value of a function at any point is always less than or equal to the norm of the original function value at that point. This holds for functions into a topological space with a seminorm, where truncation limits values based on a threshold and the complement captures only values exceeding it. The result ensures that neither truncation nor its complement increases the size of the function's values.","490f8ba9-6f49-4975-9aa0-d21df827f3d2","1801.08400","arXiv","3.3","","For a function f in the domain of a, the value of a applied to the truncated and signed version of f, where its magnitude is capped at 1 and its sign preserved, is less than or equal to the value of a applied to f itself. This shows that the functional a decreases under such truncation and sign preservation. The result is proven by analyzing the gradient terms and using case distinctions based on the size of |f|."
"0.7831731297121829","56bc9023-6a91-421a-a967-75881c91c049","FLT","Lean Repo","GaloisRep.det","The determinant of a Galois representation is a continuous group homomorphism from the absolute Galois group of a field K to the multiplicative group of a topological commutative ring A, derived from the linear action of the representation on a module M. It is built using the determinant of A-linear endomorphisms of M and inherits continuity from the topological structure of the ring and module. This map captures how the representation transforms under field symmetries while respecting the algebraic and topological structure of A.","1089ea21-aaf8-4dab-9f99-c34cfa58db30","0812.2222","arXiv","3.1","","A Galois representation of a number field k is a continuous homomorphism from the absolute Galois group of k, equipped with the Krull topology, to a Hausdorff topological group."
"0.7829926867252213","fe00f081-b967-4e66-8435-7bc1b8c0606a","sphere-packing-math-inc","Lean Repo","MagicFunction.g.CohnElkies.IntegralReps.differentiableAt_intervalIntegral_mul_exp","The function that maps a complex number u to the integral from 0 to 1 of base(t) times the exponential of u times k(t), where base and k are continuous complex-valued functions on (0,1), is differentiable at every point u0 in the complex plane, provided that base and k are bounded on (0,1). This result follows from a dominated convergence argument that justifies differentiating under the integral sign. The exponential factor ensures smooth dependence on u, and the integral is well-behaved due to the continuity and boundedness of the input functions.","c7568441-2adf-4b1b-8fea-ec11c807de9e","2602.03106","arXiv","5.1","","The integral is convergent for every complex number u, and its value changes smoothly as u changes."
"0.7828429254280965","03f68dd9-57ae-42df-9df5-59d689ac8b6b","physlib","Lean Repo","PauliMatrix.trace_σ3","The trace of the third Pauli matrix is zero. This matrix is represented using a sum type where the index 2 is injected on the right, and the trace operation sums the diagonal elements of the 2x2 complex matrix. The result follows from the definition of the Pauli matrices and the trace function.","ca83e12c-7660-4457-9907-fc674b16fbd2","2405.19891","arXiv","2.4","","For any Pauli operator Q that is not a scalar multiple of the identity matrix, the trace of Q is zero. This is because Q can be written as a tensor product of single-qubit Pauli operators, and if at least one of them is not the identity, its trace is zero, making the trace of the whole product zero."
"0.7818836830076794","f3624b06-a3e1-4829-bcd4-8ba1094672cc","toric","Lean Repo","AlgebraicGeometry.Scheme.instAlgebraCarrierObjOppositeOpensCarrierCarrierCommRingCatPresheafOpOpensTopOfOverSpecOfIsAffine_toric","The ring of global sections of an affine scheme over the spectrum of a commutative ring R has a natural R-algebra structure, meaning it supports scalar multiplication by elements of R in a way compatible with ring operations. This structure arises from the geometric relationship between the scheme and Spec R. In particular, the global sections form a commutative ring equipped with a ring homomorphism from R into its center.","99e8495e-e797-4c8c-afa3-4370806cf9bd","2309.01776","arXiv","3.2","","For an affine scheme X equal to Spec(R), the global sections of the structure sheaf of X form the ring R; thus, the global sections of an octonion algebra over X form an octonion algebra over R."
"0.7816249774682064","b1ba7ba4-ddd0-488f-a194-7cc06747022f","physlib","Lean Repo","Electromagnetism.DistElectromagneticPotential.threeDimPointParticle_electricField","The electric field produced by a stationary point charge in three-dimensional space is proportional to the charge and inversely proportional to the square of the distance from the charge, following Coulomb's law. This field is constant over time and points radially away from or toward the charge location. The proportionality constant involves the permittivity of free space and the speed of light, with the full expression derived from the electromagnetic potential of the point particle.","08aa31ec-64d2-458d-a8c9-fef9df3b0331","1905.11262","arXiv","2.8","","The function describes the electric potential at a point in three-dimensional space due to a point charge located at (a, b, c), where the strength of the potential decreases with the square of the distance from the charge, following Coulomb's law."
"0.7814931614300126","52389728-6ed3-43cd-88d2-b5fbf731caad","combinatorial-games","Lean Repo","IGame.neg_switch","The negation of the switch of a game x, written as -±x, is equal to the switch of x, written as ±x. In other words, flipping the sign of the game {x | -x} results in the same game {x | -x}. This holds because negation swaps the left and right options and negates them, and in this case, the structure of the switch game is symmetric under that operation.","c92e0f79-3e9d-489a-b44c-b6c6cf2aa2a5","2009.01671","arXiv","3","","The negative of a short game G is defined by swapping its left and right options and recursively negating all games in those options; if a set of games is empty, its negation is also empty, otherwise it contains the negatives of each game in the set."
"0.7811527536675168","496e07f1-aef2-4f4a-9745-f3640184f0da","brownian-motion","Lean Repo","ProbabilityTheory.le_mkStrictMonoAux","For any sequence of natural numbers x and any natural number n, the value of x at position n is less than or equal to the value of the strictly increasing sequence constructed from x at the same position. This constructed sequence, made by taking cumulative maxima, ensures each term is at least as large as the corresponding term in the original sequence.","92c665ce-e333-4fe5-b649-2b80a05c9088","1803.07236","arXiv","4.6","","For each n from 1 to N+1, the value of x sub n is greater than the value of x sub n minus one, where x sub 0 is treated as negative infinity and x sub N+1 as positive infinity. This means the sequence x is strictly increasing across its range."
"0.7811211633533797","86418728-b4c2-4223-8038-b00226f323c0","formal-conjectures","Lean Repo","EuclideanGeometry.IsCcwConvexPolygon.sign_oangle''","In a counter-clockwise convex polygon, the oriented angle at any vertex formed by going from a later point to an earlier point and then to a middle point always has a positive sign. This means that the direction of the turn at each vertex is consistently left-handed (counter-clockwise). The result holds in standard 2D Euclidean geometry with a fixed orientation.","24168779-80d4-4a9b-b9ef-36bda4db5a10","2112.13754","arXiv","2","","For a convex polygon with vertices listed in counter-clockwise order and a point inside it, the determinant of the vectors from that interior point to each pair of consecutive vertices is always positive. This means each angle formed at the interior point turns left as you go around the polygon. The result holds for all such consecutive vertex pairs."
"0.7807447507304829","08f2194a-85e0-4bea-82da-4f5a7c9431b1","sphere-packing-math-inc","Lean Repo","MagicFunction.a.SchwartzIntegrals.I₆'","I₆' is a smooth function from the real numbers to the complex numbers, and it decays rapidly at infinity along with all its derivatives, meaning it satisfies the properties of a Schwartz function.","00a527ed-fe94-4603-a556-958ac5d73bf6","2502.13314","arXiv","","","The Schwartz space consists of smooth functions from the real numbers to the complex numbers such that the functions and all their derivatives decrease faster than any polynomial grows as the input becomes large in absolute value. These functions are infinitely differentiable, and when multiplied by any power of x, the result remains bounded."
"0.7806110006835996","eac0c1c4-c8cc-4306-a50e-c726f5974260","sphere-eversion","Lean Repo","FiberBundle.chartedSpace_chartAt_fst'","In a fiber bundle, the first component of the chart map on the total space at a point corresponds to the chart map on the base space, evaluated at the projection of that point, using the local trivialization to align coordinates. This means the base space coordinates in the chart come directly from the base manifold's chart, adjusted by how the bundle locally looks like a product. The equation ensures consistency between the total space's smooth structure and the base space's charts.","3395c10f-c28b-426d-954c-64461f39f4d8","1209.5665","arXiv","1991","","The total space of a fiber bundle can be given a manifold structure using a collection of coordinate charts formed by combining charts from the base manifold and the fiber manifold, with coordinates defined by projecting the point onto the base and fiber using local trivializations. Each chart on the total space maps a point to a pair of coordinates from the base and fiber. The transition between overlapping charts is smooth if the original atlases on the base and fiber are smooth. This construction ensures the total space is a smooth manifold."
"0.7805159337513857","0b9ecce8-d33b-494d-9493-396420e2ee04","sphere-packing-math-inc","Lean Repo","SpherePacking.Integration.μIoc01","SpherePacking.Integration.μIoc01 is the Lebesgue measure restricted to the half-open interval (0, 1], meaning it assigns to each measurable subset of (0, 1] its standard length, as defined by Lebesgue measure on the real line. This measure only considers sets within the interval from 0 (exclusive) to 1 (inclusive). It is built using the usual measurable space structure on the real numbers and the restriction operation on measures.","cab1db04-ddb7-4f0c-8e91-49c986813090","2301.00367","arXiv","4.13","","The unit interval from 0 to 1, together with its Lebesgue measurable sets and the Lebesgue measure, forms a measure space where length is defined in a way that extends the usual notion of interval length."
"0.7801665212009296","4e2ccdfa-15c6-4910-8d00-993842bd48a2","gibbs-measure","Lean Repo","MeasureTheory.memLp_top_one","The constant function equal to 1 belongs to the L-infinity space over any measure space, meaning it is essentially bounded almost everywhere with respect to the given measure. This holds for functions taking values in a normed additive group that has a multiplicative identity. The result follows from the fact that constant functions are measurable and their norm is finite.","6bf681fe-f260-4b90-b782-79cd1416b8ec","1508.05057","arXiv","3","","A function f belongs to the space L(infinity, infinity) on a measure space if and only if there is a positive constant C such that the integral of the distribution function of f from t to infinity is at most C times the value of the distribution function at t, for all t greater than 0; the smallest such C equals the norm of f in this space."
"0.7798429190504002","2dcb5798-32bf-4d50-b96a-6bc0c3f0be94","pfr","Lean Repo","ProbabilityTheory.iIndepFun.reindex_four_dacb","If four functions from a probability space to measurable spaces are independent, then any reordering of those functions—specifically, swapping the first with the fourth and the second with the third—remains independent. Independence here means that the sigma-algebras generated by these functions are independent under the given measure. The result follows from the symmetry of independence under permutation.","3a8ac3a7-97f7-4f34-9121-5107069c9f37","2304.14079","arXiv","5.0.1","","If you have a set of independent and identically distributed random variables that are independent of some sigma algebra, and you reorder them using a random permutation that depends only on that sigma algebra, then the reordered variables remain independent and identically distributed and are still independent of the sigma algebra."
"0.7798116692572866","cc716519-affe-4e69-ba4f-907af103f309","PrimeNumberTheoremAnd","Lean Repo","prime_gap_record","prime_gap_record(p, g) means that p is a prime number and g is the gap to the next prime, such that g equals the difference between the next prime after p and p itself, and this gap g is larger than any gap between earlier consecutive primes.","8669c219-5654-4cfd-a62b-d50620452cdb","1108.3680","arXiv","2","","The numbers that most often appear as gaps between consecutive prime numbers grow larger without bound. Additionally, for any given prime number, it will eventually divide all of these large gap values."
"0.7792392482081958","0df02d14-e6aa-44ef-bafb-7aeb2f43ff6b","sphere-packing-math-inc","Lean Repo","ZLattice.basis_index_equiv","For a d-dimensional integer lattice in real Euclidean space, the set of basis vector indices has a one-to-one correspondence with the numbers from 0 to d-1. This means the lattice has exactly d independent basis vectors, and they can be indexed like a list of length d. The correspondence is made possible because the lattice is free and finitely generated over the integers.","ea8e47aa-7e9b-41d5-ba12-3080f81efed7","1410.7440","arXiv","4.1","","For any integer lattice in d-dimensional real space, it is possible to find a set of d basis vectors such that all components of each vector are positive."
"0.7789335922247498","5dee5d05-d85f-4f24-acf1-cc7129adb75b","ClassFieldTheory","Lean Repo","Rep.resInd₁AsFinsuppLinearEquiv","The declaration defines a linear equivalence between finitely supported functions from G to a module A and finitely supported functions from the product of a subgroup H and the quotient group G/H to A, showing that restriction and induction operations are related via this structure-preserving bijection.","5e6c2d32-3a62-4add-b1da-9172fc93e83d","math/0504555","arXiv","","","There is a natural one-to-one correspondence between linear maps from a G-module W to the induced module of an H-module M, and linear maps from the restriction of W to H into M. This means that inducing a representation and restricting one are adjoint operations. The correspondence holds for group representations in terms of module homomorphisms."
"0.77817622550073","cbc522e9-4630-44cf-9329-043ca0806371","PrimeNumberTheoremAnd","Lean Repo","verticalIntegral_sub_verticalIntegral_eq_squareIntegral","If a complex function is holomorphic except at a single point p between two vertical lines at σ and σ', and the integrals along horizontal segments vanish at infinity, then the difference between the vertical integrals at σ' and σ equals the integral around a small rectangle centered at p, for all sufficiently small positive c.","7719aac1-bdbf-43e0-b36e-7985ea09d7d5","2201.11735","arXiv","5","","If a complex function is holomorphic in a vertical strip extending infinitely upward, and it decays uniformly at infinity in the strip while its integrals along the left and right edges converge, then the integral of the function along the bottom edge from a to b equals i times the difference of its integrals along the two vertical edges going upward from a and b."
"0.7778465898405889","72542347-845c-4560-8b75-05c72f8e5685","FLT","Lean Repo","InverseLimit.instAddCommSemigroupOfAddHomClass","If each group G i has a commutative addition and the connecting maps between them preserve addition, then the inverse limit of these groups also has a commutative addition defined componentwise. This means that sequences compatible with the connecting maps can be added point by point, and the result remains in the inverse limit. The structure inherits the commutative semigroup properties from the individual groups.","f34c1945-6835-4719-94b5-abe99f43b836","1504.01121","arXiv","3.2.2","","If each category in a sequence is additive and the connecting functors are additive, then the inverse limit category is also additive, with componentwise direct sums and zero objects. The projection functors from the limit category to each original category preserve addition of morphisms."
"0.7777360956654348","3ddfdc2b-ea2b-46ae-a8f1-690e04120bc2","carleson","Lean Repo","k_of_abs_le_one","For any real number x whose absolute value is at most 1, the function k x equals (1 minus the absolute value of x) divided by (1 minus the complex exponential of i times x).","63166059-cabe-4c52-98fc-b15c0a5fa8a1","2412.12558","arXiv","2.7","","For any real number x, the absolute value of 1 minus the complex exponential of 2 pi i times x equals twice the absolute value of the sine of pi times x."
"0.7775602537740215","c504753a-c259-45a0-ba75-2f6d7249c4a3","carleson","Lean Repo","Yk_subset","The set Yk X k consists of points in the space X that are all within a distance of 4 times (defaultD a) raised to the power defaultS X, minus (defaultD a) raised to k, from a fixed reference point cancelPt X. This bound ensures that Yk X k is contained in a metric ball centered at cancelPt X with a radius determined by the parameters a, defaultS, and k. The size of the ball grows predictably based on these parameters and the structure of the space.","3337ffba-868b-444f-af8e-7db09bd9ee29","1303.2705","arXiv","69","","The set X is contained within a closed ball of radius 4κ_k centered at K, using the Hausdorff metric, meaning every point in X is within distance 4κ_k of some point in K."
"0.7775138053758398","7549bcee-cce0-4157-9654-c96df28197e8","ClassFieldTheory","Lean Repo","Rep.instPreservesLimitsResFunctor_classFieldTheory","The restriction of representations along a monoid homomorphism preserves limits in the category of representations; this means that any limit of representations, when restricted via a group map, still behaves as the corresponding limit in the target category. The functor that performs this restriction respects the categorical structure and maintains completeness. It works over commutative rings and monoids, ensuring algebraic consistency.","a9d458a0-1227-483a-8e41-b2c612d8e2ef","math/0402118","arXiv","2.8","","Given a morphism between matched pairs of groupoids, the restriction map sends representations of the target pair to representations of the source pair, preserves the monoidal structure, and makes the associated functor diagrams commute; specifically, restriction respects composition of morphisms and interacts consistently with the underlying quiver functor."
"0.7773863678414954","5fe5f9b4-6934-4056-9518-f4175719ff1d","apap","Lean Repo","MeasureTheory.dL2Norm_indicate","The L2 norm of the indicator function of a finite set s is equal to the square root of the number of elements in s. This holds for functions defined on a finite discrete measurable space with values in a real-like type. The norm is computed using the counting measure and standard square root operation.","872f1f87-fd95-484b-98f4-fd20bf3fdfdf","1507.05934","arXiv","2.4","","If a finite collection of measurable functions each has Lp and L2 norms roughly equal to 1 on a finite measure space, then the Lp norm of the square root of the sum of their squares is roughly the square root of the number of functions in the collection."
"0.7770099099647619","9bba2375-d4cb-4d73-92fd-18b485305fc1","combinatorial-games","Lean Repo","Surreal.Cut.infRight","infRight x is the greatest lower bound of all left cuts of x's right options; if this value is less than or equal to supLeft x, then the game's left and right parts are set to supLeft x and infRight x, otherwise x is equivalent to the simplest surreal number between supLeft x and infRight x.","5fc0dce6-40a0-4977-8643-c058df1f6ff0","1308.0729","arXiv","2.4.6.2","","For any surreal number x, x is less than or equal to itself. Also, if x is defined by a cut, then every left option of x is strictly less than x, and every right option of x is strictly greater than x."
"0.7755821847194057","96d14660-7f02-4eaf-a92a-2d58c5ad30ae","Sphere-Packing-Lean","Lean Repo","MagicFunction.b.RadialFunctions.J₁'_eq₀","The theorem states that a certain complex-valued function J₁', defined in terms of an integral involving the exponential function, the imaginary unit i, and a parameterized path z₁', evaluates to zero for any real number r. The integral is taken from 0 to 1 and involves a transformation of the variable t through z₁' and a function ψS' related to the derivative of a specific parametrization. The result asserts that this complicated expression is identically zero across all real inputs.","d1edc92f-ed73-4ee7-9e66-7230bc6a3f96","2602.17007","arXiv","A.1","","For positive x and complex r with real part greater than -1, the integral over all real t of the function e^(-itx) divided by (sigma + it) raised to the power (r+1) equals zero, provided sigma is positive. This result follows from contour integration in the complex plane, using the fact that the integrand is analytic in the lower half-plane and decays sufficiently fast at infinity. The vanishing integral reflects the absence of singularities inside the chosen contour."
"0.775578322565382","d7b0f2d4-bcd8-4017-abe0-6fe84542dab7","HarderNarasimhan","Lean Repo","HarderNarasimhan.exists_JordanHolderSeries","Given a bounded, well-founded lattice with a slope-like function mu that satisfies certain finiteness and semistability conditions, there exists a finite chain of elements starting at the top (⊤) and ending at the bottom (⊥) such that each step in the chain is a semistable segment and the mu values are properly ordered. This chain is a Jordan-Holder series that reflects the structure of the lattice under mu. The existence of such a series is guaranteed by the properties of mu and the lattice.","0fd446a6-da50-4cac-92a0-fecd22268d17","2107.07743","arXiv","5.3","","In a bounded lattice with maximum element E that satisfies both Noetherian and Artinian conditions, and given a slope function obeying the strong slope inequality, there exists a chain of elements starting from zero and ending at E such that each successive quotient is semi-stable, each has minimal slope maximal among possible extensions, and these minimal slopes strictly decrease when the target set is totally ordered."
"0.7753628281528511","59ae41d9-7f7f-4ac8-9047-c0a72b9f969d","combinatorial-games","Lean Repo","LGame.instAddCommMonoid","The type LGame of loopy games supports addition that is commutative and associative, with a zero game such that adding it to any game does not change the game. This structure allows combining loopy games in a way that respects the usual rules of addition.","5713571c-dfda-4b23-85f6-4d409fb2db9b","1606.01975","arXiv","10","","Adding the zero game to any game G results in a game that is identical to G, because the zero game contributes no moves and does not change the outcome or structure of G. This shows that the zero game acts as a neutral element in the addition of games. The result holds for all games regardless of their form or complexity."
"0.7750711974234502","ca48d2fd-504d-46dd-a268-15eab6db86a0","carleson","Lean Repo","MeasureTheory.measureReal_ball_pos","For any point x in a proper pseudometric space with a measure that is finite on compact sets and assigns positive size to nonempty open sets, the measure of any open ball around x with positive radius is greater than zero. This means small balls around points always have some positive size under such a measure.","d3af2a27-07f8-4a55-96cf-9213420440c3","2405.19156","arXiv","7","","A Borel measure on a metric space is called open if a measurable set has positive measure only when it contains an open ball with positive measure. This means positivity of the measure is tied to the presence of some open ball within the set that itself has positive measure. The condition ensures that positive measure is locally detectable through open balls."
"0.7748156262448235","21829c9c-d1b2-41fa-bf71-8dbb1a0c8efa","apap","Lean Repo","indicate_ne_zero","The indicator function of a finite set s is not equal to the zero function if and only if the set s is nonempty, assuming the semiring is nontrivial and equality on the type is decidable.","85e7de85-f537-484e-ac77-0f61ad7f3ecb","2101.00533","arXiv","3.1","","The indicator function of a non empty set A returns 1 if an element is in A and 0 if the element is not in A."
"0.7747292221264953","3967de7e-15eb-406c-b3d3-dbef895d7bdb","physlib","Lean Repo","TimeTransMan.diff_self","The difference in time between two identical moments is always zero, regardless of the time unit used for measurement. This means measuring the duration from any point in time to itself results in zero. The result follows from the fact that subtracting a real number from itself gives zero.","c0ac3b5d-abd8-4f64-a2b7-dc6b6077517a","2408.11515","arXiv","7.2","","The distance or difference between an expression and itself is always zero."
"0.7745472207887822","07c885de-d60b-4126-b293-3f212a485e2f","carleson","Lean Repo","MeasureTheory.trunc_Lp_Lq_higher","If a function f belongs to the Lp space and p is positive and less than q, then the truncation of f at level t is in the Lq space, provided t is not infinite.","7b507aa2-3b95-4e1a-b21d-6b8d800f9461","1704.00127","arXiv","2.3","","If a function f is in the Lp,q1 space and q1 is less than or equal to q2, then the Lp,q2 norm of f is less than or equal to its Lp,q1 norm."
"0.774480727677278","ad0070c6-20fc-4502-8cb6-bfbb5a89906b","sphere-packing-math-inc","Lean Repo","E4_eq","E4_eq states that the modular form E4 of weight 4 is equal to the Eisenstein series E evaluated at 4, using a specific proof that confirms this identity within the context of modular forms for the full modular group.","3eaf927d-f24d-4f15-a0a7-6da06afba787","2203.07617","arXiv","5.10","","The value of the modular form E4 at any point in the upper half-plane can be expressed as a combination of eighth powers of certain theta functions, or equivalently as a product of squares of hypergeometric functions evaluated at related arguments, with this identity holding across the entire upper half-plane."
"0.7741281690876612","8779c3df-1324-4086-b5dd-b3168a69d984","FLT","Lean Repo","NumberField.InfinitePlace.RamifiedExtension","Given a number field extension L over K and an infinite place v of K, the RamifiedExtension L v consists of all infinite places of L that lie above v and are ramified, meaning they extend v and involve a change from real to complex embeddings.","c494fb17-20aa-4d1e-b05c-c9d08902f503","math/0609120","arXiv","2.1","","In the context of a finite extension L of a field K, places of L are classified as either infinite or finite depending on whether they lie over a specified infinite place v_infinity of K or not. Infinite places correspond to those extending the infinite valuation, while finite places do not. This classification is standard in arithmetic geometry and relates to how valuations extend in field extensions."
"0.7739671271557014","f3714b36-68c0-41ee-b302-72c011980d0b","sphere-packing-math-inc","Lean Repo","MagicFunction.b.Fourier.exists_bound_norm_ψT'_z₂'","There exists a constant M such that for all t in the interval (0, 1], the norm of the derivative of psiT evaluated at the point z2'(t) is less than or equal to M. This means the function's rate of change along the curve z2' is uniformly bounded in that interval. The curve z2' maps real numbers from (0, 1] to complex numbers, and psiT' is the derivative of a complex-valued function defined on the upper half-plane.","c8debe1d-cd7a-4723-8785-197bb82b381b","math/0402428","arXiv","4.3","","There is a positive constant A such that for any point zeta in a certain region, if the function value f(zeta) lies in a specified set, then the norm of the derivative of f at zeta is bounded above by A divided by the square root of one minus the absolute value of zeta."
"0.7738669681902522","6c680664-5801-4ee2-ae08-a3eb4d3363ad","sphere-packing-math-inc","Lean Repo","DecayingMap.Summable_of_Inv_Pow_Summable'","If a function decays sufficiently fast on a set X in d-dimensional real space, and the sum of inverse powers of the norms of points in X is finite, then the sum of the function values over all points in X converges, provided the set X does not contain the origin.","9d1a46c3-0d73-46ba-a2e9-2ccf4bdc0d91","1010.4554","arXiv","F.1","","If a function f decays fast enough at infinity, then the sum of its absolute values over a finite subset of points in a countable set X is bounded by a constant multiple of C times q_X to the power of negative d minus epsilon, where the constant depends only on the dimension d and the decay rate epsilon. The bound does not depend on the number of points in the subset."
"0.7735517659493634","74be3b91-ad98-42f4-b401-245c91008bd3","combinatorial-games","Lean Repo","Nimber.eq_oeval_of_lt_opow_omega0","For any nimbers x and y, if y is less than the nimber corresponding to the ordinal omega0 raised to the power of the ordinal value of x, then there exists a polynomial p with nimber coefficients such that each coefficient of p is less than x and evaluating p at x using ordinal arithmetic gives y.","b3a70170-cd07-4cd8-8ffe-4e8c1113625d","2312.04091","arXiv","6","","For any ordinal number less than omega to the omega, the polynomial notation represents it as a sequence of natural number coefficients corresponding to powers of omega, starting from the highest power down to zero. This sequence shows how the ordinal is built from sums of omega raised to natural number exponents, each multiplied by a natural number. The notation ensures the highest coefficient is non-zero. This provides a unique, finite way to express such ordinals in a form similar to polynomials."
"0.7730353515134505","6b3729a5-ce2b-42bc-8314-a906da58ed1f","FLT","Lean Repo","IsBiscalar.commutes","If f is a function between two algebras A and B that respects scalar multiplication by elements from both semirings S and S', then applying f to an element obtained by embedding s from S' into A gives the same result as embedding s from S' into B directly. This means the function f commutes with the algebra maps from S' into A and B. In simpler terms, scaling by an element of S' and then applying f is the same as applying f first and then scaling by the same element.","e4087125-f186-4deb-8210-1f0d0219de6c","math/9806143","arXiv","5.1","","The function f preserves the algebraic structure when mapping from one algebra to another."
"0.7728199136539099","9b4fe841-cfee-4b74-9a22-34fa5555526c","cslib","Lean Repo","Cslib.SKI.mJoin_red_tail","If y reduces to y' in zero or more steps, then applying any SKI term x to both sides means x.app y reduces to x.app y' in zero or more steps. This means reduction can happen inside the second part of an application, and the structure of the application is preserved during reduction.","ed5ed78a-5324-4439-99f2-183c2c9322f9","cs/0011037","arXiv","11","","A term reduces to another term if it can be transformed by applying a basic computation rule, and this reduction extends to larger terms when the reduced part is inside an application."
"0.7726970840635767","b9432672-7359-47a3-ac14-2e63d3b07d20","sphere-packing-math-inc","Lean Repo","SpherePacking.Contour.fourier_J₂_eq_curveIntegral_of","The Fourier transform of a radial Schwartz function J₂ on a finite-dimensional real inner product space can be expressed as a contour integral in the complex plane along a straight-line path from -1 + i to i, using a specific complex-valued function derived from J₂. This result is obtained by applying Fubini's theorem to switch the order of integration in a double integral involving an auxiliary kernel function. The contour integral formulation mirrors a similar result previously established for another function J₁.","400c1aed-307e-4fa5-b9c5-15b1bf22189b","2503.01527","arXiv","5.1","","The Fourier transform of a radial function in n-dimensional space can be expressed as an integral involving a modified Bessel function, where the function depends only on the distance from the origin and the transform is also radial. The formula uses a specific scaling of the Bessel function of order (n/2 - 1) and includes a power of the radius weighted by the function. A similar expression holds for the inverse transform."
"0.7724317424293372","716e42f7-b454-401c-b476-94f835cd01a4","ClassFieldTheory","Lean Repo","Rep.quotientToInvariantsFunctor'_obj_V","Given a surjective group homomorphism from G to Q and a representation X of G over a commutative ring R, the invariants of the representation under the kernel of the homomorphism are isomorphic to the representation obtained by applying the quotient-to-invariants functor to X. This result connects the fixed elements of the representation with the structure induced by the quotient group. The equality holds as modules over the ring R.","7448dacf-3c58-4a16-9c56-261a625678b6","2602.23631","arXiv","4.4","","If a homomorphism between two modules over the rational group ring of a finite group is surjective, then the map it induces on the invariant subspaces is also surjective."
"0.7723732500543034","2f025fd9-9574-45c0-b29c-7d0e478a6c3c","physlib","Lean Repo","PureU1.permThree_fst","Given three distinct elements i, j, k and three distinct elements i', j', k' in Fin n (the set of natural numbers less than n), the permutation that maps the triple (i', j', k') to (i, j, k) sends i' to i.","6447eab9-4b46-4658-9c85-061ed1876548","2503.00141","arXiv","2.13","","A permutation from the symmetric group on three elements rearranges the three entries of a vector according to the permutation's mapping."
"0.7721926452606749","346050f1-5fa4-42a0-94c7-a38c89325204","physlib","Lean Repo","Space.deriv_normPowerSeries_zpow","The derivative of the function that raises the norm power series of a point in d-dimensional space to an integer power m, taken with respect to the i-th coordinate, equals m times the i-th coordinate value times the norm power series raised to the power (m - 2). This holds for natural numbers d and n, integer m, and a point x in d-dimensional space. The result is expressed in terms of the coordinate values and the existing norm power series function.","e946375e-59e8-44b7-ab6a-be6a9a3b7433","2110.03838","arXiv","3.3","","The partial derivatives of a certain function involving powers of coordinates and the norm of x can be expressed as a polynomial in the direction of x, divided by a power of the norm of x, where the degree of the polynomial depends on the order of the derivative and the original power terms."
"0.7714471036582721","94a22adf-2605-4fd3-ab71-77999754f700","physlib","Lean Repo","QuantumMechanics.SpaceDHilbertSpace.aeStronglyMeasurable_of_memHS","If a complex-valued function on d-dimensional Euclidean space is square-integrable and measurable (i.e., it belongs to the Hilbert space of such functions), then it is equal almost everywhere to a strongly measurable function with respect to the standard volume measure.","4651682e-454d-4539-8a78-0c5363ec3a29","1407.0416","arXiv","5.3","","For any measurable function from a probability space into a separable Hilbert space, defined with respect to the completed sigma-algebra, there exists another measurable function defined with respect to the original sigma-algebra that agrees with the first function almost everywhere."
"0.7710844632184234","5e4c5bf6-7f76-42e1-b447-54f7d566cbe2","sphere-packing-math-inc","Lean Repo","SpherePacking.Dim24.PsiSPrelims.ψS'_add_one","For any positive real number t, the value of the function ψS' at the point 1 + t*i is the negative of its value at t*i, where i is the imaginary unit. This describes a symmetry of the function when shifting by 1 in the real direction along the vertical line in the complex plane.","51df480a-a492-4b7e-97fe-9cdf45fd4f87","1512.00120","arXiv","2.2","","The function Psi is symmetric with respect to complex conjugation and has no zeros in the upper half plane; its real part is always positive and the sign of its imaginary part matches that of the input. The function S on the positive imaginary axis first decreases in magnitude to a minimum at around y equals 1.6267, where the value is about 0.686, then increases back toward 1 as y goes to infinity. Complex conjugation symmetry also holds for the function phi. Certain limit equalities are satisfied."
"0.7709201761762752","162a07fd-332f-4536-b379-97dd4e00deb3","sphere-packing-math-inc","Lean Repo","MagicFunction.b.RadialFunctions.b_eq","The function b, defined on 8-dimensional real Euclidean space, equals the sum of six other functions J₁ through J₆, all mapping from the same space to the complex numbers.","5b629619-fdd8-4cf6-8d46-2297bb8a27dd","thefundamentaltheor3m/Sphere-Packing-Lean","Lean Community","7.21","","The function b_rad is defined as a sum of six complex-valued integrals involving the functions psi_T, psi_I, and psi_S along straight line paths in the complex plane, and then the function b is defined so that its value at any point x in 8-dimensional real space equals b_rad evaluated at the square of the Euclidean norm of x."
"0.7707873174311156","fac90ab4-f152-4b87-bd6a-4f0385b26556","sphere-packing-math-inc","Lean Repo","Discriminant_S_invariant","The function Delta is unchanged when the modular transformation S is applied to it with weight 12, meaning that applying the slash operator with S and weight 12 returns the same function Delta. This expresses a symmetry of the Delta function under a specific action of the modular group.","0c2b53f5-0aca-4dd9-98f9-c4ecee03a0a2","thefundamentaltheor3m/Sphere-Packing-Lean","Lean Community","6.23","Delta","The function Δ(z) is a cusp form of weight 12 for the full modular group, meaning it transforms in a specific way under inversion, specifically Δ(-1/z) equals z^12 times Δ(z), and it vanishes at the cusp."
"0.7703904201778738","d8558b60-836e-4bf1-9545-0f0e7fa2c564","PrimeNumberTheoremAnd","Lean Repo","ZetaAppendix.trig''","For any complex number z that is not an odd multiple of pi/2, the difference between the cotangent of z and the cotangent of (z + pi/2) equals 2 divided by the sine of 2z.","32e59070-c275-4e63-80a9-360f602e7586","2005.04664","arXiv","9","","The cotangent of pi times x can be expressed as 1 divided by pi times x, minus 2 divided by pi times the sum from l equals 1 to infinity of the Riemann zeta function at even integers times x to the power of 2l minus 1, valid for x between 0 and 1/2, and extended to negative x by symmetry."
"0.770362947962404","9809ec95-4cf1-4999-b4f0-5ad54c198ab7","physlib","Lean Repo","ClassicalMechanics.HarmonicOscillator.toDual_symm_innerSL","In a one-dimensional real Euclidean space, the inverse of the dual space mapping defined by the inner product sends each linear functional back to the original vector it came from, meaning the mapping is its own inverse. This holds because the inner product structure creates a perfect correspondence between vectors and continuous linear functions on that space. The result confirms that transforming a vector into its dual form and then reversing the process recovers the initial vector unchanged.","4a140b30-7062-462d-ab6a-7896bc5a51e0","1902.06811","arXiv","7","","For any Hilbert space with an inner product, the mapping that sends each vector x to the linear functional given by taking the inner product with x is a one-to-one, norm-preserving correspondence between the space and its dual space."
"0.7703557998323923","8a5d3ae4-b522-4739-8b2a-197a7828b268","FLT","Lean Repo","Hurwitz.instOne","The declaration defines the multiplicative identity element (written as 1) for the type of Hurwitz quaternions, ensuring that the usual notion of ""one"" exists within this algebraic structure. This allows the use of the numeral 1 to represent the unit quaternion in the context of Hurwitz quaternions.","f8364c02-6cdb-4f72-8f7b-d926d6ff13c9","1904.08002","arXiv","2.5","","The Hurwitz quaternions are quaternions whose components are either all integers or all half-integers, and a unit in this set is one with norm equal to 1."
"0.769944413199071","930064ec-6938-45b5-8219-903fcb258a97","physlib","Lean Repo","FieldSpecification.WickAlgebra.ofCrAnList_nil","When the list of creation and annihilation operators is empty, the result of mapping it into the Wick algebra is the multiplicative identity element, 1.","fbd151e7-690e-4e48-ba9f-778d357e8bf2","math/0405191","arXiv","4.2","","The Wick product of functions f1 through fn is the unique element in the algebra such that when it acts on the vacuum state Omega, it produces the tensor product of the functions f1 to fn. For the case of zero functions, the Wick product of the vacuum is defined to be 1."
"0.769066553942458","455ce2bd-238e-4794-9203-6ce197cfec04","Sphere-Packing-Lean","Lean Repo","MagicFunction.a.IntegralEstimates.I₂.Bound_integrableOn","The function that maps x to the constant value C₀ times 2 times e to the power of negative pi times (1 + r) is integrable on the open interval from 0 to 1 with respect to the standard Lebesgue measure on the real line. This holds for any real numbers r and C₀. The integrability follows because the function is constant on the interval and constant functions are integrable over bounded intervals.","ee815322-91a2-4e5d-b0c7-b1f3a8498096","thefundamentaltheor3m/Sphere-Packing-Lean","Lean Community","7.8","","For every natural number n, there is a fixed constant C' such that the expression r raised to the power n times the integral from 1 to infinity of e to the power of -2 pi s times e to the power of -pi r over s, with respect to s, is always less than or equal to C' for all nonnegative r."
"0.7689581183191518","91ba1c61-9060-4a5c-9f4c-2052ec2ffdef","physlib","Lean Repo","QuantumMechanics.OneDimension.HilbertSpace.parityOperatorUnbounded_isSelfAdjoint","The unbounded parity operator, defined on the space of rapidly decaying smooth functions (Schwartz functions) in one-dimensional quantum mechanics, is self-adjoint when considered as an operator on the Hilbert space of square-integrable functions. This means that the operator satisfies the condition of symmetry with respect to the inner product, and its domain is appropriately dense in the Hilbert space. Being self-adjoint ensures it corresponds to a physical observable in quantum theory.","940909ed-31ff-4364-b6ce-78e71036e0c8","1207.3077","arXiv","3.2","","The definition provided produces a self-adjoint operator on the specified Hilbert space. This operator acts within the given function space and satisfies the properties required for self-adjointness."
"0.7688837985095412","b63c37d1-e1b1-47c5-bd78-70a4b02c468d","brownian-motion","Lean Repo","ProbabilityTheory.IsLocalSubmartingale.hasLocallyIntegrableSup_predictablePart","If a stochastic process is a local submartingale and has right-continuous sample paths with left limits, then the predictable part of its Doob-Meyer decomposition has a supremum that is integrable over finite time intervals when localized appropriately. This means the predictable trend component does not grow too wildly on average. The result holds under standard assumptions on the time index set and the underlying probability space.","8728ce6e-994c-4eb4-bfd1-ea60432e496f","RemyDegenne/brownian-motion","Lean Community","2.3.57","ProbabilityTheory.ClassDL.hasLocallyIntegrableSup","If a stochastic process is right-continuous with left limits and of class DL, and if the time set has a minimum and compact intervals, then under a right-continuous filtration, the supremum of the process up to any finite time is locally integrable."
"0.7686274994887637","45e5dc37-1da8-41d9-a768-66fcae41937f","sphere-packing-math-inc","Lean Repo","Delta_isTheta_rexp","The modular form Delta, when evaluated near the point at infinity in the upper half-plane, behaves asymptotically like the exponential of minus 2 times pi times the imaginary part of the input. This means Delta decays rapidly as the imaginary part grows large. The equality holds in the limit under the filter that approaches i∞.","aa63131e-fb49-4916-861b-22858a250ea0","1806.09874","arXiv","3.3","","For a modular form f with non-positive weight k and Fourier expansion f(tau) = sum c(n) q^n, the limit as q approaches 1 of the sum of n^Delta c(n) q^n is zero unless both k and Delta are zero, in which case the limit equals the constant term c(0). This holds for all non-negative integers Delta up to |k|/2 and for all Delta greater than or equal to |k|+1. The result follows from analyzing the behavior of derivatives of f under modular transformations and applying Bol's identity. The vanishing of the limit for large Delta is due to the resulting forms being modular with positive weight and no …"
"0.7678529516386495","a65760cd-8158-4143-b337-626e814b25fd","sphere-eversion","Lean Repo","partialFDerivFst_eq_smulRight","The partial derivative of a function with respect to its first argument, when that argument is from a normed field, is equal to the continuous linear map obtained by scaling the derivative by 1 on the right. This means the rate of change in the first variable can be represented as a linear transformation that multiplies the derivative by a scalar. The result is a continuous linear map in the direction of the first input.","6a0b8ae5-e6fd-44a5-91fb-2c304c62d723","1209.2148","arXiv","6.0.7","","The first derivative of a continuously differentiable map between function spaces acts linearly on its argument, meaning it respects scalar multiplication and addition. For any scalars and vectors, the derivative evaluated at a point is a linear function of the vector input. This linearity holds under the given continuity and completeness conditions."
"0.7675927004843899","3ba3c8bc-de6b-45d1-806f-daf6105f21ba","sphere-packing-math-inc","Lean Repo","MagicFunction.a.ComplexIntegrands.Φ₆'_contDiffOn","For any real number r, the complex function Φ₆' r is infinitely differentiable and all its derivatives are continuous on the upper half of the complex plane.","d4ccd8f0-d0d1-4b37-a4ea-ac93a07d5aab","1704.08662","arXiv","7.3","","F is infinitely differentiable on the upper half-plane."
"0.7670418740855418","a2ee0160-cd4c-4a28-9ef2-25e4d67138bc","formal-conjectures","Lean Repo","fact_finrank_euclideanSpace_fin_three","Three dimensional Euclidean space has dimension 3, meaning it requires exactly 3 basis vectors to span the space. This is based on the fact that the space is built from 3-dimensional real vectors indexed by Fin 3. The result confirms the expected dimension using standard linear algebra over the real numbers.","6aa724fb-e4c6-4a2d-a020-a7bbc1313b47","1508.01862","arXiv","3.5","","The dimension of R is 3."
"0.7668503241210132","5a3f2654-5c97-4cc1-a512-8539792b537f","combinatorial-games","Lean Repo","IGame.toDyadic_one","The theorem states that the dyadic rational value of the game 1, when converted using the toDyadic function, is equal to the number 1. This means the game represented as having a left move to 0 and no right moves corresponds exactly to the dyadic rational number 1.","191f4184-98a3-4606-b81d-41f9408e3246","2207.11596","arXiv","56","","All dyadic rational numbers can be represented as game forms in combinatorial game theory. These games follow specific rules that make them behave like numbers. They can be added, subtracted, and compared just like regular numbers. This means dyadic rationals fit into the number system used in game theory."
"0.7663699463910418","cd43b81b-44a9-49e0-ace1-22c219654d70","ClassFieldTheory","Lean Repo","Representation.tateZ0_trivial_int_eq_top","For a finite cyclic group acting trivially on the integers, the submodule of elements fixed by the group action (where each element is unchanged under the generator) is the entire integer ring, meaning all integers are fixed. This happens because the group's action does nothing to the integers, so every integer satisfies the fixed-point condition. As a result, the zeroth Tate cohomology group in this case is the full module.","2e8c3809-506c-4128-9372-6ca5a73dc0bf","2405.15748","arXiv","2.14","","For a finite group G acting trivially on the rational numbers, integers, and rational numbers modulo integers, the Tate cohomology groups vanish in all degrees for the rationals; in degree 0, the cohomology of the integers is cyclic of order equal to the size of G; in degree 1 it is trivial; and in degree 2, it is isomorphic to the group of homomorphisms from G to the rational numbers modulo integers."
"0.7662075691716342","607304bb-5fe6-4579-83da-852e3ac5ca0e","add-combi","Lean Repo","RCLike.coe_comp_dconv","The composition of the real-to-𝕜 embedding with a convolution of real-valued functions equals the convolution of the embedded functions, where embedding converts real numbers into elements of a real-like type 𝕜. This means converting functions pointwise into a real-like structure commutes with convolution. The result holds for functions on finite additive groups with decidable equality.","c351b9fc-685a-4e44-892b-9f2ac0bd76cd","1210.3957","arXiv","3.13","","The operation of convolution on a space X, when combined with specific mappings to the real line, gives the same result as first mapping the elements to the real line and then performing convolution there."
"0.7660914548607813","fbeaf958-b77d-4dd6-aa6a-6fd872be9ed3","cslib","Lean Repo","Cslib.LambdaCalculus.Named.instDecidableEqContext","For any type of variables with decidable equality, it is possible to decide whether two contexts (lists of variables) are equal.   This means given two named lambda calculus contexts, there is a procedure to determine if they contain the same variables in the same order.   The equality check works because variable names themselves can be compared definitively for equality.","c933bf88-a01c-44b9-8ec4-0987aa021c6b","0905.2880","arXiv","22","","Two contexts are equivalent if they contain variable declarations for the same types, regardless of variable names. Two judgements are equivalent if they have the same type and their contexts are equivalent."
"0.7656348075371441","591b866f-c672-4f38-bf19-4a6f1e336bf5","toric","Lean Repo","CommHopfAlgCat.instInhabited","The declaration states that for any commutative ring R, the category of commutative R-Hopf algebras has at least one object, meaning it is never empty. This is achieved by providing a default instance, ensuring that the type is always inhabited. The default object is constructed using the basic algebraic structures associated with R.","4c71495b-a8a2-40a8-b1cf-733a34ccd2b7","math/0307046","arXiv","","","For any commutative ring R that is not a field, there is a Hopf algebra over R which is not finite and has a non-zero integral."
"0.7655622119001433","e78e978d-9aa8-412d-a6c6-f4fc180ad1ae","Sphere-Packing-Lean","Lean Repo","instIsOpenPosMeasureVolume_spherePacking","In a topological vector space with a Borel measure that is nonzero, regular, and invariant under addition, every nonempty open set has positive measure. This means the measure assigns meaningful size to open regions in a way consistent with the space's topology and algebraic structure. The result ensures the measure is well-behaved and useful for analysis in such spaces.","50dbacf5-1b22-4858-8fa9-7e7b7e73a6d8","1902.07868","arXiv","2.5","","A topological measure assigns non-negative values to open and closed sets in a space, is additive for disjoint sets when their union is also open or closed, and satisfies inner regularity for open sets and outer regularity for closed sets."
"0.7652643727102016","40d26ebf-50b5-4fed-a297-3d687553d260","physlib","Lean Repo","SpaceTime.schwartzAction_injective","For any dimension d, if Λ is an element of the Lorentz group, then the action of Λ on Schwartz functions via the map SpaceTime.schwartzAction is injective, meaning that different Schwartz functions remain different after being transformed by this action.","a3a32140-be78-4322-9a18-ada66ac1622c","0906.4749","arXiv","2.2","","The action of the metaplectic group over the field of Laurent series on the space of Schwartz functions is injective, meaning different group elements produce different linear transformations."
"0.7649173658962808","d966da3d-923f-4cad-84cd-0a3ee3245229","sphere-eversion","Lean Repo","EquivariantMap","EquivariantMap is a type for functions from the real numbers to the real numbers such that shifting the input by 1 results in the output also shifting by 1. In other words, for a function f, it satisfies f(t + 1) = f(t) + 1 for all real numbers t.","e51ba3ab-36b4-4fcb-956f-82eb1051006f","1708.00506","arXiv","3","","A function from the real numbers to the real numbers has the 1-shift property if shifting the input by 1 increases the output by exactly 1, for every real number input."
"0.76433902376612","38acd389-085e-4a8a-8c71-9df7c1cb6c8c","combinatorial-games","Lean Repo","Surreal.wpow_pos","For any surreal number x, the expression ω raised to the power of x is always greater than zero. This means the result of ω^x is strictly positive for all surreal x.","a6519dd3-c601-494b-9500-1fe739dd8619","2410.00065","arXiv","","","The expression defines the power of omega (a special infinite number) raised to a surreal number x, using a recursive formula that involves real multiples of omega raised to simpler surreal exponents, with left and right options determined by positive real numbers. This construction follows Conway's definition and distinguishes the omega-map from ordinary exponentiation. It is part of a formal system that builds surreal numbers as a class containing reals, ordinals, and infinitesimals. The definition uses transfinite recursion and supports the structure of surreal arithmetic."
"0.7641890878487891","ebbaeb6f-3173-4044-aec2-647252b27a6a","PrimeNumberTheoremAnd","Lean Repo","FKS2.integral_algebra","For positive real numbers x and R, with x greater than 1 and R greater than 0, the expression (log x / x) multiplied by (2 * A / R^B * x * m * exp(-C * sqrt(log x / R)) * D) simplifies to 2 * m * (log x)^(1 - B) * D times a function that meets certain admissibility conditions. The equation relates exponential, logarithmic, and power terms in a bound involving constants A, B, C, D, m, and R. This identity is used to estimate or bound logarithmic expressions in analytic number theory.","38e2dcfe-404c-4ab0-924d-1d17f85f665a","2508.09391","arXiv","3.5","","The sum of a certain function T over integers d_i of size around D_i is bounded by an expression involving powers of X, b, and logarithmic terms, where the bound depends on the parameters F, M, R, and Q. The logarithm of D is assumed to be much larger than the logarithm of X. The exponent of the log term includes a small positive constant subtracted from a value defined elsewhere. This result gives an upper estimate for a sum arising in analytic number theory."
"0.7640998761668744","bd69f3e6-8829-45cc-93e6-8e808749e477","PrimeNumberTheoremAnd","Lean Repo","FKS2.Table_5","Table_5 is a list of triples of real numbers, where each triple represents sample data points used to show that the asymptotic error bound eps_pi_asymp(x1) with constants A_pi = 121.107, B = 3.2, and C = 2 serves as an upper bound for the numerical error eps_pi_num(x1); the numerical values are computed using a specific formula from Theorem 6 rather than an alternative method.","90c8c1a3-dfd6-4fca-9a24-52f2b77fc6f9","2206.12557","arXiv","23","","The values A_pi, B, C, and x_0 from Table ref{table:alt1} are used to establish an asymptotic upper bound for the error term E_pi in approximating the prime counting function pi(x) by the logarithmic integral Li(x), valid for large x. This bound improves upon previous results and is verified across a wide range of x values using numerical data and derivative analysis. For smaller x, the bound is checked against known results and direct computations. The method connects asymptotic and numerical bounds on related functions to achieve tight error estimates."
"0.7639565370665616","13d855e0-c737-41b2-983e-48eca47744a8","toric","Lean Repo","preservesTerminalIso_algSpec","The theorem states that the functor algSpec R preserves the terminal object up to a canonical isomorphism, meaning the image of the terminal object under algSpec R is isomorphic to the identity morphism on Spec R in the over-category of schemes over Spec R.","375c147b-e321-4eb7-9bd4-86945759b473","YaelDillies/toric","Lean Community","4.1.2","preservesLimitsOfSize_algSpec, algSpec.instFull, algSpec.instFaithful, algSpec.fullyFaithful","Spec is a contravariant functor from R-algebras to schemes over Spec R that is fully faithful and preserves all limits."
"0.7635704341030499","51f0f925-54c5-494c-93c8-045a4c4df5d8","apap","Lean Repo","BohrSet.ofEwidth","Given a finite additive abelian group G and a function that assigns an extended non-negative real number (ewidth) to each additive character from G to the complex numbers, this construction produces a Bohr set on G where the characters with positive width are included as frequencies and the ewidth function defines their respective widths.","6ba3a016-5538-4b09-8eef-13540fe591a2","2311.12248","arXiv","5","","A Bohr set is a collection of elements x in a group G such that for every character chi in a given non-empty set Gamma of characters, the value of chi at x is within a distance tau of 1. The set Gamma is called the frequency set and tau is called the width, with the rank of the Bohr set being the number of characters in Gamma."
"0.7635513789645783","d6fa497c-8559-44e3-af0c-fb06fdebf53a","formal-conjectures","Lean Repo","Module.orientedEuclideanSpaceFinTwo","In 2-dimensional space over the real numbers, it is possible to define oriented angles using the standard basis and structure of Euclidean space on pairs of real numbers indexed by finite types. This relies on the fact that the space of functions from Fin 2 to the reals forms a normed module with a well-defined orientation. The construction uses the L2 norm on finite product spaces and supports geometric reasoning about direction and rotation in the plane.","21f1d26e-e61e-4cfd-9735-2538703f8843","0902.2731","arXiv","1","","In a two-dimensional real normed vector space with a fixed basis, each vector can be uniquely described by its norm and an angle relative to the first basis vector, where the angle is measured positively above the first basis vector and negatively below it; this method extends to higher-dimensional spaces."
"0.7630590756959155","f34c6051-c45e-416b-b182-2b70511eb61a","physlib","Lean Repo","Electromagnetism.DistElectromagneticPotential.IsExtrema","An electromagnetic potential is an extrema if it satisfies the condition that the variation of the Lagrangian with respect to the potential is zero, given a specific free space environment and in the presence of a Lorentz current density. This means the potential follows the physical laws derived from the principle of least action in classical electromagnetism. The condition is expressed using distributions and operates within a spacetime framework that includes both electric and magnetic effects.","2d920d73-ac11-4026-9ece-f2b36eed5dde","2307.06597","arXiv","25","","The Lagrangian for electromagnetism combines the interaction between a potential form and a current with a term involving the exterior derivative of the potential and its Hodge dual; varying this Lagrangian yields the Maxwell equations in differential form, specifically that the divergence of the field strength equals the current."
"0.7628788176906912","9c084806-0feb-4f42-bd5d-ec94ac30a031","carleson","Lean Repo","Set.Annulus.co_union_ci","The set of points at distance at least r from a center x, together with the set of points at distance between r and R from x, equals the set of points at distance at least r from x, provided r is less than or equal to R. This result follows from the fact that combining a half-open interval [r, R) with the interval [R, infinity) gives the interval [r, infinity). The statement holds in any space where distances are defined and satisfy basic properties, even if distinct points can have zero distance.","bb198414-6be3-4273-87d8-2672d7e53dd7","2512.06327","arXiv","10","","For any nonempty set A in a metric space and any two nonnegative numbers r and r', the set of points within distance r of the points within distance r' of A is contained in the set of points within distance r + r' of A."
"0.7625554455630459","4d5029e3-e899-4726-a802-bba0e32c3897","combinatorial-games","Lean Repo","Multiset.iUnion_map","The union of the sets g x, where x ranges over the multiset obtained by applying f to each element of m, is the same as the union of the sets g (f x), where x ranges over the original multiset m. This means applying a function to elements before taking a union over them gives the same result as taking the union after composing the function into the set family.","861e138f-458f-4195-bab8-88638e04fa3c","cs/0202018","arXiv","2","","For any function f and a collection of sets X_i indexed by I, the image of the union of the X_i under f is contained in the union of the images of each X_i under f."
"0.7624431271136161","64b8ee46-887e-4e66-8048-f1306227d9c3","combinatorial-games","Lean Repo","Game.mk_ofSets'","Given a function that assigns sets of games to each player (left or right), the result of constructing a game from those sets is equal to directly mapping the game construction over each player's set. This means building a game from specified left and right options is the same as applying the game constructor to each option individually. The theorem ensures this construction respects the structure of player moves.","f14da458-6d80-4bdf-aeb3-fcc82fa3a39e","2309.15981","arXiv","3.4","","For any two games G and G' with the same set of players, there exists a new game G'G whose outcomes are structure-preserving maps from G to G', where the accessibility and preference relations in G'G are defined so that they reflect how strategies in G relate to outcomes in G' through these maps. This construction allows players to choose strategies that transform one game into another in a way that respects the original game structures."
"0.7623326232576568","bb6bcf49-c3d7-41fe-b3e2-6ba2f5dfece0","formal-conjectures","Lean Repo","IsAddCompleteNatSeq'","A sequence A of elements in a commutative monoid M is considered additively complete if, beyond some point, every element of M can be expressed as a sum of terms from the sequence, where elements can be reused. This means the set of all possible finite sums from the sequence eventually includes all sufficiently large elements of M. The notion of ""sufficiently large"" is defined in terms of the preorder on M, using the idea that a property holds eventually at the top of the ordering.","92be6440-8971-4929-906a-a0817f192e25","0903.5044","arXiv","4.5.6","","In any infinite sequence of elements from a commutative monoid, there is some point beyond which every element can be expressed as a combination of an earlier element and another element from the monoid under the given operation."
"0.7623026437189534","2c8f8181-9f14-41ff-a300-24236cf3f885","ClassFieldTheory","Lean Repo","Subrepresentation.toSubmodule_sSup","The supremum of a set of subrepresentations, when converted to submodules, equals the supremum of their corresponding submodules. This means the submodule generated by the union of subrepresentations is the same as the union of their individual underlying submodules. The result holds for modules over a semiring with a monoid action.","a4b3eedc-129e-4810-8403-173b986b3281","2309.00593","arXiv","4.10","","Given a submodule U_s0 of a certain space V_s0^-, the sum U of related submodules U_t over a set S forms a subrepresentation in V, and the intersection of U with V_s0^- is exactly U_s0."
"0.7620030020045937","fe2ee77e-daa3-4b25-afca-d1a1acee3154","misc-yd","Lean Repo","Finset.mul_strict_kneser'","If the sum of the sizes of two modified sets (s multiplied by the stabilizer of s*t and t multiplied by the stabilizer of s*t) is less than the size of s*t plus the size of its stabilizer, then that sum is at most the size of s*t. This means that when the usual Kneser bound isn't tight, the actual size of the product set s*t is significantly larger than the sum of these modified sets. The result holds for finite sets in a commutative group with decidable equality.","c2c8ba08-9a15-43bd-a607-b6697752c3f8","2408.11232","arXiv","3.3","","If A and B are finite nonempty sets in an abelian group, and K is the stabilizer of their sumset A+B, then the size of A+B is at least the sum of the sizes of A+K and B+K minus the size of K, and this is at least the sum of the sizes of A and B minus the size of K."
"0.7619004022543084","e2795013-5437-4f16-9399-d64fa3bf424d","PrimeNumberTheoremAnd","Lean Repo","MobiusLemma.mobius_lemma_2","For a positive real number x and a natural number K, the value of the function R at x equals the sum of M at square roots of x divided by integers from 1 to K, minus an integral of M over a continuous interval from 0 to K+0.5, minus the sum of integrals of M over small intervals centered at integers from K+1 to the floor of x, each compared to the value of M at those integers.","6b262ca4-668d-4974-b61c-f2b8009981f9","2211.10621","arXiv","3.1","","For integers k at least 4, the sum of the function r_k(m) from 1 to n is approximately a constant times n, minus another term proportional to n raised to the power 1 minus 1/k, plus an error term that grows no faster than n raised to a certain lower power. The same result holds when summing up to a real number x instead of n. The constants in the formula involve the gamma function evaluated at rational numbers depending on k."
"0.7614154493553594","9fdcdf50-97d3-466f-869b-9d18c61f626c","PrimeNumberTheoremAnd","Lean Repo","Sieve.zeta_pos_of_prime","For any prime number p, the value of the arithmetic zeta function at p is positive.   This means that if p is a prime natural number, then zeta(p) equals 1, which is greater than 0.   The result follows from the definition of the zeta function and the fact that primes are greater than 1.","7633d7b9-ec59-4060-b402-41d8e5fa4e6d","2309.14501","arXiv","2.5","","For every prime number p, the value of z(p) is less than or equal to p plus one."
"0.7611283255876228","7e4f906c-2abe-4b8e-84a0-85ac2f8a1a0c","cslib","Lean Repo","Cslib.ωSequence.append_eq_cons","Adding a single element at the start of an infinite sequence gives the same result as creating a list with that element and appending the sequence after it. The operation of prepending an element to an infinite sequence is equivalent to making a one-element list and concatenating it with the sequence. This states that [a] ++ω as equals the infinite sequence starting with a followed by as.","7cd588e8-0aa9-4ea1-b1fe-4b6111f7f6d4","1601.01229","arXiv","","","The concatenation of a finite list of terms with a sequence means placing all elements of the list first, followed in order by all elements of the sequence. This creates a new sequence that starts with the list and continues with the original sequence. For example, combining (1, 2) with (3, 4, 5, ...) gives (1, 2, 3, 4, 5, ...)."
"0.7610465534605738","6112d3c9-f723-4774-b419-f6956d92c489","cslib","Lean Repo","Cslib.ωLanguage.instOmegaPowLanguageOfInhabited","If a type has at least one element (is inhabited), then any language over that type can be infinitely repeated to form an infinite-language (omega language) through concatenation of infinitely many copies of the language. This operation is known as the omega power of the language. The system supports this operation by providing a structure that links finite languages to their infinite repetition under the condition of inhabitation.","a3eb2106-e3f6-417f-a3c2-4f79da2c6388","2302.04087","arXiv","2.1","","A language of infinite words is omega-regular exactly when it can be written as a finite union of sets, each formed by concatenating a finite word from one regular language with infinite repetitions of finite words from another regular language."
"0.7607371399041636","d5c9d4be-54e2-4a10-944d-5cda54327c89","carleson","Lean Repo","aestronglyMeasurable_simpleNontangentialOperator","The function that maps each point x to the supremum of the absolute values of a Calderon-Zygmund operator applied to a function g over balls centered at x with radius at most r is almost everywhere equal to a strongly measurable function, assuming the space has a doubling measure and the kernel K meets the necessary conditions. This means the resulting maximal function is measurable in the extended non-negative real numbers, except possibly on a set of measure zero. The result holds for complex-valued functions defined on a metric space with a doubling measure.","fd5a2fae-a4fe-4557-81ba-8dcecaa19024","0801.1855","arXiv","5.3","","For an operator with a Calderon-Zygmund kernel, the maximal function of the characteristic function of a Borel set at a point in the support of a measure is bounded by a constant multiple of a modified maximal function of the operator applied to the same characteristic function, plus an absolute constant depending only on dimension and kernel properties."
"0.760568041400953","23b407f5-3b32-4a6a-b6a1-aad5131c0e3e","ClassFieldTheory","Lean Repo","toCompletion_injective_iff_isFilterHausdorff","The map from a module to its completion is injective if and only if the only element contained in all subgroups of the filtration is zero. This means the filtration separates points in the module precisely when the completion map does not collapse distinct elements. In simpler terms, no two different elements become equal in the completion if and only if the filtration only shares the zero element across all its parts.","6bcd8dac-9c1b-47bd-bd48-e1b2173124af","2602.02420","arXiv","2","","The completion of a filtered module or algebra inherits a natural filtration from the original structure, and this completed filtration has the same completeness, exhaustiveness, and separation properties as the original. There is a natural map from the original object into its completion, which is injective when the original filtration is separated. When the indexing set of the filtration is directed, the quotient of the completion by any filtration level is isomorphic to the corresponding quotient of the original object. This implies that completing the completion yields an object isomorphi…"
"0.7605265455704432","8411b6ac-3240-4cec-ac1c-5f7458e8f369","combinatorial-games","Lean Repo","IGame.Numeric.mul_congr_left","If two numeric games x1 and x2 are equivalent, then multiplying both by the same numeric game y results in equivalent games. This means that game multiplication respects equivalence when the left operand is replaced by an equivalent one.","e3845c9d-aad0-49c6-8069-5e536fbda3a1","math/0610685","arXiv","3.29","","If X1 is equivalent to X2 and Y1 is equivalent to Y2, then the product of X1 and Y1 is equivalent to the product of X2 and Y2."
"0.7600596902410917","53873ff5-3ba5-4e76-8da8-5f60a23b151c","ClassFieldTheory","Lean Repo","IsNonarchimedeanLocalField.f_congr","If two finite extensions of a nonarchimedean local field are isomorphic as algebras over the base field, then their inertia degrees over the base field are equal.","19b91180-3042-45c2-9160-1f620de1f761","1003.5689","arXiv","8.1","","If a finite field extension lies within the absolute ramification field of a henselian valued field, then the degree of the extension equals the product of its ramification index and inertia degree."
"0.7591421560706639","dcd8f316-2a30-4e7c-927c-c44f3b8863b5","sphere-packing-math-inc","Lean Repo","D_sq","The derivative of the square of a complex-valued function on the upper half-plane is equal to twice the function multiplied by its derivative, provided the function is differentiable. This follows the standard calculus rule for differentiating a square of a function.","426dd24a-d0db-46b3-a043-eb32a3922409","1203.5619","arXiv","","","The derivative of z raised to the power n is equal to n times z raised to the power n minus one, for all non negative integers n and for z in the upper half plane."
"0.7588389031359198","987ee2c4-05a1-45f5-8109-7422de4b235a","sphere-packing-math-inc","Lean Repo","SpherePacking.Dim24.BFourier.perm_J₃_J₄","The Fourier transform of the sum of two functions, J3 and J4, equals the negative of the sum of two other functions, J1 and J2. This identity holds in 24-dimensional Euclidean space and involves complex-valued Schwartz functions. The result follows from symmetry properties and the invertibility of the Fourier transform.","0960206e-dbca-4552-b1fc-3ef090df99ed","2506.10595","arXiv","2.1","","The Fourier transform of a function u that is integrable over d-dimensional space is obtained by integrating u multiplied by a complex exponential factor over all space, scaled by a power of 2π. The inverse Fourier transform is similar but uses the opposite sign in the exponential. These transforms convert a function between its original domain and a frequency domain representation. They are symmetric operations that can recover the original function when applied in sequence."
"0.7587388373499959","5ca64bba-9f03-4759-832b-6ee2775e3aac","PersistentDecomp","Lean Repo","instMulEndRing","For any category C and division ring R, given a functor F from C to the category of R-modules, the endomorphism ring of F has a multiplication operation defined on it. This means that endomorphisms of F can be multiplied together in a way that respects the algebraic structure. The multiplication is part of the ring structure on these endomorphisms.","4fdd15a1-2052-40da-8399-2efd05d805aa","2209.01399","arXiv","3.1","","Let M be a multiplication module over a ring R. The set of all R-linear endomorphisms of M forms a ring under addition and composition. This endomorphism ring is commutative."
"0.758430345185007","7d3e8924-f44e-4fa6-9c41-32c36b65a218","FLT","Lean Repo","IsDirectLimit.Module.compatibility_module","If a family of R-modules is connected by linear maps in a directed system, and P₁ is their direct limit with respect to these maps, then the canonical maps from each module into P₁ are compatible with the transition maps: applying a transition map from M_i to M_j and then mapping into P₁ gives the same result as mapping directly into P₁ from M_i.","310ef4ea-2b1a-4b49-8e1e-ce5cd0aa9593","2209.11566","arXiv","4.6","","If a family of maps between two directed systems of modules satisfies the condition that every element in a module of the target system eventually comes from an element in the source system after moving forward in the directed set, then the induced map between the direct limits is surjective."
"0.7583418832432987","f6ed3e01-8b50-4d1d-aaeb-05b69b122f60","ClassFieldTheory","Lean Repo","groupCohomology.TateCohomology.zeroIso.sc_g","For a finite group G acting on a module M over a commutative ring R, the map g in the short complex used to compute 0th Tate cohomology is equal to the first differential d01, which sends an element of M to the differences induced by the group action. This identifies part of the chain structure that defines Tate cohomology in degree zero. The result ensures the complex is built using the standard group cohomology differential.","f63a3da9-d00f-4fa0-b595-aea75e0951a1","kbuzzard/ClassFieldTheory","Lean Community","21","groupCohomology.TateCohomology.isoGroupCohomology, groupCohomology.TateCohomology.isoGroupHomology, groupCohomology.TateCohomology.zeroIso, groupCohomology.TateCohomology.zeroIsoOfIsTrivial, groupCohomology.TateCohomology.negOneIso, groupCohomology.TateCohomology.negOneIsoOfIsTrivial","For a finite group G and a G-representation M, the zeroth Tate cohomology is the quotient of the G-invariant elements of M by the image of the norm map, and if M is trivial, this becomes M modulo |G| times M. The positive degree Tate cohomology groups match the usual group cohomology, while the negative degree Tate cohomology relates to group homology, with degree -1 given by the kernel of the norm map modulo a submodule generated by differences g·m - m, which for trivial M is the |G|-torsion subgroup of M."
"0.7582386642533945","6765a473-33a6-4cc9-bfa5-ef12c20a28b3","sphere-eversion","Lean Repo","SmoothPartitionOfUnity.germ_combine_mem","The value of the combined function from a smooth partition of unity at a point x lies in the convex hull of the images of the input functions at x, when considered in the space of smooth germs at x. This means the combination is a local smooth average of the input functions. The support of this average is determined only by those functions in the partition that are nonzero near x.","4d56fa1a-5709-406a-81a9-51fa75545d91","1101.3733","arXiv","0","","There exists a smooth partition of unity subordinate to any open cover of the space, meaning a set of smooth functions valued between 0 and 1 that sum to 1 at every point and each have support within some set of the cover."
"0.7580519370518256","7b70ef2f-b5c7-4cd2-9e7f-523929eac4b1","sphere-packing-math-inc","Lean Repo","SpherePacking.Dim24.Uniqueness.BS81.LP.Gegenbauer24.PSD.Fischer.inner_self_nonneg","For any natural number k and any homogeneous polynomial p of degree k in 24 variables with real coefficients, the Fischer inner product of p with itself is greater than or equal to zero.","b7bbaa33-d7f6-48b2-b036-49e977a38d3a","1812.05565","arXiv","3.30","","For a homogeneous polynomial P of degree k and a vector a, the Fischer inner product of P with the k-th power of the linear form defined by a equals the value of P at a. In the more general case where P is a polynomial of degree at most d and not necessarily homogeneous, the Fischer inner product of P with the k-th power of the linear form defined by a equals the value at a of the homogeneous part of P of degree k."
"0.757548348811338","b51153c5-d6cd-45aa-9b05-9d1fbbbc4cf2","physlib","Lean Repo","QuantumMechanics.OneDimension.HilbertSpace.mk_add","If two complex-valued functions on the real line are square-integrable, then the result of adding their corresponding elements in the Hilbert space is the same as the element in the Hilbert space corresponding to their pointwise sum.","f1638674-0559-41d0-8f32-60dd808cfe30","1404.3352","arXiv","5.7","","If two positive definite functions on a set have associated Hilbert spaces that only share the zero element, then the Hilbert space of their sum is the orthogonal sum of the two individual spaces."
"0.7573966574953561","8965121f-a211-4200-847e-530f4b2ebc98","Sphere-Packing-Lean","Lean Repo","MagicFunction.b.SchwartzProperties.J₆'_decay'","There is a constant C such that for all real numbers x, the absolute value of the nth derivative of the function J6_prime, multiplied by |x| raised to the power k, is always less than or equal to C. This means the higher derivatives of J6_prime decay rapidly as |x| grows, controlled by a polynomial bound. The result holds for all natural numbers k and n.","89241946-d3f0-4d53-9672-092cdcf8ea8a","2208.09753","arXiv","3.3","","For any natural number k and integer j between 1 and n, the k-th partial derivative of the function s(x) with respect to the j-th variable is bounded in absolute value by a constant multiple of 1 over the magnitude of x raised to the power of n minus delta plus k. The constant depends on j and k. This gives a decay estimate on the derivatives of s(x) as |x| grows large."
"0.7573144373205108","4e93361e-fff1-4722-87dc-f9da71ba8510","sphere-packing-math-inc","Lean Repo","ResToImagAxis.Real.mul","If two functions from the upper half plane to the complex numbers take only real values when restricted to the imaginary axis, then their product also takes only real values on the imaginary axis.","5b84760b-ba3b-40ea-90d9-692c4a6c4cb6","1804.11199","arXiv","3.9","","The expression shows that the product of two specific functions, involving imaginary parts of transformed complex variables, is less than or equal to one for all points in the upper half-plane. These functions are derived from transformations that do not decrease the imaginary part of the input. The result follows from known inequalities on the imaginary components of these transformations."
"0.7553487866630387","5ded94ce-f772-449d-8681-99944b3e73f4","flt-regular","Lean Repo","FltRegular.CaseI.aux0k₂","If p is a prime number at least 5, a and b are integers not congruent modulo p, and zeta is a primitive p-th root of unity in the ring of integers of the p-th cyclotomic field, then under the given divisibility condition involving powers of zeta and a congruence relation between indices k1 and k2, the index k2 cannot be zero.","fcf567a4-52d7-4b24-93dc-ca33edaac08f","2211.04138","arXiv","2.8","","For any prime number p that is 5 or greater, and for any pair of integers a and b, the prime p does not divide the index i(K)."
"0.7553420807824692","6858cfd1-80c7-49f5-b03c-e6101a874bdb","physlib","Lean Repo","TensorSpecies.Tensor.Pure.permP_id_self","Applying the identity permutation to a pure tensor leaves the tensor unchanged.","7c4580c4-a6dd-4054-b78c-312fec5ff174","1808.04561","arXiv","4.7","","If a linear positive rank preserver linked to the identity map acts on a tensor space, and its associated tensor is the identity tensor, then the transformation leaves the identity tensor unchanged. This means applying the map to the identity tensor results in the same identity tensor. The condition for this to happen is that the associated tensor must itself be the identity."
"0.7553273237464021","c9a4df4f-fb53-45a3-be50-21d94b1e85e4","sphere-packing-math-inc","Lean Repo","MagicFunction.g.CohnElkies.IntegralReps.aLaplaceIntegrand","The function aLaplaceIntegrand takes two real numbers, u and t, and returns a complex number that represents the integrand used in a Laplace transform related to the radial function a. This integrand involves complex exponentials and is built using standard operations on real and complex numbers, including multiplication, negation, and the imaginary unit i. It plays a role in expressing a radial profile through an integral involving exponential decay and oscillation.","201000d5-e3d1-4098-aae1-0b9d023e2136","2512.23001","arXiv","2.1","","The function E of t can be expressed as an integral from zero to infinity of e to the power of minus t times u, divided by u minus i, with respect to u. This integral represents the Laplace transform of a certain function involving a complex denominator."
"0.7552750843121828","61bdc86b-e82c-416d-aae4-d78a8299608a","formal-conjectures","Lean Repo","Nat.primeFactorsEq","Nat.primeFactorsEq is a simplification procedure that computes the set of prime factors of a natural number by breaking it down into its prime components. It uses bitwise operations and state management internally to efficiently determine which primes divide the number. This process is automated for use in formal proofs involving prime factorization.","9c328b0a-e0e1-4cca-b71f-7d44df8e8bb9","2410.20208","arXiv","","","Break down numbers into their prime factors."
"0.7551127744611761","a3aa17b7-5575-49ac-b2a4-b70da43694f0","HarderNarasimhan","Lean Repo","HarderNarasimhan.proposition_3_2","If the average slope from x to z is as large as possible (equal to the maximum value), then extending the interval to the left by including a point a (where a < x) does not decrease the average slope from a to x compared to the average slope from a to z. This result follows from the convexity property of the function measuring slopes.","dcf22229-9783-4344-8594-2a5944161965","1011.6313","arXiv","2","","If a function is convex on an interval from x to y, then the slope from x to any point a between x and y is less than or equal to the slope from any other point b between x and y to y, as long as a and b are different."
"0.7549027386224153","8f4b9de4-1193-43d7-882a-823a2f7be8e0","pfr","Lean Repo","continuous_tau_restrict_probabilityMeasure","The function that computes tau for a pair of probability measures is continuous when the underlying space G is a finite discrete topological group and the measures are pushed forward through identity maps. This continuity holds under the assumption that both source spaces are probability spaces and G has compatible measurable and topological structure. The result ensures small changes in the input measures lead to small changes in the tau value.","6df666d7-7dfe-4160-ad5b-03109e161200","math/0211242","arXiv","3.7","","The action of the group G on the space of compactly supported probability measures on G is continuous, meaning that small changes in the group element or the measure result in small changes in the transformed measure under the given topology."
"0.7548889766379485","613abf2d-80f5-4a51-9374-2db61dbbd9ac","PrimeNumberTheoremAnd","Lean Repo","LeanCert.Engine.binomialRat","binomialRat n k converts the binomial coefficient ""n choose k"" from natural numbers to a rational number by casting the result of Nat.choose n k into the type of rational numbers.","91907f18-0fb6-44e3-b611-2bb2bbc1a24a","1705.03686","arXiv","8.2","","The product of the binomial coefficient of n1 choose k and the inverse of the binomial coefficient of n2 choose k is less than or equal to the ratio of n1 to n2 raised to the power k, when k is at most n1 and n1 is at most n2."
"0.7541698910817131","a1e99e3b-a812-4371-9ee5-2559040e24cb","sphere-packing-math-inc","Lean Repo","SpherePacking.Dim24.ZerosAux.a_zero_of_norm_sq_eq_two_mul","For any integer k greater than or equal to 2, if a point in 24-dimensional real space has squared norm equal to 2k, then the function a evaluated at that point is zero.","a1d836ba-2563-4ffb-a898-c67e5655e92f","2503.20181","arXiv","3.1","","There is a point q on the 2k-dimensional sphere where the function F of q equals zero."
"0.7537289874000785","40b25698-9ec3-4376-8864-e012acb24e48","ClassFieldTheory","Lean Repo","Rep.split.H2π_surjective","For any commutative ring R, group G, and representation M of G over R, the map from the second group cohomology group H2 to the space of 2-cocycles modulo coboundaries is surjective, meaning every cohomology class has a representative cocycle.","39a1c9f1-94b4-4afb-b831-4d03c124a9c1","0807.1651","arXiv","6.4","","There is a map from 2-cocycles on H with values in R to algebra maps on the second homology group of H, defined by sending a cocycle sigma to a function that evaluates sigma on tensor products of elements in H, and this map passes to a well-defined homomorphism on the second cohomology group."
"0.7532780495331121","7793d75a-3bbf-4d3b-b11a-078171357912","PrimeNumberTheoremAnd","Lean Repo","PrimeCert.PrimePow.prime_dvd_toNat","If a prime number divides a natural number that was extracted from a prime power certificate, then that prime also divides the original prime power. This relies on the fact that divisibility in natural numbers means one number fits into another evenly. The comparison of numbers uses standard less-than relations converted from boolean functions.","9f2da5b7-cf40-4270-9afb-b93c78312e4c","1806.00647","arXiv","2.5","","If a prime power a^k exactly divides N, then the exponent k must divide N, provided a is prime and k is a positive integer. This follows from properties of multiplicative orders and the existence of a prime factor of a^k - 1 that is congruent to 1 modulo k, which in turn divides N."
"0.7524093237296928","95cc1b24-d148-4833-b5ad-900cf52a25a0","PrimeNumberTheoremAnd","Lean Repo","DeltaSpikeSupport","If a function ν is zero outside the interval [1/2, 2], and ε is positive, then the scaled function DeltaSpike ν ε x is zero whenever x is not in the interval [2^(-ε), 2^ε].","eca8fea9-6412-41aa-8ed3-a70f9aaec355","math/0512123","arXiv","4.3","","For values of x in a specific interval Δ_I, the function a(x, x/ε) can be expressed as a scaled and shifted version of another function a_M, where the scaling depends on the ratio of a fixed value ε-bar to ε; outside these intervals, the function is zero, and the overall expression is a sum over all such intervals using indicator functions to activate the correct piece."
"0.7522775621736526","c6aed0dd-4fd5-436d-b454-b32236aa1847","cslib","Lean Repo","Cslib.ωSequence.take_prefix_take_left","If m is less than or equal to n, then the first m elements of an infinite sequence form a prefix of the first n elements of that sequence.","b59b0258-d3d4-49b5-b213-adc37a4cc6f2","1608.03814","arXiv","1.4","","If S is a set, then an infinite sequence of elements from S is represented as a function from natural numbers to S, and we can extract the first k elements of such a sequence as a finite list; we also define when a finite list is a prefix of an infinite sequence."
"0.7519223857328254","2a47bd8a-9b6f-412d-8699-6b2515d2e62c","PrimeNumberTheoremAnd","Lean Repo","FKS2.dawson","FKS2.dawson defines a function that takes a real number x and returns a real number, computed using the integral of the exponential function over a specific interval. The function relies on standard structures for real numbers, including addition, multiplication, negation, and measure theory, to define its behavior. It essentially calculates a real-valued transformation involving exp(t^2) weighted over an interval centered at x.","20a677fa-e4e8-4041-ad32-81c15ef75114","0906.2101","arXiv","1","","For every real number r, the result is equal to 2 over pi times e to the power of minus r squared, multiplied by the integral from 0 to r of e to the power of x squared dx, which is also equal to 2 over pi times the Dawson function of r, or equivalently 1 over the square root of pi times e to the power of minus r squared times the imaginary error function of r."
"0.7514805298987985","afcd35de-7a31-4b11-94ab-7a93fb54b034","cslib","Lean Repo","Nat.count_notMem_range_pos","If a function f from natural numbers to natural numbers satisfies f(0) = 0, and a number n is not in the range of f, then there is at least one natural number less than n that is in the range of f.","d57bdfa0-948c-48ec-bd28-f9af2337c386","0808.3763","arXiv","3.1","","A strictly increasing function f from the natural numbers to themselves is defined such that f(0) is greater than 0."
"0.7512736823764119","5248d38c-b4ed-431d-867f-befed2c2e99c","sphere-packing-math-inc","Lean Repo","ψS_eq","The function ψS is defined as 128 times the difference between two fractions involving modular forms H2, H3, and H4, where the first fraction is (H4 minus H2) divided by H3 squared, and the second is (H2 plus H3) divided by H4 squared.","2c54354b-6f47-451a-b5e8-adbe7d11c2c5","thefundamentaltheor3m/Sphere-Packing-Lean","Lean Community","7.19","","The functions psi I, psi S, and psi T are expressed in terms of H2, H3, H4, and Delta, with each function being a cubic polynomial in one H variable divided by twice Delta, and involving specific combinations of squares and products of the H variables."
"0.7504417270107036","ef01117e-0c63-4aba-89d3-bf766c55431d","sphere-packing-math-inc","Lean Repo","SpherePacking.Dim24.SpecialValuesVarphi₂Limits.tendsto_varphi₂_mul_q_sq_sub_const_div_q","As the imaginary part of z goes to infinity, the expression (varphi2(z) times q(z)^2 minus 864 divided by pi squared), all divided by q(z), approaches the limit 2218752 divided by pi squared, where q(z) is exp(2 pi i z).","58e3d006-ec27-4a37-958b-76652a5076f8","1906.10295","arXiv","6","","As q approaches 1 from below, the expression involving powers of q and an infinite product converges to 2 times pi squared."
"0.7503014853906962","bfda4c76-ed82-4ca1-a3e7-89d544c807f8","PrimeNumberTheoremAnd","Lean Repo","LeanCert.Meta.ExprContinuousCore.sqrt","The sqrt constructor in ExprContinuousCore proves that the square root operation, when applied to a valid expression, results in a continuous function as long as the input expression is continuous and non-negative. It is part of a system that checks continuity of expressions by breaking them down into basic operations with known continuity properties. This allows automated proofs that expressions involving square roots are continuous under the right conditions.","15dd1725-2b9f-4143-9cbd-8ba9a09050dc","1903.08131","arXiv","7","","The matrix square root function, which maps each positive definite matrix to its square root, is continuous over the set of all positive definite matrices."
"0.7490403287198786","5317b0b1-c5e5-4291-93a6-7f6147133b3c","HarderNarasimhan","Lean Repo","HarderNarasimhan.instWellFoundedGTInterval","If a type has a well-founded greater-than relation (meaning there are no infinite descending chains), then any interval within that type—defined by two endpoints with a strict order—also has a well-founded greater-than relation. This is shown by taking a nonempty set in the interval, mapping it to the original type, finding a minimal element there, and bringing it back to the interval. The result ensures that every nonempty subset of the interval has a minimal element under the greater-than relation.","344e3af6-31e9-4a93-97cf-d093a23ac25b","2410.11606","arXiv","2.2","","A relation is well-founded if every non-empty subset has at least one element that is not greater than any other element in the subset. This means there is always a minimal element in each subset with respect to the ordering."
"0.7487713530524455","a1bb4e5d-1d2c-42cd-9e40-799e2be9fb70","cslib","Lean Repo","Cslib.Logic.InferenceSystem.instCoeDerivationDerivable","If a value has a valid derivation in an inference system, then it is considered derivable; this declaration allows automatic conversion from a derivation of a value to the proof that the value is derivable.","e682ccce-03bf-4407-b58c-6e20f625ae0d","2303.03111","arXiv","","","If a proof system derives a proposition correctly, then that proposition is logically valid."
"0.7486911483502832","31ba7811-63d8-45aa-82c2-98700da2199c","physlib","Lean Repo","Temperature.ofβ","Temperature.ofβ takes a nonnegative real number β (inverse temperature) and returns the corresponding temperature value by using the Boltzmann constant, ensuring the result is a valid nonnegative temperature in absolute units.","26738eb3-d41e-4686-ab43-6865fadfdabc","1201.1384","arXiv","2.7","","Data temperature is a value between 0 and 1 that describes a property of a random variable based on its size; it is calculated from another value called beta zero using a specific formula; for zero data size, the temperature is defined as 0; both the original and transformed values are referred to as data temperature when clear from context."
"0.748592596345048","8cde8382-38bb-41be-ab02-e9b2ed6add1b","PrimeNumberTheoremAnd","Lean Repo","LeanCert.Engine.TaylorModel.evalSet","evalSet takes a Taylor model, which consists of a polynomial with rational coefficients and an interval error bound, and computes the set of all possible values that the polynomial can take when evaluated over that interval, using rational number arithmetic and interval analysis to ensure rigorous error bounds.","e9a079fa-a091-4d94-90b7-8fac99df7953","2110.00915","arXiv","1","","An interval Taylor model of a function is made up of a Taylor polynomial of degree n and an interval that bounds the error between the function and the polynomial at all points in the domain. The function's value at any point lies within the range given by the polynomial plus the error interval. This model provides a rigorous approximation of the function using both polynomial behavior and interval bounds. It requires the function to be sufficiently smooth around the expansion point."
"0.7485797277615793","2b413b80-02b5-4d35-a3e6-c3d68be3edaf","FLT","Lean Repo","PatchingModule.mem_smul_top","An element of a patched module over a topological ring is in the submodule generated by an ideal if and only if its image in every open quotient is in the corresponding submodule generated by that ideal. This equivalence holds under conditions including the ring being Noetherian, local, compact, and Hausdorff, and the modules having uniformly bounded rank and free structure over their annihilator quotients. The result links global module structure with local behavior across an ultrafilter construction.","d29b8214-b26f-467c-b159-db50bdadbbae","math/0507009","arXiv","2.4","","A finitely generated module over a quotient ring is equipped with a topology defined by powers of a lifted prime element, and this topology is independent of the choice of generating submodule; it can also be defined using powers of a uniformizer, and the module is complete under this topology."
"0.7482719361438489","42f689ae-ab35-4f3e-836e-3f6cbf687528","sphere-packing-math-inc","Lean Repo","SpherePacking.Dim24.B_leadingterms_bound","For any real number t greater than or equal to 1, the real part of the complex function BKernel(t) is greater than (1/39)*t*exp(2*pi*t) - (10/(117*pi))*exp(2*pi*t). This gives a lower bound on the leading terms of the function B(t) in dimension 24 sphere packing analysis. The bound involves exponential growth scaled by constants involving pi.","26da977e-c72a-4ec6-8b41-9ee2dc73c763","1603.06518","arXiv","5.3","","For all t greater than or equal to 1, the value of B(t) is more than (1/39) times t times e raised to 2 pi t, minus (10/117 pi) times e raised to 2 pi t."
"0.7475141932106637","46ec6017-801c-4413-bec6-3c2509bf5e7c","FLT","Lean Repo","NumberField.AdeleRing.DivisionAlgebra.Aux.incl_D𝔸quot_equivariant","If two elements in the multiplicative group of a tensor product involving the adele ring of a number field are related by a certain subgroup condition, then their images under a restriction map become equal in the quotient space. This result establishes a form of equivariance for the inclusion map with respect to the group action defined by the subgroup. It ensures that equivalent inputs produce equivalent outputs under the given algebraic mapping.","26637813-2671-412b-9452-965789704c3a","1109.6427","arXiv","28","","If two elements in a certain adelic group have the same projection under a quotient map, and they act on a product of local subgroups to produce two new subgroups, then the intersections of these new subgroups with the rational points of the group differ only by conjugation with an element from the rational points of the group."
"0.7474727938342169","98964ff5-a3aa-4f08-a28e-ce9d1a5714b3","physlib","Lean Repo","Space.eval_contDiff","For a d-dimensional space, the function that picks out the i-th coordinate of a point is n-times continuously differentiable for any natural number n or infinity, meaning it is smooth. This holds because extracting a coordinate is a linear and continuous operation. The coordinate index i must be between 0 and d-1.","554f5990-9a11-4b5e-8893-de6fc8ed0d22","2405.15941","arXiv","3","","The function f i from d-dimensional real space to the real numbers is differentiable for each i from 1 to n."
"0.7469684946105719","04228139-b015-45dd-94f2-608148f9b5ad","combinatorial-games","Lean Repo","SignExpansion.lt_ceil","A sign expansion x is less than the ceiling of a function f if and only if the lexicographic value of x is less than the lexicographic value of f.","c286c195-8746-4ea2-baa1-c91b754c9849","1304.1575","arXiv","1","","If x is strictly less than y under the function f, then the value of f at x is less than the value of f at y."
"0.7467764684476568","bcd533f2-100d-44ba-a846-c336566733d5","physlib","Lean Repo","LorentzGroup.generalizedBoost_apply_eq_toCoord","The generalized boost from velocity u to velocity v in d-dimensional spacetime is given by a matrix whose entry at row μ and column ν equals 1 if μ and ν are the same, plus correction terms involving the Minkowski metric, the components of u and v, and their Minkowski inner product, all combined according to a specific algebraic formula that ensures the result is a valid Lorentz transformation. The formula adjusts the identity matrix using products of velocity components and the Minkowski metric, normalized by a factor that depends on the inner product of u and v. This expression defines how …","d1cc330a-b438-4b25-ab3e-64290dd75dce","2108.10725","arXiv","","","A Lorentz boost that changes one velocity to another in spacetime has a parameter that can be calculated from the original and resulting velocities and a reference direction; this parameter, itself a velocity, is given by a specific formula involving dot products and the speed of light; the formula resembles a subtraction of velocities in a non-Euclidean sense."
"0.7461077568277383","96236be0-34da-4ce4-b819-047263717aeb","sphere-packing-math-inc","Lean Repo","SpherePacking.Integration.instSFiniteRealμIoc01","The measure μIoc01, which assigns length to subsets of the interval (0, 1] using the standard Lebesgue measure, is s-finite, meaning it can be expressed as a countable sum of finite measures. This allows for useful integration properties even though the total measure may not be finite. The result confirms that restricting Lebesgue measure to (0, 1] yields an s-finite measure.","f9a8051d-9b50-4ba4-9c48-640ff2a6837c","1803.02116","arXiv","7","","The condition means that for every set A in a certain collection of measurable sets, the integral of s with respect to the measure m over A times the interval (0,1] is finite, and the total measure of A times the interval [1, infinity) is also finite."
"0.7460976024825547","b2de4d4e-bb16-4b28-bc43-64c5c6539106","PrimeNumberTheoremAnd","Lean Repo","R","R(x) is defined as the difference between the function Psi(x) and the real number x, where Psi(x) sums the von Mangoldt function values for all integers up to x.","7a72f462-f1c7-4b36-95f7-27906aaab37a","2407.18983","arXiv","2.1","","For any number x greater than or equal to zero, psi of x is the sum of the Mangoldt function values for all integers n less than or equal to x, where the Mangoldt function gives the natural logarithm of p if n is a power of a prime p, and zero otherwise."
"0.7460928898171563","f53a50ac-c708-46c7-84e8-e4de240ac34a","brownian-motion","Lean Repo","MeasureTheory.instLEDiscreteApproxSequence","This declaration defines that two discrete approximation sequences can be compared using the less-than-or-equal-to (≤) relation, where one sequence is considered less than or equal to another if each corresponding stopping time in the sequence is pointwise less than or equal to the other almost everywhere with respect to the given measure. The ordering is based on the natural order of the index type ι extended with a top element, and it uses the pointwise ordering of functions into ordered types. This allows the use of standard inequality notation when working with such sequences in the conte…","69013f2d-c6e1-42ee-a29d-851b9ef22189","1007.1906","arXiv","3","","The symbols <=~ and >=~ are used to compare two sequences, meaning one sequence is less than or equal to the other up to a constant factor that does not depend on the index n."
"0.7449944409038077","5b649731-0c9c-43d4-806e-de7899076171","PrimeNumberTheoremAnd","Lean Repo","mem_Ico_iff_div","For positive x, a natural number n is in the integer half-open interval from ceil(a * x) to ceil(b * x) if and only if n/x is in the real half-open interval from a to b.","4a2fc0ec-038f-4acf-91cb-0ff246849ac1","2405.20924","arXiv","1.4","","For a given integer N at least 1 and a number b between 0 and 1, the first part states that x lies in a specific interval just below 1 if and only if the floor of (i times x minus b) equals i minus 1 for all integers i from 1 to N. The second part says that if N is at least 2 and x lies in another specific interval below that, then the floor of (N times x minus b) equals N minus 2."
"0.7447527782614468","05f362e6-168a-4188-a1ad-e8396ddf1e21","physlib","Lean Repo","TensorSpecies.Tensor.Pure.evalP_update_smul","When evaluating a pure tensor at a specific index after scaling one of its components by a ring element, the result is the same as scaling the evaluation of the unscaled tensor by that element. This means scalar multiplication commutes with the evaluation of tensor components. The operation respects the linear structure of the tensor space.","5dda9c33-1de6-440a-8a03-34a2a06f41f2","1705.01576","arXiv","2","","The operation of multiplying a tensor by a scalar can be done in any order without changing the result. This means scaling a tensor by a number gives the same outcome regardless of the order of the scalar and tensor in the operation."
"0.7444882933504132","01ac7cc8-834a-4e97-a5d2-8fc92da078e1","physlib","Lean Repo","instMulActionNNRealElemDimSet","For any type M that supports scaling by nonnegative real numbers and is unit-dependent, and for any dimension d, the set of elements of M that scale according to dimension d also supports scaling by nonnegative real numbers. This means the dimensional subsets of M inherit the scaling behavior. The instance ensures this structure is automatically available when needed.","a5a60d9a-8125-423c-93f3-003b64bffea1","1107.4520","arXiv","","","A subset S of a product space w1 x ... x wn is dimensionally invariant if and only if its membership does not depend on the choice of consistent scaling factors; that is, scaling elements by consistent units does not affect whether a tuple belongs to S. This condition is equivalent to the indicator function of S being dimensionally invariant, and also means that if one scaled version of a tuple is in S, then all consistently scaled versions are in S."
"0.7443890105120964","1ff93b67-3f9b-4301-a92a-0d155aa8e8ff","FLT","Lean Repo","Hurwitz.coe_norm","The norm of a Hurwitz integer z, when cast to a real number, equals the sum of the squares of four specific combinations of its real and imaginary components, involving scaling by one-half. These combinations account for the unique structure of Hurwitz integers in terms of their real, i, j, and k parts. The equation provides a way to compute the squared magnitude of z using only real arithmetic.","00c5052e-d193-4b56-9de4-8941dcb7640f","ImperialCollegeLondon/FLT","Lean Community","5.25","Hurwitz.norm","The Hurwitz quaternions have a norm based on the sum of the squares of their components, similar to a+bi+cj+dk, but the formula is adjusted slightly to account for a special element called omega."
"0.7439140375204188","0ce9224b-634a-4fa1-8365-58686e4093fb","physlib","Lean Repo","CanonicalEnsemble.partitionFunction_congr","If two canonical ensembles are related by a measurable bijection between their state spaces, then their partition functions at any given temperature are equal. This means the partition function depends only on the physical content of the ensemble, not on how its states are labeled. The result holds for the dimensionless version of the partition function.","fb99f2a0-4858-49f3-9230-fec6c5108d86","1906.03191","arXiv","","","If two quantum systems at positive temperatures have the same density and satisfy a certain energy-entropy balance condition, then their temperatures and potentials must be equal, and their states are identical; in the canonical ensemble, the potentials differ at most by a constant related to the ratio of their partition functions."
"0.7436903862597682","e5f38f55-5335-4695-954f-7dcafa9cc294","PrimeNumberTheoremAnd","Lean Repo","CH2.Phi_circ.poles","The function Phi_circ has poles exactly at complex numbers of the form n - i*nu/(2*pi), where n is an integer, i is the imaginary unit, nu is a positive real number, and pi is the usual mathematical constant. These are the only points where the function behaves like 1/(z - z0)^k for some positive k. The order of the function at all other points is non-negative, meaning it is either analytic or has a removable singularity there.","34a107f2-50ba-47db-903d-21b73d4249c9","1008.3135","arXiv","3","","Let phi be a function with only simple poles on the interval a to b. Let n plus be the number of poles with positive residue and n minus the number with negative residue. The number of distinct zeros of phi on a to b is at least the absolute value of n plus minus n minus, minus one."
"0.7435251181769026","5e20bc3a-efda-4a6f-ab50-523ace1cc691","PrimeNumberTheoremAnd","Lean Repo","I6Bound","There exists a constant C and a lower bound Tlb greater than 3 such that for all sufficiently large X and small positive ε, and for T larger than Tlb, the norm of the complex-valued function I6, which depends on a smooth function SmoothingF supported between 1/2 and 2, is bounded by C times X raised to the power of 1 minus A over log T to the 9th, divided by ε, provided that σ₂ is between 0 and 1 and A is between 0 and 1/2.","c8055659-76b7-48da-b94d-d7e795613bba","0805.3378","arXiv","3.5","","For a smooth function u and a small time interval of length about 1, the absolute value of the integral of a certain sextilinear expression involving u is bounded by a constant times a negative power of N times the sixth power of the norm of the smoothed function Iu in a specific space, provided the regularity parameter s is greater than γ/2 minus 1."
"0.7435116870030116","ce77adc5-cf28-480e-8b68-eb7e28cfc8bd","ClassFieldTheory","Lean Repo","Representation.map₂_apply_support","The support of the function obtained by applying Representation.map₂ to a finitely supported function a is equal to the set of group elements where either a or its shifted version (reindexed by multiplying the input by the generator of the cyclic group) is nonzero, and then taking the difference of their values at those points. This resulting support is expressed as a finite set using the onFinset_support operation. The theorem describes how the nonzero part of the transformed function is determined by comparing the original function with its group-shifted counterpart.","ccc3b38e-c2b6-4f22-8b37-c3aed2a1702c","2502.07262","arXiv","15","","Given certain functions phi_g and phi_g0 with specific support properties in a representation space, their convolution product is a non-zero function whose support is determined by the action of group elements g and g0; specifically, the support of the resulting function is shifted by the inverse of g0."
"0.7427080784825852","72c43692-2d6b-4a8d-bfee-c5152ca496b6","sphere-packing-math-inc","Lean Repo","PeriodicSpherePacking.basis_R_span","The real vector space spanned by the image of an integer lattice basis of a periodic sphere packing is the entire space, meaning every point in the space can be written as a real linear combination of the basis vectors.","c9b3eb09-b242-44cc-80ea-43ae31db9f00","1612.06693","arXiv","","","A lattice in a real vector space is the collection of all points that can be reached by adding integer multiples of a fixed set of linearly independent vectors. These vectors form a basis for the lattice. If the basis vectors span the entire space, the lattice is called full-dimensional."
"0.7422074012951432","c352c44b-7847-4b5c-bc67-26fe30fe268e","ClassFieldTheory","Lean Repo","groupCohomology.TateCohomology.negOneIso.sc_X₃_isModule","For a finite group G acting on a module M over a commutative ring R, the third object in the short complex used to compute -1st Tate cohomology is exactly the same as the underlying module of M.","a209dcd2-afa9-4a72-9a75-da2b4afc1510","2406.08017","arXiv","3.1","","If a finite group acts on a torsion-free module, then the first Tate cohomology group at degree minus one is equal to the torsion subgroup of the coinvariants of the module."
"0.7419356123569038","d3fa5ad9-9826-4ecf-821a-363744b58ccc","physlib","Lean Repo","IndexNotation.OverColor.lift.braided","When lifting a braided structure from colored index notation to representations of a group, the transformation of the braiding map is compatible with the intertwining isomorphism defined by the tensor product decomposition; specifically, the lifted braiding equals the composition of the inverse isomorphism, the braiding in the representation category, and the forward isomorphism, ensuring coherence between the categorical and representation-level symmetries.","7c01c822-ffe8-4b85-a845-35c292e1cddf","1309.3796","arXiv","6.11","","The action of the braid group B_k lifts the braiding operation that swaps the k-th and (k+1)-th representations in a tensor product using a positive crossing, and this lift is realized in a categorical framework that categorifies quantum group representations. This categorical action matches the expected behavior of the R-matrix on weight vectors, confirming it as a categorified braiding. The result is part of a broader construction of knot homology theories that categorify quantum knot invariants. These homologies are built using 2-representations of 2-quantum groups and align with earlier i…"
"0.7417306543163412","0a0e9510-3233-4793-8d2c-703691609c66","physlib","Lean Repo","Time","Time is a type that represents moments or durations using any chosen units and starting point. It does not specify what the units are or where the origin is—those are left arbitrary. This allows time to be modeled flexibly for different contexts.","66b64add-d2db-4d45-9032-3de03d5149da","quant-ph/0010014","arXiv","","","Time is a type of information."
"0.7417139116554681","832ec128-f6c8-40de-95db-633bb0798ed7","apap","Lean Repo","BohrSet.add_subset_of_ewidth","If the sum of the widths of two Bohr sets is less than or equal to the width of a third, then the set of all sums of elements from the first two Bohr sets is contained within the third Bohr set.","1fcf4980-b7a6-4c38-803c-b70950c11b9b","2004.10038","arXiv","28","","The size of a Bohr set formed by combining several characters and a common radius is at least the product of the sizes of individual Bohr sets with halved radii, divided by the order of the group. This gives a lower bound on the combined Bohr set's size in terms of simpler Bohr sets. The radii are assumed to be non-decreasing. The result relates the structure of Bohr sets in additive combinatorics to the underlying group size."
"0.7406873424672777","dec4687b-823c-4385-9c7a-d46fa5415c51","FLT","Lean Repo","ContinuousMulEquiv.restrictedProductPi_apply","Applying the equivalence restrictedProductPi to an element x at index i and component j returns the value of x at i and j, meaning the transformation preserves the original component-wise structure of the restricted product.","90f929d2-4a5e-439b-88bb-5bcace3f7935","math/0612495","arXiv","2.14","","The function pi_J maps an element x to its value at the j-th index specified by the list J, meaning it picks out the component of x corresponding to the position given by J. This projection depends on how indices in J relate to the original indexing set. When J is a subset of the indices, pi_J acts as a restriction of x to those selected positions. Such projections are used to describe mappings between product spaces based on index transformations."
"0.7391568348223327","61b60c1f-854e-4863-ba99-e19ccebad8e5","ClassFieldTheory","Lean Repo","Subrepresentation.shortComplexOfLE","Given a representation of a group on a module and two nested subrepresentations w2 <= w1, there is a short complex formed by the inclusion of w2 into w1 followed by the quotient map from w1 to w1/w2, where the composition of these maps is zero.","84eeac87-18e4-43fc-a9af-208619b7aac5","1204.3482","arXiv","7.6","","For a module M over a certain category of subgroups, there is a short exact sequence relating induced modules from various families of subgroups, where the direct sum of certain induced modules maps into a larger direct sum combined with another induced module, and then maps surjectively onto M, with the kernel of the second map being the image of the first."
"0.7390250816734503","4ae52a94-cdb5-4ca6-ae0c-c3aaf9a918d8","physlib","Lean Repo","QuantumMechanics.angularMomentumSqr_comp_radiusRegPow_commute","The square of the angular momentum operator commutes with the regularized radius operator raised to any real power, meaning their order of application can be swapped without changing the result. This holds in d-dimensional space for any nonzero regularization parameter and any real exponent.","fad254d2-54a2-4581-8bad-2a0c931cec19","1610.03910","arXiv","4.5","","The operators Q and q squared times the wave operator for g commute, and similarly for the modified operators tilde Q and q squared times the wave operator for tilde g, meaning their order of application does not affect the result. This commutation holds because the non-angular parts of the operators do not depend on the angular variables or their derivatives, while the Q operators act only on angular components."
"0.738817175365513","6a0b6983-fcc3-45a1-a00f-ebdea7a94149","Sphere-Packing-Lean","Lean Repo","MagicFunction.Parametrisations.z₆'_eq_z₆_of_mem","If t is a real number greater than or equal to 1, then the value of the function z6' at t is equal to the value of the function z6 at t, where z6 is defined only for numbers in that range. The two functions produce the same complex number output for such inputs. This means z6' matches z6 on the domain [1, ∞).","2a143f69-ab1f-4b1d-8a64-1585d08bc77d","1308.0998","arXiv","6.7","","The function z_a(t) produces real numbers for all values of t."
"0.7388125541327929","c7555388-2d36-4e9e-be6a-2808834f04d5","sphere-packing-math-inc","Lean Repo","SpherePacking.Dim24.Uniqueness.BS81.CodingTheory.GolayUniquenessSteps.WittDesignUniqueTheory.BiplaneFromSharp.evenBasisWord_mem_evenWeightCode","If two distinct positions t0 and t1 are not in a subset S of coordinates from 0 to 23, then the binary word that has 1s exactly at t0 and t1 and 0s elsewhere has even total weight and is zero on all coordinates in S. This means that word belongs to the even weight code defined by S. The result follows because the word has exactly two 1s, and two is an even number.","c5af212a-50ec-4437-9f79-f4644e95ad96","1511.00803","arXiv","3.1","","If a code over a finite field with q elements (where q is not 2) has all codewords of even weight, and if there are several weight-2 codewords such that none is a scalar multiple of another, then the positions where these codewords have non-zero entries are completely disjoint."
"0.7386070948672837","b4156edb-154b-4085-95f7-d347cad2dff9","PrimeNumberTheoremAnd","Lean Repo","LeanCert.Meta.exprSupportedCore_continuousOn","The function expression used in the certification process supports the property that a function is continuous on a given set, meaning small changes in input lead to small changes in output without sudden jumps. This applies to real-valued functions and is used to verify continuity for operations like logarithms, trigonometric, and hyperbolic functions. It relies on foundational continuity results and algebraic operations preserving continuity.","c2960589-127d-4e75-bbd4-283b21717288","1905.07734","arXiv","2.6","","The function f is continuous, meaning small changes in the input result in small changes in the output, and this property holds across its entire domain."
"0.7377902858786541","84bf0a51-b6bb-4045-8d35-40db35217c2f","sphere-packing-math-inc","Lean Repo","SpherePacking.Dim24.BFourier.PermJ5.continuousOn_J₅_g","The function that maps a point x in 24-dimensional real space and a real number s greater than or equal to 1 to the complex value J5Change.g(||x||^2, s) is continuous on this domain. This means small changes in x or s lead to small changes in the output of the function. The domain includes all of R^24 for x and the interval [1, infinity) for s.","a4e18ceb-4dff-416d-a370-484d98b2ff1e","2007.05253","arXiv","3.3","","The function that maps a real number s and a point v in the space tilde Sigma to the point h sub s of v is continuous. This means small changes in s or v result in small changes in the output. The flow described by h sub s on tilde Sigma behaves smoothly over time and space."
"0.7373812954271602","e0bbf280-4a4d-4a72-a728-3326f31acf4e","physlib","Lean Repo","CondensedMatter.TightBindingChain.localizedState","The localizedState is an orthonormal basis for the Hilbert space of a tight binding chain, where each basis vector corresponds to a quantum state in which a particle is located exactly at one site n in the chain, with all other sites having zero amplitude. The basis is indexed by the finite type Fin N, representing the N sites of the chain, and each state is a vector in a complex Hilbert space of dimension N. This construction ensures that the states are mutually orthogonal and normalized to one.","917dc278-d471-43a9-929d-2b2e1677b8a4","quant-ph/0608206","arXiv","","","Each internal state q_i corresponds to a basis vector with a 1 in the i-th position and 0 elsewhere, and these basis vectors together form a complete set that spans the Hilbert space H."
"0.7369967702398406","52943d7b-0920-4cd3-8444-a7258a21a37d","sphere-eversion","Lean Repo","Orientation.inner_crossProduct_apply_self","In a 3-dimensional real inner product space with a chosen orientation, the cross product of a vector u with any vector orthogonal to u is itself orthogonal to u, meaning their inner product is zero.","821d535e-a89c-42b1-8b64-c7d25f21fc10","1405.4296","arXiv","","","When two vectors u and v are orthogonal, meaning their inner product is zero, the operation X(v, u, 0) is defined as the product of three specific X operations: X(v, 0, -1), X(u, 0, -1), and X(u+v, 0, 1)."
"0.7368991200658057","063edd68-12ab-406b-bf8d-0cd6c127fde5","sphere-packing-math-inc","Lean Repo","SpherePacking.CohnElkies.calc_steps_swap_sums","When the Fourier transform of a Schwartz function is real-valued, the order of summation can be swapped between pairs of sphere packing centers and dual lattice points, and the result remains equal when expressed in terms of real parts. This allows the Poisson summation formula to be rearranged for easier analysis in sphere packing bounds. The sums involve exponential terms based on inner products and are scaled by the covolume of the lattice.","74c32377-fd47-45eb-8e12-662c1ca9b351","1111.2392","arXiv","2.1","","For any lattice in n-dimensional real space, the sum of a Schwartz function over the lattice points equals the sum of its Fourier transform over the dual lattice, scaled by the volume of the fundamental domain. This relates discrete sums of a function and its Fourier transform through the geometry of lattices."
"0.7361055047255073","198f5177-8553-4f63-aa5b-de3c58c445dc","PrimeNumberTheoremAnd","Lean Repo","CH2.Phi_star.analyticAt_of_im_ne_pole","If the imaginary part of a complex number z is not equal to -ν divided by (2 times pi), then the function CH2.Phi_star with parameters nu and epsilon is analytic at z.","9f5e53c2-b4c4-486e-83f7-d8c8c28ee93d","2002.09767","arXiv","9.1","","There is some positive number epsilon such that the function nu is analytic for real parts of s greater than h minus epsilon, except for a simple pole at s equals h with residue equal to minus the derivative of sigma at zero. Also, there are constants xi between zero and one and M greater than zero such that the absolute value of nu s is bounded by M times the absolute value of the imaginary part of s raised to the power xi, whenever the imaginary part of s has absolute value at least one."
"0.7360272560098451","8af6689c-389f-44ea-8233-24b0ef8d7b26","carleson","Lean Repo","TileStructure.Forest.enorm_adjointCarleson_le","The norm of the adjoint Carleson operator applied to a function f at a point x is bounded above by a constant multiple of the average of the norm of f over a specific region E_p, where the constant depends on parameters like a, the metric ball size, and structural constants of the space. This bound involves the inverse of the volume of a ball centered at the tile's center with radius proportional to the tile's scale. The inequality reflects a localized averaging estimate used in harmonic analysis to control operator behavior.","757161c4-8485-432d-89e2-ec658e2ba19c","1105.4504","arXiv","30","","A certain norm involving sums of characteristic functions over tiles is bounded by a constant multiple of a power of the interval length, with the constant depending on r and decaying exponentially in n and parameters related to mass and dimension. This estimate supports the analysis of the Polynomial Carleson operator in one dimension. The bound is part of a framework used to prove L^p boundedness without relying on interpolation. It applies specifically within a structured collection of tiles in time-frequency space."
"0.7351152279290951","e7c026a7-a7d5-4a04-a98a-4b2cdf5b7cbb","carleson","Lean Repo","lt_quotient_rearrange","If 2 raised to the power of (4 times a minus n) is less than l to the power of minus a, times the ratio of the volume of E₂(l, p') to the volume of 𝓘(p'), then multiplying 2 raised to (4a) by l to the power of a and then by 2 to the power of minus n gives a result still less than that same volume ratio. The inequality rearranges and scales the original bound while preserving the relationship between the geometric and arithmetic quantities involved. All values are non-negative reals or natural numbers in a structured metric space with additional proof assumptions.","66566d89-a08b-478e-95dc-4e949842325b","1207.4748","arXiv","1","","For n at least 4 and q between 0 and 1, the expression 2 times q to the power n/2 times (1 plus q to the power (n-2)/2) raised to the (n-1) is less than or equal to 20 times q to the power n/2 times (1 plus q to the power n/2) raised to the (n-1)."
"0.734710771398526","5801d1d0-c41b-4ac6-a433-d003bc6574a3","cslib","Lean Repo","Cslib.CLL.PhaseSpace.Fact.top_par","The par operation between the top element and any fact G results in the top element. This means combining the universally true fact with any other fact using multiplicative disjunction yields the universally true fact. The result follows from the definition of par and the fact that the top element corresponds to the set of all elements in the phase space.","8103b395-a3a4-43e4-8010-1f4d88d7c8df","2201.02043","arXiv","12","","The operation ""par"" distributes over the operation ""with"", meaning that combining a fact with the ""with"" of two other facts using ""par"" is the same as taking the ""with"" of the individual ""par"" combinations. This holds whether the fact is on the left or the right side of the ""par"" operation."
"0.7345989672320651","6ad5c528-6b96-4065-9010-af05a5a53c49","sphere-packing-math-inc","Lean Repo","SpherePacking.Dim24.AppendixA.BleadingCoeffs.shift1Z","Takes a list of integers representing coefficients in a truncated series and shifts them by one position, effectively multiplying the series by the variable r; the new first coefficient is zero, and each original coefficient moves to the next higher position.","1578fb93-3a6a-4e02-b499-c543d86f1539","2202.04107","arXiv","7.8","","The shift of a power series is a new power series formed by removing the constant term and moving each coefficient one position earlier, so the coefficient of X^k becomes the original coefficient of X^(k+1)."
"0.7345609756975142","5328df34-9509-4d00-9fc0-fa1f60cc5432","carleson","Lean Repo","Set.Annulus.cc_eq_empty","If the outer radius R is less than the inner radius r, then the annulus centered at a point x with those radii contains no points, meaning the set is empty.","2db36082-2676-4622-b919-3c061d7ae9cb","1801.01014","arXiv","3.3","","The diameter of an empty annulus A(p, r, k) is defined to be zero. This convention applies when the annulus contains no points. The value 0 is used to handle such cases in calculations."
"0.7336884965084667","6df6f9e7-610e-4865-a4ca-8b7406bbda4b","cslib","Lean Repo","Cslib.LambdaCalculus.LocallyNameless.Fsub.Term.«term_⭢βᵛ_»","This declaration defines a parser for a beta-reduction operation in a locally nameless representation of the Fsub lambda calculus, specifically adding it to the trailing parser table in Lean so it can be used to parse syntax that follows expressions. The parser is associated with the term reduction relation labeled ""term_⭢βᵛ_"". It enables writing reduction steps in a more natural, infix notation within the formal system.","dfc90164-f700-4e48-90b7-1e5dc4984ec3","2401.02745","arXiv","11","","A relation called beta-bar reduction is defined such that applying a lambda function to an argument reduces by substituting the argument into the function body. This reduction is extended to include all sequences of such steps, including zero or more applications. The relation is compatible and reflexive transitive, meaning it can be applied in any context and over multiple steps. Substitution is denoted by angle brackets with a colon-equals sign."
"0.7325533766232699","ca1968fc-a54a-4fda-96d7-0dc562f850d6","ClassFieldTheory","Lean Repo","groupCohomology.TateCohomology.zeroIso.sc_X₃_isAddCommGroup","For a finite group G acting on a module M over a commutative ring R, the third component of the short complex used to compute 0-th Tate cohomology naturally carries the structure of an abelian group under addition, and this structure is exactly the standard one coming from pointwise addition in the underlying module.","d4b23d71-8ac4-4e09-98dc-40e0492d6e24","2405.15748","arXiv","3.1","","If a finite group G acts on a module M such that the first and second cohomology groups of every subgroup of G with coefficients in M are trivial, then all Tate cohomology groups of G with coefficients in M are zero."
"0.732002877305582","8b336468-dc4e-4572-8b02-8c4b594ba0e0","physlib","Lean Repo","Lorentz.Vector.coord_differentiableAt","Each coordinate of a Lorentz vector is a differentiable function of the vector itself, meaning small changes in the vector lead to smoothly varying changes in its components. The function that picks out any single coordinate is differentiable at every point in the space. This follows from the fact that coordinate projection is a continuous linear operation on a real vector space.","0f231e62-2354-444c-8b48-bf1610c1683d","2112.07460","arXiv","2.1","","If a function G is differentiable on a space E and its values are expressed in terms of a basis, then each coordinate function of G with respect to that basis is also differentiable, and the derivative of each coordinate function is the corresponding coordinate of the derivative of G."
"0.7314400939342741","e14e29ad-80b4-4f3d-a80b-b24a3ac90317","sphere-packing-math-inc","Lean Repo","MagicFunction.b.Fourier.J₆'_eq","The expression J₆' r equals -2 times the integral from 1 to infinity of the function that multiplies the imaginary unit i by ψS' applied to i times s, and then by the exponential of -π times r times s, with all values treated as complex numbers. This reformulates J₆' using an integral over real numbers starting at 1, involving complex arithmetic and the exponential function. The integral uses standard integration for real-valued functions extended to the complex plane.","1bc46c6a-14b5-4d80-bf77-c54cb9affcce","2407.02016","arXiv","3","","For values of s with negative real part, the function R(s) is expressed as a complex integral involving an exponential and a geometric-like denominator, integrated from zero to infinity, with specific phase and scaling factors."
"0.7312917392516359","bc84de55-5dd9-46c7-bf35-dcb813c97992","physlib","Lean Repo","Temperature.beta_fun_T_eq_on_Ioi","For all positive temperatures t, the function betaFromReal t equals 1 divided by the product of the Boltzmann constant kB and t. This means that inverse temperature is calculated as 1 / (kB * t) when t is greater than zero.","eba8f1b8-ee94-4e67-8ecb-46f71d89ce2e","quant-ph/0002048","arXiv","6","","For a given inverse temperature beta, the complementary inverse temperature to beta1 is calculated as 2 times beta minus beta1. This defines a pairing between inverse temperatures relative to a reference value. The relationship is symmetric around the reference inverse temperature beta."
"0.7309703393591704","d602127e-0923-46b2-b548-b75678536a9f","FLT","Lean Repo","AbsoluteValue.mul_one_div_pow_lt_iff","For a field F and an ordered field S with an absolute value function v, the absolute value of x divided by y to the power n is less than 1 if and only if the absolute value of x is less than the absolute value of y raised to the power n, given that the absolute value of y is positive.","6bfafbe8-910f-4a1f-bdb0-2ba51c201e1a","1611.09840","arXiv","5.1","","The absolute value of nu sub n of x comma y is less than the absolute value of mu raised to the power n over 2 multiplied by the absolute value of y for all n greater than or equal to zero and for all pairs x comma y in V."
"0.7301429501960437","54722e20-d517-46fc-bc81-19e2ff5bde1f","sphere-packing-math-inc","Lean Repo","SpherePacking.Dim24.AppendixA.BleadingCoeffs.piUpper10Q","A rational number that is an upper bound for pi, accurate to 10 decimal places. It is represented as a fraction of two integers in lowest terms with a positive denominator. This value is used in proofs requiring a precise over-approximation of pi.","da34e98a-59aa-4281-a322-e401d13bc1f6","2009.07046","arXiv","7.10","","The upper bound of pi mentioned in the proposition is not the tightest possible value."
"0.7298861371416525","39491632-88a6-4bdb-939a-ae6fa4d6d70a","PrimeNumberTheoremAnd","Lean Repo","LeanCert.Engine.TaylorModel.logTaylorPolyAtCenter","The function computes the Taylor polynomial approximation of the natural logarithm at a given center point using rational coefficients, representing the polynomial in terms of powers of (x - center). It constructs the polynomial by summing terms involving precomputed logarithm Taylor coefficients scaled by appropriate powers of (x - center). The result is expressed as a polynomial with rational number coefficients using standard arithmetic operations on polynomials.","faad7b2b-1156-4ba8-9f93-b6352e5fd80a","2205.09804","arXiv","2.2","","For any natural number r, the expected value of the degree-r Taylor polynomial of the logarithm function, evaluated at a scaled negative binomial random variable, is a polynomial in the parameter of degree at most r."
"0.7298713318349567","9c8eba38-3dde-487a-8e40-fcd88164735a","sphere-packing-math-inc","Lean Repo","SpherePacking.Dim24.AppendixA.qtail_phi1_le_Cvarphi_rpow100","For real numbers t at least 1, the sum of the tail of a certain q-series (starting from the 50th term) is bounded above by a constant Cvarphi times a fixed expression involving powers of 51 and the value of r(t) raised to the 100th power, where r(t) is e^(-pi*t).","0625a50c-ee18-4aa2-ae82-6def6275e519","0810.3098","arXiv","3.1","","For positive numbers x_m and constants r greater than 0 and t greater than 1, the sum of t raised to the power m times the r-th power of the tail sum of x_m from m onward is bounded by a constant multiple of the sum of t raised to the power m times x_m raised to the power r, where the constant depends only on r and t."
"0.7297242510021285","3c00591d-7ec3-4519-9678-e1d664519976","FLT","Lean Repo","NumberField.AdeleRing.DivisionAlgebra.Aux.M_compact","For a number field K and a finite-dimensional division algebra D over K, the set M consisting of certain elements related to the adele ring of K and the tensor product of D with this adele ring has the property that its image under a specific inclusion is compact in the product topology. This compactness holds due to the local compactness and topological structure induced by the adele ring and the finite-dimensionality of D over K. The result is used in proving finiteness properties in the context of the Fermat Last Theorem development.","6c462be5-4336-4c56-bc80-b02c0b7a4fc1","2405.19270","arXiv","","","The finite adele ring of a number field is a topological ring that is locally compact, meaning every point has a compact neighborhood. This property is important for harmonic analysis and number theory. The topology arises from the restricted product of completions of the number field at its non-archimedean places. Local compactness follows from the compactness of certain subrings and the structure of restricted products."
"0.7289222426326813","861ed6cc-817e-4872-9744-dbaf5f74f849","sphere-packing-math-inc","Lean Repo","SpherePacking.Dim24.SpecialValuesAux.Deriv.qQuarter_pow_four","For any complex number z in the upper half-plane, raising the exponential of (pi times i times z divided by 4) to the fourth power gives the exponential of (pi times i times z). This means (qQuarter z)^4 equals qHalf z. Both qQuarter and qHalf are complex-valued functions defined using exponentials of scaled multiples of pi, i, and z.","6046ba49-b96c-4c3a-a4f2-483b466ec33c","1710.01388","arXiv","2.2","","A function transformation involving f and a matrix J, scaled by a complex exponential factor, equals twice the square root of two times another function g evaluated at a quarter of the input, where g is derived from f through a specific operator. This identity holds for points in the upper half-plane. The transformation properties of f and g are tied to modular forms of weight 1/2 and level 4. The relation is verified using prior transformation laws and operator identities."
"0.7278229610134136","371b110a-5ed0-4a8e-9377-4c34a08cc90d","carleson","Lean Repo","Measurable.modulationOperator","If g is a measurable complex-valued function on the real numbers, then multiplying g(x) by the complex exponential of 2 * pi * i * n * x results in another measurable function for any integer n. This means modulating a measurable function by a frequency shift preserves measurability.","10d4fcf7-83bd-4000-bab6-89580887854b","1911.03113","arXiv","2.1","","If a function alpha is in a certain class of functions on the natural numbers, then multiplying it by a complex exponential factor or by the Fourier coefficients of a positive measure results in another function that stays in the same class. This class is invariant under such modulations. The property holds for any real number and any positive measure on the unit circle."
"0.7269370763609134","93c3e9e1-1b91-4046-81e7-06b3b4c9f21c","cslib","Lean Repo","Cslib.Logic.HML.Proposition.Context.andR","The andR function takes a proposition φ and a propositional context c, both based on a type of labels, and returns a new context that includes φ as an additional assumption. It is used to extend a context with a new logical statement. This operation is part of a system for building and manipulating logical formulas in a modal logic setting.","42cfca0d-f9c8-4008-a5bc-0b45430c3e7f","1905.02718","arXiv","1","","A logical context starts empty and can be built up by adding variable declarations or assumptions. Each time a variable x of type A is added, the declaration list gains x and the hypothesis list gains x is in A. When a formula phi is added as an assumption, the declaration list stays the same but the hypothesis list gains phi. The rules define how these contexts are constructed step by step."
"0.726366188559167","3624f067-e56a-4cdf-9f7c-e0ee8e6689e6","combinatorial-games","Lean Repo","LGame.MulTy.swap","Swaps the two types in a pair within a multiset of player-signed game components, effectively reversing the order of the game types in each term. For any element in a structure representing signed combinations of games over types α and β, this operation produces a corresponding element with types β and α swapped. It generalizes the swapping of two elements in a pair to a collection of such pairs.","290504be-e451-48cb-805f-bb21961e98ca","cs/0601112","arXiv","1","","In a structure, if two distinct elements a and b have a type tau as a pair, then swapping their order gives the inverse type, and the individual types of a and b are the first and second components of tau, respectively."
"0.7259693984510802","b90ce30d-3e8f-4657-8012-abd0d32bdd29","FLT","Lean Repo","instTopologicalSpaceFinValFstPSigmaAddCommGroupT2SpaceModuleContinuousSMul_fLT","For a commutative topological ring R and a topological module α over R with finitely many elements (fewer than N), the set of natural numbers less than the size of α's underlying set has a topological space structure. This instance ensures that finite sets derived from small topological modules carry a natural topology. The construction supports continuity of algebraic operations in this finite setting.","36f2701b-2d39-4763-9bed-c0f46728a583","2210.05838","arXiv","2.4","","Every finitely generated module over a ring R has a unique topology that makes it a topological module. When the module is isomorphic to R, the topology comes from the metric on R. When it is isomorphic to R modulo a power of the maximal ideal, the topology is discrete. For a product of non-trivial modules, the topology is the product topology."
"0.725920835392014","500d874b-35a2-47b6-96e7-28da26ba15f5","carleson","Lean Repo","czApproximation_def_of_notMem","If the point x is not in the set where the global maximal function of f exceeds alpha, then the approximation czApproximation of f at x equals the original function value f(x). This means the approximation is exact where the function's maximal averages stay below or equal to alpha.","3b88d425-5e3e-45af-8b96-1011cb16b7b7","2510.01936","arXiv","4.12","","For points outside a special set U, if the maximal function of f at a point is greater than the approximate limit of f, then in a small ball around that point, the maximal function equals the restricted maximal function using only small radii. This result helps show regularity properties of the maximal function in relation to the original function's behavior. The proof uses semicontinuity and measure estimates to establish this local equality."
"0.7249393634029969","ee724863-ddb9-4e53-997b-9f2b86e3635a","FLT","Lean Repo","InverseLimit.vadd_def","When adding an element r of type R to a sequence x in the inverse limit, the result is the same as adding r to each component of x individually, provided the transition maps respect the addition structure. This means the vector addition on the inverse limit is defined componentwise. The theorem ensures this definition is consistent with the structure of the inverse limit.","f34c1945-6835-4719-94b5-abe99f43b836","1504.01121","arXiv","3.2.2","","If each category in a sequence is additive and the connecting functors are additive, then the inverse limit category is also additive, with componentwise direct sums and zero objects. The projection functors from the limit category to each original category preserve addition of morphisms."
"0.724574252564309","6d1e02d3-ded5-4a0a-9b9b-efe41af53e06","sphere-packing-math-inc","Lean Repo","MagicFunction.g.CohnElkies.IntegralReps.integrableOn_Φ₅'_imag_axis","For any real number u greater than 2, the function Φ₅' evaluated along the imaginary axis (at points t*i where t > 1) is integrable, meaning its integral over the interval (1, ∞) is finite. This follows from the fact that Φ₅' on the imaginary axis equals the negative of the aLaplaceIntegrand function, which is already known to be integrable over (0, ∞) for u > 2. The result ensures the tail of Φ₅' along the imaginary axis behaves well enough for integration.","d29bad05-35bf-4304-99f2-375ac3cbfb8d","1508.06199","arXiv","3.3","","If the imaginary part of lambda is greater than rho, then the integral from 0 to infinity of the function Phi_lambda of a_t times Delta(t) dt equals 2i times lambda times c of negative lambda, divided by rho squared plus lambda squared."
"0.7245379515641077","0b864748-052b-4630-8cd6-e93fa2e20f7a","carleson","Lean Repo","forget_map_inj","The function forget_map X is injective, meaning that if two inputs produce the same output under this function, then the inputs must be the same. This holds for types X equipped with a pseudometric space structure and additional data specified by ProofData.","ce855dbe-56f3-4a49-90a6-6ff4c6738761","2403.04560","arXiv","5.7","","The forgetful map called Xi tilde is one-to-one, meaning different inputs always produce different outputs."
"0.7239195486034353","16ccddf5-ae55-4888-b234-927847cf2f6b","combinatorial-games","Lean Repo","Nimber.Lex.exists_lt_quadratic","There exists a polynomial p with nimber coefficients less than a given quadratic polynomial C*x^2 + C*y*x + C*z such that a property P holds for p, if and only if P holds for some polynomial of the same form where either the constant term is less than z, or the linear coefficient is less than y (with any constant term), or the quadratic coefficient is less than x (with any linear and constant terms).","4ac5757e-b234-4d9f-a284-a7008ed31c15","2505.14110","arXiv","3","","The coefficient c of the polynomial P, corresponding to the term with variable z, is less than zero."
"0.7231115858686623","b2d40113-ec0e-41ec-a7ca-2e514535e97f","PrimeNumberTheoremAnd","Lean Repo","a2_35_mem_Icc","The value obtained by multiplying (1 + 193571378 / 10^16) with the larger of two quantities — the function f applied to e^35 and the function f applied to 2 raised to the floor of 35 divided by log(2) plus one — lies between 1.07086 and 1.07086 + 0.00001. The function f sums (log k)/k for integers k from 2 up to the floor of the input. This result confirms the computed value is tightly bounded within a small interval around 1.07086.","0fa81349-37a0-4723-884e-66e9395f6777","2210.07614","arXiv","1","","The function F(x) grows like e times the logarithm of x for large x, with explicit upper and lower bounds involving constants close to 1.58 and 1.78, and a specific root near 1.77. These bounds include correction terms that decrease as x increases. The result describes how closely F(x) is approximated by e log(x+1) as x becomes large."
"0.7221197147629043","008bb58c-303b-4477-b240-6a19193c2d42","PrimeNumberTheoremAnd","Lean Repo","LeanCert.Core.IntervalRat.width","The width of an interval of rational numbers is defined as the difference between its upper and lower bounds, computed using subtraction for rational numbers.","57506a7f-cf7c-4050-abb4-355103bf817c","2002.12447","arXiv","","","The width of a variable's domain in a constraint satisfaction problem is the difference between its upper and lower bounds. For a variable x with domain defined as an interval, the width equals the maximum value minus the minimum value of that interval."
"0.7218432433149429","eff68d64-5df7-40af-9dfd-e381f6cc3df6","sphere-packing-math-inc","Lean Repo","MagicFunction.a.RealIntegrands.Φ₃","The function Φ₃ takes a real number r and returns a function from real numbers to complex numbers, where the output involves complex exponentiation using the imaginary unit i, real pi, and a parametrized complex function z3_prime that is zero outside the interval [0, 1]. It is constructed using standard complex arithmetic operations, including multiplication and addition, based on the definition of an auxiliary complex-valued function Φ₃'.","daafded6-3e19-4192-9c65-31b291f0752c","2209.07751","arXiv","2.3","","For complex numbers z with real part between 0 and 1, three functions are defined using exponential and logarithmic forms involving 2 times pi times the imaginary unit: the first is a ratio involving an exponential, the second is the natural logarithm of one minus a complex exponential, and the third is the dilogarithm of that same exponential, with specific choices for their branches."
"0.7215426742583713","cc12fb9b-79d3-47eb-922a-972c21426b82","combinatorial-games","Lean Repo","IGame.Numeric.subtype","If a game is part of the subtype of numeric games, then its underlying game is also numeric. This means that any game selected with a proof that it is numeric will itself satisfy the numeric condition. The declaration ensures that the property of being numeric is preserved when working with elements of the Subtype IGame.Numeric.","48ebf3ed-ac28-42ef-940f-8ddef109012a","2501.07239","arXiv","","","In a Homber game, if a sub-position is a Number, then every sub-position within it is also a Number."
"0.7206311473300826","78cb36bf-d4a8-4b40-b27c-94cd58ed9aca","combinatorial-games","Lean Repo","Dyadic.one_lt_den_iff_ne_one","The denominator of a dyadic number is greater than 1 if and only if it is not equal to 1.","477a09c7-803a-4643-8b2e-28a1d623658e","1310.8398","arXiv","4.2","","A dyadic number is a fraction that can be written as an integer divided by a power of two, such as 0, 1/2, 3/4, or 5. The set of all such numbers is called the dyadic numbers, and those that are zero or positive form the subset of nonnegative dyadic numbers."
"0.7202909890421516","f93136d9-e96b-4994-8ef9-d89e43e557f5","physlib","Lean Repo","SuperSymmetry.SU5.ChargeSpectrum.MinimallyAllowsTerm","A collection of particle charges minimally allows a potential term if the charges make the term's total charge zero and no smaller subset of those charges does the same. This means the set is the smallest possible one that still permits the term to exist in the theory. The check depends on the group structure of the charges and uses decidable equality to handle subsets properly.","458e5bce-0cea-45fb-8f1e-75c45f387f10","1910.12026","arXiv","","","A set of k-or-more charges is minimal if no smaller subset of it has a total positive weight at least k and the same total weight in absolute value for both positive and negative parts."
"0.7196628903874405","e392107d-33cd-4fdf-940e-c5252e953802","physlib","Lean Repo","FieldStatistic.bosonic_mul_fermionic","Multiplying a bosonic field statistic with a fermionic field statistic results in the fermionic statistic. The bosonic statistic acts as the identity element in this multiplication, so combining it with fermionic yields fermionic. This behavior follows the rules of a Z2 commutative group structure.","a650524a-576d-4598-9d27-0d083b1bc529","2110.07408","arXiv","6","","The tensor product of two fermionic groups G and H results in another fermionic group. This new group preserves the fermionic properties under the tensor product operation."
"0.7191575491832342","51ceb412-fafc-4d89-be81-3a173fd2b531","physlib","Lean Repo","TwoHiggsDoublet.PotentialParameters.η_symm","The declaration states that for any set of Two Higgs Doublet model potential parameters P, the function η defined on pairs of indices (each being either from Fin 1 or Fin 3) is symmetric, meaning η(P, μ, ν) always equals η(P, ν, μ) regardless of the choice of μ and ν.","185cc060-eced-43d1-99f5-b6cb77b5f740","1611.02463","arXiv","2","","The function eta with plus or minus signs is symmetric when swapping the first pair of arguments with the second pair, and also when swapping within each pair, and this symmetry holds for both sign versions."
"0.7185529854340491","a5d7044c-9f73-43cb-8261-41551ace60c9","sphere-packing-math-inc","Lean Repo","SpherePacking.Dim24.Uniqueness.BS81.ncard_twoCodeVectors_eq","Scaling a set of vectors in 24-dimensional real space by 2 results in a new set that has the same number of elements as the original set. This is because multiplying each vector by 2 is an injective operation, so no two distinct vectors become the same. Therefore, the cardinality of the scaled set equals the cardinality of the original set.","6dda6123-b952-4d04-9317-20340093d434","2506.19723","arXiv","2.2","","The span of a set of vectors in real n-dimensional space is the same as the span of the same vectors scaled by positive constants. Scaling each vector by a positive number does not change the set of all linear combinations. Therefore, the resulting spans are identical."
"0.7178751378145375","67508fd8-cd6e-40a2-8f82-92b561832b3a","physlib","Lean Repo","SuperSymmetry.SU5.ChargeSpectrum.allowsTermForm_map","If f is a group homomorphism between two abelian groups, then applying f to the charges allowed by a potential term T in the form of three integers a, b, c is the same as first applying f to a, b, and c individually and then checking which charges are allowed for T using those mapped values. This means the structure of allowed charge combinations is preserved under group homomorphisms.","9f04f1f0-6be6-4d78-87aa-9782b10353b9","1907.03742","arXiv","1","","A group homomorphism is a function between two groups that preserves the group operation, meaning the image of the sum of two elements equals the sum of their images."
"0.715829087528475","2bb62ce1-dfa9-4ac3-bffb-96ec636059fe","cslib","Lean Repo","Cslib.CLL.Proposition.top_eq_zero_dual","In classical linear logic, the proposition that is always true (top) is equivalent to the dual of the proposition that is always false (zero). The dual of a proposition negates its meaning, so this states that the negation of false is true. This equivalence holds for any type of atomic propositions.","e91ffc52-8004-4195-a961-82ca46b82406","2501.10135","arXiv","2","","In classical logic, for any proposition A, either A is true or its negation is true, and this holds universally across all structures."
"0.7148465929018346","253bead0-8a1b-45d4-91d6-770791fc7c3b","physlib","Lean Repo","Space.IsDistBounded.inv","If a function that maps a nonzero point x in Euclidean space to the inverse of its norm (1 divided by the length of x) is considered, then this function satisfies the boundedness condition required for forming a distribution in the context of mathematical physics. This result holds in any finite-dimensional Euclidean space. The theorem follows from more general results about powers of norms being distribution-bounded under certain conditions.","93512da2-853f-48b5-87c8-6c1d86398612","2303.04606","arXiv","2.5","","For functions in a certain smoothness class on a ball of fixed radius, if the function is bounded away from zero, then the inverse of the function also belongs to the same class, and its norm is controlled by a constant multiple of the original function's norm. The constant depends only on the smoothness parameter, the lower bound away from zero, and the radius of the ball. This result ensures stability of the inverse in this function space."
"0.7138021453068776","07184c60-59e6-4643-9c87-c155acbbe531","physlib","Lean Repo","Space.basis_self_eq_slice","For any dimension d and index i in the range 0 to d, the i-th standard basis vector in (d+1)-dimensional space is equal to the result of applying the inverse of the slice map at i to the pair (1, 0), where 1 is a real number and 0 is the zero vector in d-dimensional space. This means the basis vector that has 1 in position i and 0 elsewhere can be built by reversing the operation that splits a vector in (d+1)-dimensional space into its i-th coordinate and the remaining d coordinates.","5362c1cb-c995-479d-90f5-04fe89747393","2501.03954","arXiv","3","","The standard basis vector in n-dimensional real space has a 1 in the i-th position and 0 in all other positions, and is written as e_i."
"0.713758425729816","d3f277c2-4a3f-4aab-a051-ef983971b8d4","sphere-packing-math-inc","Lean Repo","SpherePacking.Dim24.Schwartz.I6Smooth.s","The set s is the open interval from -1 to infinity, meaning it includes all real numbers greater than -1. This set defines the domain where a certain tail integral is smoothly differentiable with respect to x.","f17a3413-7420-4430-91c7-d7c3a2413e32","2401.04562","arXiv","3.1","","The set S is an interval that extends from negative infinity up to a real number or positive infinity, and it may or may not include that endpoint."
"0.713328716841392","74c83bfe-dcb8-4ba0-bd39-35fc8d6db8e9","cslib","Lean Repo","Cslib.Automata.NA.hist_run_proj","Any infinite run of an automaton with added history information can be projected by taking only the original states, and the result is a valid infinite run of the original automaton without history.","efe01244-614c-4f87-b056-97597012108a","2305.15489","arXiv","2.2","","Every history deterministic automaton can be reduced to an equivalent state deterministic automaton where all states remain history deterministic."
"0.7128788760903334","6c211745-9d1f-43d9-bfd8-6945500905bb","cam-combi","Lean Repo","not_isMulStableWith","A subset A of a group G does not satisfy the multiplicative stability condition with a natural number n if and only if it satisfies a corresponding multiplicative ordering condition with n. This equivalence links the failure of stability under n-fold products to a specific order-related property in the group. The result is adapted from a more general theorem about relations and stability.","33f69fa6-7429-46cc-9924-5bc45dc158b8","1701.05115","arXiv","4.12","","Two conditions are equivalent for an ordered group: one set of elements entails another under a certain relation, or there exists a positive integer n such that some combination of n copies of elements from the first set is less than or equal to a combination of n copies from the second set under the group's order."
"0.712052162501305","8d5c1e21-dc78-421d-beb6-eeb6353bd28c","HarderNarasimhan","Lean Repo","HarderNarasimhan.impl.lem2d4₂I","If μ is convex on an interval I and x, w are elements in I that are not comparable (neither x ≤ w nor w ≤ x), then the maximum value of μ over the pair (x ⊓ w, x) is less than or equal to the maximum value of μ over the pair (w, t), provided that x ⊔ w ≤ t. This compares μmax values on two specific subintervals defined by the elements x, w, and t. The result holds in a lattice with a complete lattice structure on the codomain of μ.","87231b87-84d3-4b22-9dd8-348032dd53ff","2509.19632","arXiv","3.6","","For elements x and y in a set scrL where x is less than y, mu_max(x,y) is the supremum of mu(x,w) for w between x and y, and mu_min(x,y) is the infimum of mu(w,y) for w between x and y; mu_A(x,y) and mu_B(x,y) are defined using infimum and supremum of these values over certain intervals, and mu_A* and mu_B* are the special cases when x is the bottom element and y is the top element of scrL."
"0.7099655858445746","408c8755-b358-4828-a89c-c28e700d8e6b","cslib","Lean Repo","Cslib.LTS.toFLTS_mtr_setImageMultistep","The multistep transitions in the FLTS derived from an LTS are exactly the set of states reachable by following sequences of transitions in the original LTS, where each sequence corresponds to a list of labels. This means that moving through multiple steps in the transformed system matches reaching states via corresponding paths in the original system. The result holds for any set of starting states and any sequence of transition labels.","23a97c62-8a17-4f25-8228-ea6efb59c1d8","2301.03313","arXiv","6","","The transitive closure of a labeled transition system is a new system with the same states, where a transition labeled by a sequence of actions exists if there is a path of individual transitions matching that sequence in the original system."
"0.7089072446274727","ac79fc01-5d6f-4095-8684-5adc6226d28f","combinatorial-games","Lean Repo","SurrealHahnSeries.typein_support","The theorem states that for a surreal Hahn series, the order type of the set of exponents less than a given exponent i, under reverse ordering, corresponds exactly to the lifted ordinal of the position of i in the support. This means the structure of the exponents, when ordered backwards, matches the ordinal ranking of their appearance. It connects the combinatorial order of exponents to ordinal arithmetic in a precise way.","30f824ce-cb62-4fed-ac5d-6c73373e1466","2201.08199","arXiv","2.24","","The surreal numbers form a field that is isomorphic to the field of Hahn series with real coefficients and exponents that are themselves surreal numbers. This means every surreal number can be represented as a generalized power series where the exponents are also surreal numbers. The isomorphism maps powers of t raised to a surreal exponent a to the surreal number omega raised to the negative of a. This connection shows the surreal numbers have a structure similar to formal generalized power series."
"0.7063512818433805","3991127d-02b3-4c44-9ac2-bdcd6ccd8e67","formal-conjectures","Lean Repo","SimpleGraph.cvetkovic","For a simple graph with a finite set of vertices, the Cvetkovic invariant is calculated by taking the multiplicity of zero as an eigenvalue of the graph's adjacency matrix, then adding to it the smaller of the two counts: the number of positive eigenvalues or the number of negative eigenvalues, all based on the real eigenvalues of that matrix.","7bb94c30-b552-418c-b9b8-9f9af2fd476b","1910.07339","arXiv","14","","The independence number of a graph is at most the number of zero eigenvalues of its adjacency matrix plus the smaller of the number of positive or negative eigenvalues."
"0.7059849995646728","4130dd8a-1f6a-4d83-91d1-c379312372d9","physlib","Lean Repo","FieldSpecification.createFilter_singleton_annihilate","If a field operator is marked as an annihilation operation, then putting it into a list and applying the createFilter function results in an empty list, because the filter removes all annihilation operators.","90604261-e190-4edf-b1b1-214afc063246","1203.1136","arXiv","1.0.2.3","","When certain operator conditions are met, a combination of creation and annihilation operators acting on a transformed vacuum state yields zero."
"0.7057636981447579","be9b8697-9d01-4677-b3ed-d74b3c5568a6","brownian-motion","Lean Repo","ProbabilityTheory.SimpleProcess.instSub","The declaration states that simple processes adapted to a filtration support subtraction, meaning that if two processes are simple and adapted, their difference is also a simple process of the same type. This allows the use of the minus operator directly between such processes. The result remains within the same space of simple processes under the given assumptions on the index set, measurable space, and normed group.","7b0ac7af-0e45-4b20-9b1c-61ddd58095a4","2403.01562","arXiv","2.2","","A simple process is a type of stochastic process that takes finitely many values over time intervals and is measurable with respect to a given filtration at each interval start point, with values bounded by some constant. It is defined as a step function in time, where each step is determined by a random variable that is known at the beginning of the interval. These processes are used to approximate more general stochastic processes. The set of all such simple processes is denoted as the collection of simple adapted or predictable processes depending on the filtration used."
"0.7045917957180569","4ac39ec6-2469-414e-b1f4-ddf1f5046b4f","combinatorial-games","Lean Repo","Nimber.instSmallElemIcc","The declaration states that for any two nimbers a and b, the closed interval of nimbers from a to b (inclusive) is a small set in the next higher universe level. This means the set of all nimbers between a and b forms a collection that is small enough to be handled within a specific foundational size constraint in type theory. It relies on the ordering of nimbers and the general property that intervals of ordinals are small.","f5e36cfc-18f3-46c5-950f-7b04767d84f6","1209.5567","arXiv","10","","An interval in a partially ordered set is the collection of all elements that lie between two given elements, including the endpoints. Specifically, for elements a and b where a is less than or equal to b, the interval [a, b] consists of every element c such that a ≤ c ≤ b."
"0.7034397176484698","6b56d0b2-5ecb-4674-899b-b749d52f6f62","sphere-packing-math-inc","Lean Repo","differentiableAt_denom","The function that computes the denominator of a fractional linear transformation, after converting an integer matrix from SL(2,ℤ) to GL(2,ℝ) and applying it to a complex number in the upper half-plane, is differentiable at every point in the complex plane. This means the function has a well-defined derivative in the complex sense at each point where it's evaluated. The differentiability holds because the transformation involves smooth operations and the matrix entries are preserved under the ring homomorphism from integers to reals.","e550dce1-c801-44c2-b0ba-63fd3e87f816","2105.05660","arXiv","2.4","","When a 2x2 integer matrix with determinant 1 acts on a complex variable tau by a linear fractional transformation, the function F-hat evaluated at the transformed point equals the square of the denominator times F-hat at the original point. This describes how the function F-hat transforms under the action of SL2(Z)."
"0.7030770517223152","cad8d7ab-f17e-42a9-94ab-2b09efdd78f3","cslib","Lean Repo","Cslib.SKI.one_correct","The term Cslib.SKI.One correctly represents the number 1 in the Church encoding within the SKI combinatory logic system, meaning it applies a given function once to an argument. This is proven by showing that One behaves identically to the standard Church numeral under the rules of reduction in the system.","93f80e45-a71b-42db-8b2a-d220077c1623","2505.07780","arXiv","6.4.1","","The term 'one' is defined as a Church numeral using a lambda abstraction that applies a function once to its argument, represented in a typed lambda calculus with de Bruijn indices. It has a specific type that reflects its role in higher-order function application. The definition is not in eta-long normal form, so the normalization process expands it to a fully explicit form. This expansion is part of a categorical normalization algorithm that computes beta-eta-normal forms."
"0.701995690429137","d6c2abdd-8b93-4c55-b50f-5fd1a77c6066","sphere-packing-math-inc","Lean Repo","MagicFunction.b.Fourier.fourier_J₂_eq_curveIntegral","The Fourier transform of the function J₂ at a point w in 8-dimensional real space is equal to the curve integral of a certain complex one-form along the straight line from -1 + i to i in the complex plane, where the one-form is built from the function Ψ₁_fourier evaluated at the squared norm of w.","bcb63512-9c20-4332-9d06-8caea67cdd59","1704.07701","arXiv","4.3","","The Fourier transform of the function that maps w to psi(x times Q(w)) is given by a constant factor involving gamma and the determinant of xJ, multiplied by the complex conjugate of psi evaluated at x inverse times the dual quadratic form Q applied to w. The value of gamma depends on whether the field F is real or complex, and in the real case it is determined by the signature of the matrix xJ. The measure used is a product of Lebesgue measures adjusted by a factor depending on the field. This result follows from general theorems on second-degree characters in Weil's work."
"0.7017493213873186","dc9d6057-30fb-46e6-a613-b0ada5512032","sphere-packing-math-inc","Lean Repo","SpherePacking.Dim24.VarphiNeg.LeOne.Trunc.deriv_lbQ","For each natural number i, deriv_lbQ(i) gives a rational number that is guaranteed to be less than or equal to the value of 2 times Acoeff(i) plus Bcoeff(i) times u, evaluated at t = 1, where u is a rigorous rational approximation of 1/pi chosen based on the sign of Bcoeff(i).","527f0d5d-e863-4b95-ba39-a20afd5b4530","2309.04667","arXiv","6.2","","The value of pi at 2i+1 is less than or equal to the ratio of n1 over n2 raised to the power of (2i-2) times alpha, multiplied by the value of pi at 3, where alpha is between 0 and 1."
"0.699724838504871","529818be-c5db-4401-8a61-c7ce76dd4c47","physlib","Lean Repo","TimeMan.val_isOpenEmbedding","The function TimeMan.val is a continuous, injective, and open map from the time manifold to the real numbers, meaning it embeds the time manifold as an open subset of the reals while preserving its topological structure. It is also surjective, so it maps the time manifold onto the entire real line. Together, this means TimeMan.val is a homeomorphism between the time manifold and the real numbers.","551461ec-628c-4012-bfb8-56c73a6cb3f8","1606.06253","arXiv","2.9","","A time-change function is a continuous, increasing, and onto function that maps the interval from 0 to T1 onto the interval from 0 to T2."
"0.6993483841023779","365f5f09-69d3-4339-a04a-9096d5509ce6","physlib","Lean Repo","CKMMatrix.snd_row_normalized_normSq","The sum of the squared absolute values of the elements in the second row of a CKM matrix equals 1, where the squared absolute value of a complex number is computed as the norm squared. This means the second row of the matrix is normalized when using the standard complex norm.","43109316-7123-4465-bdc8-359aaa5dee17","1405.4034","arXiv","","","The norm of a complex vector is the square root of the sum of the squared magnitudes of its components."
"0.6987007704924123","3a318742-17da-4ded-9052-076718babc66","sphere-eversion","Lean Repo","Landscape","A landscape consists of a normed abelian group E and two nested compact subsets K0 and K1, where K0 lies in the interior of K1, along with a closed subset C, all within E.","93ed0ec8-ddaa-4ace-856b-71462d03c3cb","2309.07644","arXiv","3.3","","There is an open set and a closed compact set such that the compact set K is inside the open set, which in turn is inside the closed compact set. This holds in a strongly locally compact space."
"0.6968800550451096","8eaef1b5-411b-41e8-9f73-730a8e87b260","carleson","Lean Repo","TileStructure.Forest.le_I7_5_4","For any natural number a that is at least 4, the sum of three terms involving constants C7_5_2, C7_5_9s, C7_5_9d, and C7_5_10 multiplied together in specific combinations is less than or equal to the value of I7_5_4 at a.","da0fd41b-7278-4e0c-9d93-2fef80d456e6","1403.0172","arXiv","3.3","","The value N sub J is less than or equal to a constant C sub a, which depends on a, multiplied by the sum of lambda 1 and lambda 2 at J, times the sum of lambda 3 and lambda 4 at J."
"0.6933400490519139","6a0b148e-471a-49a2-9685-3dc683a77811","FLT","Lean Repo","Hurwitz.instPowNat","The declaration defines that Hurwitz numbers can be raised to natural number powers, using repeated multiplication starting from the multiplicative identity. This is possible because Hurwitz numbers support both multiplication and a unit element (1). As a result, expressions like h ^ n are valid for a Hurwitz number h and a natural number n.","721239d2-fa58-4d0e-93f0-2ae9e7967f78","1104.4427","arXiv","","","For a language L and a set of natural numbers H, the H-power of L is the set of all strings formed by repeating each string in L exactly k times, for every k in H. When H is all natural numbers, this is simply called the power of L. The notation L^(k) means each string in L is repeated k times. The notation L^(H) or pow_H(L) represents the union of all such repeated strings for k in H."
"0.6916174848202905","2d3fa87c-947b-4a1c-bf3c-48d7373ba67e","physlib","Lean Repo","Electromagnetism.ElectromagneticPotential.harmonicWaveX_inl_zero","The electromagnetic potential of a harmonic wave traveling in the x-direction has a value of zero for the time component at any point in spacetime, when evaluated using the left injection of 0 into the sum type representing indices. This means the scalar potential (as opposed to the vector potential) is zero in this configuration. The result follows from the structure of spacetime and the definition of the wave's potential in free space.","a3407bd3-015f-4231-bf39-03531fa53c41","0903.4723","arXiv","3.5","","Certain directional derivatives of the electromagnetic field components are zero along specific vector fields in the spacetime region considered."
"0.6913410664658339","ffba226b-c1fa-42a3-8402-91e96028123b","physlib","Lean Repo","Dimension.npow_mass","Raising a physical dimension to a natural number power multiplies its mass exponent by that number. For example, if a dimension has mass exponent m, then the mass exponent of that dimension raised to the power n is n times m. This applies to how units scale with powers in physical equations.","171b5a56-fc32-4763-8587-129e4f02ef0a","2302.07629","arXiv","2","","Dimensions are represented as lists of numbers, where each number tracks the power of a base unit. The zero dimension is a list of zeros, multiplying dimensions adds their list elements pairwise, raising a dimension to a power multiplies each element by that power, and inverting a dimension negates each element. These operations allow efficient computation of physical dimensions in unit checking."
"0.6910436607471901","62852304-7797-447f-ada7-29883218d615","sphere-packing-math-inc","Lean Repo","PeriodicSpherePacking.addActionOrbitRelEquiv'","The declaration defines a bijection between the quotient space of centers under lattice translations and a set of center points that lie within a fundamental domain of the lattice, where the fundamental domain is determined by a chosen integer basis. This means each orbit of centers under lattice shifts corresponds uniquely to a center located in a specific repeating unit cell of the packing. The result relies on the fact that the fundamental domain contains exactly one representative from each coset of the lattice.","ae05c979-b1d1-4408-bf8b-a1e0642a9f92","2106.09118","arXiv","3.8","","There is a region in space that represents the fundamental domain of a lattice, and when this region is shifted by all elements of the lattice, the resulting collection of regions only overlaps finitely many times in any bounded area."
"0.6879074919431429","96ae6645-867a-44a2-8f96-cd6e3bf9a3d2","PrimeNumberTheoremAnd","Lean Repo","LeanCert.Engine.Optimization.minimizeLoopCore_correct","The theorem states that if a list of boxes contains a point where a function reaches its minimum value within a given domain, and each box is valid, then after applying the core minimization step, the updated list of boxes will still contain a box with a value at least as low as the original minimum. This ensures the optimization process does not lose track of potential minimum values. It uses rational number arithmetic and interval evaluations to preserve correctness.","22a6d9c5-9fcb-4582-aa2f-b9f7ff931204","1704.03738","arXiv","1","","The optimization process iteratively reduces a finite set of possible function values by using counterexamples, until no smaller values can be found, at which point the current candidate is the minimum. Each iteration removes values larger than the current best candidate, ensuring progress toward the smallest value. Since the initial set is finite, the process eventually empties the set of smaller candidates, confirming the optimum. This method guarantees finding the global minimum for finite search domains."
"0.6858583904271564","d90dc217-bdd6-47f7-b679-f9783d62f50b","PrimeNumberTheoremAnd","Lean Repo","Erdos392.Factorization.waste_eq","For a natural number n with a prime factorization f, if the total imbalance of f is zero, then the logarithm of n multiplied by the number of prime factors (counted with multiplicity) equals the logarithm of n factorial plus the difference between the sum of the logs of the prime factors and the log of n. This difference is called the ""waste"" and measures how closely the factorization matches n. When the waste is zero, the product of the prime powers in the factorization exactly equals n.","7c97994f-7548-4eff-a257-f28c0ff31818","2308.09761","arXiv","3.1","","The number of distinct prime factors of n factorial equals the number of primes up to n, and the total number of prime factors of n factorial counting multiplicity is given by a sum involving primes. The count of distinct prime factors of n factorial is approximately n divided by the logarithm of n, with a small error term. The total number of prime factors of n factorial is approximately n times the sum of the log log of n and two constants related to prime numbers, again with a small error term."
"0.6858055557947544","6a433965-968e-4381-81a5-637897132c7a","PrimeNumberTheoremAnd","Lean Repo","LeanCert.Core.IntervalRat.width_nonneg","The width of an interval of rational numbers is always greater than or equal to zero. This is because the width is defined as the difference between the upper and lower bounds of the interval, and the upper bound is always at least as large as the lower bound.","085543f8-b0fd-45ea-98ab-6df99f172904","2010.01094","arXiv","15","","The width W with parameter epsilon is greater than zero."
"0.6834644031865796","1059cbb7-357d-4f5d-aaab-10bc22e05e8b","PrimeNumberTheoremAnd","Lean Repo","LeanCert.Tactic.Auto.tacticCertify_bound_","Defines a tactic called tacticCertify_bound_ used to automatically verify bounds within interval arithmetic proofs, relying on parser descriptions to interpret syntax for bound-related operations.","e1439946-ac9f-4a83-87e5-98b1686014f6","1806.07249","arXiv","2.4","","The proof can focus on intervals within the range of possible values, since the result for larger intervals follows directly."
"0.6830595084969546","d12017fb-e9b1-4aa1-afa5-2be4dc536bc7","sphere-packing-math-inc","Lean Repo","SpherePacking.Dim24.Uniqueness.BS81.Thm14.CommonNeighbors44Aux.indPoly_neg_half","The polynomial indPoly, which is used to analyze configurations of 44 shared neighbors in 24-dimensional sphere packings, evaluates to zero when its input is -1/2. This means -1/2 is a root of the polynomial. The polynomial is designed to be zero at several specific points, including -1, -1/2, -1/4, 0, and 1/4, and to be 1 at 1/2.","1d6ade18-cfa3-4117-a1f8-be5a20b838a7","2401.08343","arXiv","4.4","","For even indices, the polynomial values at 0 and 1 are zero, and the sum of the coefficients is zero; for odd indices, the polynomial evaluated at 1/2 is zero, and the first coefficient in the expansion around 0 is zero."
"0.679518981047606","f3be055b-9ef4-4d5b-996c-95154720c975","sphere-packing-math-inc","Lean Repo","SpherePacking.Dim24.Uniqueness.BS81.CodingTheory.sum_card_powersetCard5_support_eq_mul_56","If you have a finite set S of binary words of length 24, each containing exactly 8 ones, then the sum over all words in S of the number of 5-element subsets of the positions where each word has a 1 is equal to 56 times the number of words in S.","20ce0eb9-9e68-4f5c-b7b4-73ca3f12991c","1602.05620","arXiv","1","","There is exactly one codeword in the extended binary Golay code G24 that has weight eight and includes ones in any specified set of five positions."
"0.6782928905468631","0df0b5aa-1bea-472d-b35d-d65c3a4756dd","PrimeNumberTheoremAnd","Lean Repo","LeanCert.Engine.mkAdd","mkAdd creates a function that adds two expressions, ensuring the result is valid only when both input expressions are supported by the system. It uses subtypes to restrict inputs to those that satisfy the ExprSupported condition. The output is an expression representing their sum, maintaining correctness through type constraints.","7359b56c-f0d3-4668-838e-5f6c4a0a1bb4","2503.12429","arXiv","3.16","","The operation of addition is properly defined and consistently produces valid results."
"0.6775115484778107","fcbd7ac3-16fb-451d-b3dc-3223beae41d0","PrimeNumberTheoremAnd","Lean Repo","powModAux","powModAux is a helper function that computes the remainder when a number raised to a power is divided by another number, using an efficient method based on repeated squaring and multiplication, relying on natural number arithmetic and the monoid structure of natural numbers.","5a41949f-58c8-4d62-a73e-3c0de978f5c6","1610.09280","arXiv","4.5","","If a is a natural number modulo m and n is a natural number, then a raised to the power n is also a natural number modulo m."
"0.6764268463987171","b89e61f4-dca5-4703-a469-76678d758f9f","combinatorial-games","Lean Repo","IGame.Domineering.mem_right","A position (m.1, m.2) is a valid move for the right player in a Domineering game if and only if both that position and the one immediately to its right, (m.1 - 1, m.2), are free squares on the board. This means a horizontal domino can be placed covering those two adjacent squares. The condition checks that both squares are part of the current board's available positions.","1c5ffb7a-f60b-48a8-8699-3e2000d9dc9b","1909.12419","arXiv","11","","The generating polynomial for Right's possible end positions in the game of Domineering on an m by n board can be found by computing the top-left entry of a matrix power constructed recursively from smaller boards, where the recursion involves block matrices that track game states with variables x and y representing moves. The base cases are 1x1 matrices defined for width 0, and the matrices grow in size as the board width increases. Each step in the recursion combines previous matrices to encode how new vertical and horizontal domino placements affect the game's outcome for the Right player.…"
"0.6729055905707876","04ebf13e-ec96-4eec-8cf7-8cd346937271","PrimeNumberTheoremAnd","Lean Repo","I6I4","The theorem states that for a given smoothing function and positive real number X, the complex value of I6 is the negative of the conjugate of I4, where both I6 and I4 are integrals involving the smoothing function and complex-valued expressions.","e068b5e0-78d0-4599-aead-d4ec84bbeaa5","2411.03574","arXiv","5.7","","If the real part of the sum of six complex numbers a1 through a6 is greater than -2.5, then the integral from negative to positive infinity of the reciprocal of the product of six pairs of gamma functions, each pair involving a shift by x and -x, equals twice S0 at 0 plus four times S2 at 0, which also equals twice S3 at 0 plus four times S1 at 0, where the S functions are specific series defined in a referenced theorem for six parameters."
"0.6726272661106106","266b0176-fd7c-4ef3-bec1-4d1eb97b0245","sphere-packing-math-inc","Lean Repo","SpherePacking.Dim24.BFourier.permJ1Kernel","permJ1Kernel is a function that takes a 24-dimensional real vector w and returns another function; this returned function maps a pair consisting of a 24-dimensional real vector and a real number to a complex number, using w in its computation. It is used as an intermediate step in computing the Fourier transform of a function called J₁ by setting up an integral over a specific contour. The kernel combines exponential, imaginary, and geometric components in Euclidean space to support this transformation.","a6b2d1fe-95a3-4703-bb9c-f031fe3be3b2","math-ph/0503048","arXiv","4.5","","Let J be an operator meeting certain conditions, with a density function given by the Fourier transform of an integrable non-negative function. For any bounded region Lambda in d-dimensional space, the associated operator J sub Lambda has a continuous kernel function defined on pairs of points in Lambda. This kernel arises from a transformation involving the operator K, defined as J times the inverse of I plus J."
"0.6722317139897731","72cb41c1-e435-476e-a84e-a20448737d08","physlib","Lean Repo","TimeUnit.div_eq_val","Dividing one time unit by another gives a new value whose numeric part is the quotient of their underlying values, and this result is valid as long as the time units are positive, which they always are.","536dca9c-f05e-4f9b-b1bc-167031f9685e","quant-ph/0601043","arXiv","3","","The time it takes to divide two numbers is usually a bit more than the time it takes to multiply them. This running time is denoted as t sub D for division. Multiplication and division times are closely related in computational complexity."
"0.6662031589168864","01066641-1d51-400c-83aa-621a3769ab2f","cslib","Lean Repo","Cslib.ωLanguage.OmegaLim","Cslib.ωLanguage.OmegaLim is a type class that defines notation for omega-limit constructions, where the type β is treated as an output parameter that is determined by the context when type class inference is performed. This means Lean will infer β based on the known type α and other available information. The class is used to associate a container-like type α with a corresponding output type β in a computability context.","7663fb92-0e25-46c4-8caf-8a3145b5c27c","1503.04907","arXiv","","","The relation <=omega on types is defined by the rules from Definition le plus the additional rule that fA is less than or equal to omega."
"0.665879790527323","f3ae3ebc-634a-4225-8629-e1a898e76392","sphere-packing-math-inc","Lean Repo","SpherePacking.Dim24.Uniqueness.BS81.CodingTheory.GolayUniquenessSteps.WittDesignUniqueTheory.SharpGolayUniqueFromBiplaneAux.Extraction.idxU_eU_of_mem","Given a special 24-bit binary code that meets certain uniqueness conditions, this theorem ensures that each of 11 specific positions in the code is assigned a unique index from 0 to 10, and that applying the indexing function to the j-th position returns j, as long as the position is in the correct subset. The result holds for any valid proof that the position belongs to the subset. This supports the deterministic construction of a combinatorial design known as a biplane.","621bce49-8b43-4f5a-b8ff-06f8be285655","1805.10019","arXiv","4.4","","For a special type of binary code of length 48, the sets of positions where codewords of a given weight are nonzero form 1-designs for all nonzero weights. In most cases, these sets do not form 2-designs, but for one specific type of code, the sets corresponding to weights 6 and 42 in the dual code form 2-designs without being 3-designs."
"0.6646593434500471","9d99a4f2-1c2b-4c11-8625-dd47df6ad8e7","FLT","Lean Repo","knownin1980s","knownin1980s is an assumption that allows proving any mathematical statement by asserting it could have been deduced using only pre-1990 knowledge, especially from advanced results in number theory like those related to elliptic curves and modular forms. It is not a constructive proof but a placeholder indicating the result would be considered known by experts in the 1980s. Users must include comments explaining how such a proof might work using older methods.","327ccc50-d0de-4617-acb8-485fb6b62938","2003.10059","arXiv","3.3","","Experts have recognized a certain mathematical fact since at least 1995, though its exact origin in the literature has been hard to trace."
"0.6619516320051669","e0f39a97-479c-4957-963f-7f042b95f698","PrimeNumberTheoremAnd","Lean Repo","Architect.latexOutputOfImportModule","The function takes a list of module names to import, processes them with given options, and produces a LaTeX output structure by loading the modules and converting their content into LaTeX format using an effectful computation. It combines environment setup for imports with a conversion pipeline that generates LaTeX strings from module data. The result includes both the generated LaTeX content and the file path where it should be saved.","2a4e4b0a-4fa5-45e7-8027-e794882e6968","1712.02201","arXiv","","","This document sets up LaTeX formatting and styling for mathematical writing, including fonts, colors, algorithms, and theorem environments. It defines custom remark and theorem styles, adjusts float and footnote formatting, and loads packages for symbols, graphics, and hyperlinks. The configuration supports structured, professional typesetting of technical content."
"0.6595728122259737","7b6f999f-7042-4b36-b4e1-97c3a59ff6a4","PrimeNumberTheoremAnd","Lean Repo","BKLNW.table_10_entries","BKLNW.table_10_entries is a finite set of real numbers that collects all the values labeled 'b' from the entries in Table 10. These values are taken from a list of 6-tuples of real numbers and extracted into a set with duplicates removed. The process relies on being able to decide equality between real numbers to ensure the set contains only unique elements.","1c56dda9-c8f8-42d7-9a4b-517f53d3b6ab","hep-th/9903036","arXiv","","","A table shows which elements from the set {λ1, λ2, λ3, λ4, λ5} are associated with each of the sets B1 through B10, with BR containing all five elements and the others containing various subsets."
"0.6589419659027018","318fb205-f550-497a-85bc-c3e42f499c96","physlib","Lean Repo","SMRHN.PlusU1.ElevenPlane.isSolution_f2","If a rational-valued function f defined on the numbers 0 through 10 contributes to a valid charge solution in the SM plus RHN with an extra U1 symmetry, then the value of f at 2 must be zero.","bcbbd6e9-cc83-4a3e-a9d5-80f5d5205597","1403.5388","arXiv","7.11","","The condition means that when the second variable is 0, the function f equals 0, so setting u to zero solves the problem trivially."
"0.6569199466670098","9123ff7a-5a1a-4477-8e42-9e82c02ce295","carleson","Lean Repo","I1_measurableSet","For a given pseudometric space X and certain data including integers a and k, a real number q, functions K, σ₁, σ₂, and sets F, G, if k is at least the negative of a default natural number associated with X, then the set I1 constructed from these parameters and a point y in Yk X k is measurable.","52bfdeba-e47c-46e2-94a4-142372063ddd","2309.00393","arXiv","2","","A set of functions K defined on X times Y is considered, where each function satisfies certain integrability and boundedness conditions with respect to a measure nu and a metric d; specifically, the integral of K over parts of Y outside balls of any radius is uniformly bounded, and the functions belong to a class characterized by parameters s1, s2, s3; the norm for these functions combines a standard norm with the supremum of these integrals."
"0.6550546574786783","b65a3ce3-3517-4474-bfa2-698f49e3775d","physlib","Lean Repo","SuperSymmetry.SU5.ChargeSpectrum.ofPotentialTerm'_subset_ofPotentialTerm","For any charge spectrum x and potential term T, the set of charges produced by the modified version of the potential term (using ofPotentialTerm') is contained within the set of charges produced by the original version (using ofPotentialTerm). This means the modified method does not introduce any new charges that aren't already in the original result. Both sets are built using the same underlying type with addition and equality checks.","067c1164-b4fb-4763-8469-a5b756872ee9","2509.04287","arXiv","7","","A set of potentials is closed under modification if it contains all potentials obtained by conditioning on partial histories, and also contains any potential formed by setting the first component to infinity on a measurable subset while leaving higher components unchanged."
"0.6463906857297466","c1a09d32-e8fc-40d5-8764-24b3d6399db1","physlib","Lean Repo","SM.SMNoGrav.One.linearParametersQENeqZero.toLinearParameters_coe_E'","For a set of rational parameters satisfying certain physics constraints with nonzero Q' and E', the value of E' is equal to negative six times x divided by the sum of v and w.","0b575d2f-6ebe-4021-bacb-5c77cf6669c8","2209.12634","arXiv","6","","The quantities v and w are related by an equation involving a rational expression with parameters r and w, and also expressed as a ratio of elliptic integrals evaluated at a specific function of r and w squared. These quantities are derived from norms of a function z and are used to analyze critical points in a physical system modeling electron behavior in a helium atom. The relationship between v and w helps establish properties of solutions to the system's equations of motion. This result supports the nondegeneracy and uniqueness of certain periodic orbits in the model."
"0.6463456038322435","0f7f7960-33b1-43c1-9996-9fa0382f1933","physlib","Lean Repo","MSSMACC.AnomalyFreePerp.quadCoeff","The quadCoeff function takes a solution T from the MSSM anomaly cancellation system and returns a rational number that is zero exactly when T satisfies a certain quadratic condition called inQuadSolProp; this rational number is used in defining another quantity called inQuadProj.","97056cc3-fff0-4616-98e1-a7d491230506","1604.08417","arXiv","3.5","","T(s,q) is defined as the quadric hypersurface given by the equation g2 = 0 in projective space, where g2 is the quadratic part of a function associated with a critical point q of s, and this quadric is well-defined up to a nonzero scalar multiple."
"0.6461625976842932","2298d647-b279-42c1-a13a-588f6770c1e7","physlib","Lean Repo","FieldStatistic.ofList_empty","The field statistics of an empty list of fields is always bosonic, regardless of the type of fields involved. This means that with no fields present, the resulting statistic defaults to bosonic.","7e56ea32-0763-4ad7-8dba-a019fc6da131","0811.4737","arXiv","22","","If the set B is empty, then a sum of zero exists."
"0.6451570977175088","b9fdd637-0d09-4733-9e3b-d60a7acaec7d","physlib","Lean Repo","SuperSymmetry.SU5.ChargeSpectrum.empty_qHd","The theorem states that the qHd charge value in an empty SU5 supersymmetric charge spectrum is undefined, represented as 'none'. This means when no particles or charges are present, the qHd component has no assigned value. The result holds for any underlying type used to represent the charges.","d9cb38ca-fb7b-491e-85ec-66a44545c05c","1604.06144","arXiv","","","The supremum of an empty set is taken to be zero in the theorems mentioned. This is a standard assumption used to handle cases where a set has no elements."
"0.6401429911464445","efd6acbd-a814-4d39-9553-d151e0499078","cslib","Lean Repo","Cslib.SKI.RotR","Cslib.SKI.RotR is a combinator expression built from S, K, and I that implements a rotation of three arguments: given x, y, z, it applies z to x and then the result to y. It is the closed SKI form of the polynomial RotRPoly, which represents this rotation operation with three free variables. The conversion from the polynomial to the SKI term is done using bracket abstraction via the toSKI function.","a94aebae-de7a-4687-86cc-8cc3936ae147","2212.06339","arXiv","","","A specific mixing function can be replaced by a sequence of three rotation operations with carefully chosen parameters, achieving equivalent results."
"0.6157174819938531","ec771825-03a4-47ef-bdf0-aeab7583ed24","PrimeNumberTheoremAnd","Lean Repo","Architect.outputLibraryLatex","Architect.outputLibraryLatex is a function that generates LaTeX-formatted output as a string, using helper functions to process and combine text elements, and writes the resulting content to a file through a side-effecting operation. It operates on natural numbers by manipulating their binary representations to manage internal bitmaps, and uses standard string and array operations to build the final output. The function works within a system that handles file paths and input/output operations, ensuring the output is saved in the correct directory.","2a4e4b0a-4fa5-45e7-8027-e794882e6968","1712.02201","arXiv","","","This document sets up LaTeX formatting and styling for mathematical writing, including fonts, colors, algorithms, and theorem environments. It defines custom remark and theorem styles, adjusts float and footnote formatting, and loads packages for symbols, graphics, and hyperlinks. The configuration supports structured, professional typesetting of technical content."
"0.5873373396390714","2baa3eec-8fd7-4813-a449-c6caf9d7f816","cslib","Lean Repo","Cslib.URM.instReprInstr","Cslib.URM.instReprInstr provides a way to convert each URM machine instruction into a formatted string that closely resembles valid input syntax for that instruction. This allows instructions like zeroing or incrementing registers to be represented as readable, parsable text. The representation is intended to be used for display or serialization purposes.","98b40890-b701-49f9-892a-1fdf97881b0d","2505.01536","arXiv","2","","Instructions in the code do not overlap unless one is entirely contained within the prefix of another."
"0.5643118769065382","3eeac8af-be7a-4f68-bd01-a7d6c85ed851","physlib","Lean Repo","Physlib.NoteFile.titleHTML","The titleHTML function takes a note file and returns a string containing the HTML code for its title, abstract, and authors. It combines these parts into a single HTML-formatted string. The function uses string operations like appending and joining to build the result.","4c83ccda-bbb5-4e99-95fe-39c3ae4a0b09","2303.06691","arXiv","2","","This is an example of a titled theorem that demonstrates how to present a theorem with a title in a formal document."
