"rank","similarity","direction","is_blueprint_gold","q_sid","q_formality","q_kind","q_source","q_paper_title","q_paper_external_id","q_paper_url","q_decl_name","q_ref","q_lean_annotation","q_slogan","c_sid","c_formality","c_kind","c_source","c_paper_title","c_paper_external_id","c_paper_url","c_decl_name","c_ref","c_lean_annotation","c_slogan"
"1","0.9882384538650513","i2f","True","81f6d543-ecd1-463f-9949-9edb2aae5182","informal","lemma","Lean Community","Fermat's Last Theorem","ImperialCollegeLondon/FLT","https://ImperialCollegeLondon.github.io/FLT/blueprint.pdf","","5.33","Hurwitz.quot_rem","For any two Hurwitz quaternions a and b, where b is not zero, there are quaternions q and r such that a equals q times b plus r, and the norm of r is less than the norm of b.","e0de42df-ed6d-40c5-9a06-711036f8cf78","formal","theorem","Lean Repo","FLT","FLT","","Hurwitz.quot_rem","","","For any two elements a and b in the Hurwitz quaternions, where b is not zero, there exist elements q and r such that a equals q times b plus r, and the norm of r is strictly less than the norm of b."
"1","0.9766650795936584","i2f","False","37cd7f44-7059-4f71-8732-f2e8b60e4283","informal","lemma","Lean Community","The Polynomial Freiman-Ruzsa Conjecture","teorth/pfr","https://teorth.github.io/pfr/blueprint.pdf","","10.3","BSG","If a finite set A in an abelian group has high additive energy relative to its size, then there exists a large subset A' of A such that the difference set A'−A' is small in size compared to A, with explicit bounds depending on the energy parameter K.","98da1e01-8014-481a-ac69-ed377d258b6c","formal","theorem","Lean Repo","add-combi","add-combi","","BSG_self'","","","If a finite set A in an abelian group has high additive energy relative to its size, then A contains a large subset A' such that the set of differences A' - A' is not much larger than A' itself. The size of A' and the bound on its difference set are controlled by explicit constants depending on the energy parameter K."
"1","0.9749799966812134","i2f","True","b3205137-2cfa-4977-86eb-fa3b3ea1aa99","informal","lemma","Lean Community","The Polynomial Freiman-Ruzsa Conjecture","teorth/pfr","https://teorth.github.io/pfr/blueprint.pdf","","12.14","multiDist_indep","If multiple random variables are independent, the multidistance measure equals the entropy of their sum minus the average of their individual entropies.","a9714080-8239-4f82-8d5d-a69e85118f9f","formal","theorem","Lean Repo","pfr","pfr","","multiDist_indep","","","If a list of random variables are independent, the multi-distance measure equals the entropy of their sum minus the average of their individual entropies."
"1","0.9740515947341919","i2f","False","2fcd5dc3-f048-482a-97ce-9899a4c9b6dc","informal","lemma","Lean Community","The Polynomial Freiman-Ruzsa Conjecture","teorth/pfr","https://teorth.github.io/pfr/blueprint.pdf","","2.17","ProbabilityTheory.mutualInfo_nonneg","The mutual information between two random variables X and Y is always greater than or equal to zero. This means that knowing one variable never reduces the expected information about the other. Mutual information being nonnegative reflects that it measures shared information, which cannot be negative.","930bd448-678b-4fd5-abe3-9d24f80b97d2","formal","theorem","Lean Repo","pfr","pfr","","ProbabilityTheory.measureMutualInfo_nonneg","","","The mutual information between two random variables is always greater than or equal to zero. This means that the amount of shared information between the variables cannot be negative, reflecting that knowing one variable never increases uncertainty about the other."
"1","0.9733104705810547","i2f","True","f6dd0825-624c-4da7-9b3d-67d2fcaff7d2","informal","lemma","Lean Community","Brownian motion project","RemyDegenne/brownian-motion","https://RemyDegenne.github.io/brownian-motion/blueprint.pdf","","2.1.17","MeasureTheory.Submartingale.monotone_convex_comp","If X is a submartingale and phi is a convex, continuous, increasing function such that phi applied to each X_t is integrable, then the composition phi(X) is also a submartingale.","9f1c46bf-1e92-4a64-8962-5e429ec03dc0","formal","theorem","Lean Repo","brownian-motion","brownian-motion","","MeasureTheory.Submartingale.monotone_convex_comp","","","If X is a submartingale and φ is a continuous, convex, and increasing function such that φ(X_t) is integrable for each time t, then the composition φ(X_t) is also a submartingale with respect to the same filtration."
"1","0.9712660908699036","i2f","True","6bf481ff-dd0d-4461-a9e9-cc29acf046f1","informal","lemma","Lean Community","The Polynomial Freiman-Ruzsa Conjecture","teorth/pfr","https://teorth.github.io/pfr/blueprint.pdf","","12.2","ProbabilityTheory.mutual_comp_le","For any two random variables X and Y, and any functions f and g applied to X, the mutual information between f(X) and Y is less than or equal to the mutual information between X and Y. This means processing X can't increase its information about Y.","d4156bed-5abb-46ed-b72a-835d3ac7bf8e","formal","theorem","Lean Repo","pfr","pfr","","ProbabilityTheory.mutual_comp_le","","","If X and Y are random variables and f is any function, then the mutual information between f(X) and Y is less than or equal to the mutual information between X and Y. This means that processing X through a function cannot increase how much information it shares with Y."
"1","0.9687130451202393","i2f","False","a9b0dd44-62f7-4780-95e8-fe09564c0bed","informal","lemma","Lean Community","The Polynomial Freiman-Ruzsa Conjecture","teorth/pfr","https://teorth.github.io/pfr/blueprint.pdf","","2.6","ProbabilityTheory.IsUniform.entropy_eq","The entropy of a random variable that takes values in a set S is equal to the logarithm of the size of S if and only if the variable is uniformly distributed over S.","f239382b-6eb6-4316-b8e6-b8667921c089","formal","theorem","Lean Repo","pfr","pfr","","ProbabilityTheory.entropy_eq_log_card","","","The entropy of a random variable X that takes values in a finite set S equals the logarithm of the size of S if and only if X is uniformly distributed, meaning each value in S has an equal probability of occurring."
"1","0.9636386036872864","i2f","False","c2b687bb-0191-4490-af8f-25c3e8fc1f9b","informal","definition","Lean Community","The Polynomial Freiman-Ruzsa Conjecture","teorth/pfr","https://teorth.github.io/pfr/blueprint.pdf","","3.8","rdist_def","The Ruzsa distance between two random variables X and Y that take values in a group G is calculated using the entropy of independent copies of X and Y, specifically as the entropy of their difference minus half the entropy of each variable. This measures how spread out the difference of the variables is, adjusted for their individual randomness. I…","d70ce8d8-227a-4dd0-b8d3-5812487cfb87","formal","definition","Lean Repo","pfr","pfr","","rdist","","","The Ruzsa distance between two random variables X and Y is a real number calculated using the entropies of X, Y, and the difference of independent copies of X and Y. It is defined as the entropy of X' minus Y' minus half the entropy of X' minus half the entropy of Y', where X' and Y' are independent versions of X and Y. This measures a kind of div…"
"1","0.9632808566093445","i2f","True","1aa3400a-baa7-4481-8156-a9dffc6618c9","informal","theorem","Lean Community","Brownian motion project","RemyDegenne/brownian-motion","https://RemyDegenne.github.io/brownian-motion/blueprint.pdf","","2.2.52","MeasurableSet.nullMeasurableSet_fst","The projection of a measurable set in the product of two measurable spaces onto the first space is universally measurable, provided the second space is standard Borel.","3fe69b04-a0c3-4ebd-a240-1fdbedf520dc","formal","theorem","Lean Repo","brownian-motion","brownian-motion","","MeasurableSet.nullMeasurableSet_fst","","","The projection of a measurable set in a product space onto the first component is universally measurable, meaning it is null-measurable with respect to any finite measure on the first space. This holds when the second space is a standard Borel space."
"1","0.9608438014984131","i2f","True","f754a74d-b3d6-4cb9-b64c-7d043e3074b5","informal","proposition","Lean Community","Toric varieties","YaelDillies/toric","https://YaelDillies.github.io/toric/blueprint.pdf","","4.1.10","essImage_hopfSpec","The functor Spec maps Hopf algebras over a ring R to affine group schemes over the spectrum of R, and every affine group scheme over Spec R arises in this way up to isomorphism.","3166a4a0-ef09-47b7-ad1c-9c9ecfa8f155","formal","theorem","Lean Repo","toric","toric","","essImage_hopfSpec","","","The functor Spec sends commutative Hopf algebras over a ring R to affine group schemes over the spectrum of R, and every affine group scheme over Spec R arises this way. A group scheme over Spec R is in the essential image of this functor if and only if it is affine."
"1","0.958445131778717","i2f","False","f0a1b995-4ab4-41b8-a880-cc5004e3de88","informal","theorem","Lean Community","Carleson operators on doubling metric measure spaces","fpvandoorn/carleson","https://florisvandoorn.com/carleson/blueprint.pdf","","1.0.1","classical_carleson","For a continuous periodic function, the partial sums of its Fourier series converge to the function value at almost every point.","96157b8e-b67d-4c04-b810-3a9f34fe2885","formal","theorem","Lean Repo","carleson","carleson","","classical_carleson_check","","","For any continuous, periodic function on the real line, the partial Fourier sums converge to the function's value at almost every point. This means that as more terms are added to the Fourier series, the sum gets arbitrarily close to the function's value everywhere except possibly on a set of measure zero."
"1","0.957667350769043","i2f","False","ddb66b80-b2ed-4d89-8485-737c85c9bf4e","informal","corollary","Lean Community","The Polynomial Freiman-Ruzsa Conjecture","teorth/pfr","https://teorth.github.io/pfr/blueprint.pdf","","5.3","sum_of_rdist_eq","For four independent random variables taking values in a group, the sum of the Ruzsa distance between their pairwise sums, the conditional Ruzsa distance given those sums, and a conditional mutual information term equals the sum of the Ruzsa distances between the original pairs.","929cedf0-9a8b-4e15-863c-6c7d1ff7f80f","formal","theorem","Lean Repo","pfr","pfr","","sum_of_rdist_eq_char_2","","","For four independent random variables taking values in a finite abelian group G with a probability measure, the sum of the Ruzsa distances between the first and second and between the third and fourth equals the sum of three terms: the Ruzsa distance between their pairwise sums, the Ruzsa distance between the conditional distributions given those …"
"1","0.9570403099060059","i2f","True","e7075b31-20b4-4586-b8ae-9636ad5a27e3","informal","lemma","Lean Community","The Polynomial Freiman-Ruzsa Conjecture","teorth/pfr","https://teorth.github.io/pfr/blueprint.pdf","","3.11","ProbabilityTheory.IndepFun.rdist_eq","If two random variables X and Y are independent and take values in a group G, the Ruzsa distance between them is defined as the entropy of their difference minus half the entropy of X and half the entropy of Y.","2c2c8374-17b0-4288-bb2b-cb78dd3d1e78","formal","theorem","Lean Repo","pfr","pfr","","ProbabilityTheory.IndepFun.rdist_eq","","","If two random variables X and Y with values in a countable abelian group G are independent, then the Ruzsa distance between them equals the entropy of their difference minus half the entropy of X and half the entropy of Y."
"1","0.9561742544174194","i2f","True","05714221-49bb-4172-a7d5-b2b4f638e246","informal","corollary","Lean Community","The Polynomial Freiman-Ruzsa Conjecture","teorth/pfr","https://teorth.github.io/pfr/blueprint.pdf","","3.5","ProbabilityTheory.max_entropy_le_entropy_add, ProbabilityTheory.max_entropy_le_entropy_sub","If two independent random variables take values in a group, then the entropy of their sum or difference is at least as large as the entropy of either variable alone.","25eec1bf-dd07-4e34-8713-a84892b52f4c","formal","theorem","Lean Repo","pfr","pfr","","ProbabilityTheory.max_entropy_le_entropy_add","","","If two independent random variables take values in a countable additive group, the entropy of their sum is at least as large as the maximum of their individual entropies."
"1","0.9552761912345886","i2f","True","4c9156fd-6567-46a0-993b-708ac0722d52","informal","definition","Lean Community","Toric varieties","YaelDillies/toric","https://YaelDillies.github.io/toric/blueprint.pdf","","5.1.1","AlgebraicGeometry.ToricVariety","A toric variety over a field k is a scheme X with an action by a torus T, where T is embedded as a dense open subset of X in a way that respects the group action. The torus acts on itself by multiplication, and this action extends to the whole space X. This structure links the geometry of X to the algebraic structure of the torus.","35d92dc2-7179-4c8d-aef4-14c6c9f71a37","formal","class","Lean Repo","toric","toric","","AlgebraicGeometry.ToricVariety","","","A toric variety over a field k is a scheme X that contains a torus T as a dense open subset, where the action of T on itself extends to an action on all of X. The torus T is a group scheme that becomes isomorphic to a product of multiplicative groups after base change to a separable closure of k. The structure involves a scheme X over the spectrum…"
"1","0.954575777053833","i2f","False","5cd82bfa-19c8-44de-a7c3-b12cd300302d","informal","lemma","Lean Community","The Polynomial Freiman-Ruzsa Conjecture","teorth/pfr","https://teorth.github.io/pfr/blueprint.pdf","","3.26","condRuzsaDist_diff_ofsum_le","The difference in conditional Ruzsa distance between a variable X and the sum Y + Z, given the sum Y + Z + Z', compared to the distance between X and Y, is bounded above by half the sum of the entropies of Y + Z + Z' and Y + Z minus the entropies of Y and Z'. This result compares how adding independent random variables affects the distance measure…","d0cb974d-a24b-4517-b328-6f8c4a4cb8d5","formal","theorem","Lean Repo","pfr","pfr","","condRuzsaDist_diff_le'","","","For random variables X, Y, and Z taking values in a countable abelian group with certain measurability conditions, where Y and Z are independent, the difference in conditional Ruzsa distances between X and the sum Y+Z versus X and Y alone is bounded above by half the Ruzsa distance between Y and Z plus a term involving the entropies of Y and Z. Sp…"
"1","0.9541765451431274","i2f","True","9d30b74d-11fd-4ba7-8dc6-982ee2785306","informal","lemma","Lean Community","The Polynomial Freiman-Ruzsa Conjecture","teorth/pfr","https://teorth.github.io/pfr/blueprint.pdf","","3.25","condRuzsaDist_diff_le, condRuzsaDist_diff_le', condRuzsaDist_diff_le'', condRuzsaDist_diff_le'''","For random variables X, Y, Z in an abelian group of characteristic 2, with Y and Z independent, the difference in Ruzsa distances involving X and the sum Y+Z is bounded above by an expression involving the entropies of Y and Z and their Ruzsa distance. Specifically, the increase in distance when replacing Y with Y+Z or conditioning on Y+Z is contr…","a3305571-5771-4fb6-bbae-0bb6ad37cc68","formal","theorem","Lean Repo","pfr","pfr","","condRuzsaDist_diff_le","","","If X, Y, Z are random variables in an abelian group, with Y and Z independent, then the difference in Ruzsa distance between X and Y+Z versus X and Y is bounded by half the difference in entropy of Y+Z and Y, which can also be expressed in terms of the Ruzsa distance between Y and Z and the entropies of Y and Z."
"1","0.9533624649047852","i2f","True","201d7cb7-e957-40d1-984c-b3a8160116b8","informal","corollary","Lean Community","Sphere Packing in Dimension 8","thefundamentaltheor3m/Sphere-Packing-Lean","https://thefundamentaltheor3m.github.io/Sphere-Packing-Lean/blueprint.pdf","","1.17","SpherePacking.MainTheorem","The maximum possible density of sphere packings in 8-dimensional space is achieved by the E8 lattice packing.","d3f5ac42-d4ce-496c-ac87-4f6b40a5fb67","formal","theorem","Lean Repo","Sphere-Packing-Lean","Sphere-Packing-Lean","","SpherePacking.MainTheorem","","","The highest possible density of sphere packings in 8-dimensional space is equal to the density achieved by the E8 lattice arrangement. This density is the supremum of all possible packing densities in that dimension. The value is expressed as an extended nonnegative real number."
"1","0.9530720114707947","i2f","True","0ece0a1a-b6d3-41a6-95e8-a79659eb1fd8","informal","lemma","Lean Community","The Polynomial Freiman-Ruzsa Conjecture","teorth/pfr","https://teorth.github.io/pfr/blueprint.pdf","","2.14","ProbabilityTheory.cond_chain_rule, ProbabilityTheory.cond_chain_rule'","The conditional entropy of two random variables X and Y given a third variable Z equals the sum of the conditional entropy of Y given Z and the conditional entropy of X given both Y and Z.","0a4ea659-0099-44c2-8bb7-69a8b6e07624","formal","theorem","Lean Repo","pfr","pfr","","ProbabilityTheory.cond_chain_rule","","","The conditional entropy of two random variables X and Y given a third variable Z is equal to the sum of the conditional entropy of Y given Z and the conditional entropy of X given both Y and Z. This rule breaks down the uncertainty of the pair (X, Y) given Z into two parts. It assumes all variables have finite possible values and are measurable."
"1","0.9520614147186279","i2f","True","cffe3be8-34e3-4107-9de9-e043ca04cc89","informal","lemma","Lean Community","The Polynomial Freiman-Ruzsa Conjecture","teorth/pfr","https://teorth.github.io/pfr/blueprint.pdf","","11.1","torsion_free_doubling","If G is a torsion-free group and X, Y are random variables taking values in G, then the distance between X and 2Y is at most 5 times the distance between X and Y.","04a861c3-f2a2-4016-9371-58c3ebba856d","formal","theorem","Lean Repo","pfr","pfr","","torsion_free_doubling","","","If G is a torsion-free abelian group and X, Y are random variables taking values in G with finite ranges, then the distance between X and twice Y is at most 5 times the distance between X and Y, measured with respect to their probability distributions."
"1","0.9519443511962891","i2f","True","e61c8f5b-9639-46b0-8f61-93f6b496657e","informal","lemma","Lean Community","The Polynomial Freiman-Ruzsa Conjecture","teorth/pfr","https://teorth.github.io/pfr/blueprint.pdf","","12.17","multidist_ruzsa_I","For a tuple of at least two random variables taking values in a group, the sum of the pairwise Ruzsa distances between distinct variables is at most m times (m minus one) times the multidistance of the tuple.","1698f94d-36a3-488f-bc93-2c49d6e05470","formal","theorem","Lean Repo","pfr","pfr","","multidist_ruzsa_I","","","For a tuple of m random variables taking values in a countable abelian group, the sum of the Ruzsa distances between all distinct pairs is at most m(m-1) times the multidimensional Ruzsa divergence of the tuple."
"1","0.9518148899078369","i2f","False","a74e0ce2-0634-4290-980a-c8c5c3b6f31a","informal","lemma","Lean Community","Fermat's Last Theorem","ImperialCollegeLondon/FLT","https://ImperialCollegeLondon.github.io/FLT/blueprint.pdf","","10.34","IsModuleTopology.continuous_bilinear_of_finite_left","If R and S are topological rings with S a finite R-algebra and having the R-module topology, and if M is an S-module with the induced R-module structure, then the topology on M as an R-module is the same as the topology on M as an S-module.","c6de5dbd-0bb0-4bc3-8a5f-95bb95558c40","formal","theorem","Lean Repo","FLT","FLT","","moduleTopology.trans","","","If S is a finite algebra over a topological ring R and carries the module topology, then for any module M over S, the topology induced by R on M is the same as the topology induced by S on M."
"1","0.9517481327056885","i2f","False","032f7125-35a2-4303-a932-f998ef7310ad","informal","definition","Lean Community","Brownian motion project","RemyDegenne/brownian-motion","https://RemyDegenne.github.io/brownian-motion/blueprint.pdf","","1.5.5","Metric.packingNumber","The packing number of a set A for a given distance epsilon is the maximum number of points you can place in A such that each pair of points is more than epsilon apart. It counts how many well-separated points can fit inside the set.","146750fc-03d2-4ba7-ad63-1c9e973b0e11","formal","definition","Lean Repo","misc-yd","misc-yd","","Metric.epackingNum","","","The epsilon-packing number of a set s is the largest number of points you can pick from s such that every pair of points is at least distance epsilon apart; if no such maximum exists, it is infinite. It counts how many well-separated points can fit inside the set."
"1","0.9508715867996216","i2f","True","a95592de-6a8b-4fd1-aefa-2368fe8fc363","informal","theorem","Lean Community","Brownian motion project","RemyDegenne/brownian-motion","https://RemyDegenne.github.io/brownian-motion/blueprint.pdf","","2.6.71","ProbabilityTheory.IsLocalSubmartingale.doob_meyer","Any cadlag local submartingale can be written as the sum of a cadlag local martingale and a predictable, increasing, cadlag, locally integrable process that starts at zero, and this decomposition is unique almost surely.","2b880fbe-97cc-4889-8b08-1c9752e38384","formal","theorem","Lean Repo","brownian-motion","brownian-motion","","ProbabilityTheory.IsLocalSubmartingale.doob_meyer","","","Every cadlag local submartingale can be decomposed into the sum of a cadlag local martingale and a predictable, increasing, cadlag process whose supremum is locally integrable."
"1","0.9503800272941589","i2f","True","28534295-1815-4032-8349-1f5618232bb6","informal","lemma","Lean Community","The Polynomial Freiman-Ruzsa Conjecture","teorth/pfr","https://teorth.github.io/pfr/blueprint.pdf","","2.29","ProbabilityTheory.condMutualInfo_eq_zero","If the conditional mutual information between X and Y given Z is zero, then X and Y are conditionally independent given Z, and vice versa. This means that knowing Z, X provides no additional information about Y and Y provides no additional information about X. The result links zero mutual information to conditional independence.","488c5548-5e13-4284-a175-4bbe9273c8cf","formal","theorem","Lean Repo","pfr","pfr","","ProbabilityTheory.condMutualInfo_eq_zero","","","The conditional mutual information between two random variables X and Y given a third variable Z is zero if and only if X and Y are conditionally independent given Z. This means that knowing Z, the value of X provides no additional information about Y and vice versa. The result holds under standard measurability and finiteness conditions on the va…"
"1","0.9495100975036621","i2f","False","11b93637-cd3c-4428-b188-2357a6c5a1af","informal","lemma","Lean Community","Sphere Packing in Dimension 8","thefundamentaltheor3m/Sphere-Packing-Lean","https://thefundamentaltheor3m.github.io/Sphere-Packing-Lean/blueprint.pdf","","2.4","volume_ball_ratio_tendsto_nhds_one''","As the radius R gets very large, the ratio of the volume of a d-dimensional ball of radius R to the volume of a d-dimensional ball of radius R plus a constant C approaches 1. This means the volumes become almost the same for large R.","28130289-bcea-4242-8f1d-36536fec1506","formal","theorem","Lean Repo","sphere-packing-math-inc","sphere-packing-math-inc","","volume_ball_ratio_tendsto_nhds_one'","","","As the radius R gets very large, the ratio of the volume of a ball of radius R + C to the volume of a ball of radius R + C' in d-dimensional space approaches 1, for any non-negative constants C and C' and positive dimension d."
"1","0.9494990110397339","i2f","True","9f0cd73a-f23d-4a55-82ef-223d7eaf9144","informal","lemma","Lean Community","Brownian motion project","RemyDegenne/brownian-motion","https://RemyDegenne.github.io/brownian-motion/blueprint.pdf","","2.3.38","ProbabilityTheory.classD_of_uniformIntegrable_bounded_stoppingTime","If a stochastic process is progressively measurable and the collection of its values at bounded stopping times is uniformly integrable, then the process belongs to class D.","68b74f1a-9c41-4bb6-912f-f1fd909bf3b6","formal","theorem","Lean Repo","brownian-motion","brownian-motion","","ProbabilityTheory.classD_of_uniformIntegrable_bounded_stoppingTime","","","If the values of a stochastic process stopped at any bounded stopping time are uniformly integrable, and the process is progressively measurable, then the process is of class D, meaning it is adapted and the collection of its values at all finite stopping times is uniformly integrable."
"1","0.9487115144729614","i2f","True","49bb084d-90a4-4b0a-b74f-cd5f0b43fbb3","informal","lemma","Lean Community","The Polynomial Freiman-Ruzsa Conjecture","teorth/pfr","https://teorth.github.io/pfr/blueprint.pdf","","3.1","ProbabilityTheory.entropy_neg","The entropy of a random variable that takes values in a group is the same as the entropy of its negation. This means flipping the sign of the variable does not change its uncertainty or information content.","be12d44e-a0f6-4162-abb7-200a1ee6b0b0","formal","theorem","Lean Repo","pfr","pfr","","ProbabilityTheory.entropy_neg","","","If X is a random variable taking values in a countable additive group G, then the entropy of -X is the same as the entropy of X. This means reversing the sign of a symmetric random variable does not change its uncertainty. The result follows because negation is an injective operation in such groups."
"1","0.9484310746192932","i2f","True","97be675e-e394-42b8-aa3b-70eed709d95b","informal","theorem","Lean Community","The Polynomial Freiman-Ruzsa Conjecture","teorth/pfr","https://teorth.github.io/pfr/blueprint.pdf","","12.49","torsion_PFR","If a non-empty set A in a finite abelian group G with torsion m has a small sumset (A+A is at most K times the size of A), then A can be covered by at most m times K raised to the power 256m cubed plus one translates of a subgroup H, where H has size at most the size of A.","f0bb89db-9753-4624-a659-65328c0db721","formal","theorem","Lean Repo","pfr","pfr","","torsion_PFR","","","If G is a finite abelian group where every element added to itself m times gives zero, and A is a non-empty subset of G such that the sumset A+A is not much larger than A (bounded by a factor K), then A can be covered by fewer than m times K raised to the power 256*m^3 + 1 translates of some subgroup H of G, where H has size at most the size of A."
"1","0.9478896856307983","i2f","True","8b3d769b-4a18-4561-b25c-900ecd883a11","informal","proposition","Lean Community","Toric varieties","YaelDillies/toric","https://YaelDillies.github.io/toric/blueprint.pdf","","4.1.5","AlgebraicGeometry.Scheme.asOver.instIsCommMonObj, AlgebraicGeometry.Scheme.asOver.instCommGrpObj","If A is a cocommutative bialgebra over a ring R, then the spectrum of A forms a commutative monoid scheme.","85041845-43c7-4616-b144-b6a8c04a9509","formal","instance","Lean Repo","toric","toric","","AlgebraicGeometry.Scheme.asOver.instIsCommMonObj","","","If A is a commutative bialgebra over a commutative ring R and the coalgebra structure on A is cocommutative, then the spectrum of A as a scheme over the spectrum of R forms a commutative monoid object in the category of schemes over Spec(R)."
"1","0.9476680755615234","i2f","True","4b80bac3-0a6a-4dc1-97a7-b175269a09d8","informal","theorem","Lean Community","The Polynomial Freiman-Ruzsa Conjecture","teorth/pfr","https://teorth.github.io/pfr/blueprint.pdf","","13.41","better_PFR_conjecture","If a non-empty finite set A in the vector space F_2^n has a small sumset, meaning the size of A+A is at most K times the size of A, then A can be covered by at most 2K^9 copies of a subgroup H, where H has size at most the size of A.","330432e0-a881-4578-ab9f-303d1599874a","formal","theorem","Lean Repo","pfr","pfr","","better_PFR_conjecture","","","If a non-empty finite set A in a vector space over the field with two elements has a small sumset (the set of all pairwise sums of elements in A is at most K times larger than A), then A can be covered by at most 2K^9 translates of some subgroup H whose size is no larger than that of A."
"1","0.9460983276367188","i2f","True","7bf4b7b2-87e2-4846-b7aa-0527da897cc0","informal","proposition","Lean Community","Toric varieties","YaelDillies/toric","https://YaelDillies.github.io/toric/blueprint.pdf","","4.1.8","essImage_algSpec","The image of the spectrum functor from R-algebras to schemes over Spec R consists exactly of those schemes that are affine over Spec R.","25d31124-c8cf-43da-b473-8bf8dbfd27d8","formal","theorem","Lean Repo","toric","toric","","essImage_algSpec","","","The functor that sends R-algebras to their spectra gives exactly those schemes over Spec R which are affine; a scheme over Spec R is in the essential image of this functor if and only if it is affine."
"1","0.944861888885498","i2f","True","0acc4901-9789-4f94-8f48-267a53c7f521","informal","lemma","Lean Community","The Polynomial Freiman-Ruzsa Conjecture","teorth/pfr","https://teorth.github.io/pfr/blueprint.pdf","","12.9","ent_of_sum_le_ent_of_sum","The entropy of the sum of independent random variables Y_j is at most the entropy of the sum of independent random variables X_i plus the sum over j of the difference between the entropy of (Y_j minus X_f(j)) and the entropy of X_f(j).","3db7d0b9-e918-45d9-ae8b-d1d422e4e661","formal","theorem","Lean Repo","pfr","pfr","","ent_of_sum_le_ent_of_sum","","","If you have two sets of independent random variables X_i and Y_j, and each Y_j is paired with some X_f(j), then the entropy of the sum of the Y_j's is at most the entropy of the sum of the X_i's plus the sum of the entropies of the differences (Y_j - X_f(j)) minus the entropies of the corresponding X_f(j)."
"1","0.9444166421890259","i2f","False","700995f9-71c4-4aac-9519-ec05ffbc355c","informal","corollary","Lean Community","The Polynomial Freiman-Ruzsa Conjecture","teorth/pfr","https://teorth.github.io/pfr/blueprint.pdf","","2.21","ProbabilityTheory.entropy_triple_add_entropy_le","The sum of the joint entropy of three variables X, Y, Z and the entropy of Z alone is less than or equal to the sum of the joint entropies of X and Z, and Y and Z. This inequality reflects a property of entropy related to how information shared among variables is bounded. It shows that combining X and Y with Z does not add more uncertainty than co…","e6b9bc6e-8469-4d4c-a42b-7a85a0eb2f8c","formal","theorem","Lean Repo","pfr","pfr","","ProbabilityTheory.Kernel.entropy_triple_add_entropy_le","","","For three random variables X, Y, and Z, the sum of the joint entropy of X, Y, Z and the entropy of Z is less than or equal to the sum of the joint entropies of X, Z and Y, Z. This expresses the submodularity property of entropy, where adding a common variable (Z) reduces the marginal gain in information."
"1","0.9439663887023926","i2f","True","dd1233a3-15aa-4e32-a7ea-bf64de0c199d","informal","theorem","Lean Community","Sphere Packing in Dimension 8","thefundamentaltheor3m/Sphere-Packing-Lean","https://thefundamentaltheor3m.github.io/Sphere-Packing-Lean/blueprint.pdf","","1.14","periodic_constant_eq_constant","For every dimension d, the highest possible density of sphere packings that repeat periodically in d-dimensional space is the same as the highest possible density of all sphere packings in that space, whether periodic or not.","88e4f18b-40cd-4552-a2dd-bb369290459a","formal","theorem","Lean Repo","sphere-packing-math-inc","sphere-packing-math-inc","","periodic_constant_eq_constant","","","In any positive dimension d, the highest possible density of a periodic arrangement of non-overlapping spheres is the same as the highest density achievable by any arrangement, periodic or not. This means restricting to periodic patterns does not reduce the maximum packing density. The result equates two ways of measuring optimal sphere packing de…"
"1","0.9425278306007385","i2f","True","1c8ac708-bf73-4fda-aec0-5aa48a6f2a31","informal","lemma","Lean Community","Carleson operators on doubling metric measure spaces","fpvandoorn/carleson","https://florisvandoorn.com/carleson/blueprint.pdf","","11.1.9","lower_secant_bound'","If x is a real number between -2 pi + eta and 2 pi - eta, with absolute value at least eta and eta positive, then the distance between 1 and the complex number e to the i x is at least 2 over pi times eta.","23f7d6c6-6e56-4988-ba8b-07e72e8f5402","formal","theorem","Lean Repo","carleson","carleson","","lower_secant_bound'","","","For real numbers x and eta where eta is between 0 and pi, and the absolute value of x is at least eta and at most 2*pi - eta, the distance between 1 and the complex number exp(i*x) on the unit circle is at least (2/pi)*eta."
"1","0.9422764778137207","i2f","True","111c5144-bb97-4d68-b593-72c50cf4d61a","informal","lemma","Lean Community","Carleson operators on doubling metric measure spaces","fpvandoorn/carleson","https://florisvandoorn.com/carleson/blueprint.pdf","","11.3.4","integrable_bump_convolution","If g is a bounded measurable periodic function bounded by a specific kernel k_r and f is another bounded measurable periodic function, then the L2 norm of their convolution h over one period is at most 17 times the L2 norm of f over the interval from -pi to pi.","6c3cbe1d-68fa-4911-a5b5-f4746cf9aa43","formal","theorem","Lean Repo","carleson","carleson","","integrable_bump_convolution","","","If f and g are bounded, periodic functions on the real line, and g is dominated by a nice kernel function scaled by r between 0 and pi, then the L2 norm of their convolution over one period is at most 17 times the L2 norm of f over the same interval."
"1","0.941620945930481","i2f","True","539bbdb9-a4a3-4386-9d14-3feda9a7da7a","informal","lemma","Lean Community","Brownian motion project","RemyDegenne/brownian-motion","https://RemyDegenne.github.io/brownian-motion/blueprint.pdf","","1.5.22","HasBoundedCoveringNumber.subset","If a set A has a bounded internal covering number with constant c and exponent d, then every subset B of A also has a bounded internal covering number with constant 2 raised to the power d times c and the same exponent d.","0b1ded1d-be61-44a6-a500-13079cda9c38","formal","theorem","Lean Repo","brownian-motion","brownian-motion","","HasBoundedCoveringNumber.subset","","","If a set A has a bounded covering number with constant c and exponent d, then any subset B of A also has a bounded covering number with constant (2^d * c) and the same exponent d, provided d is non-negative."
"1","0.941580057144165","i2f","True","39f30a47-9121-4485-bea5-fb933b7233fc","informal","lemma","Lean Community","The Polynomial Freiman-Ruzsa Conjecture","teorth/pfr","https://teorth.github.io/pfr/blueprint.pdf","","3.17","ent_of_diff_le","If X, Y, and Z are random variables taking values in a group G, and the pair (X,Y) is independent of Z, then the entropy of the difference X minus Y is at most the sum of the entropies of X minus Z and Z minus Y, minus the entropy of Z.","c685d1fa-ada6-4563-8e04-3ed3c138680d","formal","theorem","Lean Repo","pfr","pfr","","ent_of_diff_le","","","If X, Y, Z are independent random variables taking values in a countable abelian group, and each has only finitely many possible values, then the entropy of X - Y is at most the sum of the entropies of X - Z and Z - Y, minus the entropy of Z."
"1","0.9401165246963501","i2f","True","cc6bba2a-199a-4372-b14a-d638aa4e3961","informal","lemma","Lean Community","The Polynomial Freiman-Ruzsa Conjecture","teorth/pfr","https://teorth.github.io/pfr/blueprint.pdf","","13.18","rho_of_subgroup","If H is a finite subgroup of G and the rho value of U_H is at most r, then there is some shift t such that the intersection of A with the shifted subgroup H+t has size at least e^-r times the square root of |A| times |H|, and the ratio |H|/|A| is between e^-2r and e^2r.","a510f1e3-13cb-4690-9279-8c48cabcb966","formal","theorem","Lean Repo","pfr","pfr","","rho_of_subgroup","","","If H is a finite subgroup of G and the rho value of a uniform random variable over H is at most r, then there exists a shift t such that the intersection of set A with the shifted subgroup (H + t) has size at least e^(-r) times the square root of |A| times |H|, and the sizes of A and H are within a factor of e^(2r) of each other."
"1","0.9399351477622986","i2f","True","47d26d6b-eeda-4085-9e54-7776c44a69e4","informal","lemma","Lean Community","Brownian motion project","RemyDegenne/brownian-motion","https://RemyDegenne.github.io/brownian-motion/blueprint.pdf","","1.5.24","edist_nearestPt_le","For any point x and a finite set S in a space E, the distance from x to its nearest point in S is less than or equal to the distance from x to any other point in S.","12d3f14d-cae0-490c-8db3-805f92504e89","formal","theorem","Lean Repo","brownian-motion","brownian-motion","","edist_nearestPt_le","","","The distance from a point x to its nearest point in a finite set s is less than or equal to the distance from x to any point y in s."
"1","0.9398232698440552","i2f","True","fa022adc-9208-42a4-80a4-4156b129185c","informal","lemma","Lean Community","The Polynomial Freiman-Ruzsa Conjecture","teorth/pfr","https://teorth.github.io/pfr/blueprint.pdf","","3.16","ent_of_proj_le","For a random variable X taking values in an additive group G, and a finite subgroup H of G, the entropy of the projection of X onto the quotient group G/H is at most twice the statistical distance between X and the uniform distribution on H.","9c9e56f5-4b55-4694-a200-526dee5d55ea","formal","theorem","Lean Repo","pfr","pfr","","ent_of_proj_le","","","If X is a random variable taking values in an additive group G, and H is a finite subgroup of G, then the entropy of the projection of X onto the quotient group G/H is at most twice the Ruzsa distance between X and a random variable uniformly distributed on H."
"1","0.9377181529998779","i2f","True","cf4f931a-52c7-462e-ac53-c9aa4e86fd69","informal","definition","Lean Community","Brownian motion project","RemyDegenne/brownian-motion","https://RemyDegenne.github.io/brownian-motion/blueprint.pdf","","2.3.1","ProbabilityTheory.IsPreLocalizingSequence","A pre-localizing sequence is a sequence of stopping times that almost surely increases to infinity as the index goes to infinity.","24e11da1-9148-4c65-a6ac-79a31ffd0f68","formal","structure","Lean Repo","brownian-motion","brownian-motion","","ProbabilityTheory.IsPreLocalizingSequence","","","A pre-localizing sequence is a sequence of stopping times, indexed by natural numbers, such that for almost every outcome, the values of the sequence eventually increase without bound, approaching infinity. It is defined with respect to a filtration on a measurable space and a probability measure, ensuring compatibility with the underlying stochas…"
"1","0.9368895888328552","i2f","False","44fc4c81-9528-46c8-8e97-6eac5a62fc7c","informal","definition","Lean Community","The Polynomial Freiman-Ruzsa Conjecture","teorth/pfr","https://teorth.github.io/pfr/blueprint.pdf","","2.1","ProbabilityTheory.entropy","The entropy of a random variable is the sum over all possible values of the probability of each value times the logarithm of the reciprocal of that probability, where zero probability terms are treated as zero. It measures the average uncertainty or information content associated with the variable's outcomes.","8ba9fd08-8737-4b22-ad09-26f4781b3f56","formal","theorem","Lean Repo","pfr","pfr","","ProbabilityTheory.entropy_eq_sum","","","The entropy of a random variable X is the sum over all possible values x of the probability that X equals x, multiplied by the negative logarithm of that probability. This measures the average uncertainty or information content of the outcomes. The formula uses the pushforward measure of X to compute probabilities and defines the sum using standar…"
"1","0.9365711808204651","i2f","True","82cf29b7-f754-4479-b400-9fdee50147f2","informal","lemma","Lean Community","The Polynomial Freiman-Ruzsa Conjecture","teorth/pfr","https://teorth.github.io/pfr/blueprint.pdf","","13.7","KLDiv_add_le_KLDiv_of_indep","If X, Y, and Z are independent random variables taking values in a group G, then the Kullback-Leibler divergence between X+Z and Y+Z is less than or equal to the Kullback-Leibler divergence between X and Y.","b50aa214-e0b5-47e1-80ec-fab52db3ef0f","formal","theorem","Lean Repo","pfr","pfr","","KLDiv_add_le_KLDiv_of_indep","","","If X, Y, and Z are independent random variables taking values in a finite additive group, and Z is independent of the pair (X, Y), then the Kullback-Leibler divergence between the distributions of X + Z and Y + Z is less than or equal to the divergence between X and Y. This means adding an independent random variable Z to both X and Y does not inc…"
"1","0.9364840984344482","i2f","False","a15dfd3c-e141-4072-8ba0-9c8c24d7510a","informal","definition","Lean Community","The Polynomial Freiman-Ruzsa Conjecture","teorth/pfr","https://teorth.github.io/pfr/blueprint.pdf","","2.11","ProbabilityTheory.condEntropy","The conditional entropy of a random variable X given another random variable Y is the average entropy of X after accounting for the value of Y, calculated by summing the entropies of X given each possible value of Y, weighted by the probability of each Y value.","d30065dc-b130-4218-a691-5e0bbf817578","formal","theorem","Lean Repo","pfr","pfr","","ProbabilityTheory.condEntropy_eq_sum","","","The conditional entropy of X given Y equals the sum over all possible values y of Y, where each term is the probability that Y equals y multiplied by the entropy of X given that Y is fixed to y. This expresses the average uncertainty in X when Y is known, by averaging the conditional uncertainties weighted by the likelihood of each Y value. The re…"
"1","0.9363999962806702","i2f","True","ffbf49bf-1c14-4640-8053-8da85a0dc5da","informal","definition","Lean Community","Toric varieties","YaelDillies/toric","https://YaelDillies.github.io/toric/blueprint.pdf","","2.3.30","commGrpAlg","For a commutative ring R, there is a functor that sends each group G to the group algebra R[G], mapping from the category of groups to the category of Hopf algebras over R.","8da1ed26-6862-4533-9eba-ebec974f7bfa","formal","definition","Lean Repo","toric","toric","","commGrpAlg","","","commGrpAlg takes a commutative ring R and produces a functor that maps each commutative group to its group algebra over R, which naturally has the structure of a commutative Hopf algebra; this functor sends group homomorphisms to corresponding maps between Hopf algebras."
"1","0.9362910985946655","i2f","True","9edc8aa8-8685-4049-8b9c-87eebc8e401b","informal","lemma","Lean Community","Brownian motion project","RemyDegenne/brownian-motion","https://RemyDegenne.github.io/brownian-motion/blueprint.pdf","","1.5.21","coveringNumber_Icc_zero_one_le_one_div","The unit interval from 0 to 1 can be covered by at most 1/ε intervals of length 2ε when ε is less than or equal to 1.","88327bc8-7d16-44e2-a69c-ac1223548b7b","formal","theorem","Lean Repo","brownian-motion","brownian-motion","","coveringNumber_Icc_zero_one_le_one_div","","","The smallest number of intervals of length 2ε needed to cover the interval from 0 to 1 is at most 1 divided by ε, when ε is between 0 and 1."
"1","0.9362659454345703","i2f","True","88777bd1-5a9b-4351-bb8c-d69417f8b368","informal","lemma","Lean Community","Sphere Packing in Dimension 8","thefundamentaltheor3m/Sphere-Packing-Lean","https://thefundamentaltheor3m.github.io/Sphere-Packing-Lean/blueprint.pdf","","1.8","SpherePacking.scale_density","The density of a sphere packing does not change when all the spheres are scaled by the same positive factor. Scaling the entire packing uniformly preserves how tightly the spheres are packed. This means the proportion of space filled by the spheres remains constant.","cc8e4cf7-aeef-4782-99fd-119a8d1d33c1","formal","theorem","Lean Repo","sphere-packing-math-inc","sphere-packing-math-inc","","SpherePacking.scale_density","","","Scaling a sphere packing in d-dimensional space by a positive factor does not change its density, because the proportion of space filled by the spheres remains the same even as all positions are uniformly scaled."
"1","0.9362573623657227","i2f","True","afd272af-03e5-475a-b17d-c04bd4d1a68d","informal","theorem","Lean Community","Class Field Theory","kbuzzard/ClassFieldTheory","https://kbuzzard.github.io/ClassFieldTheory/blueprint.pdf","","63","Rep.tateCohomology_of_trivialCohomology, Rep.trivialHomology_of_trivialCohomology","If a representation of a finite group has trivial cohomology, then its Tate cohomology is also trivial.","45293f34-bba0-489d-a4a3-ca36bc4626ca","formal","instance","Lean Repo","ClassFieldTheory","ClassFieldTheory","","Rep.tateCohomology_of_trivialCohomology","","","If a group representation has trivial cohomology, then its Tate cohomology is also trivial, provided the group is finite and the representation is over a commutative ring."
"1","0.9360619783401489","i2f","True","8dae7da5-3c9d-4a41-a8b1-a2bf42951d68","informal","lemma","Lean Community","The Polynomial Freiman-Ruzsa Conjecture","teorth/pfr","https://teorth.github.io/pfr/blueprint.pdf","","10.6","card_of_dual_constrained","In a finite abelian group where every element has order a power of 2, for any non-zero element x, exactly half of the homomorphisms from the group to the integers modulo 2 map x to 1.","9069213c-eb4f-419f-8780-d999cda9d48b","formal","theorem","Lean Repo","pfr","pfr","","card_of_dual_constrained","","","For a finite abelian group G where every element added to itself gives zero, and for any nonzero element x in G, the number of group homomorphisms from G to the integers mod 2 that send x to 1 is exactly half the size of G."
"1","0.9359673261642456","i2f","True","ca3394c0-81f0-4aa5-a2f4-73a9c3f7dbc8","informal","definition","Lean Community","Brownian motion project","RemyDegenne/brownian-motion","https://RemyDegenne.github.io/brownian-motion/blueprint.pdf","","2.2.36","MeasureTheory.IsMeasurableAnalytic, MeasureTheory.IsMeasurableAnalyticFor","A set is measurably analytic if it can be obtained as the projection of a measurable set from the product space of the original space and the real numbers. More generally, a set is measurably analytic for a space K if it is the projection of a measurable set from the product of the original space and K.","ae01551b-7fa2-40d9-98c4-2204db6e75ea","formal","definition","Lean Repo","brownian-motion","brownian-motion","","MeasureTheory.IsMeasurableAnalytic","","","A set is measurably analytic if it can be obtained as the projection of a measurable set from the product space formed by combining the original space with the real numbers, where the real numbers carry their standard Borel measurable structure. This means the set arises from a measurable subset of a higher-dimensional space by ""forgetting"" the ex…"
"1","0.935744047164917","i2f","False","da7f0b00-9b60-4bcd-a5f1-7c38c9e8b3af","informal","lemma","Lean Community","Brownian motion project","RemyDegenne/brownian-motion","https://RemyDegenne.github.io/brownian-motion/blueprint.pdf","","2.3.7","ProbabilityTheory.isLocalizingSequence_localizingSequenceOfProp","If a stochastic process X satisfies a property P almost surely, then the sequence of stopping times defined to be infinity when P holds and zero otherwise forms a localizing sequence. This sequence helps localize the behavior of the process with respect to the property P.","2d65aba7-14d7-48cd-bbf5-9d3d7b4d0807","formal","definition","Lean Repo","brownian-motion","brownian-motion","","ProbabilityTheory.LocalizingSequenceOfProp","","","For a stochastic process X and a property p that holds almost surely on its paths, the localizing sequence defines a stopping time that is infinite when the property p is satisfied, and finite otherwise, using a natural number-indexed sequence of stopping times."
"1","0.9356071949005127","i2f","True","e54c28f9-aa3c-459a-955a-0702a6d5863c","informal","theorem","Lean Community","Sphere Packing in Dimension 8","thefundamentaltheor3m/Sphere-Packing-Lean","https://thefundamentaltheor3m.github.io/Sphere-Packing-Lean/blueprint.pdf","","6.28","ModularForm.dimension_level_one","For even integers k greater than or equal to zero, the dimension of the space of modular forms of weight k for the full modular group is equal to the floor of k divided by 12 if k leaves a remainder of 2 when divided by 12, and one more than the floor of k divided by 12 otherwise.","3c7642e5-2c13-42d7-b9b0-3038f9f55bd7","formal","theorem","Lean Repo","sphere-packing-math-inc","sphere-packing-math-inc","","ModularForm.dimension_level_one","","","The dimension of the space of modular forms of weight k for the full modular group is equal to the floor of k divided by 12, plus 1 if k minus 2 is divisible by 12, and k is an even integer at least 3."
"1","0.9349051713943481","i2f","True","c00e4e7e-cf17-4174-a907-1f3760997570","informal","definition","Lean Community","The sphere eversion project","leanprover-community/sphere-eversion","https://leanprover-community.github.io/sphere-eversion/blueprint.pdf","","3.17","HtpyFormalSol","A homotopy of formal solutions is a smoothly varying family of sections over time, where each section at any fixed time is a formal solution to a given relation.","a850ae41-47a1-4620-ae0e-31cdd3817a5a","formal","definition","Lean Repo","sphere-eversion","sphere-eversion","","HtpyFormalSol","","","A homotopy of formal solutions is a continuous family of formal solutions parameterized by real numbers, where each solution satisfies a given differential relation between manifolds at every point in time."
"1","0.9338780641555786","i2f","False","c79eef94-3cf7-4431-8ca4-828983b44d13","informal","lemma","Lean Community","The Polynomial Freiman-Ruzsa Conjecture","teorth/pfr","https://teorth.github.io/pfr/blueprint.pdf","","13.26","rho_of_sum_le","If two independent random variables X and Y are added together, the rho value of their sum is at most half the sum of their individual rho values plus half their dependence measure d[X;Y].","47a6ae90-269f-42f2-9780-94c4c850bdb7","formal","theorem","Lean Repo","pfr","pfr","","rho_of_sum","","","If two random variables X and Y are independent, the rho value of their sum is at most the rho value of X plus half the difference between the entropy of their sum and the entropy of X."
"1","0.9331634640693665","i2f","False","e8fb79e5-21d7-4869-ab8c-9c98229526db","informal","lemma","Lean Community","The Polynomial Freiman-Ruzsa Conjecture","teorth/pfr","https://teorth.github.io/pfr/blueprint.pdf","","11.3","app_ent_PFR","For two random variables X and Y taking values in the group F_2^n, if the sum of their entropies is sufficiently large compared to their entropy difference, then there exists a nontrivial subgroup H such that the entropy of their projections modulo H is small relative to the original entropy sum, and the logarithm of the size of H is bounded above…","2d3960a6-e275-43d0-a228-275e86daf14a","formal","theorem","Lean Repo","pfr","pfr","","app_ent_PFR'","","","If two random variables X and Y taking values in the group (Z/2Z)^n have sufficiently large combined entropy relative to their mutual dependence, then there exists a nontrivial subgroup H of the group such that the logarithm of the size of H is less than about half the total entropy, and the sum of the entropies of X and Y modulo H is small relati…"
"1","0.932900071144104","i2f","True","94aab4c6-8392-4c11-9a4b-187cbcf98d93","informal","definition","Lean Community","The Polynomial Freiman-Ruzsa Conjecture","teorth/pfr","https://teorth.github.io/pfr/blueprint.pdf","","2.15","ProbabilityTheory.mutualInfo, ProbabilityTheory.mutualInfo_def","Mutual information measures how much knowing one random variable reduces uncertainty about another. It is calculated as the sum of the individual entropies of two variables minus their joint entropy. This value indicates the amount of information shared between the variables. Higher mutual information means the variables are more dependent on each…","351d5a97-4679-4269-8891-8bc859e9ebd6","formal","definition","Lean Repo","pfr","pfr","","ProbabilityTheory.mutualInfo","","","The mutual information of two random variables X and Y is calculated as the sum of their individual entropies minus the entropy of their joint distribution. It measures how much knowing one variable reduces uncertainty about the other. This value is expressed as a real number derived from the underlying probability measure."
"1","0.9328894019126892","i2f","False","171654d5-a887-42a5-a7fb-6e7c6e8c55db","informal","lemma","Lean Community","Brownian motion project","RemyDegenne/brownian-motion","https://RemyDegenne.github.io/brownian-motion/blueprint.pdf","","1.5.59","ProbabilityTheory.lintegral_sup_rpow_edist_le_sum","For a stochastic process satisfying the Kolmogorov continuity condition with exponents p and q and constant M, the expected value of the supremum of the p-th power of distances between process values at points in a sequence of finite covers is bounded above by a constant multiple of the p-th power of a sum involving the sizes of the covers and the…","f9f21214-66ad-407f-845b-8ab001fa3dc7","formal","theorem","Lean Repo","brownian-motion","brownian-motion","","ProbabilityTheory.lintegral_sup_rpow_edist_le_sum_of_le_one","","","For a stochastic process satisfying a Kolmogorov-type condition with exponent q and constant M, the expected value of the supremum of the p-th power of distances between process values at points and their approximations through a chaining sequence is bounded above by a sum involving the sizes of finite covers and the radii of those covers raised t…"
"1","0.9315654039382935","i2f","True","ed9edf4a-8817-42c2-acd4-f7eddb80a56b","informal","lemma","Lean Community","Brownian motion project","RemyDegenne/brownian-motion","https://RemyDegenne.github.io/brownian-motion/blueprint.pdf","","2.1.50","MeasureTheory.UniformIntegrable.condExp'","If a collection of functions is uniformly integrable, then the set of their conditional expectations with respect to any family of sigma-algebras is also uniformly integrable.","05dd0dca-57a4-41cc-a0ee-f85e653daaae","formal","theorem","Lean Repo","brownian-motion","brownian-motion","","MeasureTheory.UniformIntegrable.condExp'","","","If a family of functions is uniformly integrable with respect to a finite measure, then the family of their conditional expectations over a collection of sub-sigma-algebras is also uniformly integrable with respect to the same measure."
"1","0.9311926364898682","i2f","False","aa5d4fe0-3a50-408f-9b3c-01a00c92b233","informal","lemma","Lean Community","Brownian motion project","RemyDegenne/brownian-motion","https://RemyDegenne.github.io/brownian-motion/blueprint.pdf","","2.1.78","MeasureTheory.Martingale.stoppedValue_min_ae_eq_condExp'","If X is a right-continuous martingale indexed over an approximable time set, and sigma and tau are stopping times with tau bounded, then the value of X at the minimum of sigma and tau equals the conditional expectation of X at tau given the information up to sigma, almost surely.","07e4bc5a-f494-43cf-a657-1a7d7c782384","formal","theorem","Lean Repo","brownian-motion","brownian-motion","","MeasureTheory.Martingale.stoppedValue_min_ae_eq_condExp_of_countable_range","","","If X is a martingale with right-continuous paths, and tau and sigma are stopping times with countable ranges such that tau is bounded above by some fixed time n, then the value of X at the minimum of tau and sigma is almost everywhere equal to the conditional expectation of the value of X at tau given the information up to sigma."
"1","0.9310870170593262","i2f","True","3d6042b2-f01f-4d1a-a96c-5dc8143867b9","informal","definition","Lean Community","Brownian motion project","RemyDegenne/brownian-motion","https://RemyDegenne.github.io/brownian-motion/blueprint.pdf","","2.3.25","ProbabilityTheory.IsLocalMartingale","A local martingale is a stochastic process for which there exists a sequence of stopping times that increase to infinity, such that when the process is stopped at each time in the sequence, it becomes a cadlag martingale. This means the stopped process has constant expected value over time and right-continuous paths with left limits. The original …","c1c4e68b-c9c2-40e5-99dc-9cf3e5c758d4","formal","definition","Lean Repo","brownian-motion","brownian-motion","","ProbabilityTheory.IsLocalMartingale","","","A local martingale is a stochastic process where, for each point in time, there exists a sequence of stopping times increasing to infinity such that the process stopped at each of these times is a martingale. This means the process behaves like a fair game when observed up to certain well-chosen random times. The process takes values in a complete…"
"1","0.9308594465255737","i2f","False","148afe52-f769-46d6-8aa4-d008c269af17","informal","definition","Lean Community","Brownian motion project","RemyDegenne/brownian-motion","https://RemyDegenne.github.io/brownian-motion/blueprint.pdf","","2.3.34","ProbabilityTheory.ClassDL","A stochastic process is of class DL if it is progressively measurable and, for every fixed time t, the collection of its values at all stopping times up to t forms a uniformly integrable set.","6fe24afc-b35d-41f1-bc3c-499d75445682","formal","theorem","Lean Repo","brownian-motion","brownian-motion","","MeasureTheory.Integrable.classDL","","","If a stochastic process is progressively measurable and, for each time t, the supremum of the norm of the process up to t is integrable, then the process is of class DL, meaning its stopped values up to any time form a uniformly integrable family."
"1","0.9296761751174927","i2f","True","a4dee7c9-88d4-4d97-b61e-da2e2109222f","informal","lemma","Lean Community","The Polynomial Freiman-Ruzsa Conjecture","teorth/pfr","https://teorth.github.io/pfr/blueprint.pdf","","11.4","PFR_projection'","For random variables X and Y taking values in the d-dimensional vector space over the finite field with two elements, there exists a subgroup H such that the logarithm of the size of H is bounded in terms of the entropies of X and Y, and the sum of the entropies of their projections modulo H is bounded by a constant multiple of the dimension d tim…","e4e0eff3-7c7d-4272-94af-dcdc2dfc7048","formal","theorem","Lean Repo","pfr","pfr","","PFR_projection'","","","For random variables X and Y taking values in the group (Z/2Z)^d, and for any alpha between 0 and 1, there exists a subgroup H of (Z/2Z)^d such that the logarithm of the size of H is bounded by a constant multiple of the sum of the entropies of X and Y, and the sum of the entropies of the projections of X and Y onto the quotient group (Z/2Z)^d / H…"
"1","0.9294477105140686","i2f","True","7226b099-62b0-4f93-9979-92679e7307f5","informal","theorem","Lean Community","The Polynomial Freiman-Ruzsa Conjecture","teorth/pfr","https://teorth.github.io/pfr/blueprint.pdf","","10.4","approx_hom_pfr","If a function between two finite abelian 2-groups satisfies the homomorphism property f(x+y) = f(x) + f(y) for at least a 1/K fraction of all pairs (x,y), then the function is close to an affine function: it agrees with some function of the form phi(x) + c on at least a 1/(2^144 * K^122) fraction of the group elements, where phi is a true homomorp…","7c70b15a-7ee2-47a6-8715-0a9affdaa1e1","formal","theorem","Lean Repo","pfr","pfr","","approx_hom_pfr","","","If a function between two finite abelian groups of exponent 2 approximately preserves addition for at least a 1/K fraction of input pairs, then it is close to a true group homomorphism plus a constant shift, matching this homomorphism plus constant on at least a 1/(2^144 * K^122) fraction of the group."
"1","0.9293107390403748","i2f","False","79bd95d0-7829-4b42-b4ea-ab9670812ff9","informal","corollary","Lean Community","The Polynomial Freiman-Ruzsa Conjecture","teorth/pfr","https://teorth.github.io/pfr/blueprint.pdf","","2.24","ProbabilityTheory.entropy_pair_eq_add","The entropy of two random variables together equals the sum of their individual entropies if and only if the variables are independent.","1feb0be9-6d77-4215-8579-1318a6542881","formal","theorem","Lean Repo","pfr","pfr","","ProbabilityTheory.IndepFun.entropy_pair_eq_add","","","If two random variables X and Y are independent, the entropy of the pair (X, Y) equals the sum of their individual entropies. This means the total uncertainty in the pair is just the sum of the uncertainties in X and in Y. The result holds when X and Y have finite ranges and are measurable functions on a probability space."
"1","0.9293045997619629","i2f","False","2535e280-a95d-423b-bffd-c56de21df6e3","informal","lemma","Lean Community","The Polynomial Freiman-Ruzsa Conjecture","teorth/pfr","https://teorth.github.io/pfr/blueprint.pdf","","3.10","ProbabilityTheory.IdentDistrib.rdist_congr","If X' and Y' are copies of X and Y, then the Ruzsa distance between X' and Y' is the same as the Ruzsa distance between X and Y.","3e39840a-cde4-4342-a949-760ef1b082c8","formal","theorem","Lean Repo","pfr","pfr","","ProbabilityTheory.IdentDistrib.rdist_congr_left","","","If two random variables X and Y have copies X' and Y that follow the same distributions, then the Ruzsa distance between X and Y is the same as the Ruzsa distance between X' and Y."
"1","0.9288073778152466","i2f","False","f450be78-fd53-4a00-befe-8547c384471b","informal","theorem","Lean Community","Sphere Packing in Dimension 8","thefundamentaltheor3m/Sphere-Packing-Lean","https://thefundamentaltheor3m.github.io/Sphere-Packing-Lean/blueprint.pdf","","4.7","SchwartzMap.PoissonSummation_Lattices","The sum of a smooth, rapidly decaying function over all points of a lattice shifted by a vector equals the sum of its Fourier transform over the dual lattice, scaled by the volume of the lattice and modulated by a complex exponential. This relates function values on a lattice to its Fourier values on the dual lattice. The formula holds for functio…","c1a4e6a2-0c83-4627-8fd4-1d1cdfd89ca8","formal","theorem","Lean Repo","sphere-packing-math-inc","sphere-packing-math-inc","","SchwartzMap.poissonSummation_lattice","","","The sum of a rapidly decaying smooth function over all points of a full-rank integer lattice equals a scaled sum of its Fourier transform over the dual lattice, with the scaling determined by the volume of the lattice's fundamental domain. The phase factor in the sum involves the complex exponential of an inner product between the shift vector and…"
"1","0.928546667098999","i2f","True","248afe9e-9ba4-4008-9305-61b79f93fedb","informal","definition","Lean Community","Sphere Packing in Dimension 8","thefundamentaltheor3m/Sphere-Packing-Lean","https://thefundamentaltheor3m.github.io/Sphere-Packing-Lean/blueprint.pdf","","1.13","PeriodicSpherePackingConstant","The periodic sphere packing constant in d dimensions is the highest possible density achieved by any periodic arrangement of non overlapping spheres in d dimensional space. It is found by taking the supremum of the density over all periodic packings in R d.","2dca38dd-df8a-4e27-ae56-bb8ba9adaf70","formal","definition","Lean Repo","sphere-packing-math-inc","sphere-packing-math-inc","","PeriodicSpherePackingConstant","","","The PeriodicSpherePackingConstant in dimension d is the least upper bound of the densities of all periodic sphere packings in that dimension, where density measures how much space the spheres fill. It is expressed as a value in the extended non-negative real numbers (ENNReal)."
"1","0.9283524751663208","i2f","True","3e849e2c-75c1-495b-a72b-a896c61b7a42","informal","definition","Lean Community","Toric varieties","YaelDillies/toric","https://YaelDillies.github.io/toric/blueprint.pdf","","2.3.22","Bialgebra.IsDiagonalisable","A bialgebra is diagonalizable if it has the same structure as a group algebra. This means its elements and operations can be matched exactly with those of a group algebra. Diagonalizable bialgebras inherit properties from group algebras, such as commutativity or basis elements corresponding to group elements.","025faf14-5ea4-4837-8773-3435ecc98e34","formal","class","Lean Repo","toric","toric","","Bialgebra.IsDiagonalisable","","","A bialgebra is diagonalisable if it has the same structure as a group algebra over a commutative ring. This means there is a bijective correspondence between the bialgebra and a group algebra that preserves operations. The property depends on the base ring being commutative and the algebra having a compatible bialgebra structure."
"1","0.9283105134963989","i2f","True","0763a243-6b20-46d0-a0c9-8e659b71bb91","informal","lemma","Lean Community","The Polynomial Freiman-Ruzsa Conjecture","teorth/pfr","https://teorth.github.io/pfr/blueprint.pdf","","2.13","ProbabilityTheory.chain_rule, ProbabilityTheory.chain_rule'","The total uncertainty of two random variables together equals the uncertainty of one plus the average uncertainty of the first given the second.","716f6057-b1a5-4302-9e62-c2f15c377457","formal","theorem","Lean Repo","pfr","pfr","","ProbabilityTheory.chain_rule","","","The total uncertainty of two random variables together equals the uncertainty of one plus the average uncertainty of the other given the first. This rule holds when both variables have finitely many possible values and are measurable functions on a probability space. The joint entropy H[X, Y] is the sum of the entropy of Y and the conditional entr…"
"1","0.9274787306785583","i2f","False","7b1668f3-2287-4e2e-b23b-4fb44b82e85e","informal","lemma","Lean Community","Brownian motion project","RemyDegenne/brownian-motion","https://RemyDegenne.github.io/brownian-motion/blueprint.pdf","","2.2.31","MeasurableSet.isPavingAnalytic_Icc_real","Every measurable subset of the real numbers is analytic with respect to the family of closed intervals on the real line. This means the collection of measurable sets is contained within the class of analytic sets generated by closed intervals.","252314e7-fe73-4c52-ace0-03c6772551da","formal","theorem","Lean Repo","brownian-motion","brownian-motion","","MeasureTheory.IsPavingAnalytic_measurableSet_iff_isPavingAnalytic_Icc","","","A set of real numbers is analytic with respect to the collection of all measurable sets if and only if it is analytic with respect to the collection of all closed intervals. This means that the property of being an analytic set does not change when you switch between using general measurable sets and just closed intervals in the definition. The eq…"
"1","0.9269539713859558","i2f","True","f359642c-959a-426a-bae9-e4618654701e","informal","theorem","Lean Community","Sphere Packing in Dimension 8","thefundamentaltheor3m/Sphere-Packing-Lean","https://thefundamentaltheor3m.github.io/Sphere-Packing-Lean/blueprint.pdf","","3.11","E8Packing_density","The density of the E8 lattice sphere packing in 8-dimensional space is equal to pi to the fourth power divided by 384.","ec3abeca-54a6-4546-9ef2-58a68889d08a","formal","theorem","Lean Repo","sphere-packing-math-inc","sphere-packing-math-inc","","E8Packing_density","","","The density of the E8 sphere packing in 8-dimensional space is equal to pi raised to the fourth power, divided by 384, where density measures the proportion of space filled by the spheres in the packing. This value is expressed as a nonnegative real number, possibly infinite, using the extended nonnegative real number system. The result confirms t…"
"1","0.9259745478630066","i2f","True","edbc07ba-a5d8-4f46-9c77-660a58a13d9a","informal","definition","Lean Community","Brownian motion project","RemyDegenne/brownian-motion","https://RemyDegenne.github.io/brownian-motion/blueprint.pdf","","2.3.2","ProbabilityTheory.IsLocalizingSequence","A localizing sequence is a sequence of stopping times that increases over time and eventually reaches infinity almost surely.","14ce5d66-43d0-4c4a-99b6-c2afb92eb11e","formal","structure","Lean Repo","brownian-motion","brownian-motion","","ProbabilityTheory.IsLocalizingSequence","","","A localizing sequence is a sequence of stopping times that increases almost surely and goes to infinity almost surely, with respect to a given filtration and probability measure. It combines the conditions of being a pre-localizing sequence with almost sure monotonicity over time. The sequence takes values in a preordered, topological index type e…"
"1","0.9257456064224243","i2f","True","e62d655a-90e8-4ae2-a767-ea8cbc96d8f6","informal","lemma","Lean Community","The Polynomial Freiman-Ruzsa Conjecture","teorth/pfr","https://teorth.github.io/pfr/blueprint.pdf","","13.3","KLDiv_nonneg","The Kullback-Leibler divergence from distribution X to distribution Y is always greater than or equal to zero. This means that X is at least as close to itself as it is to any other distribution Y. Equality holds only when X and Y are identical.","6c6b5f0e-cc64-46a1-8e6d-cc39208cf704","formal","theorem","Lean Repo","pfr","pfr","","KLDiv_nonneg","","","The Kullback-Leibler divergence between two probability distributions X and Y is always greater than or equal to zero. This means that the information difference from Y to X cannot be negative, with equality only when X and Y produce the same distribution. The result holds under conditions ensuring that X and Y are measurable functions and that X …"
"1","0.9254711866378784","i2f","True","ce405e00-d539-4081-b616-f7ac0e5a1272","informal","lemma","Lean Community","The Polynomial Freiman-Ruzsa Conjecture","teorth/pfr","https://teorth.github.io/pfr/blueprint.pdf","","2.3","ProbabilityTheory.entropy_le_log_card, ProbabilityTheory.entropy_le_log_card_of_mem","If X is a random variable taking values in a finite set S, then the entropy of X is less than or equal to the logarithm of the size of S.","8ddd6bef-7bda-4374-8009-9251ecca0a0d","formal","theorem","Lean Repo","pfr","pfr","","ProbabilityTheory.entropy_le_log_card_of_mem","","","If a random variable X takes values in a finite set A almost surely, then its entropy is less than or equal to the natural logarithm of the number of elements in A."
"1","0.9253281950950623","i2f","True","21f3a427-f67e-490c-87a7-70c17f68eb31","informal","lemma","Lean Community","The Polynomial Freiman-Ruzsa Conjecture","teorth/pfr","https://teorth.github.io/pfr/blueprint.pdf","","11.5","PFR_projection","For random variables X and Y taking values in the vector space F_2^d, there exists a subgroup H of F_2^d such that the size of H is bounded in terms of the entropies of X and Y, and the sum of the entropies of the projected variables X and Y onto the quotient space G/H is at most 34 times the dimension d times their mutual information.","f60acedd-3158-4cec-9708-b5f4da038d41","formal","theorem","Lean Repo","pfr","pfr","","PFR_projection","","","If X and Y are random variables taking values in the group of d-dimensional binary vectors, then there exists a subgroup H of this group such that the logarithm of the size of H is at most twice the sum of the entropies of X and Y, and the sum of the entropies of the projections of X and Y onto the quotient group G/H is at most 34 times the mutual…"
"1","0.9251954555511475","i2f","True","f7544ad3-7504-44d5-ae84-cc2e4d725cbe","informal","lemma","Lean Community","Brownian motion project","RemyDegenne/brownian-motion","https://RemyDegenne.github.io/brownian-motion/blueprint.pdf","","2.1.72","MeasureTheory.tendsto_stoppedValue_discreteApproxSequence","If a process is right continuous and you have a sequence of stopping times that approximate a given stopping time from above, then the values of the process at these approximating times converge almost surely to the value at the stopping time.","288e068b-ea9a-4187-9cf8-cb2f978fd0ce","formal","theorem","Lean Repo","brownian-motion","brownian-motion","","MeasureTheory.tendsto_stoppedValue_discreteApproxSequence","","","For a right-continuous process X and a stopping time τ, if τn is a sequence of discrete approximations of τ that converges to τ from above almost surely, then the stopped values of X at τn converge almost surely to the stopped value of X at τ as n goes to infinity."
"1","0.9249749779701233","i2f","True","70eca2d9-ab9b-40dc-b9d9-c599276468d9","informal","definition","Lean Community","Class Field Theory","kbuzzard/ClassFieldTheory","https://kbuzzard.github.io/ClassFieldTheory/blueprint.pdf","","56","Representation.herbrandQuotient, Rep.herbrandQuotient","For a finite cyclic group G and a representation M, the Herbrand quotient is the ratio of the size of the 0th Tate cohomology group to the size of the 1st Tate cohomology group; if either group is infinite, the quotient is defined to be 0. This quotient is well-defined due to the periodicity of Tate cohomology, which repeats every two degrees.","5891ceb5-39b2-44d3-8937-a08c03b9dc4c","formal","definition","Lean Repo","ClassFieldTheory","ClassFieldTheory","","Representation.herbrandQuotient","","","The Herbrand quotient of a representation is the ratio of the size of its zeroth Tate cohomology group to the size of its minus-first Tate cohomology group, both of which are finite groups when the group is finite and cyclic. It is defined for representations over a commutative ring with a finite cyclic group action. The result is a rational numbe…"
"1","0.9243485927581787","i2f","True","5c7f92f0-3097-4fbd-9e40-4fa91e56a1d4","informal","lemma","Lean Community","Brownian motion project","RemyDegenne/brownian-motion","https://RemyDegenne.github.io/brownian-motion/blueprint.pdf","","1.6.9","ProbabilityTheory.hasLaw_brownian_eval","The value of a Brownian motion at any positive time t follows a normal distribution with mean 0 and variance t.","3c34505f-411c-4524-a595-7650bc41f1fe","formal","theorem","Lean Repo","brownian-motion","brownian-motion","","ProbabilityTheory.hasLaw_brownian_eval","","","At any fixed time t, the value of a Brownian motion process has a normal distribution with mean 0 and variance t, under the given probability measure."
"1","0.9239876866340637","i2f","True","685abaf8-bf4d-44f5-9711-cce076b222d2","informal","definition","Lean Community","Brownian motion project","RemyDegenne/brownian-motion","https://RemyDegenne.github.io/brownian-motion/blueprint.pdf","","2.7.10","ProbabilityTheory.IsSquareIntegrable","A square integrable martingale is a càdlàg stochastic process indexed by a linearly ordered set with a filtration, such that the supremum of the L2 norms of its values over time is finite. This means the process is right-continuous with left limits and has uniformly bounded second moments.","97a5923a-d172-42cc-b35f-041254cc78f6","formal","structure","Lean Repo","brownian-motion","brownian-motion","","ProbabilityTheory.IsSquareIntegrable","","","A square integrable martingale is a stochastic process indexed over a linearly ordered topological space, taking values in a complete normed real vector space, where the process is adapted to a filtration, has right-continuous paths with left limits (cadlag), and the expected value of the square of the process is uniformly bounded over time."
"1","0.9238216280937195","i2f","True","d7b64ae3-60ce-4343-8a32-4b0f1e156b92","informal","lemma","Lean Community","Fermat's Last Theorem","ImperialCollegeLondon/FLT","https://ImperialCollegeLondon.github.io/FLT/blueprint.pdf","","10.26","Topology.IsOpenEmbedding.isHaarMeasure_comap","If f is a group homomorphism and an open embedding between two locally compact topological groups, then pulling back a Haar measure on the target group along f gives a Haar measure on the source group.","bd01f19f-b2f4-4274-a6a9-a6b8358fc5e3","formal","theorem","Lean Repo","FLT","FLT","","Topology.IsOpenEmbedding.isHaarMeasure_comap","","","If a group homomorphism between two topological groups is an open embedding, then the pullback of a Haar measure on the target group through this map gives a Haar measure on the source group. This means the resulting measure is invariant under left multiplication, finite on compact sets, and positive on nonempty open sets. The comap operation tran…"
"1","0.9235848784446716","i2f","True","ca10a9b5-bc07-44e4-ac75-a8d61b6ebc63","informal","lemma","Lean Community","The Polynomial Freiman-Ruzsa Conjecture","teorth/pfr","https://teorth.github.io/pfr/blueprint.pdf","","2.23","ProbabilityTheory.mutualInfo_eq_zero","If two random variables X and Y have zero mutual information, then they are independent, and if they are independent, their mutual information is zero. This means mutual information being zero is a two-way test for independence.","2bab6d00-3b6c-48f8-b946-3ed4feafa2a5","formal","theorem","Lean Repo","pfr","pfr","","ProbabilityTheory.mutualInfo_eq_zero","","","The mutual information between two random variables X and Y is zero if and only if X and Y are independent. This means that knowing the value of one variable gives no information about the other. The result holds for finite-range measurable functions on a probability space."
"1","0.923443078994751","i2f","True","1a1631f1-f992-4c6b-b33c-8e38fd0d0295","informal","lemma","Lean Community","The Polynomial Freiman-Ruzsa Conjecture","teorth/pfr","https://teorth.github.io/pfr/blueprint.pdf","","13.21","rhoMinus_of_sum, rhoPlus_of_sum, rho_of_sum","For independent random variables X and Y, the lower bound of the rho function for the sum X+Y is at most the lower bound for X, the upper bound for X+Y is at most the upper bound for X plus the difference in entropy between X+Y and X, and the overall rho value for X+Y is at most the rho value for X plus half the entropy difference between X+Y and …","47a6ae90-269f-42f2-9780-94c4c850bdb7","formal","theorem","Lean Repo","pfr","pfr","","rho_of_sum","","","If two random variables X and Y are independent, the rho value of their sum is at most the rho value of X plus half the difference between the entropy of their sum and the entropy of X."
"1","0.9231458902359009","i2f","True","b15d1b70-b102-487d-b818-9aaa3aadfde0","informal","theorem","Lean Community","The Polynomial Freiman-Ruzsa Conjecture","teorth/pfr","https://teorth.github.io/pfr/blueprint.pdf","","11.9","weak_PFR","If a finite non-empty set A in the d-dimensional integers has small doubling in terms of U_A, then there is a relatively large subset A' of A, containing at least a K to the power of -17 fraction of A, and the dimension of A' is at most about 57 times the log of K.","940ade0b-0eba-4a72-a993-158b39db2572","formal","theorem","Lean Repo","pfr","pfr","","weak_PFR","","","If a finite non-empty set A of integer lattice points in d dimensions has small doubling (measured by the log of K), then there is a non-empty subset A' of A that is at least K^(-17) times as large as A and lies in an affine subspace of dimension at most (40 / log 2) * log K."
"1","0.92289137840271","i2f","False","04ceee02-7044-4d35-89ef-21901251041a","informal","theorem","Lean Community","Fermat's Last Theorem for regular primes","leanprover-community/flt-regular","https://github.com/leanprover-community/flt-regular","","4.7","FltRegular.caseI","For an odd regular prime p, there are no integer solutions to the equation x^p + y^p = z^p when the product xyz is not divisible by p.","9e0c848f-ca2d-414d-a403-a7642e6bc852","formal","theorem","Lean Repo","flt-regular","flt-regular","","FltRegular.not_exists_Int_solution'","","","There are no integers x, y, z such that x^p + y^p = z^p when p is an odd prime number, z is divisible by p, z is not zero, and the greatest common divisor of x, y, z is 1, provided that p is a regular prime."
"1","0.9228872656822205","i2f","False","43cb9e8b-a38d-499f-b169-9de77f44310b","informal","lemma","Lean Community","Brownian motion project","RemyDegenne/brownian-motion","https://RemyDegenne.github.io/brownian-motion/blueprint.pdf","","1.5.8","Metric.packingNumber_two_mul_le_externalCoveringNumber","The number of points that can be packed in a set A with minimum distance 2*epsilon apart is less than or equal to the number of balls of radius epsilon needed to cover the set A.","1ea86be3-f440-4f43-9168-36c3c1e1abba","formal","theorem","Lean Repo","misc-yd","misc-yd","","Metric.epackingNum_two_mul_le_ecoveringNum","","","The number of points you can pack in a set such that each pair is at least 2ε apart is at most the smallest number of ε-balls needed to cover the set."
"1","0.9226484894752502","i2f","False","4218bc32-1125-4b6a-928d-1e0a10f7f5eb","informal","definition","Lean Community","Brownian motion project","RemyDegenne/brownian-motion","https://RemyDegenne.github.io/brownian-motion/blueprint.pdf","","2.3.33","ProbabilityTheory.ClassD","A stochastic process is of class D if it is progressively measurable and the collection of its values at all finite stopping times forms a uniformly integrable set.","68b74f1a-9c41-4bb6-912f-f1fd909bf3b6","formal","theorem","Lean Repo","brownian-motion","brownian-motion","","ProbabilityTheory.classD_of_uniformIntegrable_bounded_stoppingTime","","","If the values of a stochastic process stopped at any bounded stopping time are uniformly integrable, and the process is progressively measurable, then the process is of class D, meaning it is adapted and the collection of its values at all finite stopping times is uniformly integrable."
"1","0.922233521938324","i2f","False","a235f18a-d480-4ae8-ad2a-de088f381b35","informal","lemma","Lean Community","Brownian motion project","RemyDegenne/brownian-motion","https://RemyDegenne.github.io/brownian-motion/blueprint.pdf","","2.2.34","MeasureTheory.isPavingAnalytic_fst_of_image2_prod_measurableSet_Icc","If a set in the product of a measurable space and the real numbers is analytic with respect to the product of the measurable sets and intervals, then its projection onto the measurable space is also analytic.","b98d32cf-b2cf-41db-9bc9-ffba763980b7","formal","theorem","Lean Repo","brownian-motion","brownian-motion","","MeasurableSet.isPavingAnalytic_fst","","","If a set s in the product of a measurable space and the real numbers is measurable, then its projection onto the first component is analytic with respect to the paving of measurable sets."
"1","0.9218839406967163","i2f","False","59b20933-f998-4a34-828a-33d01061348d","informal","definition","Lean Community","The Polynomial Freiman-Ruzsa Conjecture","teorth/pfr","https://teorth.github.io/pfr/blueprint.pdf","","3.19","condRuzsaDist","The conditioned Ruzsa distance measures the average distance between two random variables X and Y given the values of other random variables Z and W, by summing the Ruzsa distances over all possible conditions weighted by their probabilities. It extends the Ruzsa distance to conditional distributions by averaging over the conditioning variables.","c1f7dcbe-f89b-4e52-aab4-4e40a41eeb06","formal","theorem","Lean Repo","pfr","pfr","","condRuzsaDist_def","","","The conditional Ruzsa distance between two random variables X and Y, given Z and W respectively, is defined as the Ruzsa distance between the conditional distributions of X given Z and Y given W, after pushing forward the measures through the conditioning variables. It uses the structure of a countable abelian group and finite measures to quantify…"
"1","0.9213409423828125","i2f","False","8e265ed7-b9c2-4d9c-8407-56404e74f85f","informal","lemma","Lean Community","Brownian motion project","RemyDegenne/brownian-motion","https://RemyDegenne.github.io/brownian-motion/blueprint.pdf","","2.3.20","ProbabilityTheory.Locally.isCadlag","A stochastic process is locally cadlag exactly when it is cadlag almost surely. This means the process has right-continuous paths with left limits at every point, except possibly on a set of outcomes with probability zero. The property holds locally if it holds up to a sequence of stopping times. The two conditions are equivalent.","7bfbeedf-abec-4a73-8883-341cf20b712c","formal","theorem","Lean Repo","brownian-motion","brownian-motion","","ProbabilityTheory.locally_isCadlag_iff_locally_ae","","","A stochastic process has cadlag sample paths locally if and only if it has cadlag sample paths almost everywhere locally, with respect to a given filtration and finite measure. This means the process is right-continuous and has left limits at every point for almost all outcomes, when restricted to a sequence of stopping times. The result holds und…"
"1","0.9212348461151123","i2f","True","03500478-3adc-44a9-9236-8bfb59e03ab6","informal","definition","Lean Community","Fermat's Last Theorem","ImperialCollegeLondon/FLT","https://ImperialCollegeLondon.github.io/FLT/blueprint.pdf","","5.10","QHat","The profinite completion of the rational numbers is formed by taking the tensor product of the rationals with the profinite completion of the integers. This combines the rational numbers with the structure of all finite quotients of the integers. The result is a topological ring that encodes arithmetic information about finite extensions of the in…","76a47a00-3935-443d-bc9f-aebe17e0a3e8","formal","definition","Lean Repo","FLT","FLT","","QHat","","","The profinite completion of the rational numbers, called QHat, is defined as the tensor product of the rationals (Q) with the profinite completion of the integers (ZHat), where ZHat is the ring of compatible sequences of integers modulo N for all positive integers N. This construction combines the rational numbers with the profinite integers in a …"
"1","0.9211502075195312","i2f","False","6af016c8-1fa5-4704-a02a-7c3197028f9d","informal","lemma","Lean Community","Arithmetic Progressions - Almost Periodicity","YaelDillies/apap","https://YaelDillies.github.io/apap/blueprint.pdf","","2.2","rudin_exp_ineq","If a complex-valued function on a group has a discrete Fourier transform supported on a dissociated set, then the average of the exponential of its real part is at most the exponential of half its squared L2 norm; moreover, the average of the exponential of its absolute value is at most twice that same quantity.","d62fe003-e25f-4bbc-a538-d0988fd4efca","formal","theorem","Lean Repo","apap","apap","","rudin_exp_abs_ineq","","","For a complex-valued function f defined on a finite abelian group, if the support of its Fourier transform is dissociated (meaning no two different signed sums of its elements are equal), then the average of the exponential of the absolute real part of f over the group is at most twice the exponential of half the square of the L2 norm of f."
"1","0.9210317134857178","i2f","True","897ed073-073a-4988-88ec-934acba213ab","informal","proposition","Lean Community","Toric varieties","YaelDillies/toric","https://YaelDillies.github.io/toric/blueprint.pdf","","2.3.31","MonoidAlgebra.mapDomainBialgHomMulEquiv, AddMonoidAlgebra.mapDomainBialgHomAddEquiv, commGrpAlg.fullyFaithful, commGrpAlg.instFull, commGrpAlg.instFaithful","The group algebra functor, which sends a group G to its group algebra R[G] over a domain R, is fully faithful, meaning it preserves all structure and relationships between groups when mapping them into the category of Hopf algebras over R.","d60ff2bc-3bee-489d-9972-66115e58352b","formal","definition","Lean Repo","toric","toric","","commGrpAlg.fullyFaithful","","","The group algebra functor over a commutative ring R, when R is a domain, maps commutative groups and their homomorphisms to commutative Hopf algebras and their morphisms in a way that every homomorphism between group algebras comes from exactly one group homomorphism. This means the functor is fully faithful, preserving all structure between the c…"
"1","0.9199461936950684","i2f","True","c8f9bb73-7fdc-41bf-97da-41603b43f441","informal","theorem","Lean Community","Brownian motion project","RemyDegenne/brownian-motion","https://RemyDegenne.github.io/brownian-motion/blueprint.pdf","","2.2.47","MeasureTheory.IsPavingAnalytic.isCapacitable","If a family of sets includes the empty set and is closed under finite unions and intersections, and if a capacity is defined on this family, then every analytic set in this family can be approximated from within by sets in the family with respect to the capacity.","402e1bba-ba94-42dc-8e55-acf7789a0c28","formal","theorem","Lean Repo","brownian-motion","brownian-motion","","MeasureTheory.IsPavingAnalytic.isCapacitable","","","If a collection of sets contains the empty set and is closed under finite intersections and finite unions, then any analytic set with respect to that collection can have its capacity approximated from above by sets in the collection."
"1","0.9193959832191467","i2f","True","502f795e-7eb4-4eb3-ab3e-19a2e5fc39ea","informal","lemma","Lean Community","The Polynomial Freiman-Ruzsa Conjecture","teorth/pfr","https://teorth.github.io/pfr/blueprint.pdf","","2.16","ProbabilityTheory.mutualInfo_comm, ProbabilityTheory.mutualInfo_eq_entropy_sub_condEntropy","Mutual information between two random variables X and Y is symmetric, meaning the information X gives about Y is the same as the information Y gives about X. It can be calculated as the difference between the entropy of one variable and the conditional entropy of that variable given the other. This measures how much knowing one variable reduces un…","c985b502-61f4-4ad4-b28e-3cab9212d730","formal","theorem","Lean Repo","pfr","pfr","","ProbabilityTheory.mutualInfo_comm","","","The mutual information between two random variables X and Y is the same regardless of the order, meaning the amount of information X gives about Y is equal to the amount Y gives about X. This holds when both variables are measurable and take values in countable spaces where individual outcomes can be measured. The result follows from the symmetric…"
"1","0.9192329049110413","i2f","True","76f1e5cb-d856-41a5-be5c-308b88b9ef77","informal","lemma","Lean Community","Brownian motion project","RemyDegenne/brownian-motion","https://RemyDegenne.github.io/brownian-motion/blueprint.pdf","","2.1.74","MeasureTheory.uniformIntegrable_stoppedValue_discreteApproxSequence","If a stopping time is bounded and approximated by a sequence of discrete stopping times, then the values of a martingale stopped at these discrete times form a uniformly integrable sequence.","e2a201e6-0b59-42db-ad0f-1374de2e77b1","formal","theorem","Lean Repo","brownian-motion","brownian-motion","","MeasureTheory.uniformIntegrable_stoppedValue_discreteApproxSequence","","","If X is a martingale and tau is a bounded stopping time, then the sequence of stopped values of X at a discrete approximation of tau is uniformly integrable with respect to the given finite measure."
"1","0.919022798538208","i2f","False","431d6b3f-6cce-4e44-bf75-e3644754bc80","informal","definition","Lean Community","Toric varieties","YaelDillies/toric","https://YaelDillies.github.io/toric/blueprint.pdf","","4.3.1","AlgebraicGeometry.Scheme.SplitTorus, AlgebraicGeometry.Scheme.Diag.canonicallyOver","The split torus over a scheme S is the product of n copies of the multiplicative group scheme, obtained by pulling back the algebraic torus defined over the integers to the scheme S.","18c70044-666d-4f40-89fb-f672339e6142","formal","class","Lean Repo","toric","toric","","AlgebraicGeometry.Scheme.IsSplitTorusOver","","","A split torus over a scheme S is a group scheme G over S that is isomorphic to a product of copies of the multiplicative group scheme over S, meaning it behaves like a standard algebraic torus defined over the base scheme."
"1","0.91878342628479","i2f","True","a4a176fd-b5ea-47fe-b08f-47bd229f9492","informal","definition","Lean Community","Brownian motion project","RemyDegenne/brownian-motion","https://RemyDegenne.github.io/brownian-motion/blueprint.pdf","","2.4.9","ProbabilityTheory.SimpleProcess.integral","The general elementary stochastic integral of a simple process V with respect to a stochastic process X, using a continuous bilinear map B, is defined as a sum involving increments of X and the values of V, resulting in a new process taking values in a normed space G.","e77688b7-5155-424c-8135-08c63f1cd042","formal","definition","Lean Repo","brownian-motion","brownian-motion","","ProbabilityTheory.SimpleProcess.integral","","","This defines the elementary stochastic integral of a simple process with respect to a continuous bilinear map B, producing a new process that takes values in a normed space G and evolves over time and probability space. The integral combines two inputs—a simple predictable process V and a pathwise measurable process X—using B to output a process i…"
"1","0.9184364080429077","i2f","False","50c6fe24-8150-4b95-8ee8-1f42c4717a2a","informal","definition","Lean Community","Brownian motion project","RemyDegenne/brownian-motion","https://RemyDegenne.github.io/brownian-motion/blueprint.pdf","","2.2.8","IsCompactSystem","A set of sets is called a compact system if, whenever a countable collection of its sets has an empty overall intersection, then some finite number of those sets already have an empty intersection.","a1cf4a19-9d27-4e86-ac70-b4fb0d9a948f","formal","thm","Lean Repo","brownian-motion","brownian-motion","","IsCompactSystem.iInter_eq_empty","","","If a compact system has a countable family of sets whose overall intersection is empty, then there exists a finite subfamily of those sets whose intersection is also empty."
"1","0.9183433055877686","i2f","True","97895080-f3e4-45cc-baef-b2c07340a13f","informal","definition","Lean Community","Brownian motion project","RemyDegenne/brownian-motion","https://RemyDegenne.github.io/brownian-motion/blueprint.pdf","","2.2.53","MeasureTheory.MonotoneClass","A monotone class is a collection of subsets that includes the limit of any increasing sequence of sets or decreasing sequence of sets from the collection. It stays closed when taking countable unions of growing sets or countable intersections of shrinking sets. The smallest such class containing a given family of sets is called the monotone class …","967400da-b97c-4a18-9336-727c6744d0c5","formal","structure","Lean Repo","brownian-motion","brownian-motion","","MeasureTheory.MonotoneClass","","","A monotone class is a set of subsets of a given type that includes the limit of every increasing sequence of its sets and every decreasing sequence of its sets. It is closed under countable unions of increasing sequences and countable intersections of decreasing sequences. This structure is used to study properties of measures in measure theory."
"1","0.9180467128753662","i2f","True","ef636974-ba49-4a4c-8631-a0d8237b7613","informal","lemma","Lean Community","Brownian motion project","RemyDegenne/brownian-motion","https://RemyDegenne.github.io/brownian-motion/blueprint.pdf","","2.2.15","IsCompactSystem.image2_prod","The product of two compact systems is also a compact system.","b37e7e0b-1b91-4744-af08-d5c467297b88","formal","theorem","Lean Repo","brownian-motion","brownian-motion","","IsCompactSystem.image2_prod","","","If two collections of sets are compact systems, then the collection of all products (pairs) of sets from each system is also a compact system."
"1","0.91794753074646","i2f","False","a69dafc2-9108-4dd2-8a68-38a45ddb1af1","informal","definition","Lean Community","The Polynomial Freiman-Ruzsa Conjecture","teorth/pfr","https://teorth.github.io/pfr/blueprint.pdf","","2.25","ProbabilityTheory.condMutualInfo","The conditional mutual information of X and Y given Z is the average, over all values z of Z, of the mutual information between X and Y when Z is fixed at z, weighted by the probability that Z equals z.","e0e6926a-8f86-428c-a22c-c36f7ef456ce","formal","theorem","Lean Repo","pfr","pfr","","ProbabilityTheory.condMutualInfo_eq_integral_mutualInfo","","","The conditional mutual information between two random variables X and Y given a third variable Z is equal to the average of the mutual information between X and Y over each possible value of Z, where the average is taken with respect to the distribution of Z. This means conditioning on Z and then integrating the resulting mutual information across…"
"1","0.9178856611251831","i2f","True","1aab8a07-969e-41f9-a19b-718d21ee1ef4","informal","lemma","Lean Community","The Polynomial Freiman-Ruzsa Conjecture","teorth/pfr","https://teorth.github.io/pfr/blueprint.pdf","","3.22","ProbabilityTheory.condIndep_copies","There exist random variables X1, X2, and Y' such that the pairs (X1, Y') and (X2, Y') each have the same joint distribution as (X, Y), and X1 and X2 are conditionally independent given Y'.","e7f2f93a-7b31-4243-8247-4d9ea5630660","formal","theorem","Lean Repo","pfr","pfr","","ProbabilityTheory.condIndep_copies","","","Given two random variables X and Y, where Y takes values in a finite or countable space, there exists a new probability space with two copies of X (called X1 and X2) and a copy of Y (called Y') such that X1 and X2 are conditionally independent given Y', and the joint distributions of (X1, Y') and (X2, Y') match the original distribution of (X, Y)."
"1","0.9176310896873474","i2f","True","f70e8691-7502-49a8-9876-a3262f05f473","informal","definition","Lean Community","Brownian motion project","RemyDegenne/brownian-motion","https://RemyDegenne.github.io/brownian-motion/blueprint.pdf","","2.1.70","MeasureTheory.DiscreteApproxSequence","A discrete approximation sequence is a sequence of stopping times where each stopping time takes on only countably many values, and the sequence decreases almost surely to a given stopping time as n goes to infinity.","3066d54e-9c1f-4cff-992c-52d5cef550ad","formal","structure","Lean Repo","brownian-motion","brownian-motion","","MeasureTheory.DiscreteApproxSequence","","","A discrete approximation sequence for a random time τ is a sequence of stopping times, each taking values in a countable set, that converges to τ from above almost surely with respect to a given filtration and measure. It is used to approximate general stopping times by simpler, discrete ones in stochastic processes. The sequence respects the stru…"
"1","0.9174899458885193","i2f","True","50953fbe-a192-40b8-a848-67c1f86c846a","informal","lemma","Lean Community","The Polynomial Freiman-Ruzsa Conjecture","teorth/pfr","https://teorth.github.io/pfr/blueprint.pdf","","2.7","ProbabilityTheory.IsUniform.entropy_eq","If a random variable X is equally likely to take any value in a set H, then the entropy of X is the logarithm of the number of elements in H.","65a2ccfa-1633-4ee3-9f60-4cb46f9d6141","formal","theorem","Lean Repo","pfr","pfr","","ProbabilityTheory.IsUniform.entropy_eq","","","If a random variable X is uniformly distributed over a finite set H, then the entropy of X is equal to the natural logarithm of the number of elements in H. This means the uncertainty or information content of X depends only on the size of H and not on its specific elements. The result assumes X is measurable and that the underlying measure is a p…"
"1","0.9173730611801147","i2f","False","fe4938d5-549b-4c78-ab38-c9446fda80c0","informal","lemma","Lean Community","Brownian motion project","RemyDegenne/brownian-motion","https://RemyDegenne.github.io/brownian-motion/blueprint.pdf","","2.1.67","MeasureTheory.Martingale.stoppedValue_min_ae_eq_condExp","If X is a discrete time martingale and tau, sigma are stopping times with tau bounded, then the value of X at the minimum of tau and sigma equals the conditional expectation of X at tau given the information up to sigma, almost surely.","07e4bc5a-f494-43cf-a657-1a7d7c782384","formal","theorem","Lean Repo","brownian-motion","brownian-motion","","MeasureTheory.Martingale.stoppedValue_min_ae_eq_condExp_of_countable_range","","","If X is a martingale with right-continuous paths, and tau and sigma are stopping times with countable ranges such that tau is bounded above by some fixed time n, then the value of X at the minimum of tau and sigma is almost everywhere equal to the conditional expectation of the value of X at tau given the information up to sigma."
"1","0.9158556461334229","i2f","True","1b20f97d-76bf-48b1-b2ca-de0158729615","informal","lemma","Lean Community","The Polynomial Freiman-Ruzsa Conjecture","teorth/pfr","https://teorth.github.io/pfr/blueprint.pdf","","2.26","ProbabilityTheory.condMutualInfo_eq, ProbabilityTheory.condMutualInfo_eq'","The conditional mutual information between X and Y given Z can be calculated either as the sum of the conditional entropies of X and Y given Z minus the joint conditional entropy of X and Y given Z, or as the difference between the conditional entropy of X given Z and the conditional entropy of X given both Y and Z.","b3c3c9cb-8640-4376-b4bd-9971da36648d","formal","theorem","Lean Repo","pfr","pfr","","ProbabilityTheory.condMutualInfo_eq'","","","The conditional mutual information between X and Y given Z is equal to the difference between the conditional entropy of X given Z and the conditional entropy of X given both Y and Z. This holds for discrete, measurable functions X, Y, and Z defined on a probability space, with finite ranges. The result is expressed using standard information-theo…"
"1","0.9152312278747559","i2f","True","5f627c04-076c-424c-b1b1-71be1c223291","informal","definition","Lean Community","Sphere Packing in Dimension 8","thefundamentaltheor3m/Sphere-Packing-Lean","https://thefundamentaltheor3m.github.io/Sphere-Packing-Lean/blueprint.pdf","","1.5","SpherePackingConstant","The sphere packing constant in d dimensions is the highest possible density that can be achieved when packing identical spheres in d-dimensional space without overlapping. It is found by taking the maximum density over all possible arrangements of such packings.","c6467cd9-3d4f-4d0d-8933-86a190d2c598","formal","definition","Lean Repo","sphere-packing-math-inc","sphere-packing-math-inc","","SpherePackingConstant","","","The SpherePackingConstant in dimension d is the smallest number that is greater than or equal to the density of every possible arrangement of non-overlapping spheres in d-dimensional space, where density measures the fraction of space filled by the spheres as the region considered grows larger. This value is expressed as an extended nonnegative re…"
"1","0.9149713516235352","i2f","False","b50b2e6c-3ed5-41ef-8c1b-6939a5d82533","informal","theorem","Lean Community","Fermat's Last Theorem for regular primes","leanprover-community/flt-regular","https://github.com/leanprover-community/flt-regular","","4.12","FltRegular.caseII","For an odd regular prime p, there are no integer solutions to the equation x^p + y^p = z^p when p divides the product xyz.","9e0c848f-ca2d-414d-a403-a7642e6bc852","formal","theorem","Lean Repo","flt-regular","flt-regular","","FltRegular.not_exists_Int_solution'","","","There are no integers x, y, z such that x^p + y^p = z^p when p is an odd prime number, z is divisible by p, z is not zero, and the greatest common divisor of x, y, z is 1, provided that p is a regular prime."
"1","0.9148581027984619","i2f","True","15e5ff81-9b36-4bde-8072-af5590e3902f","informal","definition","Lean Community","The Polynomial Freiman-Ruzsa Conjecture","teorth/pfr","https://teorth.github.io/pfr/blueprint.pdf","","13.12","rhoPlus","For a random variable X that takes values in a group G, the quantity rho plus of X equals rho minus of X plus the entropy of X minus the entropy of the uniform distribution on A.","9397a7df-d9a0-4692-8ac1-4db3b293cfa1","formal","definition","Lean Repo","pfr","pfr","","rhoPlus","","","For a random variable X taking values in a group G, rhoPlus(X) is defined as the sum of rhoMinus(X), the entropy of X, and the negative entropy of a uniform distribution on a finite set A. It measures a combination of distributional difference and uncertainty, adjusted by the entropy of a reference uniform set. The result is a real number."
"1","0.9146984219551086","i2f","True","7e53e7cf-85aa-4555-8a6e-dc19159242ff","informal","lemma","Lean Community","The Polynomial Freiman-Ruzsa Conjecture","teorth/pfr","https://teorth.github.io/pfr/blueprint.pdf","","3.21","kaimanovich_vershik","For independent random variables X, Y, Z taking values in a group G, the increase in entropy from adding Z to X+Y is less than or equal to the increase in entropy from adding Z to Y alone.","bcd22286-248c-420f-8309-1cd444fd2f64","formal","theorem","Lean Repo","pfr","pfr","","kaimanovich_vershik","","","For independent random variables X, Y, Z taking values in a countable abelian group, the increase in entropy from adding X to (Y + Z) is at most the increase in entropy from adding X to Y alone. This means the amount of uncertainty added by X does not grow larger when more variables are involved. The result assumes all variables are measurable and…"
"1","0.9146316051483154","i2f","True","ae7abef1-cdaf-40d4-9a12-f0701802636d","informal","definition","Lean Community","Gibbs Measures","YaelDillies/gibbs-measure","https://YaelDillies.github.io/gibbs-measure/blueprint.pdf","","1.16","Specification.IsGibbsMeasure","A Gibbs measure is a probability measure that matches a given specification, meaning its conditional probabilities on finite subsets are consistent with the specification's kernels.","68bfbe5e-0c1e-4fe3-ae99-41b6006213bb","formal","definition","Lean Repo","gibbs-measure","gibbs-measure","","Specification.IsGibbsMeasure","","","A Gibbs measure is a probability measure that, when conditioned on the outside of any finite set, matches the local behavior specified by a given system of boundary conditions (called a specification). In other words, the measure's predictions inside a finite region, given the outside configuration, are exactly those prescribed by the specificatio…"
"1","0.9144346714019775","i2f","True","19bfa30e-5706-493f-87fc-72ed19922230","informal","lemma","Lean Community","Brownian motion project","RemyDegenne/brownian-motion","https://RemyDegenne.github.io/brownian-motion/blueprint.pdf","","2.2.64","MeasureTheory.leastGT_lt_iff","For a given time t, the first time X exceeds a is less than t if and only if there is some earlier time s less than t where X at s is greater than a.","56b9bf55-c5c3-49b4-a5f0-406cb1ffa651","formal","theorem","Lean Repo","brownian-motion","brownian-motion","","MeasureTheory.leastGT_lt_iff","","","The least time at which a process X reaches or exceeds a value a is less than t if and only if there exists some time s before t where X at s is strictly greater than a."
"1","0.9143054485321045","i2f","False","12b1ba8c-2e0e-4bea-aa2c-e8a475c18095","informal","corollary","Lean Community","Brownian motion project","RemyDegenne/brownian-motion","https://RemyDegenne.github.io/brownian-motion/blueprint.pdf","","1.5.72","ProbabilityTheory.finite_set_bound_of_edist_le","If a stochastic process indexed by a finite set with bounded covering number satisfies a Kolmogorov-type continuity condition, then the expected maximum distance between process values at nearby points is controlled by a power of the distance threshold, with constants depending on the covering number, the process exponents, and the geometry of the…","c87925c6-0741-4003-bfb9-32c13ce48984","formal","theorem","Lean Repo","brownian-motion","brownian-motion","","ProbabilityTheory.finite_set_bound_of_edist_le_of_le_diam'","","","If a stochastic process satisfies a moment condition on its increments (Kolmogorov criterion) and the index set is finite with bounded covering numbers, then the expected maximum distance between process values is controlled by a constant depending on the covering parameters, the index set diameter, and the process regularity exponents."
"1","0.9142814874649048","i2f","True","475e920c-53e6-4728-940e-c1f0814a856f","informal","lemma","Lean Community","The Polynomial Freiman-Ruzsa Conjecture","teorth/pfr","https://teorth.github.io/pfr/blueprint.pdf","","12.48","torsion_PFR_conjecture_aux","If A is a non-empty subset of a finite abelian group G with small doubling (the sumset A+A is at most K times the size of A), then A can be covered by a bounded number of shifts of a subgroup H, where the size of H is not too far from the size of A, and the bound depends on K and the torsion m of the group.","33074f5a-98fa-4ce0-bb1a-a630165899c4","formal","theorem","Lean Repo","pfr","pfr","","torsion_PFR_conjecture_aux","","","If A is a non-empty subset of a finite abelian group G where every element added to itself m times gives zero, and the sumset A+A is not much larger than A (bounded by K times the size of A), then A can be covered by a small number of translates of a subgroup H, where the size of H is comparable to the size of A up to powers of K, and the number o…"
"1","0.913977861404419","i2f","False","c50934c3-4629-45f9-8dfd-125a60cb48e4","informal","lemma","Lean Community","Brownian motion project","RemyDegenne/brownian-motion","https://RemyDegenne.github.io/brownian-motion/blueprint.pdf","","2.3.51","ProbabilityTheory.HasLocallyIntegrableSup.locally_classDL","A progressively measurable stochastic process with a locally integrable supremum is also locally of class DL.","c343b259-c334-4222-a5df-7e8ed83b3b0a","formal","theorem","Lean Repo","brownian-motion","brownian-motion","","ProbabilityTheory.locally_classDL_iff_hasLocallyIntegrableSup","","","A stochastic process is locally of class DL (meaning its stopped versions are uniformly integrable over bounded times) if and only if it has a locally integrable supremum (meaning the maximum value it reaches up to any time is finite on average, when restricted to a suitable sequence of stopping times), provided the process is progressively measur…"
"1","0.9139602184295654","i2f","False","4530ecc7-38fc-446e-889f-9b38d55e35ff","informal","lemma","Lean Community","Brownian motion project","RemyDegenne/brownian-motion","https://RemyDegenne.github.io/brownian-motion/blueprint.pdf","","2.1.15","MeasureTheory.Martingale.submartingale_convex_comp","If X is a martingale taking values in a normed space and phi is a convex continuous function such that phi of X at each time is integrable, then the composition of phi with X forms a submartingale.","9f1c46bf-1e92-4a64-8962-5e429ec03dc0","formal","theorem","Lean Repo","brownian-motion","brownian-motion","","MeasureTheory.Submartingale.monotone_convex_comp","","","If X is a submartingale and φ is a continuous, convex, and increasing function such that φ(X_t) is integrable for each time t, then the composition φ(X_t) is also a submartingale with respect to the same filtration."
"1","0.9135161638259888","i2f","False","02dc9778-9a77-4a22-a8b1-883718cc7a23","informal","theorem","Lean Community","Fermat's Last Theorem","ImperialCollegeLondon/FLT","https://ImperialCollegeLondon.github.io/FLT/blueprint.pdf","","9.16","IsDedekindDomain.FiniteAdeleRing.baseChangeContinuousAlgEquiv","The tensor product of L with the infinite adele ring of A over K is topologically isomorphic to the infinite adele ring of B over L. This means the algebraic and topological structures are preserved under base change. The isomorphism respects both the ring operations and the topology. It is built from local isomorphisms at each place.","d5bd7c4a-8002-4f10-8e59-4f1e319c95fe","formal","definition","Lean Repo","FLT","FLT","","NumberField.InfiniteAdeleRing.baseChangeEquiv","","","There is a natural isomorphism of L-algebras between the tensor product of L with the infinite adele ring of K over K, and the infinite adele ring of L, induced by extending scalars via the base change map from K to L. This equivalence respects both the algebraic and topological structure. It is built using the action of embeddings of the fields i…"
"1","0.9134773015975952","i2f","True","73281e8a-0875-4965-a1e2-66b496c639e4","informal","theorem","Lean Community","Fermat's Last Theorem for regular primes","leanprover-community/flt-regular","https://github.com/leanprover-community/flt-regular","","4.8","eq_pow_prime_of_unit_of_congruent","If a unit in the ring of integers of the p-th cyclotomic field is congruent to a rational integer modulo a regular prime p, then that unit is a p-th power of another unit in the same ring.","61bea410-f834-4f38-8108-1df41588f552","formal","theorem","Lean Repo","flt-regular","flt-regular","","eq_pow_prime_of_unit_of_congruent","","","If u is a unit in the ring of integers of a cyclotomic number field K over the rationals, where K is generated by a primitive p-th root of unity for an odd prime p, and if u is congruent to an integer modulo p, and the class number of K is coprime to p, then u is a p-th power of some other unit v in that ring."
"1","0.9133404493331909","i2f","True","0dd60fa8-ffe5-4384-8bb7-bb5c44dd285b","informal","definition","Lean Community","Toric varieties","YaelDillies/toric","https://YaelDillies.github.io/toric/blueprint.pdf","","4.3.3","AlgebraicGeometry.Scheme.Char","The character lattice of a group scheme G over a base S is the set of all group scheme homomorphisms from G to the multiplicative group scheme Gm, and each such homomorphism is called a character.","748c8b12-9085-4958-9397-e68e4ae6f3b3","formal","definition","Lean Repo","toric","toric","","AlgebraicGeometry.Scheme.Char","","","The characters of a group scheme G over a base scheme S are the group homomorphisms from G to the multiplicative group scheme over S, where all maps respect the structure of the base S. This means they are morphisms of schemes over S that also preserve the group structure. The collection of such characters forms a type that captures symmetries of …"
"1","0.9133316874504089","i2f","True","5c558702-e450-4403-b873-3ff49cfff098","informal","lemma","Lean Community","Sphere Packing in Dimension 8","thefundamentaltheor3m/Sphere-Packing-Lean","https://thefundamentaltheor3m.github.io/Sphere-Packing-Lean/blueprint.pdf","","1.7","SpherePacking.scale_finiteDensity","When a sphere packing is scaled uniformly by a positive factor, the density of the packing within a ball of radius proportional to that factor remains unchanged. This means scaling both the packing and the region by the same factor preserves the local density.","97ed7b0e-5cf3-4239-bb39-ddc73a3e5857","formal","theorem","Lean Repo","sphere-packing-math-inc","sphere-packing-math-inc","","SpherePacking.scale_finiteDensity","","","Scaling a sphere packing by a positive factor c does not change the density of spheres within a ball of radius R; the density calculated at radius c * R in the scaled packing equals the density at radius R in the original packing."
"1","0.9117136001586914","i2f","True","ce80ba52-300b-468d-8b81-cd2f892dec2c","informal","theorem","Lean Community","The Polynomial Freiman-Ruzsa Conjecture","teorth/pfr","https://teorth.github.io/pfr/blueprint.pdf","","12.47","dist_of_X_U_H_le","For a random variable taking values in a finite abelian group with torsion m, there is a subgroup such that the distance between the variable and the uniform distribution on that subgroup is at most 64 times m cubed times the distance between the variable and its own distribution.","33a6cc47-4b6a-4546-b318-fe12b8e5b634","formal","theorem","Lean Repo","pfr","pfr","","dist_of_X_U_H_le","","","For a random variable X taking values in a finite abelian group G where every element added to itself m times gives zero (with m at least 2), there exists a subgroup H of G such that the statistical distance between the distribution of X and the uniform distribution on H is at most 64 times m cubed times the statistical distance between X and an i…"
"1","0.9113967418670654","i2f","True","10d8a982-9fa1-460f-8ec0-525be6f1400f","informal","lemma","Lean Community","Brownian motion project","RemyDegenne/brownian-motion","https://RemyDegenne.github.io/brownian-motion/blueprint.pdf","","2.4.3","ProbabilityTheory.ElementaryPredictableSet.measurableSet_predictable","An elementary predictable set is measurable in the predictable sigma-algebra.","265a4c8c-fdc9-4612-ace6-633e8bb14ff5","formal","theorem","Lean Repo","brownian-motion","brownian-motion","","ProbabilityTheory.ElementaryPredictableSet.measurableSet_predictable","","","Any elementary predictable set, built from time intervals and measurable sets adapted to a filtration, is measurable with respect to the predictable sigma-algebra. This means such sets are valid for defining predictable processes in stochastic calculus. The result follows from the measurability of basic rectangle-like sets in time and space."
"1","0.9111641049385071","i2f","True","d6e7f63b-2955-4a88-ad73-4eadd14b9c33","informal","lemma","Lean Community","Brownian motion project","RemyDegenne/brownian-motion","https://RemyDegenne.github.io/brownian-motion/blueprint.pdf","","2.4.10","ProbabilityTheory.SimpleProcess.map₂","For two simple processes V and W taking values in spaces E and F, the process formed by applying a bilinear map B to V and W pointwise is also a simple process.","9041722b-c0fa-464d-9060-d5baeaea1716","formal","definition","Lean Repo","brownian-motion","brownian-motion","","ProbabilityTheory.SimpleProcess.map₂","","","Given two simple processes V and W taking values in normed vector spaces E and F, and a bounded bilinear map B from E and F to another normed space G, the pointwise application of B to V and W produces a new simple process in G, formed by applying B to the values of V and W at each time point."
"1","0.9110283255577087","i2f","True","a9868ae1-068c-42ae-b891-0f3050ce07ff","informal","lemma","Lean Community","Brownian motion project","RemyDegenne/brownian-motion","https://RemyDegenne.github.io/brownian-motion/blueprint.pdf","","2.4.5","ProbabilityTheory.SimpleProcess.iSup_comap_eq_predictable","Real simple processes generate the predictable sigma-algebra, meaning the predictable sigma-algebra is the smallest sigma-algebra that makes all simple processes measurable when viewed as functions from time and sample space to the real numbers.","0e711be1-71a9-42aa-96d7-162d5c47b111","formal","theorem","Lean Repo","brownian-motion","brownian-motion","","ProbabilityTheory.SimpleProcess.iSup_comap_eq_predictable","","","The smallest sigma-algebra that makes all simple predictable processes measurable is exactly the predictable sigma-algebra, which is generated by sets of the form (t, ∞) × A and {⊥} × A where A is measurable at time t. This means a process is predictable if it can be approximated by simple processes whose values depend only on information availabl…"
"1","0.9109104871749878","i2f","True","5b8757b6-b1e2-4fc2-ad98-e4af24099d86","informal","definition","Lean Community","Fermat's Last Theorem","ImperialCollegeLondon/FLT","https://ImperialCollegeLondon.github.io/FLT/blueprint.pdf","","7.2","AutomorphicForm.GLn.IsSlowlyIncreasing","A function from the general linear group of real n by n matrices to the complex numbers is called slowly-increasing if its absolute value grows no faster than some constant multiple of a power of a norm-like function s(M) on the matrices.","76e1cbcc-0c23-4f37-8411-e26959580271","formal","structure","Lean Repo","FLT","FLT","","AutomorphicForm.GLn.IsSlowlyIncreasing","","","A function f from the general linear group of real n-by-n matrices to the complex numbers is said to be slowly increasing if its growth is bounded by a polynomial in the determinant of the matrix, meaning that |f(g)| does not grow faster than some fixed power of |det(g)| as |det(g)| gets large."
"1","0.9106054306030273","i2f","True","33ecf4df-34ec-4e0a-9660-bb4011d1c15a","informal","lemma","Lean Community","The Polynomial Freiman-Ruzsa Conjecture","teorth/pfr","https://teorth.github.io/pfr/blueprint.pdf","","6.16","second_estimate","The value of I2 is at most 2 times eta times k, plus an additional term that depends on eta, k, I1, and the inverse of (1 minus eta). This upper bound combines a linear term in eta and k with a correction based on the difference between 2 eta k and I1. The inequality holds under the assumptions of the lemma.","69594aa5-5c2a-409b-ba4d-3c430e449572","formal","theorem","Lean Repo","pfr","pfr","","second_estimate","","","The inequality bounds a quantity I2 in terms of another quantity I1, a parameter eta (η), and a dimension-like term k, stating that I2 is at most 2ηk plus an additional term involving the difference between 2ηk and I1, scaled by 2η/(1−η)."
"1","0.9103341102600098","i2f","True","fb5e7628-5fed-4c71-864a-245277133a78","informal","lemma","Lean Community","Brownian motion project","RemyDegenne/brownian-motion","https://RemyDegenne.github.io/brownian-motion/blueprint.pdf","","2.1.76","NNReal.approximable","The set of non-negative real numbers is an approximable time index, meaning that any stopping time can be approximated by a sequence of discrete stopping times formed by rounding up to the nearest multiple of 1 over 2 to the n.","06565b84-42c0-45b8-99ec-8f07afb12b56","formal","instance","Lean Repo","brownian-motion","brownian-motion","","NNReal.approximable","","","The non-negative real numbers (NNReal) are approximable, meaning that for any stopping time with respect to a filtration indexed by NNReal, there exists a sequence of discrete stopping times that approximates it. This approximation is constructed by rounding up the stopping time values to dyadic rationals of the form k / 2^n. The sequence of appro…"
"1","0.9084428548812866","i2f","True","0281c954-6eab-4ee3-a22e-229732ea5d82","informal","theorem","Lean Community","Sphere Packing in Dimension 8","thefundamentaltheor3m/Sphere-Packing-Lean","https://thefundamentaltheor3m.github.io/Sphere-Packing-Lean/blueprint.pdf","","5.2","LinearProgrammingBound","A nonzero Schwartz function meeting certain conditions provides an upper limit on the density of periodic sphere packings in d-dimensional space, based on the function's value at zero, its Fourier transform at zero, and the volume of a unit ball. The maximum packing density cannot exceed this calculated bound.","4eb2f2a8-97f2-4688-b928-129229836ab9","formal","theorem","Lean Repo","sphere-packing-math-inc","sphere-packing-math-inc","","LinearProgrammingBound","","","If a nonzero Schwartz function on d-dimensional real space is real-valued and has a real-valued Fourier transform, with the function nonpositive outside the unit ball and its Fourier transform nonnegative everywhere, then the sphere packing density in dimension d is at most the value of the function at zero divided by the value of its Fourier tran…"
"1","0.9080522060394287","i2f","True","2b8ede02-a2eb-4fcd-8160-3d33473dbcea","informal","corollary","Lean Community","The Polynomial Freiman-Ruzsa Conjecture","teorth/pfr","https://teorth.github.io/pfr/blueprint.pdf","","13.15","rhoPlus_of_subgroup","If H is a finite subgroup of G, then the value of rho plus of U sub H equals the logarithm of the size of H minus the logarithm of the maximum size of the intersection of A with any coset of H.","bb72fe88-8f2d-4ccd-aa3e-4dfc93260102","formal","theorem","Lean Repo","pfr","pfr","","rhoPlus_of_subgroup","","","If H is a finite subgroup of a group G, and U is a random variable uniformly distributed over H, then the value of rhoPlus for U with respect to a nonempty finite set A is equal to the logarithm of the size of H minus the logarithm of the largest number of elements in A that lie in any coset of H."
"1","0.9078718423843384","i2f","True","055d8b6e-2b3b-4d93-a28f-4bea7a3a72f0","informal","theorem","Lean Community","Fermat's Last Theorem","ImperialCollegeLondon/FLT","https://ImperialCollegeLondon.github.io/FLT/blueprint.pdf","","9.35","NumberField.InfinitePlace.Completion.finrank_pi_eq_finrank_tensorProduct","The dimension of the product of completions of L over the completions of K at infinite places equals the dimension of the tensor product of L with the completion of K at an infinite place, both considered as vector spaces over the completion of K.","d4f1fd75-75b5-4ff7-8d94-da9ddb362403","formal","theorem","Lean Repo","FLT","FLT","","NumberField.InfinitePlace.Completion.finrank_pi_eq_finrank_tensorProduct","","","For a number field extension L over K and an infinite place v of K, the dimension of the product of completions of all places of L extending v, as a vector space over the completion of K at v, equals the dimension of the tensor product of L with the completion of K at v, as a vector space over that same completion."
"1","0.9069295525550842","i2f","True","88d22ccc-8bee-4eed-befc-6d36b3432a85","informal","lemma","Lean Community","The Polynomial Freiman-Ruzsa Conjecture","teorth/pfr","https://teorth.github.io/pfr/blueprint.pdf","","6.3","ProbabilityTheory.IdentDistrib.tau_eq","The value of tau depends only on the distributions of the random variables, not on the specific variables themselves. If two pairs of random variables have the same distributions, then their tau values are equal.","4c789a52-c9dc-4348-a4cb-2653438e0dc7","formal","theorem","Lean Repo","pfr","pfr","","ProbabilityTheory.IdentDistrib.tau_eq","","","If two pairs of random variables have the same distributions, then the tau functional value for each pair is equal, regardless of the underlying probability spaces."
"1","0.9066615104675293","i2f","False","f76e207e-8a67-43a9-a6fb-3be3b60ca51d","informal","lemma","Lean Community","Brownian motion project","RemyDegenne/brownian-motion","https://RemyDegenne.github.io/brownian-motion/blueprint.pdf","","2.3.19","ProbabilityTheory.Locally.left_limit","A stochastic process has left limits locally if and only if it has left limits almost surely. This means the process approaches a limit from the left at every point, up to a set of probability zero. The local behavior matches the almost sure behavior for left limits.","afc5b6dd-b793-48ca-bb57-e8005292a1a5","formal","theorem","Lean Repo","brownian-motion","brownian-motion","","ProbabilityTheory.locally_left_limit_iff","","","A stochastic process has left-hand limits locally with respect to a filtration if and only if, for almost every outcome, the process has a left-hand limit at every point in time. This means that as time approaches any given point from the left, the values of the process get arbitrarily close to some limit. The condition holds in a probabilistic se…"
"1","0.9066495895385742","i2f","True","9680d456-c718-47e4-8c61-34e253574642","informal","lemma","Lean Community","Brownian motion project","RemyDegenne/brownian-motion","https://RemyDegenne.github.io/brownian-motion/blueprint.pdf","","2.7.25","ProbabilityTheory.IsLocalMartingale.isLocalSubmartingale_sq_norm","If M is a cadlag local martingale, then the square of its norm, ||M||^2, is a cadlag local submartingale.","a204fccd-470d-496d-9393-64960c64ee51","formal","theorem","Lean Repo","brownian-motion","brownian-motion","","ProbabilityTheory.IsLocalMartingale.isLocalSubmartingale_sq_norm","","","If a stochastic process is a local martingale and has right-continuous sample paths with left limits (cadlag), then the square of its norm is a local submartingale with respect to the same filtration and probability measure."
"1","0.9065799117088318","i2f","True","069fccc3-b541-4627-bfbb-454d8a7a7be0","informal","lemma","Lean Community","Brownian motion project","RemyDegenne/brownian-motion","https://RemyDegenne.github.io/brownian-motion/blueprint.pdf","","2.3.49","MeasureTheory.Integrable.classDL","A progressively measurable stochastic process with an integrable supremum satisfies the class DL property.","6fe24afc-b35d-41f1-bc3c-499d75445682","formal","theorem","Lean Repo","brownian-motion","brownian-motion","","MeasureTheory.Integrable.classDL","","","If a stochastic process is progressively measurable and, for each time t, the supremum of the norm of the process up to t is integrable, then the process is of class DL, meaning its stopped values up to any time form a uniformly integrable family."
"1","0.9063205122947693","i2f","True","27791515-ef44-445f-88f5-8772b8fe8598","informal","lemma","Lean Community","Carleson operators on doubling metric measure spaces","fpvandoorn/carleson","https://florisvandoorn.com/carleson/blueprint.pdf","","7.3.3","TileStructure.Forest.local_dens2_tree_bound","The measure of the set F intersected with a dyadic cube J is at most a constant multiple of the density of the tree times the measure of J, where the constant depends exponentially on the parameter a.","51244490-cf73-4d64-ab3f-5c92153be262","formal","theorem","Lean Repo","carleson","carleson","","TileStructure.Forest.local_dens2_tree_bound","","","The volume of the set F intersected with a dyadic cube J is at most a constant multiple of the density value associated with the tree structure at a given tile u times the volume of J, where the constant depends only on the parameter a."
"1","0.9061785936355591","i2f","True","7d69aaed-0f3f-4b4e-aa40-0491a910d760","informal","lemma","Lean Community","Carleson operators on doubling metric measure spaces","fpvandoorn/carleson","https://florisvandoorn.com/carleson/blueprint.pdf","","11.6.1","Dirichlet_Hilbert_diff","For any integer N and real number x between -pi and pi, excluding 0, the difference between the Dirichlet kernel K_N(x) and twice the real part of e^(-iNx) times kappa(x) is at most pi in absolute value.","084062d9-0c3e-4c15-9615-0921ef35ca53","formal","theorem","Lean Repo","carleson","carleson","","Dirichlet_Hilbert_diff","","","For any natural number N and real number x between -pi and pi, the difference between the Dirichlet kernel at N and x and the sum of a complex exponential term involving N and x multiplied by a function k(x) and its complex conjugate is at most pi in absolute value."
"1","0.906143307685852","i2f","False","ec4e9e76-8bca-4467-aa16-02a3641dd584","informal","lemma","Lean Community","Brownian motion project","RemyDegenne/brownian-motion","https://RemyDegenne.github.io/brownian-motion/blueprint.pdf","","2.1.51","MeasureTheory.Martingale.uniformIntegrable_stoppedValue","If a martingale is indexed discretely and a sequence of stopping times is bounded by some fixed time n, then the set of values of the martingale at these stopping times is uniformly integrable.","3ea0f55f-4653-4c68-87ed-f66dbb47f048","formal","theorem","Lean Repo","brownian-motion","brownian-motion","","MeasureTheory.uniformIntegrable_stoppedValue_discreteApproxSequence_of_le","","","If a stochastic process is a martingale and you stop it at a sequence of discrete stopping times that are bounded above by a fixed time, then the resulting sequence of stopped values is uniformly integrable with respect to the given finite measure."
"1","0.9059774279594421","i2f","True","f6846a62-a883-4c0d-9d95-5fde34f91a57","informal","lemma","Lean Community","Class Field Theory","kbuzzard/ClassFieldTheory","https://kbuzzard.github.io/ClassFieldTheory/blueprint.pdf","","59","Rep.herbrandQuotient_ne_zero_of_shortExact₁, Rep.herbrandQuotient_ne_zero_of_shortExact₂, Rep.herbrandQuotient_ne_zero_of_shortExact₃, Rep.herbrandQuotient_eq_of_shortExact","If two of three related group representations in a short exact sequence have non-zero Herbrand quotients, then the third also has a non-zero Herbrand quotient, and the Herbrand quotient of the middle term equals the product of the other two.","7aaa61c9-58ac-477c-8965-2fee96ce5560","formal","theorem","Lean Repo","ClassFieldTheory","ClassFieldTheory","","Rep.herbrandQuotient_ne_zero_of_shortExact₂","","","If a short exact sequence of representations of a finite cyclic group has nonzero Herbrand quotients for both the first and third representations, then the Herbrand quotient of the middle representation is also nonzero. The Herbrand quotient is a rational number defined as the ratio of the size of the second cohomology group to the size of the fir…"
"1","0.9052077531814575","i2f","False","2e06d743-8a2e-4708-9834-4783aba354be","informal","theorem","Lean Community","Fermat's Last Theorem","ImperialCollegeLondon/FLT","https://ImperialCollegeLondon.github.io/FLT/blueprint.pdf","","9.1","NumberField.instCompactSpaceAdicCompletionIntegers","If K is a number field and v is a nonzero prime ideal of its ring of integers, then the ring of integers of the completion K_v is both compact and an open subgroup in the topology of K_v.","76cdc824-4163-4e43-9bdb-e2feffceebb7","formal","theorem","Lean Repo","FLT","FLT","","NumberField.isCompactAdicCompletionIntegers","","","For any number field K and a prime ideal v of its ring of integers, the ring of integers in the completion of K with respect to v is compact in the topology induced by the valuation. This means the completed ring of integers has the property that every open cover has a finite subcover. The result follows from the structure of Dedekind domains and …"
"1","0.9049863815307617","i2f","False","a56619d7-b6b2-4005-bbea-ad1cda92a692","informal","lemma","Lean Community","Gibbs Measures","YaelDillies/gibbs-measure","https://YaelDillies.github.io/gibbs-measure/blueprint.pdf","","1.26","Specification.modification_modification","Modifying a specification first by one modifier and then by a second is the same as modifying it once by the combination of both modifiers.","ba37f38c-4d80-4bf2-87c5-ede0518105fc","formal","theorem","Lean Repo","gibbs-measure","gibbs-measure","","Specification.modificationKer_modification","","","Modifying a specification twice—first by a modifier ρ₁ and then by another measurable family ρ₂—gives the same result as modifying the original specification once by the product of ρ₁ and ρ₂."
"1","0.9048315286636353","i2f","True","167438b3-bd6c-4348-808c-75e6b18969e1","informal","lemma","Lean Community","The Polynomial Freiman-Ruzsa Conjecture","teorth/pfr","https://teorth.github.io/pfr/blueprint.pdf","","2.9","ProbabilityTheory.entropy_comm, ProbabilityTheory.entropy_assoc","The joint entropy of two random variables is the same regardless of their order, and grouping variables together when calculating joint entropy does not depend on the grouping order.","5c862a8a-b072-4f6a-b032-4909ff1dc86a","formal","theorem","Lean Repo","pfr","pfr","","ProbabilityTheory.entropy_comm","","","The entropy of two random variables taken together does not depend on their order: the joint entropy of X and Y equals the joint entropy of Y and X. This holds when both variables are measurable and take values in countable spaces. Swapping the variables does not change the amount of uncertainty they represent together."
"1","0.9045467972755432","i2f","True","4471d806-1657-42c6-addc-aaddff87fa3d","informal","lemma","Lean Community","Carleson operators on doubling metric measure spaces","fpvandoorn/carleson","https://florisvandoorn.com/carleson/blueprint.pdf","","11.1.12","Hilbert_kernel_regularity","If x, y, and y' are real numbers where x is different from y and y', and the distance between y and y' is at most half the distance from x to y, then the difference between the values of the function κ at x−y and x−y' is bounded by 256 times the ratio of the distance between y and y' to the square of the distance from x to y.","93305bf0-b4ea-4aa3-91e8-f19f1a4a61e4","formal","theorem","Lean Repo","carleson","carleson","","Hilbert_kernel_regularity","","","If the distance between y and y' is at most half the distance from x to y, then the difference in the values of the function K at (x,y) and (x,y') is bounded by a constant multiple of (|y - y'| / |x - y|^2), specifically no more than 256 times that quantity."
"1","0.9041403532028198","i2f","True","2121b457-a917-4a73-8546-4d262ddeacc7","informal","definition","Lean Community","The sphere eversion project","leanprover-community/sphere-eversion","https://leanprover-community.github.io/sphere-eversion/blueprint.pdf","","3.15","RelMfld","A first order differential relation for maps from M to N is a condition defined by specifying allowed values of the maps and their first derivatives, represented as a subset of the space of 1-jets from M to N.","2ef57e08-96e4-438b-a226-2d7e9d9ca46f","formal","definition","Lean Repo","sphere-eversion","sphere-eversion","","RelMfld","","","A first-order differential relation between maps from manifold M to manifold M' is defined as a subset of the 1-jet bundle, which encodes the values and first derivatives of such maps. It is specified using model spaces H and H' with norms on E and E', along with smooth atlas structures given by I and I'. The relation constrains possible values of…"
"1","0.9040119647979736","i2f","True","f862bd6b-bec9-45af-bee8-58300fcc65f6","informal","definition","Lean Community","Brownian motion project","RemyDegenne/brownian-motion","https://RemyDegenne.github.io/brownian-motion/blueprint.pdf","","2.7.43","ProbabilityTheory.L2Predictable","L2 space of predictable processes is the space of square-integrable functions defined on time and sample space, measurable with respect to the predictable sigma-algebra, using the product of a measure on time and a probability measure on outcomes.","863c105b-48fb-4fc6-b7af-afc80dfd0d58","formal","definition","Lean Repo","brownian-motion","brownian-motion","","ProbabilityTheory.L2Predictable","","","The L2Predictable space consists of measurable functions from time-state pairs (t, omega) to a normed vector space E, where the functions are predictable with respect to a filtration and have finite squared norm under the product of a time measure and a probability measure. Predictable means the function's value at any time depends only on informa…"
"1","0.9027331471443176","i2f","True","c312a3de-1836-4fcc-a1cb-49803488c7d7","informal","lemma","Lean Community","Brownian motion project","RemyDegenne/brownian-motion","https://RemyDegenne.github.io/brownian-motion/blueprint.pdf","","2.2.46","MeasureTheory.IsCapacitable.fst","If a set in the product space X times K is capacitable under a certain capacity derived from I, and K is a compact system closed under intersections, then the projection of that set onto X is also capacitable with respect to the original capacity I, provided the family F contains the empty set and is closed under pairwise unions and intersections.","943dfece-6868-46cf-8eb0-45cd6980214f","formal","theorem","Lean Repo","brownian-motion","brownian-motion","","MeasureTheory.IsCapacitable.fst","","","If a set in a product space is capacitable with respect to a capacity formed by combining two set systems (one closed under finite unions and the other a compact system), then the projection of that set onto the first coordinate is capacitable with respect to the original capacity on the first space. This result relies on the empty set being in bo…"
"1","0.9026564359664917","i2f","True","1d87d7eb-b944-4d30-82ef-b1b4c8fe3422","informal","lemma","Lean Community","Fermat's Last Theorem for regular primes","leanprover-community/flt-regular","https://github.com/leanprover-community/flt-regular","","4.1","fltIdeals_coprime","For a prime number p greater than or equal to 5, and integers x and y with no common factors, the expressions (x + y), (x + ζ_p y), (x + ζ_p² y), ..., (x + ζ_p^(p-1) y) generate ideals in the ring Z[ζ_p] that share no common divisors with each other. This means each pair of these ideals has no common element except 0. The result relies on the fact…","c4a7d296-e497-4e2d-b55a-94713bac6f9e","formal","theorem","Lean Repo","flt-regular","flt-regular","","fltIdeals_coprime","","","If p is a prime number at least 5, and x, y, z are integers such that x^p + y^p = z^p with p not dividing x*y*z, and x and y are coprime, then for any two distinct p-th roots of unity η₁ and η₂, the ideals generated by x + y*η₁ and x + y*η₂ in the ring of integers of the p-th cyclotomic field are coprime."
"1","0.9024971723556519","i2f","True","ce0faffa-250d-49d4-a678-118753dc63a2","informal","corollary","Lean Community","Fermat's Last Theorem","ImperialCollegeLondon/FLT","https://ImperialCollegeLondon.github.io/FLT/blueprint.pdf","","13.8","Homeomorph.restrictedProductMatrix","If each X_i is a topological space and each Y_i is an open subspace, then the map sending matrices over the restricted product of the X_i to the restricted product of the matrix spaces over each X_i is a homeomorphism. This means the topological structure of matrices over the product space matches the product of the matrix spaces.","7b729636-3e4d-4449-8f7f-638714f3f50e","formal","definition","Lean Repo","FLT","FLT","","Homeomorph.restrictedProductMatrix","","","There is a natural correspondence between matrices whose entries come from restricted products of topological spaces (with open sets specifying the restrictions) and restricted products of matrices, where the restriction requires that all but finitely many entries lie in the specified open sets; this correspondence is a homeomorphism, meaning it i…"
"1","0.9022833108901978","i2f","False","5d54c00c-bb53-48a1-8cc6-b597cec67ae3","informal","corollary","Lean Community","The Polynomial Freiman-Ruzsa Conjecture","teorth/pfr","https://teorth.github.io/pfr/blueprint.pdf","","7.4","PFR_conjecture'","If a non-empty finite set A in an abelian group where every element has order two has a small sumset relative to its size, then A can be covered by a bounded number of shifts of a finite subgroup whose size is at most that of A. The number of shifts needed is at most 2 times K to the 12th power, where K measures the relative size of the sumset.","883434d0-184d-4322-92f2-3759d74b7a6d","formal","theorem","Lean Repo","pfr","pfr","","PFR_conjecture","","","If a nonempty set A in a finite abelian group where every element added to itself gives zero has at most K times as many elements in its sum set (A+A) as in A, then A can be covered by fewer than 2*K^12 cosets of some subgroup, and that subgroup has size at most the size of A."
"1","0.9019147157669067","i2f","True","9b5c4c17-cea6-4226-84c1-43af11cd1cf3","informal","lemma","Lean Community","Sphere Packing in Dimension 8","thefundamentaltheor3m/Sphere-Packing-Lean","https://thefundamentaltheor3m.github.io/Sphere-Packing-Lean/blueprint.pdf","","1.9","SpherePacking.constant_eq_constant_normalized","The highest possible density of a packing of equal-sized spheres in d-dimensional space, where each sphere has a separation radius of 1, is given by the supremum of the densities of all such packings. This maximum density is denoted by Delta_d. It represents the most efficient way to arrange non-overlapping spheres in d dimensions. The value depen…","69954bbb-7b89-4feb-8359-12553963d8ce","formal","theorem","Lean Repo","sphere-packing-math-inc","sphere-packing-math-inc","","SpherePacking.constant_eq_constant_normalized","","","The highest possible density of sphere packings in dimension d is the same as the highest density among all packings where the spheres are exactly 1 unit apart from each other. This means the optimal packing density can be found by only considering packings with unit separation distance. The result holds for all positive dimensions d."
"1","0.9017280340194702","i2f","True","f2e6db77-3241-46f5-8cc9-2e928bac6feb","informal","lemma","Lean Community","Brownian motion project","RemyDegenne/brownian-motion","https://RemyDegenne.github.io/brownian-motion/blueprint.pdf","","2.1.79","MeasureTheory.Submartingale.stoppedValue_min_ae_le_condExp","If X is a right-continuous submartingale indexed by an approximable time set, and sigma and tau are stopping times with tau bounded, then the value of X at the minimum of sigma and tau is less than or equal to the conditional expectation of X at tau given the information up to sigma, almost surely.","a285df5c-3333-492f-be04-81611498c658","formal","theorem","Lean Repo","brownian-motion","brownian-motion","","MeasureTheory.Submartingale.stoppedValue_min_ae_le_condExp","","","For a submartingale process X that is right-continuous and stopped at two stopping times σ and τ, the value of X at the earlier of τ and σ is almost surely less than or equal to the conditional expectation of the value of X at τ given the information available up to time σ."
"1","0.9015198349952698","i2f","True","2f35d63f-68f3-41e4-9ac6-8002fc7035e4","informal","corollary","Lean Community","The Polynomial Freiman-Ruzsa Conjecture","teorth/pfr","https://teorth.github.io/pfr/blueprint.pdf","","2.30","ProbabilityTheory.ent_of_cond_indep","If X and Y are conditionally independent given Z, then the total uncertainty of X, Y, and Z equals the uncertainty of X and Z plus the uncertainty of Y and Z minus the uncertainty of Z alone.","bc995d7e-f050-4941-b237-95a341491d13","formal","theorem","Lean Repo","pfr","pfr","","ProbabilityTheory.ent_of_cond_indep","","","If X and Y are conditionally independent given Z, then the joint entropy of X, Y, and Z equals the sum of the joint entropy of X and Z and the joint entropy of Y and Z, minus the entropy of Z."
"1","0.901319146156311","i2f","False","71bc4982-0213-4385-b977-3993c73948df","informal","definition","Lean Community","Sphere Packing in Dimension 8","thefundamentaltheor3m/Sphere-Packing-Lean","https://thefundamentaltheor3m.github.io/Sphere-Packing-Lean/blueprint.pdf","","3.1","Submodule.E8","The E8 lattice is a special arrangement of points in 8-dimensional space where each coordinate is either an integer or a half-integer, and the sum of all coordinates is an even number.","4414de44-e069-48ef-934c-6ad930a4cc19","formal","theorem","Lean Repo","Sphere-Packing-Lean","Sphere-Packing-Lean","","E8Packing_lattice","","","The E8 lattice is a special arrangement of points in 8-dimensional space with integer or half-integer coordinates that meet specific symmetry and sum conditions, and this arrangement is the same as the one used for the optimal way to pack spheres in 8 dimensions."
"1","0.9013057947158813","i2f","True","559cf641-61fc-4ee5-9aa0-d4e896e47584","informal","lemma","Lean Community","Toric varieties","YaelDillies/toric","https://YaelDillies.github.io/toric/blueprint.pdf","","4.2.3","AlgebraicGeometry.Scheme.diagSpecIso, AlgebraicGeometry.Scheme.splitTorusIso","Let R be a commutative ring and M an abelian monoid. The group scheme D_R(M) over the spectrum of R is isomorphic to the spectrum of the monoid ring R[M]. This describes a diagonalisable group scheme as an affine scheme built from a monoid algebra.","06820d09-d07c-45ad-bdc0-a0296a4922d8","formal","definition","Lean Repo","toric","toric","","AlgebraicGeometry.Scheme.diagSpecIso","","","For a commutative ring R and an additive commutative monoid M, the scheme represented by the diagonal construction on M over the spectrum of R is isomorphic to the spectrum of the monoid algebra of M (viewed multiplicatively) over R."
"1","0.901157557964325","i2f","False","67f1ce75-edc2-4d9a-bb67-f4e97f6c9b1b","informal","definition","Lean Community","Fermat's Last Theorem","ImperialCollegeLondon/FLT","https://ImperialCollegeLondon.github.io/FLT/blueprint.pdf","","9.36","NumberField.InfinitePlace.Completion.piExtension","There is a continuous algebra map from the completion of K at an infinite place v to the product of completions of L at places above v, which agrees with the natural embedding of K into those completions.","3672eb77-da97-4d18-a481-d493058e4632","formal","definition","Lean Repo","FLT","FLT","","NumberField.InfinitePlace.Completion.baseChangeRight","","","This is a map of algebras over the completion of a field K at an infinite place v, from the tensor product of an extension field L with the completion of K, to the product of all completions of L at places lying above v. The map is built using the natural embedding of K into L and the projections from the completion of K to the completions of L. I…"
"1","0.9008467793464661","i2f","True","2ce4e288-e6e6-4a55-b226-624991c22092","informal","definition","Lean Community","Brownian motion project","RemyDegenne/brownian-motion","https://RemyDegenne.github.io/brownian-motion/blueprint.pdf","","2.3.26","ProbabilityTheory.IsLocalSubmartingale","A local submartingale is a stochastic process for which there exists a sequence of stopping times such that, when the process is stopped at each time in the sequence, the resulting processes are cadlag submartingales. This means that after suitable localization, the process behaves like a submartingale with right-continuous paths and left limits. …","bb9463df-b7c2-4662-b22e-dae0a374d4b0","formal","definition","Lean Repo","brownian-motion","brownian-motion","","ProbabilityTheory.IsLocalSubmartingale","","","A local submartingale is a stochastic process that, when stopped at certain times, behaves like a submartingale, meaning its expected future value stays above its current value under a filtered probability space. It satisfies this property locally, through a sequence of increasing stopping times, rather than globally. The process takes values in a…"
"1","0.9005995392799377","i2f","True","a8f05444-28d4-481f-b852-9d98116e114e","informal","lemma","Lean Community","The Polynomial Freiman-Ruzsa Conjecture","teorth/pfr","https://teorth.github.io/pfr/blueprint.pdf","","2.27","ProbabilityTheory.condMutualInfo_nonneg","If X, Y, and Z are random variables, the conditional mutual information between X and Y given Z is always greater than or equal to zero. This means that knowing Z does not make X and Y less informative about each other.","b79687f2-4b57-4841-a50c-795d04f737bb","formal","theorem","Lean Repo","pfr","pfr","","ProbabilityTheory.condMutualInfo_nonneg","","","The conditional mutual information between two random variables, given a third, is always greater than or equal to zero. This means that knowing one variable never increases the uncertainty about the other when the third variable is already known. The result holds for discrete random variables with finite range and measurable functions under a pro…"
"1","0.9005506038665771","i2f","False","a3e264e5-c5ef-445b-94f4-5e6308a8cbfb","informal","lemma","Lean Community","Brownian motion project","RemyDegenne/brownian-motion","https://RemyDegenne.github.io/brownian-motion/blueprint.pdf","","1.2.7","indistinguishable_of_modification","If two stochastic processes are modifications of each other and both are almost surely continuous, and if the time space is separable and Hausdorff, then the processes are indistinguishable.","1e34efa0-1887-4a8a-8291-a57825d0c29b","formal","theorem","Lean Repo","brownian-motion","brownian-motion","","indistinguishable_of_modification_on","","","If two stochastic processes X and Y are modifications of each other on an open set U—meaning they are equal almost surely at each point in U—and both have continuous sample paths on U almost surely, then they are indistinguishable on U: almost every sample path is identical on U. This result holds when the index space is separable and the state sp…"
"1","0.9004570245742798","i2f","True","4092e4c2-ed22-4790-b20f-0adf6d42174b","informal","lemma","Lean Community","Carleson operators on doubling metric measure spaces","fpvandoorn/carleson","https://florisvandoorn.com/carleson/blueprint.pdf","","10.1.1","geometric_series_estimate","For any real number x that is 4 or larger, the sum of the terms 2 raised to the power of negative n divided by x, starting from n equals 0 and continuing infinitely, is less than or equal to 2 raised to the power of x.","a81ff775-77ea-4ca6-b510-3eaf78a5ff9a","formal","theorem","Lean Repo","carleson","carleson","","geometric_series_estimate","","","For any real number x that is at least 2, the sum over all natural numbers n of 2 raised to the power of -n/x is less than or equal to 2 raised to the power of x."
"1","0.9002910256385803","i2f","True","fbd31c73-22d1-463f-8bf1-be672ce3d1dc","informal","definition","Lean Community","Toric varieties","YaelDillies/toric","https://YaelDillies.github.io/toric/blueprint.pdf","","4.3.4","AlgebraicGeometry.Scheme.Cochar","The cocharacter lattice of a group scheme G over a base S is the set of all group scheme homomorphisms from the multiplicative group Gm to G, and each such homomorphism is called a cocharacter or a one-parameter subgroup.","b476470c-ae03-4c57-9302-240e651579ae","formal","definition","Lean Repo","toric","toric","","AlgebraicGeometry.Scheme.Cochar","","","The cocharacters of a group scheme G over a base scheme S are group homomorphisms from the multiplicative group scheme over S to G, where all maps respect the structure of schemes over S."
"1","0.900161623954773","i2f","True","700aa1f0-fa9a-43b8-99de-8a7e4a633fd8","informal","corollary","Lean Community","The Polynomial Freiman-Ruzsa Conjecture","teorth/pfr","https://teorth.github.io/pfr/blueprint.pdf","","2.18","ProbabilityTheory.entropy_pair_le_add","The total uncertainty of two random variables together is less than or equal to the sum of their individual uncertainties.","973773e3-0b46-4666-ae32-759d63c8ec06","formal","theorem","Lean Repo","pfr","pfr","","ProbabilityTheory.entropy_pair_le_add","","","The entropy of a pair of random variables is less than or equal to the sum of their individual entropies. This means that the total uncertainty in two variables together does not exceed the sum of their separate uncertainties."
"1","0.8998957872390747","i2f","True","369fa225-5c98-41cb-ae3e-d3ec16275520","informal","lemma","Lean Community","Brownian motion project","RemyDegenne/brownian-motion","https://RemyDegenne.github.io/brownian-motion/blueprint.pdf","","2.6.26","MeasureTheory.isPredictable_predictablePart","The predictable part of a stochastic process has the property that its values can be determined in advance based on prior information. This means it is measurable with respect to the filtration available just before each time point. Such processes are called predictable.","89282ecc-9345-4096-a758-ee4e8d3fbf96","formal","theorem","Lean Repo","brownian-motion","brownian-motion","","MeasureTheory.isPredictable_predictablePart","","","The predictable part of a stochastic process, as defined in the decomposition of a process into a martingale and a predictable component, is itself a predictable process with respect to the given filtration. This means its value at any time can be determined based on information available just before that time. The result holds for processes takin…"
"1","0.8994336128234863","i2f","True","dfe90e6f-cb58-4ebe-b418-700b4324368a","informal","lemma","Lean Community","The sphere eversion project","leanprover-community/sphere-eversion","https://leanprover-community.github.io/sphere-eversion/blueprint.pdf","","1.17","exists_contDiff_of_convex₂","If for each point in a finite-dimensional real vector space there is a nearby smooth function satisfying a convex property, then there exists a globally smooth function satisfying that property everywhere. The smoothness is of class C^n, where n can be any natural number or infinity. The property applies to pairs of points and functions between re…","b1087133-6270-4f5e-ae6c-5f815669a73d","formal","theorem","Lean Repo","sphere-eversion","sphere-eversion","","exists_contDiff_of_convex₂","","","If for every point in a finite-dimensional real normed space E1, a certain property P holds on a neighborhood around that point for functions from E2 to F, and the set of functions satisfying P is convex, then there exists a globally n-times continuously differentiable function f such that P holds everywhere and the uncurried version of f is smoot…"
"1","0.8991814851760864","i2f","True","8728ce6e-994c-4eb4-bfd1-ea60432e496f","informal","lemma","Lean Community","Brownian motion project","RemyDegenne/brownian-motion","https://RemyDegenne.github.io/brownian-motion/blueprint.pdf","","2.3.57","ProbabilityTheory.ClassDL.hasLocallyIntegrableSup","If a stochastic process is right-continuous with left limits and of class DL, and if the time set has a minimum and compact intervals, then under a right-continuous filtration, the supremum of the process up to any finite time is locally integrable.","3b5e58a3-f2bd-4b1b-bace-d1008573ec50","formal","theorem","Lean Repo","brownian-motion","brownian-motion","","ProbabilityTheory.ClassDL.hasLocallyIntegrableSup","","","If a stochastic process is right-continuous with left limits (cadlag), satisfies the class DL condition with respect to a filtration that has the usual conditions, and the probability measure is finite, then the supremum of the process up to any time is locally integrable with respect to that filtration and measure. This means that the maximum val…"
"1","0.8991469144821167","i2f","True","0e660321-d471-4ff1-a233-85e2a01784e0","informal","definition","Lean Community","Gibbs Measures","YaelDillies/gibbs-measure","https://YaelDillies.github.io/gibbs-measure/blueprint.pdf","","1.15","Specification.IsProper","A specification is called proper if its kernel is proper for every finite subset of S. This means the kernel meets the properness condition across all relevant finite configurations. The definition ties the overall specification's behavior to the properties of its components.","70c9c0d5-0916-4971-8711-fbe29ed8fa16","formal","definition","Lean Repo","gibbs-measure","gibbs-measure","","Specification.IsProper","","","A specification is called proper if every one of its boundary condition kernels satisfies the required measurability and consistency conditions. This means that for any finite subset of the index set, the associated probability kernel must be well-defined and measurable with respect to the given measurable space structure on the state space. Prope…"
"1","0.8989681005477905","i2f","True","8a5db73b-78f3-464b-9970-bd52cc4bda05","informal","lemma","Lean Community","The Polynomial Freiman-Ruzsa Conjecture","teorth/pfr","https://teorth.github.io/pfr/blueprint.pdf","","12.8","kvm_ineq_III","For independent random variables X and Y1 through Yn taking values in a group G, the dependence between X and the sum of the Yi's is bounded above by the dependence between X and Y1 plus half the difference in entropy between the sum and Y1.","230ac0c3-22a2-44dd-bb8d-04e225fbc242","formal","theorem","Lean Repo","pfr","pfr","","kvm_ineq_III","","","If n is at least 1 and X, Y1, ..., Yn are independent random variables taking values in a countable abelian group G, then the dependence measure between Yi0 and the sum of Yi1 and other Yis is bounded by the sum of the dependence between Yi0 and Yi1 and half the difference of the entropies of the sum and Yi1."
"1","0.8987654447555542","i2f","False","d16e2e07-0056-4e58-bafd-f6a681492ba8","informal","lemma","Lean Community","The sphere eversion project","leanprover-community/sphere-eversion","https://leanprover-community.github.io/sphere-eversion/blueprint.pdf","","2.11","StepLandscape.improveStep_rel_t_eq_0, StepLandscape.improveStep_rel_C, StepLandscape.improveStep_rel_compl_K₁, StepLandscape.improveStep_c0_close, StepLandscape.improveStep_part_hol","Given a formal solution of an open differential relation that is holonomic in certain regions and nearly holonomic in a specific direction, there exists a continuous deformation of this solution into another formal solution that improves its holonomic properties in an extended direction, while keeping it unchanged near a closed set and within a sm…","eb42a424-aa22-45c5-9cda-10d5b9ec3c9f","formal","theorem","Lean Repo","sphere-eversion","sphere-eversion","","RelLoc.FormalSol.improve","","","Given a formal solution to a differential relation that is already holonomic near a certain region, and under openness and ampleness conditions, there exists a homotopy of formal solutions that gradually modifies the original solution by small corrugations so that the result becomes holonomic near a larger region, while staying close to the origin…"
"1","0.8985595703125","i2f","True","5a854451-1abc-4477-95b9-a4a04799747b","informal","lemma","Lean Community","Carleson operators on doubling metric measure spaces","fpvandoorn/carleson","https://florisvandoorn.com/carleson/blueprint.pdf","","11.6.4","control_approximation_effect","If a measurable periodic function is bounded by a small number everywhere, then for any small positive number there is a set of small measure outside of which the partial Fourier sums of the function are also small, with the bound depending on the measure of that set.","8557d05e-3ea9-4854-bfe2-3ebec21c6f6a","formal","theorem","Lean Repo","carleson","carleson","","control_approximation_effect","","","For any small positive number epsilon and any bounded, measurable, periodic function h with period 2*pi, there exists a measurable set E within the interval [0, 2*pi] such that the length of E is at most epsilon, and outside of E, the absolute value of the partial Fourier sums of h is uniformly bounded by a constant multiple of the bound on h, whe…"
"1","0.8983792066574097","i2f","True","47d561ae-193c-4c29-a994-f565c31dec93","informal","definition","Lean Community","Class Field Theory","kbuzzard/ClassFieldTheory","https://kbuzzard.github.io/ClassFieldTheory/blueprint.pdf","","23","Rep.TrivialCohomology, Rep.TrivialHomology, Rep.TrivialTateCohomology","A module M over a group G has trivial cohomology if all its higher cohomology groups vanish for every subgroup of G. It has trivial homology if all its higher homology groups vanish for every subgroup. If G is finite, it has trivial Tate cohomology when all Tate cohomology groups vanish for every subgroup and all integers n. For finite groups, the…","c8357df0-466b-459c-b3fe-ebb6381f0cc6","formal","class","Lean Repo","ClassFieldTheory","ClassFieldTheory","","Rep.TrivialTateCohomology","","","A module M over a ring R for a finite group G has trivial Tate cohomology if, for every subgroup S of G and every integer n, the Tate cohomology group H^n(S, M) is zero. This means all such cohomology groups vanish identically across all subgroups and degrees."
"1","0.8981920480728149","i2f","True","e8d59fe8-b9e2-4a6b-bb8e-462fff417c3e","informal","lemma","Lean Community","Brownian motion project","RemyDegenne/brownian-motion","https://RemyDegenne.github.io/brownian-motion/blueprint.pdf","","2.2.35","MeasurableSet.isPavingAnalytic_fst","If X is a measurable space and s is a measurable set in the product of X and the real numbers, then the projection of s onto X is an analytic set with respect to the sigma-algebra on X.","b98d32cf-b2cf-41db-9bc9-ffba763980b7","formal","theorem","Lean Repo","brownian-motion","brownian-motion","","MeasurableSet.isPavingAnalytic_fst","","","If a set s in the product of a measurable space and the real numbers is measurable, then its projection onto the first component is analytic with respect to the paving of measurable sets."
"1","0.89815753698349","i2f","False","0c352df7-2b04-458d-ad9f-0d55256674da","informal","definition","Lean Community","Brownian motion project","RemyDegenne/brownian-motion","https://RemyDegenne.github.io/brownian-motion/blueprint.pdf","","2.1.45","MeasureTheory.IsPredictable","A process is predictable with respect to a filtration if it can be determined just before each time point based on the information available up to that time, meaning it is measurable with respect to the predictable sigma-algebra formed from the filtration.","d336acaf-ec8a-46a8-8326-70657816c5f7","formal","theorem","Lean Repo","brownian-motion","brownian-motion","","ProbabilityTheory.SimpleProcess.isPredictable","","","Every simple process in a filtered probability space is predictable, meaning its value at any time can be determined from information available just before that time, using the structure of the filtration and the measurable nature of the process."
"1","0.8977022767066956","i2f","True","fd04f7da-9a17-4e66-a258-7ba926efda5b","informal","definition","Lean Community","Class Field Theory","kbuzzard/ClassFieldTheory","https://kbuzzard.github.io/ClassFieldTheory/blueprint.pdf","","31","Representation.coind₁', Rep.coind₁'","A group G acts on the set of functions from G to a G-representation M by shifting the input via group multiplication and applying the group action on the output. The action of an element g sends a function f to a new function where each value at x is the result of applying g to f evaluated at xg. This defines a new representation built from functi…","47b6e539-b9c4-47e7-97c1-5b8dfe5e6c22","formal","definition","Lean Repo","ClassFieldTheory","ClassFieldTheory","","Representation.coind₁'","","","Given a group G, a ring R, and a module V over R with a group action defined by a representation ρ, the coinduced representation acts on functions from G to V by transforming a function f according to (g f)(x) = ρ(g)(f(x * g)). This defines a new representation of G on the space of functions from G to V. The construction uses the original group ac…"
"1","0.8976106643676758","i2f","False","cfb2ab68-2a65-4ed9-9777-52acb8e2e67b","informal","theorem","Lean Community","Class Field Theory","kbuzzard/ClassFieldTheory","https://kbuzzard.github.io/ClassFieldTheory/blueprint.pdf","","61","groupCohomology.trivialCohomology_of_even_of_odd","If a representation M of a finite group G has even and odd degree cohomology groups equal to zero for all subgroups of G, then all cohomology groups of M are trivial.","c093cd48-f09d-45f4-a6d5-9a779009e7f6","formal","theorem","Lean Repo","ClassFieldTheory","ClassFieldTheory","","Rep.isZero_ofEven_odd","","","If a representation M of a finite cyclic group has trivial (zero) cohomology in some positive even degree and also in some odd degree, then its cohomology is zero in all positive degrees."
"1","0.8973838090896606","i2f","True","d7d1de9f-eb7a-49a7-b5bd-2f843fa8d9b4","informal","lemma","Lean Community","Carleson operators on doubling metric measure spaces","fpvandoorn/carleson","https://florisvandoorn.com/carleson/blueprint.pdf","","11.3.3","young_convolution","For two non-negative, bounded, periodic functions f and g with period 2π, the square root of the integral of the square of their convolution is less than or equal to the product of the L2 norm of f and the L1 norm of g.","7d01e6ff-8033-4416-9fdd-a47ca1982032","formal","theorem","Lean Repo","carleson","carleson","","young_convolution","","","If f and g are real-valued functions defined on the real line, with f and g being measurable and g periodic with period 2*pi, then the L2 norm of their convolution over the interval (0, 2*pi] is less than or equal to the product of the L2 norm of f and the L1 norm of g, both taken over the same interval."
"1","0.8972814083099365","i2f","True","51cff6ed-a2fb-4d88-8680-cefa382eaeac","informal","lemma","Lean Community","Sphere Packing in Dimension 8","thefundamentaltheor3m/Sphere-Packing-Lean","https://thefundamentaltheor3m.github.io/Sphere-Packing-Lean/blueprint.pdf","","6.22","eta_equality","The Dedekind eta function at -1 divided by z equals the square root of -i times z multiplied by the Dedekind eta function at z.","2800d73a-ca51-47e2-a19f-1b34dbb98c9a","formal","theorem","Lean Repo","sphere-packing-math-inc","sphere-packing-math-inc","","eta_equality","","","The function eta evaluated at -1/z equals (1/sqrt(i)) times sqrt(z) times eta(z), for all complex numbers z with positive imaginary part. This describes a transformation property of the eta function under inversion in the upper half-plane."
"1","0.8972045183181763","i2f","True","51c43e89-6c12-4d41-8577-816c7b497d69","informal","lemma","Lean Community","Brownian motion project","RemyDegenne/brownian-motion","https://RemyDegenne.github.io/brownian-motion/blueprint.pdf","","1.6.10","ProbabilityTheory.hasLaw_brownian_sub","For any two non-negative real numbers s and t, the difference B_t minus B_s in a Brownian motion has a normal distribution with mean 0 and variance equal to the absolute value of t minus s.","b6ee6cc9-fb3b-4f67-9ebd-02924a0503f6","formal","theorem","Lean Repo","brownian-motion","brownian-motion","","ProbabilityTheory.hasLaw_brownian_sub","","","The difference in the value of a Brownian motion at two times s and t has a normal distribution with mean 0 and variance equal to the absolute difference between s and t, under the probability measure defined by the gaussianLimit."
"1","0.897116482257843","i2f","True","dd6acdd4-b7f6-48cc-a18e-174e079af024","informal","corollary","Lean Community","The Polynomial Freiman-Ruzsa Conjecture","teorth/pfr","https://teorth.github.io/pfr/blueprint.pdf","","2.19","ProbabilityTheory.condEntropy_le_entropy","The amount of uncertainty in a random variable X is at least as large as the average uncertainty in X after observing another variable Y. Knowing Y cannot increase the uncertainty about X. This means that conditioning on additional information never increases entropy.","3b4f2b7c-c571-4d0e-b07a-95d54ddd1129","formal","theorem","Lean Repo","pfr","pfr","","ProbabilityTheory.condEntropy_le_entropy","","","The conditional entropy of a random variable X given another random variable Y is always less than or equal to the entropy of X. This means that knowing Y can never increase the uncertainty about X. The result holds for discrete random variables with finite range under a probability measure."
"1","0.8967819213867188","i2f","True","f97bf929-a336-48aa-8ccb-1c65b641d5dc","informal","corollary","Lean Community","The Polynomial Freiman-Ruzsa Conjecture","teorth/pfr","https://teorth.github.io/pfr/blueprint.pdf","","2.20","ProbabilityTheory.entropy_submodular, ProbabilityTheory.condEntropy_comp_ge","The uncertainty of X given both Y and Z is less than or equal to the uncertainty of X given Z alone. This means that knowing more information (like Y) cannot increase the uncertainty about X.","d055de87-38a1-4752-a408-5806f59aa328","formal","theorem","Lean Repo","pfr","pfr","","ProbabilityTheory.entropy_submodular","","","The conditional entropy of X given both Y and Z is less than or equal to the conditional entropy of X given Z alone, meaning that adding more information (Y) cannot increase the uncertainty about X. This holds for discrete random variables X, Y, and Z defined on a common probability space with countable ranges."
"1","0.8965608477592468","i2f","True","732eddd7-687c-4333-8fae-22802805d2df","informal","lemma","Lean Community","Brownian motion project","RemyDegenne/brownian-motion","https://RemyDegenne.github.io/brownian-motion/blueprint.pdf","","2.3.40","MeasureTheory.Submartingale.classDL","Every submartingale that is nonnegative and right-continuous satisfies the class DL condition.","68f5b1f1-4de8-4707-88a4-0489eae8f760","formal","theorem","Lean Repo","brownian-motion","brownian-motion","","MeasureTheory.Submartingale.classDL","","","A submartingale that is nonnegative and right-continuous at every point in time is guaranteed to satisfy the uniform integrability condition known as class DL, meaning its stopped values up to any fixed time remain well-behaved in expectation."
"1","0.8964643478393555","i2f","True","19a8940c-f77a-4a4a-a847-984cb1155235","informal","lemma","Lean Community","The Polynomial Freiman-Ruzsa Conjecture","teorth/pfr","https://teorth.github.io/pfr/blueprint.pdf","","13.9","condKLDiv_eq","The Kullback-Leibler divergence between the conditional distribution of X given Z and the distribution of Y equals the divergence between X and Y plus the difference between the entropy of X and the conditional entropy of X given Z, when X and Y are independent random variables taking values in a group G.","0e45cb5f-7181-4dd3-93aa-872462b64468","formal","theorem","Lean Repo","pfr","pfr","","condKLDiv_eq","","","If X and Y are random variables taking values in a finite set G, and Z is another random variable on the same space as X, then the conditional Kullback-Leibler divergence of X given Z relative to Y equals the unconditional KL divergence of X relative to Y, plus the entropy of X minus the conditional entropy of X given Z. This holds when the probab…"
"1","0.8964488506317139","i2f","True","b4446bbb-adc0-4d31-8c61-bc7fa7d5f778","informal","proposition","Lean Community","The Polynomial Freiman-Ruzsa Conjecture","teorth/pfr","https://teorth.github.io/pfr/blueprint.pdf","","12.37","mutual_information_le","The mutual information between the vector of column sums and the vector of row sums of a random m by m matrix of group-valued variables is at most m times (4m+1) times eta times k, under the condition that each column is a permuted copy of a fixed random tuple and all entries are jointly independent.","ff67bc54-3e7e-4900-b8d4-ed99bd2a07f3","formal","theorem","Lean Repo","pfr","pfr","","mutual_information_le","","","If you have an m by m grid of independent random variables taking values in a group, where each column has the same joint distribution as some rearrangement of a fixed tuple of variables, then the mutual information between the vector of column sums and the vector of row sums, given the total sum, is at most 4 times m squared times a constant k th…"
"1","0.8962926864624023","i2f","False","c39f3b91-10eb-41f2-af78-01a6fd2def1f","informal","lemma","Lean Community","The sphere eversion project","leanprover-community/sphere-eversion","https://leanprover-community.github.io/sphere-eversion/blueprint.pdf","","3.8","localisation_stability","There is a positive continuous function ε on M such that any continuous map g close to f, with distance less than ε at each point, will map the sets φ_i(E) into the corresponding open sets ψ_{j(i)}(F), just as f does for a slightly smaller region.","badc6d7f-8ac3-4dac-a589-3eb80507ba09","formal","theorem","Lean Repo","sphere-eversion","sphere-eversion","","exists_stability_dist","","","There exists a positive continuous function ε on M such that for every point x in M, there are local charts φ around x and ψ around f(x) where any continuous map g close to f (with distance less than ε at each point) maps the image of φ into the image of ψ. This ensures small perturbations of f preserve local range containment in target manifold c…"
"1","0.8959861993789673","i2f","True","32d28fb5-68f3-4ae1-8b88-17fded620e4c","informal","lemma","Lean Community","Brownian motion project","RemyDegenne/brownian-motion","https://RemyDegenne.github.io/brownian-motion/blueprint.pdf","","1.5.25","edist_nearestPt_of_isCover","For any point x in a set A, if C_epsilon is a finite epsilon-cover of A, then the distance between x and its nearest point in C_epsilon is at most epsilon.","9d308d99-6ff2-44c6-8afb-937719447e3a","formal","theorem","Lean Repo","brownian-motion","brownian-motion","","edist_nearestPt_of_isCover","","","If a finite set C is an ε-cover of a set A in a pseudometric space, then for any point x in A, the extended distance from x to its nearest point in C is at most ε."
"1","0.8952242732048035","i2f","False","db84da81-7435-447c-91e2-b537dd8de3d4","informal","lemma","Lean Community","Brownian motion project","RemyDegenne/brownian-motion","https://RemyDegenne.github.io/brownian-motion/blueprint.pdf","","2.2.26","MeasureTheory.IsPavingAnalytic.fst","If a set s in the product space of X and K is analytic with respect to the product of a paving F on X and a compact system K on K (containing the empty set), then the projection of s onto X is analytic with respect to F.","671f9f43-f00f-4162-b616-3d5ef094c4ef","formal","theorem","Lean Repo","brownian-motion","brownian-motion","","MeasureTheory.isPavingAnalyticFor_of_mem","","","If a set s is in a paving p and 𝓚 is a nonempty type, then s is analytic for p with respect to 𝓚, meaning s can be represented as the projection of a set from the product of p and some compact system over 𝓚."
"1","0.8951594233512878","i2f","True","6bfbd5d9-3b0c-4d31-97f7-93f487cbaccb","informal","theorem","Lean Community","Carleson operators on doubling metric measure spaces","fpvandoorn/carleson","https://florisvandoorn.com/carleson/blueprint.pdf","","11.1.4","exceptional_set_carleson","For any continuous periodic function, and for any small positive number epsilon, there is a small set E of measure at most epsilon such that outside of E, the partial sums of the Fourier series of the function approximate the function uniformly within epsilon for sufficiently large N.","2132101a-1a30-42bd-91e0-709d14ba9e44","formal","theorem","Lean Repo","carleson","carleson","","exceptional_set_carleson","","","For a continuous, 2π-periodic, complex-valued function f and any positive ε, there exists a measurable set E within [0, 2π] with measure at most ε such that outside E, the partial Fourier sums of f eventually approximate f uniformly within ε."
"1","0.8948281407356262","i2f","True","55dc7659-5e3f-4ba9-a50c-05bcf0ea7ae6","informal","lemma","Lean Community","The Polynomial Freiman-Ruzsa Conjecture","teorth/pfr","https://teorth.github.io/pfr/blueprint.pdf","","1.2","Real.sum_mul_log_div_leq","For a finite set S and non negative numbers a_s and b_s, the sum over s in S of a_s times the log of a_s over b_s is at least the total sum of a_s times the log of the ratio of the sum of a_s to the sum of b_s, with special rules for zero values to handle undefined logs.","afa9c49e-6030-4943-ad19-85e6ffb639fe","formal","theorem","Lean Repo","pfr","pfr","","Real.sum_mul_log_div_leq","","","If you have a finite set of non-negative numbers a_i and b_i, and whenever b_i is zero a_i is also zero, then the sum of a_i times the log of (a_i / b_i) is at least as big as the total sum of a_i times the log of (total sum of a_i divided by total sum of b_i). This inequality relates a weighted sum of logarithms to the logarithm of a ratio of sum…"
"1","0.894544243812561","i2f","False","7a934ec9-955c-4785-aecf-1583fccd6fa2","informal","lemma","Lean Community","Class Field Theory","kbuzzard/ClassFieldTheory","https://kbuzzard.github.io/ClassFieldTheory/blueprint.pdf","","55","carry, carryCocycle, localInv, localInvIso, localInv_symm_apply","The local invariant map from the second cohomology group of a finite cyclic group of order n to the integers modulo n is an isomorphism, and the cohomology class corresponding to 1 modulo n is represented by a specific cocycle that takes the value 1 when the sum of the exponents of the generator is at least n, and 0 otherwise.","8c822a71-5e5c-4b5b-90c8-f3161ef48b39","formal","theorem","Lean Repo","ClassFieldTheory","ClassFieldTheory","","localInv_H2π_hom","","","The local invariant map for the second cohomology of the trivial action of the cyclic group Z/nZ on the integers sends a 2-cocycle f to the sum over i of f applied to (i, 1), where the group elements are written multiplicatively via conversion from additive notation. This sum computes the image of the cohomology class under the isomorphism to Z/nZ…"
"1","0.8943471908569336","i2f","True","b79912ed-174e-4ed1-99ad-e334f5ef8887","informal","lemma","Lean Community","The Polynomial Freiman-Ruzsa Conjecture","teorth/pfr","https://teorth.github.io/pfr/blueprint.pdf","","4.4","isUniform_sub_const_of_rdist_eq_zero","If a random variable X taking values in a group G has zero self-distance in distribution and there is a point x0 with positive probability, then shifting X by x0 results in a distribution that is uniform over the symmetry group of X.","8a6ba36b-3257-45a7-ac82-3715d7022b96","formal","theorem","Lean Repo","pfr","pfr","","isUniform_sub_const_of_rdist_eq_zero","","","If the Ruzsa distance between a random variable X and itself is zero, then shifting X by any value x₀ that occurs with positive probability results in a uniform distribution over the subgroup of G that preserves the distribution of X. This subgroup consists of all elements that, when added to X, do not change its distribution. The shifted variable…"
"1","0.8943372964859009","i2f","True","6dc84a25-e936-43d9-a324-279d26b5c3d7","informal","definition","Lean Community","Fermat's Last Theorem","ImperialCollegeLondon/FLT","https://ImperialCollegeLondon.github.io/FLT/blueprint.pdf","","5.24","Hurwitz.starRing","The conjugation map on Hurwitz quaternions, called ""star"", flips the sign of purely imaginary parts like 2ω+1 while leaving integers unchanged, and it reverses the order of multiplication, satisfies involution (applying it twice returns the original), and respects addition; this makes the Hurwitz quaternions a star ring.","5c59b3db-c61a-4084-b8e0-742d147d50c2","formal","instance","Lean Repo","FLT","FLT","","Hurwitz.starRing","","","The Hurwitz starRing instance defines a conjugation operation on Hurwitz quaternions, which flips the signs of the imaginary components while leaving the real part unchanged. For a quaternion of the form a + bi + cj + dk, the conjugate is a - bi - cj - dk. This operation is part of a structure that supports conjugation in a ring setting."
"1","0.8939583897590637","i2f","True","d4d0cb05-4836-415d-8913-5680d6076971","informal","definition","Lean Community","Fermat's Last Theorem","ImperialCollegeLondon/FLT","https://ImperialCollegeLondon.github.io/FLT/blueprint.pdf","","9.37","NumberField.InfinitePlace.Completion.baseChange","There is a natural algebra homomorphism from the tensor product of L with the completion of K at an infinite place v to the product of the completions of L at all places lying over v, and this map agrees with a previously defined extension map when restricted to the image of the completion of K.","dcb8144b-f1e1-497e-99c2-86373d291e1a","formal","definition","Lean Repo","FLT","FLT","","NumberField.InfinitePlace.Completion.baseChange","","","Given a field extension L over K and an infinite place v of K, this defines a natural L-algebra map from the tensor product of L with the completion of K at v to the product of the completions of L at all places lying above v. The map is built using the embeddings that extend v to L. It expresses how completing K at v and extending scalars to L re…"
"1","0.8938800692558289","i2f","True","24e20ff1-b1e5-43dc-b912-ad7237992bda","informal","lemma","Lean Community","The Polynomial Freiman-Ruzsa Conjecture","teorth/pfr","https://teorth.github.io/pfr/blueprint.pdf","","13.5","KLDiv_of_convex","The Kullback-Leibler divergence between two probability distributions that are mixtures of other distributions is less than or equal to the weighted average of the Kullback-Leibler divergences of the individual pairs of distributions. The weights are non-negative and add up to one. This shows that Kullback-Leibler divergence is convex in its argum…","e7175a74-4ed8-4301-9df4-0934335c61f5","formal","theorem","Lean Repo","pfr","pfr","","KLDiv_of_convex","","","If a probability distribution is formed by averaging other distributions using non-negative weights, then the Kullback-Leibler divergence of the averaged distributions is less than or equal to the weighted average of the divergences of the individual distributions."
"1","0.8937873840332031","i2f","True","5b0c7ec9-ff1a-45d2-8474-e1e15558ef88","informal","lemma","Lean Community","Brownian motion project","RemyDegenne/brownian-motion","https://RemyDegenne.github.io/brownian-motion/blueprint.pdf","","2.3.29","ProbabilityTheory.isStable_submartingale","If a stochastic process is a cadlag submartingale and you stop it at a random stopping time, the resulting stopped process remains a cadlag submartingale.","2864b5d3-1283-4ba4-9229-0cf98381fe1d","formal","theorem","Lean Repo","brownian-motion","brownian-motion","","ProbabilityTheory.isStable_submartingale","","","Càdlàg submartingales remain submartingales when stopped at any stopping time, meaning the class of such processes is closed under stopping. This holds in a filtered probability space with reasonable topological and measure-theoretic assumptions. The result ensures stability of the submartingale property for processes that are right-continuous wit…"
"1","0.8937779068946838","i2f","True","a5fdacb8-6381-49dd-bf41-c277257e08ed","informal","lemma","Lean Community","Brownian motion project","RemyDegenne/brownian-motion","https://RemyDegenne.github.io/brownian-motion/blueprint.pdf","","1.5.15","packingNumber_mul_le_volume","The number of disjoint balls of radius epsilon/2 that fit inside a set A is at most the volume of the set A expanded by epsilon/2, divided by the volume of one such ball. This gives an upper bound on packing density based on volume.","d04c2035-2cf6-4c75-b849-0a93f88a7a04","formal","theorem","Lean Repo","brownian-motion","brownian-motion","","packingNumber_mul_le_volume","","","The number of disjoint balls of radius ε/2 that can be packed into a set A, multiplied by the volume of one such ball, is at most the volume of the set formed by expanding A by ε/2. This gives an upper bound on how many well-separated points can fit in A based on volume. It applies to finite-dimensional normed vector spaces with an inner product, …"
"1","0.8929699659347534","i2f","False","c2e2ce2f-34a0-4686-a3c5-166cb36ac413","informal","theorem","Lean Community","Fermat's Last Theorem for regular primes","leanprover-community/flt-regular","https://github.com/leanprover-community/flt-regular","","4.13","flt_regular","For an odd regular prime number p, there are no nonzero whole number solutions to the equation x^p + y^p = z^p.","9e0c848f-ca2d-414d-a403-a7642e6bc852","formal","theorem","Lean Repo","flt-regular","flt-regular","","FltRegular.not_exists_Int_solution'","","","There are no integers x, y, z such that x^p + y^p = z^p when p is an odd prime number, z is divisible by p, z is not zero, and the greatest common divisor of x, y, z is 1, provided that p is a regular prime."
"1","0.8927410840988159","i2f","False","72c59402-dfc7-4c8f-a216-2c3af5944a63","informal","lemma","Lean Community","Brownian motion project","RemyDegenne/brownian-motion","https://RemyDegenne.github.io/brownian-motion/blueprint.pdf","","2.3.36","ProbabilityTheory.ClassD.uniformIntegrable'","A stochastic process that belongs to class D has the property that its random variables are uniformly integrable, meaning their expected values over large values are uniformly small.","484fd2b1-ec9e-4454-a974-c9cc96864c32","formal","theorem","Lean Repo","brownian-motion","brownian-motion","","MeasureTheory.Martingale.classD_iff_uniformIntegrable","","","A stochastic process is of class D if and only if it is a right-continuous martingale and its family of random variables is uniformly integrable. This means the process has well-behaved stopping times and does not exhibit extreme fluctuations in expectation. The result connects uniform integrability with the structural property of being class D fo…"
"1","0.8926011919975281","i2f","False","e3d48deb-e32b-4ff2-ad59-6a79fa318c3e","informal","lemma","Lean Community","Brownian motion project","RemyDegenne/brownian-motion","https://RemyDegenne.github.io/brownian-motion/blueprint.pdf","","2.1.52","MeasureTheory.Martingale.uniformIntegrable_stoppedValue_of_countable_range","If a martingale is stopped at a sequence of stopping times that are all bounded by some fixed time and each stopping time takes values in a countable set, then the resulting stopped values form a uniformly integrable family.","0902bb49-e86d-4eef-bc21-7896b67d3c04","formal","theorem","Lean Repo","brownian-motion","brownian-motion","","MeasureTheory.Martingale.uniformIntegrable_stoppedValue","","","If a stochastic process is a martingale and you stop it at a sequence of stopping times that are all bounded by some fixed time, then the resulting sequence of stopped values is uniformly integrable with respect to the given finite measure."
"1","0.8925329446792603","i2f","True","336fb293-e7e9-4cb3-8ba1-22bda2db142c","informal","lemma","Lean Community","Brownian motion project","RemyDegenne/brownian-motion","https://RemyDegenne.github.io/brownian-motion/blueprint.pdf","","2.2.32","MeasureTheory.IsPavingAnalytic_measurableSet_iff_isPavingAnalytic_Icc","A subset of the real numbers is analytic with respect to the paving of measurable sets if and only if it is analytic with respect to the paving of closed intervals.","252314e7-fe73-4c52-ace0-03c6772551da","formal","theorem","Lean Repo","brownian-motion","brownian-motion","","MeasureTheory.IsPavingAnalytic_measurableSet_iff_isPavingAnalytic_Icc","","","A set of real numbers is analytic with respect to the collection of all measurable sets if and only if it is analytic with respect to the collection of all closed intervals. This means that the property of being an analytic set does not change when you switch between using general measurable sets and just closed intervals in the definition. The eq…"
"1","0.892339289188385","i2f","True","a84988b3-4e63-413b-839f-68fb0eb42d9b","informal","theorem","Lean Community","Class Field Theory","kbuzzard/ClassFieldTheory","https://kbuzzard.github.io/ClassFieldTheory/blueprint.pdf","","60","groupCohomology.trivialCohomology_of_even_of_odd_of_solvable","If a representation M of a finite solvable group G has zero cohomology in all even degrees e and all odd degrees o for every subgroup S of G, then M has trivial cohomology overall.","11475aa7-d9ae-43e8-8e5a-dc555682d2a7","formal","theorem","Lean Repo","ClassFieldTheory","ClassFieldTheory","","groupCohomology.trivialCohomology_of_even_of_odd_of_solvable","","","If the second cohomology group of a module M is zero for all even degrees 2n+2 and the first cohomology group is zero for all odd degrees 2m+1, when restricted to every subgroup of a finite solvable group G, then M has trivial cohomology in all degrees."
"1","0.8918132781982422","i2f","False","a8007f89-37c2-4e70-a971-f24586484d7c","informal","lemma","Lean Community","Brownian motion project","RemyDegenne/brownian-motion","https://RemyDegenne.github.io/brownian-motion/blueprint.pdf","","2.1.59","MeasureTheory.Submartingale.uniformIntegrable_stoppedValue","If a submartingale is indexed discretely and a sequence of stopping times is uniformly bounded, then the set of random variables obtained by stopping the process at these times is uniformly integrable.","dd98f0df-41d4-43a1-a3a7-dbc803beaa59","formal","theorem","Lean Repo","brownian-motion","brownian-motion","","MeasureTheory.Submartingale.uniformIntegrable_bounded_stoppingTime","","","If a stochastic process is a submartingale, has right-continuous sample paths, starts at zero or above, and is uniformly integrable, then the family of random variables obtained by stopping the process at any bounded stopping time is also uniformly integrable."
"1","0.891272783279419","i2f","True","3336cd35-08fb-45ba-9e83-6274e3955bc5","informal","lemma","Lean Community","Brownian motion project","RemyDegenne/brownian-motion","https://RemyDegenne.github.io/brownian-motion/blueprint.pdf","","1.5.49","ProbabilityTheory.aemeasurable_pair_of_aemeasurable","If a stochastic process takes values in a separable space and each of its time slices is almost everywhere measurable, then the pair of values at any two times is also almost everywhere measurable with respect to the product Borel sigma-algebra.","e5f09fbf-1f1d-4f4f-a721-a45068ea7b32","formal","theorem","Lean Repo","brownian-motion","brownian-motion","","ProbabilityTheory.aemeasurable_pair_of_aemeasurable","","","If two stochastic processes are almost everywhere measurable at each time point, then the function mapping outcomes to the pair of their values at two fixed times is also almost everywhere measurable with respect to the product space. This holds for processes taking values in a second-countable, pseudo-emetric Borel space. The result follows from …"
"1","0.8912617564201355","i2f","False","eba12b78-eafa-48b1-991d-8ef16f129b64","informal","lemma","Lean Community","Brownian motion project","RemyDegenne/brownian-motion","https://RemyDegenne.github.io/brownian-motion/blueprint.pdf","","2.2.63","MeasureTheory.isStoppingTime_leastGT","If X is a progressively measurable process in a certain ordered topological setting, and a is any element in the range space, then the first time X exceeds a is a stopping time. This holds under standard conditions on the time and state spaces with their sigma-algebras. The result connects measurability of processes to the stopping time property o…","10c89fc7-febe-457b-9774-793cff2e1bdb","formal","theorem","Lean Repo","brownian-motion","brownian-motion","","MeasureTheory.isStoppingTime_leastGE","","","If a stochastic process is progressively measurable and the filtration satisfies the usual conditions (right-continuous and complete), then the first time the process reaches or exceeds a given level is a stopping time. This means the event of having stopped by any given time is measurable with respect to the information available at that time. Th…"
"1","0.8911974430084229","i2f","False","87523ef6-72ef-4d1c-bd3e-3d08cbe9c859","informal","definition","Lean Community","Sphere Packing in Dimension 8","thefundamentaltheor3m/Sphere-Packing-Lean","https://thefundamentaltheor3m.github.io/Sphere-Packing-Lean/blueprint.pdf","","1.6","SpherePacking.scale","A scaled sphere packing is created by multiplying all points in a packing by a positive number c, which also scales the separation radius by the same factor c.","c447fc11-d22d-41bb-92ad-a8a0acd056d8","formal","theorem","Lean Repo","Sphere-Packing-Lean","Sphere-Packing-Lean","","PeriodicSpherePacking.scale_balls","","","Scaling a periodic sphere packing by a positive constant c multiplies the positions of all balls in the packing by c, and the resulting set of balls is exactly the original set of balls scaled by that factor c."
"1","0.8911842107772827","i2f","False","91cac985-edea-43bd-b3a4-3784f7f00e16","informal","lemma","Lean Community","Brownian motion project","RemyDegenne/brownian-motion","https://RemyDegenne.github.io/brownian-motion/blueprint.pdf","","2.3.18","ProbabilityTheory.Locally.rightContinuous","A stochastic process is locally right continuous exactly when it is right continuous almost surely. This means the process has right continuity at every point with probability one. The property holds in both directions.","6bb761ab-1f53-4a7f-8d27-d9c5870e6bb6","formal","theorem","Lean Repo","brownian-motion","brownian-motion","","ProbabilityTheory.locally_rightContinuous_iff","","","A stochastic process X is locally right-continuous with respect to a filtration and a probability measure if and only if, almost surely with respect to that measure, every sample path of X is right-continuous. This means that for almost every outcome ω, the function X(·, ω) has no jumps when approaching any point from the right. The result holds u…"
"1","0.8911554217338562","i2f","True","300de8ac-e859-4a01-80f6-a089e274fdf2","informal","definition","Lean Community","The Polynomial Freiman-Ruzsa Conjecture","teorth/pfr","https://teorth.github.io/pfr/blueprint.pdf","","13.11","rhoMinus","rho minus of X is the smallest KL divergence between X and the sum of a uniform random variable on A and an independent G valued random variable T.","1c8204f1-9fad-40cf-94b7-798931ac294f","formal","definition","Lean Repo","pfr","pfr","","rhoMinus","","","For a random variable X taking values in a group G, rhoMinus(X) is the smallest possible value of the Kullback-Leibler divergence between X and the sum of a uniform random variable on a finite set A and another independent random variable T. This minimum divergence is taken over all such T that make the divergence well-defined. The result is a rea…"
"1","0.8911347389221191","i2f","True","1e55f47a-6bfc-4160-9ad2-1ebf8a57eed1","informal","lemma","Lean Community","The Polynomial Freiman-Ruzsa Conjecture","teorth/pfr","https://teorth.github.io/pfr/blueprint.pdf","","12.10","ent_sub_nsmul_le, ent_of_sub_smul'","The entropy of the random variable X minus (a+1) times Y is at most the sum of the entropies of X minus a times Y and X minus Y minus an independent copy of X, minus the entropy of X; the same bound holds when replacing a+1 with a-1.","f4361ff0-78aa-4f01-811a-c17f990d427d","formal","theorem","Lean Repo","pfr","pfr","","ent_sub_nsmul_le","","","If X, Y, and X' are independent random variables taking values in a countable abelian group, with X and X' having the same distribution, then the entropy of X minus (a+1) times Y is at most the entropy of X minus a times Y, plus the entropy of X minus Y minus X', minus the entropy of X."
"1","0.8910355567932129","i2f","False","f3230b52-7993-472a-b9e7-8c869da166f7","informal","definition","Lean Community","Sphere Packing in Dimension 8","thefundamentaltheor3m/Sphere-Packing-Lean","https://thefundamentaltheor3m.github.io/Sphere-Packing-Lean/blueprint.pdf","","6.45","serre_D","The weight k Serre derivative of a modular form F is given by the derivative of F minus (k divided by 12) times the product of the Eisenstein series E2 and F.","5054069e-b818-41a4-8d80-26053dfab684","formal","theorem","Lean Repo","Sphere-Packing-Lean","Sphere-Packing-Lean","","serre_D_apply","","","The Serre derivative of weight k applied to a function F at a point z in the upper half-plane equals the derivative of F at z minus k times one twelfth times the value of the Eisenstein series E2 at z multiplied by F at z. This defines a modified derivative operator used in the theory of modular forms. The formula adjusts the ordinary derivative b…"
"1","0.8909348249435425","i2f","True","c3ade757-c231-4045-9f94-48002d0ab2cb","informal","lemma","Lean Community","The Polynomial Freiman-Ruzsa Conjecture","teorth/pfr","https://teorth.github.io/pfr/blueprint.pdf","","12.35","iter_multiDist_chainRule, iter_multiDist_chainRule'","The total dependence of a tuple of independent random variables taking values in a sequence of abelian groups can be broken down into a sum of conditional dependencies at each level of the sequence, plus an additional term involving mutual information between the sum of the variables and intermediate projections, given certain conditions. This bre…","e7712085-8add-4322-8e9d-f12ad0103a98","formal","theorem","Lean Repo","pfr","pfr","","iter_multiDist_chainRule","","","For a sequence of homomorphisms between finite abelian groups and a tuple of independent random variables taking values in the top group, the total dependence of the tuple relative to the bottom group equals the sum of the conditional dependencies at each step plus the sum of certain conditional mutual informations along the chain."
"1","0.8908868432044983","i2f","False","5b5841a4-6a0b-40c5-a5c3-d9a348c398ba","informal","definition","Lean Community","Brownian motion project","RemyDegenne/brownian-motion","https://RemyDegenne.github.io/brownian-motion/blueprint.pdf","","1.6.1","ProbabilityTheory.preBrownian","The pre-Brownian process is a stochastic process defined on the space of real-valued functions on the non-negative real numbers, where the probability measure comes from a specific Gaussian limit construction, and the process is given by evaluating these functions at each point in time.","b74b5521-0e58-4651-9817-775234a41d87","formal","class","Lean Repo","brownian-motion","brownian-motion","","ProbabilityTheory.IsPreBrownian","","","A pre-Brownian process is a stochastic process indexed by non-negative real numbers, taking values in the real numbers, such that for any finite set of times, the joint distribution of the process at those times matches that of a Brownian motion. It is defined on a measurable space and equipped with a probability measure, and its finite-dimensiona…"
"1","0.8907773494720459","i2f","True","5ffc5acd-ec65-47d0-94a2-d5ddb7a36d0f","informal","lemma","Lean Community","The Polynomial Freiman-Ruzsa Conjecture","teorth/pfr","https://teorth.github.io/pfr/blueprint.pdf","","2.2","ProbabilityTheory.entropy_comp_of_injective, ProbabilityTheory.entropy_of_comp_eq_of_comp","If two random variables are related by an invertible function or if one is a one-to-one mapping of the other, then their entropy values are equal. This means that relabeling outcomes using a reversible or injective transformation does not change the amount of uncertainty.","293f0422-52f9-42b7-a64a-d0b081ad20e2","formal","theorem","Lean Repo","pfr","pfr","","ProbabilityTheory.entropy_comp_of_injective","","","If a random variable Y is obtained by applying an injective function f to another random variable X, then the entropy of Y equals the entropy of X. This means that transforming X through a one-to-one function does not change the amount of uncertainty. The result holds when X takes values in a countable space and both variables are measurable."
"1","0.8906320333480835","i2f","True","f912a029-fe0a-4809-ad9e-2c1c42fc0394","informal","theorem","Lean Community","Brownian motion project","RemyDegenne/brownian-motion","https://RemyDegenne.github.io/brownian-motion/blueprint.pdf","","2.2.19","MeasureTheory.fst_iInter_of_supClosure_image2_prod_of_antitone","If S is a collection of subsets of X and T is a compact system of K, and if Bn is a decreasing sequence of sets in the closure of products from S and T, then the projection of the intersection of the Bn sets onto X equals the intersection of the projections of each Bn onto X.","e3a2e879-7c70-4682-9e38-2a1d80438f66","formal","theorem","Lean Repo","brownian-motion","brownian-motion","","MeasureTheory.fst_iInter_of_supClosure_image2_prod_of_antitone","","","If B is a decreasing sequence of subsets of the product space X × K, each belonging to the sup-closure of products of sets from p and q, where q contains the empty set and forms a compact system, then the projection of the intersection of all B n onto X equals the intersection of the projections of each B n onto X."
"1","0.890558123588562","i2f","True","3dc44c96-30dd-47fc-bc81-5677ecd83399","informal","lemma","Lean Community","Brownian motion project","RemyDegenne/brownian-motion","https://RemyDegenne.github.io/brownian-motion/blueprint.pdf","","2.3.5","ProbabilityTheory.isLocalizingSequence_of_isPreLocalizingSequence","If a sequence of stopping times is a pre-localizing sequence, then the sequence formed by taking the infimum from each point onward is a localizing sequence.","6be67b0f-2890-4341-95a9-e6ec72a7c68e","formal","theorem","Lean Repo","brownian-motion","brownian-motion","","ProbabilityTheory.isLocalizingSequence_of_isPreLocalizingSequence","","","If a sequence of stopping times is pre-localizing with respect to a right-continuous filtration and a probability measure, then the sequence obtained by taking the pointwise infimum over all later times from each index onward forms a localizing sequence for the same filtration and measure. This means that under these conditions, the modified seque…"
"1","0.8904991745948792","i2f","False","0dc539a8-c394-4530-a0bc-81a9f86b2b7f","informal","theorem","Lean Community","Fermat's Last Theorem","ImperialCollegeLondon/FLT","https://ImperialCollegeLondon.github.io/FLT/blueprint.pdf","","9.47","NumberField.AdeleRing.baseChangeEquiv","If there is a ring homomorphism from one number field K to another number field L, then the tensor product of L with the adele ring of K over K is naturally isomorphic to the adele ring of L, and this isomorphism respects both algebraic and topological structure.","a1561792-c5ac-4769-81c3-ece5951a95ef","formal","definition","Lean Repo","FLT","FLT","","NumberField.AdeleRing.baseChangeAdeleEquiv","","","There is a natural isomorphism of topological rings that identifies the tensor product of a number field extension L over K with the adele ring of K, on one side, and the adele ring of L, on the other; this isomorphism respects both the algebra structure and the topology coming from the adeles. It is built using the standard map that extends scala…"
"1","0.890434741973877","i2f","True","5f8c250a-f4dd-41ea-af66-c5c8ad3f71c6","informal","lemma","Lean Community","Brownian motion project","RemyDegenne/brownian-motion","https://RemyDegenne.github.io/brownian-motion/blueprint.pdf","","2.1.83","MeasureTheory.Submartingale.ae_bddAbove_Iic, ProbabilityTheory.maximal_ineq_countable","For a non-negative submartingale indexed by a countable set, the probability that the maximum value up to a given index M exceeds a threshold lambda is bounded above by the expected value of the submartingale at M divided by lambda. This result also gives a bound involving the expected value of the submartingale at M on the event where the maximum…","13a01118-4dd0-4bd3-bf7f-f65f530eb51c","formal","theorem","Lean Repo","brownian-motion","brownian-motion","","ProbabilityTheory.maximal_ineq_countable","","","For a non-negative submartingale indexed by a countable ordered set, the probability that its maximum value exceeds a positive threshold ε is bounded above by the expected value of the submartingale at a fixed time, divided by ε. This result holds with respect to a finite measure and a given filtration. It generalizes the idea that large deviation…"
"1","0.8902275562286377","i2f","True","e78dcd8c-f5f7-41c2-bde2-afbd0eb4fe83","informal","lemma","Lean Community","Brownian motion project","RemyDegenne/brownian-motion","https://RemyDegenne.github.io/brownian-motion/blueprint.pdf","","2.4.16","ProbabilityTheory.SimpleProcess.integral_assoc","For certain types of processes and continuous bilinear maps between normed vector spaces, the order of applying stochastic integrals can be rearranged if the maps satisfy a compatibility condition; specifically, integrating V against the integral of W against X is the same as first combining V and W using a bilinear map and then integrating the re…","4a1bf72b-aca3-4bb8-be4a-c8dd17565df1","formal","theorem","Lean Repo","brownian-motion","brownian-motion","","ProbabilityTheory.SimpleProcess.integral_assoc","","","When integrating simple processes in stochastic calculus, the order of integration can be swapped if the underlying bilinear maps satisfy a compatibility condition; specifically, integrating one process against another nested integral gives the same result as integrating their combined process against the third, provided the maps compose in a way …"
"1","0.8901886940002441","i2f","True","f64ace85-2370-4cff-8909-8e121b2d5bce","informal","lemma","Lean Community","The Polynomial Freiman-Ruzsa Conjecture","teorth/pfr","https://teorth.github.io/pfr/blueprint.pdf","","12.30","condMultiDist_nonneg","The conditional multidistance between two tuples of random variables is always greater than or equal to zero.","a657e507-5cd4-4fe1-958c-625484214148","formal","theorem","Lean Repo","pfr","pfr","","condMultiDist_nonneg","","","The conditional multidistance between a list of random variables X given another list Y is always greater than or equal to zero. This holds when each X takes values in a finite additive group G and each Y takes values in a finite set, with all spaces equipped with appropriate probability measures and measurability conditions."
"1","0.8901598453521729","i2f","True","d072f534-7d22-4a02-a870-eb1130029f13","informal","definition","Lean Community","Toric varieties","YaelDillies/toric","https://YaelDillies.github.io/toric/blueprint.pdf","","4.3.9","AlgebraicGeometry.Scheme.charPairing","There is a perfect pairing with integer values between the characters and cocharacters of a group scheme over the spectrum of a domain.","aa8ec4c3-c6de-437a-914b-8d67f92fa56d","formal","definition","Lean Repo","toric","toric","","AlgebraicGeometry.Scheme.charPairing","","","A pairing between characters and cocharacters of a group scheme over a domain, taking values in the integers, that is linear in both arguments and respects the group structure."
"1","0.8901207447052002","i2f","True","a58b949d-433a-45d1-a8c2-4571f64c2c55","informal","theorem","Lean Community","The Polynomial Freiman-Ruzsa Conjecture","teorth/pfr","https://teorth.github.io/pfr/blueprint.pdf","","8.9","entropic_PFR_conjecture_improv","For two random variables taking values in the vector space F_2^n, there exists a subgroup such that the distances of both variables from the uniform distribution on that subgroup are bounded by a constant multiple of their mutual distance; specifically, the sum of these distances is at most 10 times their mutual distance, and each is at most 6 tim…","181b8463-6088-4581-b877-e42b7c96c42e","formal","theorem","Lean Repo","pfr","pfr","","entropic_PFR_conjecture_improv","","","For two random variables taking values in a finite abelian group G that is also a vector space over the field of two elements, there exists a subgroup H of G such that the sum of the distances from each variable to the uniform distribution on H is at most 10 times the distance between the two variables themselves."
"1","0.8900247812271118","i2f","True","a5da0f0b-9926-4938-a4ee-6b6c325571d3","informal","lemma","Lean Community","Toric varieties","YaelDillies/toric","https://YaelDillies.github.io/toric/blueprint.pdf","","2.3.23","Bialgebra.span_isGroupLikeElem_eq_top_of_isDiagonalisable","A diagonalizable bialgebra is made up entirely of combinations of its group-like elements.","2ac106f1-e7f7-4c18-b539-fd0f7e898e18","formal","theorem","Lean Repo","toric","toric","","Bialgebra.span_isGroupLikeElem_eq_top_of_isDiagonalisable","","","If a bialgebra over a commutative ring can be diagonalised, then every element in it can be expressed as a combination of group-like elements. This means the entire bialgebra is spanned by those elements that behave like group elements under the coalgebra operations."
"1","0.8896961808204651","i2f","True","19ee8509-8b07-4bfc-bd1c-2f2ae5f4cf10","informal","lemma","Lean Community","Class Field Theory","kbuzzard/ClassFieldTheory","https://kbuzzard.github.io/ClassFieldTheory/blueprint.pdf","","41","Rep.trivialTateCohomology_coind₁, Rep.trivialTateCohomology_coind₁', Rep.trivialTateCohomology_ind₁'","If M is a representation of a finite group G, then the induced representation ind_1'(M) and the coinduced representation coind_1'(M) both have trivial Tate cohomology.","4f565089-af5e-41b1-b362-e9048295e092","formal","instance","Lean Repo","ClassFieldTheory","ClassFieldTheory","","Rep.trivialTateCohomology_coind₁'","","","For any finite group G, commutative ring R, and representation M of G over R, the coinduced representation Rep.coind₁'.obj M has trivial Tate cohomology, meaning all its Tate cohomology groups vanish for every subgroup of G and every integer degree."
"1","0.8894450664520264","i2f","False","f43545cd-e25e-46ee-a9cb-bfc228176c9c","informal","lemma","Lean Community","Brownian motion project","RemyDegenne/brownian-motion","https://RemyDegenne.github.io/brownian-motion/blueprint.pdf","","1.5.51","ProbabilityTheory.lintegral_sup_rpow_edist_le_card_mul_rpow","For a stochastic process satisfying the Kolmogorov continuity condition with exponents p and q and constant M, the expected value of the supremum of the p-th power of distances between process values at pairs of points in a finite set C is bounded above by the size of C times M times epsilon raised to the power q, where epsilon is an upper bound o…","f4558e48-60e6-48c1-8e00-04eabbffda05","formal","theorem","Lean Repo","brownian-motion","brownian-motion","","ProbabilityTheory.lintegral_sup_rpow_edist_le_card_mul_rpow_of_dist_le","","","For a stochastic process that satisfies a Kolmogorov continuity condition, the expected value of the supremum of distances between process values raised to a power p is bounded by a constant multiple of the size of the index set, a scaling factor involving n, and parameters controlling the distance and measure."
"1","0.889072835445404","i2f","False","ab5fb57b-3d32-4c79-af0d-d5be83466c3d","informal","lemma","Lean Community","Brownian motion project","RemyDegenne/brownian-motion","https://RemyDegenne.github.io/brownian-motion/blueprint.pdf","","1.5.60","ProbabilityTheory.lintegral_sup_rpow_edist_le_of_minimal_cover","Let X be a stochastic process satisfying a Kolmogorov condition with exponents p and q and constant M, on a parameter space T with bounded internal covering number given by constants c1 and d. Let C_k be a minimal epsilon_k-cover of T. Then the expected value of the supremum of the p-th power of distances between process values at points in C_k an…","74ec8dfe-1dc2-4399-b2ed-2bbf83c22460","formal","theorem","Lean Repo","brownian-motion","brownian-motion","","ProbabilityTheory.lintegral_sup_rpow_edist_cover_of_dist_le","","","For a stochastic process satisfying a Kolmogorov-type condition, the expected value of the supremum of the p-th power of the distance between process values is bounded above by a constant multiple of the covering number of the index set, raised to a power involving q and multiplied by logarithmic factors. The bound depends on the parameters of the…"
"1","0.8890693187713623","i2f","True","6b34b534-b7fe-4643-a95b-61ba8452b198","informal","lemma","Lean Community","The Polynomial Freiman-Ruzsa Conjecture","teorth/pfr","https://teorth.github.io/pfr/blueprint.pdf","","12.6","kvm_ineq_I","The entropy of the sum of a random variable X and several independent random variables is at most the sum of the individual entropy increases when adding each variable to X one at a time.","a52aa893-e87d-4502-8ddb-47620800b26a","formal","theorem","Lean Repo","pfr","pfr","","kvm_ineq_I","","","If Y_i0 is a random variable and Y_i for i in a finite set s are independent random variables taking values in a countable abelian group, then the increase in entropy from adding Y_i0 to the sum of the Y_i is at most the sum of the increases in entropy from adding Y_i0 to each individual Y_i."
"1","0.8889163136482239","i2f","False","e2ce9471-5800-41a3-b949-d86bfdecacfa","informal","definition","Lean Community","Brownian motion project","RemyDegenne/brownian-motion","https://RemyDegenne.github.io/brownian-motion/blueprint.pdf","","2.2.56","MeasureTheory.debut","The debut of a set E is the smallest time t greater than or equal to zero such that the point (t, omega) is in E. It is the first time the set E is reached.","976747dc-5377-4ef4-8fd0-ba8ee784a68d","formal","theorem","Lean Repo","brownian-motion","brownian-motion","","MeasureTheory.debut_eq_ite","","","The debut of a set E after time n is a function that, for each outcome ω, returns the smallest time t at or after n such that (t, ω) is in E, if such a time exists; otherwise, it returns infinity."
"1","0.8886054754257202","i2f","True","25b16c57-f13e-4d0f-8d5e-fd4367db5e2c","informal","lemma","Lean Community","The Polynomial Freiman-Ruzsa Conjecture","teorth/pfr","https://teorth.github.io/pfr/blueprint.pdf","","3.24","condRuzsaDist_le, condRuzsaDist_le'","The Ruzsa distance between two random variables conditioned on additional information is at most the unconditioned Ruzsa distance plus half the mutual information between each variable and its respective conditioning variable. This gives an upper bound on how much conditioning can increase the Ruzsa distance. In a special case, the distance betwee…","a62de985-ff29-4fbc-884d-77b5424e0d84","formal","theorem","Lean Repo","pfr","pfr","","condRuzsaDist_le'","","","The conditional Ruzsa distance between two random variables X and Y given a third variable W is at most the unconditional Ruzsa distance between X and Y plus half the mutual information between Y and W. All variables take values in countable abelian groups, have finite range, and are measurable with respect to probability measures on their domains…"
"1","0.8883774280548096","i2f","True","fb56302c-5a06-4878-b948-77c638507d42","informal","lemma","Lean Community","Brownian motion project","RemyDegenne/brownian-motion","https://RemyDegenne.github.io/brownian-motion/blueprint.pdf","","1.3.25","ProbabilityTheory.covMatrix_stdGaussian","The covariance matrix of the standard Gaussian distribution is equal to the identity matrix.","2486a797-c678-46d2-b655-66443778ba97","formal","theorem","Lean Repo","brownian-motion","brownian-motion","","ProbabilityTheory.covMatrix_stdGaussian","","","The covariance matrix of the standard Gaussian distribution on a finite-dimensional real inner product space is the identity matrix, meaning each component has unit variance and is uncorrelated with the others. This holds regardless of the choice of orthonormal basis. The result follows from the fact that the coordinates are independent standard n…"
"1","0.8874161839485168","i2f","True","3969a4c6-98a3-416a-89f8-45d82844cf8f","informal","lemma","Lean Community","The Polynomial Freiman-Ruzsa Conjecture","teorth/pfr","https://teorth.github.io/pfr/blueprint.pdf","","13.20","rho_continuous","The value of rho of X changes smoothly when the distribution of X changes slightly.","00ee3b8e-715e-49a8-aea6-acd059b0dffb","formal","theorem","Lean Repo","pfr","pfr","","rho_continuous","","","The value of rho(X) changes smoothly when the probability distribution of the random variable X changes, assuming X takes values in a finite additive group with the discrete topology and measurable structure. This means small changes in the distribution of X lead to small changes in rho(X). The result follows from the continuity of related functio…"
"1","0.8870357275009155","i2f","False","460411ac-240d-4fa4-8f4c-a0c94412b621","informal","lemma","Lean Community","Brownian motion project","RemyDegenne/brownian-motion","https://RemyDegenne.github.io/brownian-motion/blueprint.pdf","","1.5.56","ProbabilityTheory.lintegral_sup_rpow_edist_cover_rescale","For a stochastic process satisfying a Kolmogorov condition, the expected maximum distance between process values at nearby points in a discretized cover is bounded by a term involving the covering number, the distance scale, and the process exponents. The bound grows with the covering number and depends on the scale delta raised to the power q, mu…","0a0ee128-57ae-44ef-912f-d3e474df4a3a","formal","theorem","Lean Repo","brownian-motion","brownian-motion","","ProbabilityTheory.finite_set_bound_of_edist_le_of_le_diam","","","If a stochastic process satisfies a Kolmogorov-type condition and the parameter set has bounded covering numbers with exponent d, then the expected maximum distance between process values over a finite set is controlled by a constant depending on the covering number, diameter, and process parameters. The bound involves powers of the diameter and l…"
"1","0.8869637250900269","i2f","True","32515f14-f874-47af-9a58-cd215dea20ef","informal","lemma","Lean Community","The Polynomial Freiman-Ruzsa Conjecture","teorth/pfr","https://teorth.github.io/pfr/blueprint.pdf","","3.14","diff_ent_le_rdist', diff_ent_le_rdist''","If X and Y are independent random variables taking values in a group G, then the difference in entropy between X minus Y and either X or Y is at most twice the distance between X and Y. This distance measures how dependent the variables are. The result bounds how much the entropy can grow when subtracting two independent group-valued variables.","6363f06d-ea98-470c-bf2b-b83e47310e96","formal","theorem","Lean Repo","pfr","pfr","","diff_ent_le_rdist''","","","For two independent random variables X and Y taking values in a countable abelian group, the difference between the entropy of their difference and the entropy of Y is at most twice the Ruzsa distance between X and Y."
"1","0.8867824077606201","i2f","False","554a33b1-a9dc-4a6a-83b8-f33a36232063","informal","lemma","Lean Community","Gibbs Measures","YaelDillies/gibbs-measure","https://YaelDillies.github.io/gibbs-measure/blueprint.pdf","","1.10","ProbabilityTheory.Kernel.condExp_ae_eq_integral_kernel","If a kernel pi is a conditional expectation kernel for a measure mu, then the conditional expectation of any bounded measurable function f given a sigma-algebra B equals the integral of f with respect to pi, and this holds mu-almost everywhere.","90113778-cf90-4a8c-aedf-7939f180dfe0","formal","theorem","Lean Repo","gibbs-measure","gibbs-measure","","ProbabilityTheory.Kernel.isCondExp_iff","","","A kernel π is the conditional expectation of a measure μ with respect to a sub-sigma-algebra 𝓑 if and only if, for every measurable set A, the conditional expectation of the indicator function of A given 𝓑 equals almost everywhere the real-valued function that maps each point a to the measure of A under the kernel π evaluated at a."
"1","0.8865625858306885","i2f","True","a2b90dda-f37e-4b2b-a809-3db692893906","informal","lemma","Lean Community","The Polynomial Freiman-Ruzsa Conjecture","teorth/pfr","https://teorth.github.io/pfr/blueprint.pdf","","3.3","ProbabilityTheory.max_entropy_sub_mutualInfo_le_entropy_add, ProbabilityTheory.max_entropy_sub_mutualInfo_le_entropy_sub","The entropy of the sum or difference of two random variables is at least as large as the maximum of their individual entropies minus their mutual information.","59577a7f-60ce-4f15-82d0-a98bd931df81","formal","theorem","Lean Repo","pfr","pfr","","ProbabilityTheory.max_entropy_sub_mutualInfo_le_entropy_add","","","The maximum of the entropies of two random variables X and Y, minus their mutual information, is at most the entropy of their sum. This holds when X and Y take values in a countable additive group, have finite range, and are measurable with respect to a probability measure."
"1","0.8864248394966125","i2f","False","eff67cee-d0c8-4c95-9b81-2dfa8ff7ccac","informal","definition","Lean Community","The Polynomial Freiman-Ruzsa Conjecture","teorth/pfr","https://teorth.github.io/pfr/blueprint.pdf","","2.4","ProbabilityTheory.IsUniform","A random variable is uniformly distributed on a subset H of S if it takes each value in H with equal probability and never takes values outside H. The probability of each value in H is one divided by the number of elements in H.","9592f3d6-c4cf-44ca-9f49-0b06cd2d5a45","formal","theorem","Lean Repo","pfr","pfr","","ProbabilityTheory.IsUniform.measureReal_preimage","","","If a random variable X is uniformly distributed over a finite set H, then the probability that X takes a value in some subset H' is equal to the ratio of the number of elements in both H and H' to the total number of elements in H. This probability is computed as the measure of the set of outcomes where X lands in H', and it matches the intuitive …"
"1","0.8862773180007935","i2f","True","7da7eb7a-9c93-487d-9676-37cfe957c25a","informal","lemma","Lean Community","Brownian motion project","RemyDegenne/brownian-motion","https://RemyDegenne.github.io/brownian-motion/blueprint.pdf","","1.6.8","ProbabilityTheory.continuous_brownian","The paths of Brownian motion are continuous functions over time.","278ed163-5c0b-4e62-acf9-74cd96551b61","formal","theorem","Lean Repo","brownian-motion","brownian-motion","","ProbabilityTheory.continuous_brownian","","","For almost every path ω, the function that maps a non-negative real number x to the value of brownian x ω is continuous. This means the sample paths of the Brownian motion process are continuous over time. The result follows from the fact that the preBrownian process, which has the same statistical law as Brownian motion, satisfies the conditions …"
"1","0.8855226635932922","i2f","False","7ea4571e-a71d-4613-99be-aba4546dfe8f","informal","lemma","Lean Community","Brownian motion project","RemyDegenne/brownian-motion","https://RemyDegenne.github.io/brownian-motion/blueprint.pdf","","1.5.12","volume_le_of_isCover","The volume of a set A is at most the number of balls in a finite cover of A times the volume of a single closed ball of radius epsilon.","6b0db362-d9cb-423c-86ef-4fc9fca0ce39","formal","theorem","Lean Repo","brownian-motion","brownian-motion","","volume_le_externalCoveringNumber_mul","","","The volume of a set A in a finite-dimensional real inner product space is at most the number of balls of radius ε needed to cover it, multiplied by the volume of one such ball. This holds for any positive radius ε and relates the geometric size of the set to how many small balls are required to cover it. The covering number counts the minimum numb…"
"1","0.885503888130188","i2f","True","13b5c45d-7bc1-46f1-84a1-1dd5fdd59a97","informal","lemma","Lean Community","Brownian motion project","RemyDegenne/brownian-motion","https://RemyDegenne.github.io/brownian-motion/blueprint.pdf","","2.2.7","SupClosed.mem_countableSupClosure_iff","If a collection of sets S is closed under taking pairwise unions, then a set s belongs to the countable union closure of S exactly when s can be written as the union of an increasing sequence of sets from S.","8e4cad3e-1ec7-4010-8c85-d14a306e8021","formal","theorem","Lean Repo","brownian-motion","brownian-motion","","SupClosed.mem_countableSupClosure_iff","","","If a collection of sets is closed under taking suprema, then a set belongs to its countable supremum closure if and only if it can be expressed as the union of a countable, increasing sequence of sets from the original collection."
"1","0.885436475276947","i2f","True","0d6d279c-ca4c-4c4c-8d6b-b99a24d4badf","informal","lemma","Lean Community","The sphere eversion project","leanprover-community/sphere-eversion","https://leanprover-community.github.io/sphere-eversion/blueprint.pdf","","1.16","exists_contDiff_of_convex","If E is a finite dimensional real normed vector space and F is a real normed vector space, and for each x in E the set of y such that P(x, y) holds is convex, and locally there are C^n functions satisfying P, then there exists a single global C^n function that satisfies P for all x.","9884aa4d-5b80-470b-a84a-6d53cf703c52","formal","theorem","Lean Repo","sphere-eversion","sphere-eversion","","exists_contDiff_of_convex","","","If for every point in a finite-dimensional real normed space E, the set of solutions to a property P(x, y) is convex in F, and locally there are continuously differentiable functions satisfying P, then there exists a globally defined continuously differentiable function f such that P(x, f(x)) holds for all x in E."
"1","0.8852218389511108","i2f","False","e64a7910-f7ec-477d-9d6c-10469c9ccc05","informal","lemma","Lean Community","The sphere eversion project","leanprover-community/sphere-eversion","https://leanprover-community.github.io/sphere-eversion/blueprint.pdf","","5.9","relative_inductive_construction_of_loc","There is a function f that meets conditions P0 and P1 everywhere on X and matches the given function f0 in a neighborhood of the closed set K, provided that such functions exist locally and can be combined in a compatible way over overlapping regions. The space X is assumed to be second countable, locally compact, and metrizable. The result ensure…","b3da404c-046b-48af-973a-93653d9e79b2","formal","theorem","Lean Repo","sphere-eversion","sphere-eversion","","inductive_construction_of_loc'","","","Given a locally compact, second-countable metric space X and two properties P0, P1 that apply to points in X and germs of functions from X to Y, if a function f0 satisfies P0 everywhere, and every point has a neighborhood where some function satisfies P0 and eventually satisfies P1, and if compatible local extensions can be glued together under ce…"
"1","0.8850468397140503","i2f","True","1353c644-a575-4aaa-a153-36377768e59b","informal","definition","Lean Community","Sphere Packing in Dimension 8","thefundamentaltheor3m/Sphere-Packing-Lean","https://thefundamentaltheor3m.github.io/Sphere-Packing-Lean/blueprint.pdf","","1.4","SpherePacking.density","The density of a packing is defined as the largest limiting value of the ratio of the volume occupied by packed spheres to the volume of a large ball, as the radius of the ball grows to infinity.","7ee29725-d9e8-4371-aacd-9ca07efaebb6","formal","definition","Lean Repo","sphere-packing-math-inc","sphere-packing-math-inc","","SpherePacking.density","","","SpherePacking.density gives the maximum possible proportion of d-dimensional space that can be filled by non-overlapping spheres arranged according to a given packing pattern, calculated as a value between 0 and infinity. It is defined as the limit superior of the ratio of the volume occupied by spheres to the total volume of a ball of radius R, a…"
"1","0.884979784488678","i2f","False","4e015996-162b-4698-b5a0-9b0c1a635a92","informal","definition","Lean Community","Sphere Packing in Dimension 8","thefundamentaltheor3m/Sphere-Packing-Lean","https://thefundamentaltheor3m.github.io/Sphere-Packing-Lean/blueprint.pdf","","3.9","E8Packing","The E8 sphere packing is a repeating arrangement of spheres in 8-dimensional space where each sphere has its center at a point of the E8 lattice and the minimum distance between any two centers is the square root of 2.","ea703f69-1221-4c5a-a035-b209fbd8cc3b","formal","theorem","Lean Repo","Sphere-Packing-Lean","Sphere-Packing-Lean","","E8Packing_separation","","","The minimum distance between any two sphere centers in the E8Packing arrangement in 8-dimensional space is exactly the square root of 2. This means no two spheres in this packing can be closer than sqrt(2) units apart."
"1","0.8848166465759277","i2f","False","7d8d783f-fb2e-49c7-a7ae-acf60939bcfc","informal","lemma","Lean Community","The Polynomial Freiman-Ruzsa Conjecture","teorth/pfr","https://teorth.github.io/pfr/blueprint.pdf","","12.3","ProbabilityTheory.mutual_comp_comp_le","The mutual information between two transformed random variables is always less than or equal to the mutual information between the original variables. This holds for any functions applied to the variables. Mutual information cannot increase through deterministic processing. This is true regardless of the nature of the functions used.","d4156bed-5abb-46ed-b72a-835d3ac7bf8e","formal","theorem","Lean Repo","pfr","pfr","","ProbabilityTheory.mutual_comp_le","","","If X and Y are random variables and f is any function, then the mutual information between f(X) and Y is less than or equal to the mutual information between X and Y. This means that processing X through a function cannot increase how much information it shares with Y."
"1","0.8847938179969788","i2f","True","41d5c2a9-eaf2-490b-b9d7-6583dff3fb80","informal","definition","Lean Community","Brownian motion project","RemyDegenne/brownian-motion","https://RemyDegenne.github.io/brownian-motion/blueprint.pdf","","1.6.13","ProbabilityTheory.wienerMeasureAux","The auxiliary Wiener measure is the probability measure on continuous functions obtained by mapping the limit Gaussian measure through Brownian motion, using the product sigma-algebra on real-valued functions over non-negative reals.","4d08693f-5997-4129-a8e2-0fde079b5f86","formal","definition","Lean Repo","brownian-motion","brownian-motion","","ProbabilityTheory.wienerMeasureAux","","","wienerMeasureAux is a measure defined on the space of continuous functions from non-negative real numbers to real numbers, constructed by restricting the gaussianLimit measure to only those paths that are continuous. It uses the fact that almost all paths of Brownian motion are continuous, and thus the measure is supported on this subset. This giv…"
"1","0.8847284317016602","i2f","True","ac798dfe-8910-483f-bb7c-a838e181b761","informal","lemma","Lean Community","Gibbs Measures","YaelDillies/gibbs-measure","https://YaelDillies.github.io/gibbs-measure/blueprint.pdf","","1.11","ProbabilityTheory.Kernel.isCondExp_iff_bind_eq_left","A kernel pi is a conditional expectation kernel for a finite measure mu if and only if applying pi to mu leaves mu unchanged, meaning the measure after transformation equals the original measure. This means the kernel preserves the measure when integrated against it.","0243abb5-637f-4b3d-ae50-1c839097a81a","formal","theorem","Lean Repo","gibbs-measure","gibbs-measure","","ProbabilityTheory.Kernel.isCondExp_iff_bind_eq_left","","","A kernel π is a conditional expectation with respect to a measure μ if and only if the measure obtained by integrating π against μ equals μ itself, assuming π is proper and the underlying sigma-algebra condition holds."
"1","0.884650468826294","i2f","True","073c3786-762f-43f7-9b18-96a16ccfc930","informal","lemma","Lean Community","The sphere eversion project","leanprover-community/sphere-eversion","https://leanprover-community.github.io/sphere-eversion/blueprint.pdf","","1.15","exists_surrounding_loops","There is a continuous family of loops based at a point beta, surrounding a function g, and staying within certain sets Omega_x; this family can be extended to be defined on the entire space E while matching the original loops near a subset K.","3242d366-a871-4a99-8d54-159648638cf2","formal","theorem","Lean Repo","sphere-eversion","sphere-eversion","","exists_surrounding_loops","","","There exists a family of loops that surrounds a given function g with base b in an open set Omega, such that this family matches a given loop family near a closed set K and is defined everywhere on the space."
"1","0.8842633962631226","i2f","True","ae27b095-3885-4eb3-bc44-907508b7b1f4","informal","theorem","Lean Community","Sphere Packing in Dimension 8","thefundamentaltheor3m/Sphere-Packing-Lean","https://thefundamentaltheor3m.github.io/Sphere-Packing-Lean/blueprint.pdf","","5.1","LinearProgrammingBound'","A sphere packing in d-dimensional space made by repeating a pattern according to a lattice cannot be denser than a value found by dividing the value of a special function at zero by its Fourier transform at zero, then multiplying by the volume of a ball of radius 1/2. The special function must be nonpositive outside the unit ball and have a nonneg…","31f19bc2-2f1b-471c-bdab-c9215a9654f7","formal","theorem","Lean Repo","sphere-packing-math-inc","sphere-packing-math-inc","","LinearProgrammingBound'","","","For a periodic arrangement of non-overlapping spheres of radius 1/2 in d-dimensional space, if a smooth, real-valued function f and its Fourier transform are both real and satisfy certain sign conditions (f is nonpositive outside the unit ball and its Fourier transform is nonnegative everywhere), then the density of the packing is bounded above by…"
"1","0.884192168712616","i2f","False","8e1487c5-1fe0-4361-8c88-993d9ea87450","informal","theorem","Lean Community","Brownian motion project","RemyDegenne/brownian-motion","https://RemyDegenne.github.io/brownian-motion/blueprint.pdf","","2.2.58","MeasureTheory.isStoppingTime_hittingAfter'","If a stochastic process is progressively measurable and the filtration meets the usual conditions, then the time it first enters a Borel set is a stopping time.","1f91d426-9e02-4757-a130-97a80fbc7d12","formal","theorem","Lean Repo","brownian-motion","brownian-motion","","MeasureTheory.isStoppingTime_leastGT","","","If a stochastic process is progressively measurable with respect to a filtration that satisfies the usual conditions, then the first time the process exceeds a given level is a stopping time with respect to that filtration."
"1","0.883987545967102","i2f","True","6cafdf9c-33b3-4b62-a8de-863237506355","informal","lemma","Lean Community","Carleson operators on doubling metric measure spaces","fpvandoorn/carleson","https://florisvandoorn.com/carleson/blueprint.pdf","","2.1.3","dist_mem_Icc_of_Ks_ne_zero, enorm_Ks_le, enorm_Ks_sub_Ks_le","If the kernel value K_s at points x and y is nonzero, then the distance between x and y is bounded between multiples of D raised to the power s. The absolute value of K_s is at most a constant divided by the measure of a ball centered at x with radius D^s. The difference between K_s at y and y' is bounded by a similar expression scaled by the dist…","e1ae9242-d569-4fa6-9fbf-35a91468679c","formal","theorem","Lean Repo","carleson","carleson","","dist_mem_Icc_of_Ks_ne_zero","","","If the kernel function Ks at points x and y is not zero, then the distance between x and y lies in the closed interval from (defaultD a)^(s-1)/4 to (defaultD a)^s/2, where defaultD a is 2 raised to a constant times a squared."
"1","0.8835852146148682","i2f","True","555637dc-5852-4f43-b3b7-5ab691d0b4ed","informal","definition","Lean Community","Brownian motion project","RemyDegenne/brownian-motion","https://RemyDegenne.github.io/brownian-motion/blueprint.pdf","","2.4.2","ProbabilityTheory.ElementaryPredictableSet","A set is called an elementary predictable set if it can be written as a finite union of sets that are either of the form {0} times a set in the initial sigma-algebra or of the form (s, t] times a set measurable at time s, where s and t are times with s less than t.","89e6b65f-14e9-4cdc-b296-60ab080dacdd","formal","structure","Lean Repo","brownian-motion","brownian-motion","","ProbabilityTheory.ElementaryPredictableSet","","","An elementary predictable set is a finite collection of disjoint time-event pairs, where each pair is either a single time point at the start (like time 0) combined with an event known at that time, or a half-open time interval (s, t] combined with an event known at time s. These sets are built using predictable information over time, based on a f…"
"1","0.8834370374679565","i2f","True","ff18ba56-79f3-431e-a254-05cb333fec65","informal","definition","Lean Community","Brownian motion project","RemyDegenne/brownian-motion","https://RemyDegenne.github.io/brownian-motion/blueprint.pdf","","2.1.5","IsCadlag","A cadlag function is one that is right continuous at every point and has a left limit at every point. This means the function does not have jumps when moving to the right, but can have jumps when approaching from the left.","2dae7ca8-1577-460f-afd9-fbefef040a86","formal","structure","Lean Repo","brownian-motion","brownian-motion","","IsCadlag","","","A function is called cadlag if it is right-continuous at every point and has a left-hand limit at every point, meaning it is well-behaved from the right and has predictable behavior approaching from the left. This applies to functions defined on a partially ordered set with a topology, mapping into another topological space."
"1","0.8834141492843628","i2f","True","2dac8ebd-b1d2-4fd1-9a67-1f127f141b0e","informal","lemma","Lean Community","The Polynomial Freiman-Ruzsa Conjecture","teorth/pfr","https://teorth.github.io/pfr/blueprint.pdf","","13.25","condRhoMinus_le, condRhoPlus_le, condRho_le","The conditional dependence measures rho minus and rho are bounded above by their unconditional versions plus a term involving the reduction in entropy of X given Z, while rho plus does not increase when conditioning on Z.","8531de69-191d-4af9-962e-dd1d4f225895","formal","theorem","Lean Repo","pfr","pfr","","condRho_le","","","The conditional rho value of a random variable X given another variable Z is at most the rho value of X plus half the difference between the entropy of X and the conditional entropy of X given Z. This inequality holds under the assumption that all involved functions are measurable and that the underlying spaces are finite and equipped with appropr…"
"1","0.8826516270637512","i2f","False","cc5f2dd4-8919-48da-9670-f53248c7ba08","informal","definition","Lean Community","The sphere eversion project","leanprover-community/sphere-eversion","https://leanprover-community.github.io/sphere-eversion/blueprint.pdf","","3.16","FormalSol","A formal solution of a differential relation is a smooth assignment of first-order data to each point of a manifold M, such that this data lies within a specified subset of all possible first-order mappings from M to another manifold N.","c4f3128c-d60c-442d-babc-cb24357d11ee","formal","theorem","Lean Repo","sphere-eversion","sphere-eversion","","FormalSol.is_sol","","","A formal solution to a differential relation between two manifolds assigns, at each point of the source manifold, a value that satisfies the given relation, which constrains both the function values and their first derivatives. This means the solution respects the geometric and topological structure of the manifolds and the smoothness conditions d…"
"1","0.882317066192627","i2f","False","4da71ae2-ecc6-48fe-a63e-a8d21f8cdcb7","informal","theorem","Lean Community","Fermat's Last Theorem","ImperialCollegeLondon/FLT","https://ImperialCollegeLondon.github.io/FLT/blueprint.pdf","","9.15","IsDedekindDomain.FiniteAdeleRing.baseChangeAlgEquiv","The natural map from L tensor product with A over K to the ring of finite adeles of B over L is an isomorphism. This means the two algebraic structures are equivalent in a canonical way.","28128b7b-0f62-4926-bc96-41300c78a96a","formal","definition","Lean Repo","FLT","FLT","","IsDedekindDomain.FiniteAdeleRing.baseChangeContinuousAlgEquiv","","","There is a natural continuous isomorphism of L-algebras between the tensor product of the finite adele ring of K with L over K, and the finite adele ring of L, when L is a finite extension of the fraction field of a Dedekind domain."
"1","0.8821706175804138","i2f","False","09638709-50d1-4f32-ab88-d47857962640","informal","lemma","Lean Community","Fermat's Last Theorem","ImperialCollegeLondon/FLT","https://ImperialCollegeLondon.github.io/FLT/blueprint.pdf","","10.20","IsSimpleRing.mulLeft_det_eq_mulRight_det","In a finite-dimensional central simple algebra over a field, the determinants of the linear maps defined by left multiplication and right multiplication by an invertible element are equal.","f377a602-f965-4d65-a38d-faf727612596","formal","theorem","Lean Repo","FLT","FLT","","IsSimpleRing.mulLeft_det_eq_mulRight_det'","","","In a finite-dimensional algebra over a field where the algebra is a simple ring and the field elements commute with everything, the determinant of left multiplication by an invertible element equals the determinant of right multiplication by the same element."
"1","0.8819233775138855","i2f","True","1965966d-c476-4c09-a328-3c59666d8fb9","informal","corollary","Lean Community","Class Field Theory","kbuzzard/ClassFieldTheory","https://kbuzzard.github.io/ClassFieldTheory/blueprint.pdf","","52","Rep.periodicCohomology, periodicTateCohomology","For a finite cyclic group G, the cohomology groups of any representation M repeat every two degrees, meaning the nth cohomology is isomorphic to the (n+2)th cohomology for positive n. The same periodicity holds for Tate cohomology for all integers n.","75bee813-179a-4c30-9040-13002791a414","formal","definition","Lean Repo","ClassFieldTheory","ClassFieldTheory","","periodicTateCohomology","","","For a finite cyclic group, the Tate cohomology groups in degrees m and n are isomorphic whenever m and n have the same parity (i.e., both are even or both are odd). This means the cohomology repeats every two degrees. The result holds for representations of the group over a commutative ring."
"1","0.8816832304000854","i2f","True","17d561fe-8d50-4eec-b024-d8ca187d16df","informal","lemma","Lean Community","Brownian motion project","RemyDegenne/brownian-motion","https://RemyDegenne.github.io/brownian-motion/blueprint.pdf","","1.5.55","ProbabilityTheory.lintegral_sup_rpow_edist_cover_of_dist_le","For a stochastic process satisfying the Kolmogorov continuity condition with exponents p and q and constant M, the expected value of the supremum of the p-th power of distances between process values over a finite epsilon-cover is bounded above by a constant multiple involving M, the cover size, the distance bound c, and the logarithm of the cover…","74ec8dfe-1dc2-4399-b2ed-2bbf83c22460","formal","theorem","Lean Repo","brownian-motion","brownian-motion","","ProbabilityTheory.lintegral_sup_rpow_edist_cover_of_dist_le","","","For a stochastic process satisfying a Kolmogorov-type condition, the expected value of the supremum of the p-th power of the distance between process values is bounded above by a constant multiple of the covering number of the index set, raised to a power involving q and multiplied by logarithmic factors. The bound depends on the parameters of the…"
"1","0.8815069198608398","i2f","True","f7012ee2-5aee-46dc-bd60-a3ab707687d1","informal","lemma","Lean Community","Brownian motion project","RemyDegenne/brownian-motion","https://RemyDegenne.github.io/brownian-motion/blueprint.pdf","","2.3.28","ProbabilityTheory.isStable_martingale","If M is a cadlag martingale and tau is a stopping time, then the stopped process M raised to tau times the indicator that tau is greater than zero is also a martingale. The class of cadlag martingales is stable under stopping.","6d55d195-d69f-4ead-8bc1-524f4f29daef","formal","theorem","Lean Repo","brownian-motion","brownian-motion","","ProbabilityTheory.isStable_martingale","","","Càdlàg martingales remain martingales after stopping at any stopping time, meaning the class of processes that are both martingales and càdlàg (right-continuous with left limits) is closed under stopping."
"1","0.8813601732254028","i2f","True","121e4219-ff41-402e-a3f0-2fc4ad481e30","informal","definition","Lean Community","The Polynomial Freiman-Ruzsa Conjecture","teorth/pfr","https://teorth.github.io/pfr/blueprint.pdf","","13.1","KLDiv","The Kullback-Leibler divergence measures the difference between two probability distributions of random variables that take values in the same set. It is calculated by summing, over all possible values, the probability of each value under the first distribution times the logarithm of the ratio of the two probabilities. This quantity is always non-…","11b73bde-44c9-41e8-9743-f7619a9190f9","formal","definition","Lean Repo","pfr","pfr","","KLDiv","","","The Kullback-Leibler divergence KL(X || Y) measures the difference between two probability distributions X and Y over the same set of values, calculated as the sum over all values x of the probability that X takes value x times the log of the ratio of that probability to the probability that Y takes value x. It is only defined when every value tha…"
"1","0.8812520503997803","i2f","False","55e2a6eb-2229-47f3-b459-640314e2ab63","informal","definition","Lean Community","Sphere Packing in Dimension 8","thefundamentaltheor3m/Sphere-Packing-Lean","https://thefundamentaltheor3m.github.io/Sphere-Packing-Lean/blueprint.pdf","","6.21","ModularForm.eta","The Dedekind eta function is a complex function defined using an infinite product involving powers of a variable q, where q is e raised to 2 pi i times z, and the function includes a factor of q to the power of 1/24.","6538f346-8106-4047-a53c-faf413d83c45","formal","definition","Lean Repo","sphere-packing-math-inc","sphere-packing-math-inc","","η","","","The Dedekind eta function takes a complex number z and returns a complex number computed using an exponential factor multiplied by an infinite product. It is defined for all complex numbers and involves pi, the imaginary unit i, and the complex exponential function. The infinite product part is handled using a general definition for products over …"
"1","0.8810949921607971","i2f","False","7ef12e31-1bc1-4159-adcd-a3b625b481ba","informal","theorem","Lean Community","Brownian motion project","RemyDegenne/brownian-motion","https://RemyDegenne.github.io/brownian-motion/blueprint.pdf","","2.1.85","ProbabilityTheory.maximal_ineq","For a non-negative right-continuous submartingale, the probability that its maximum value up to time T is at least lambda is less than or equal to the expected value of the process at time T divided by lambda. This gives an upper bound on the likelihood of large deviations in the process. The bound is derived using properties of conditional expect…","13a01118-4dd0-4bd3-bf7f-f65f530eb51c","formal","theorem","Lean Repo","brownian-motion","brownian-motion","","ProbabilityTheory.maximal_ineq_countable","","","For a non-negative submartingale indexed by a countable ordered set, the probability that its maximum value exceeds a positive threshold ε is bounded above by the expected value of the submartingale at a fixed time, divided by ε. This result holds with respect to a finite measure and a given filtration. It generalizes the idea that large deviation…"
"1","0.8810287714004517","i2f","False","ccb803ce-0414-4739-a87b-29680fa7d044","informal","lemma","Lean Community","The Polynomial Freiman-Ruzsa Conjecture","teorth/pfr","https://teorth.github.io/pfr/blueprint.pdf","","8.10","PFR_conjecture_improv_aux","If a non-empty set A in the vector space F_2^n has a small sumset, meaning the size of A+A is at most K times the size of A, then A can be covered by a bounded number of shifts of a subspace H, where the size of H is within a polynomial factor of K of the size of A. The number of shifts needed is at most K to the sixth power times the square root …","330432e0-a881-4578-ab9f-303d1599874a","formal","theorem","Lean Repo","pfr","pfr","","better_PFR_conjecture","","","If a non-empty finite set A in a vector space over the field with two elements has a small sumset (the set of all pairwise sums of elements in A is at most K times larger than A), then A can be covered by at most 2K^9 translates of some subgroup H whose size is no larger than that of A."
"1","0.8806034326553345","i2f","False","a596a8c9-6045-4697-ac08-d1e0d35901ec","informal","theorem","Lean Community","The Polynomial Freiman-Ruzsa Conjecture","teorth/pfr","https://teorth.github.io/pfr/blueprint.pdf","","7.3","PFR_conjecture","If a non-empty set A in the vector space F_2^n has a small sumset, meaning the size of A+A is at most K times the size of A, then A can be covered by at most 2K^12 shifted copies of a subspace H, where the size of H is no larger than the size of A.","330432e0-a881-4578-ab9f-303d1599874a","formal","theorem","Lean Repo","pfr","pfr","","better_PFR_conjecture","","","If a non-empty finite set A in a vector space over the field with two elements has a small sumset (the set of all pairwise sums of elements in A is at most K times larger than A), then A can be covered by at most 2K^9 translates of some subgroup H whose size is no larger than that of A."
"1","0.8803268074989319","i2f","True","48be10ce-421e-491b-9c33-eab0b1c4c1d1","informal","lemma","Lean Community","Carleson operators on doubling metric measure spaces","fpvandoorn/carleson","https://florisvandoorn.com/carleson/blueprint.pdf","","11.1.10","spectral_projection_bound","The L2 norm of the Nth partial sum of the Fourier series of a bounded 2pi-periodic measurable function is at most the L2 norm of the function itself. This holds for all nonnegative integers N.","2153be89-c6e7-49a9-b60c-1e6f615db068","formal","theorem","Lean Repo","carleson","carleson","","spectral_projection_bound","","","The L2 norm of the partial Fourier sum of a function f, restricted to the interval (0, 2*pi), is less than or equal to the L2 norm of f itself over that same interval, provided f is almost everywhere measurable."
"1","0.8795044422149658","i2f","False","042dabe9-569d-4ab1-a538-e7fe2f61265b","informal","lemma","Lean Community","The sphere eversion project","leanprover-community/sphere-eversion","https://leanprover-community.github.io/sphere-eversion/blueprint.pdf","","5.8","inductive_construction_of_loc","There is a function f from X to Y that meets conditions P0, P0', and P1, given that such functions can be found locally around each point and that compatible functions can be combined over closed and open sets in a specified way. The space X is second countable, locally compact, and metrizable, which supports patching local solutions into a global…","b3da404c-046b-48af-973a-93653d9e79b2","formal","theorem","Lean Repo","sphere-eversion","sphere-eversion","","inductive_construction_of_loc'","","","Given a locally compact, second-countable metric space X and two properties P0, P1 that apply to points in X and germs of functions from X to Y, if a function f0 satisfies P0 everywhere, and every point has a neighborhood where some function satisfies P0 and eventually satisfies P1, and if compatible local extensions can be glued together under ce…"
"1","0.8793669939041138","i2f","False","23a92d38-d15c-4d54-9a6b-84c868171316","informal","lemma","Lean Community","The Polynomial Freiman-Ruzsa Conjecture","teorth/pfr","https://teorth.github.io/pfr/blueprint.pdf","","7.2","PFR_conjecture_aux","If a non-empty set A in the vector space F_2^n has a small sumset (the size of A+A is at most K times the size of A), then A can be covered by a relatively small number of shifted copies of a subspace H, where the size of H is within a polynomial factor of K of the size of A. The number of these shifts is bounded by roughly K raised to the power 1…","330432e0-a881-4578-ab9f-303d1599874a","formal","theorem","Lean Repo","pfr","pfr","","better_PFR_conjecture","","","If a non-empty finite set A in a vector space over the field with two elements has a small sumset (the set of all pairwise sums of elements in A is at most K times larger than A), then A can be covered by at most 2K^9 translates of some subgroup H whose size is no larger than that of A."
"1","0.879356324672699","i2f","False","2d5ab52b-9470-4cfe-9cc1-0f29d9a6a68f","informal","theorem","Lean Community","The Polynomial Freiman-Ruzsa Conjecture","teorth/pfr","https://teorth.github.io/pfr/blueprint.pdf","","6.24","entropic_PFR_conjecture","For two random variables taking values in the group F_2^n, there exists a subgroup such that the distances of both variables from the uniform distribution on that subgroup are bounded by a constant multiple of their mutual distance; specifically, the sum of these distances is at most 11 times their mutual distance, and each is at most 6 times it.","304bb157-98a6-401d-ac4f-98d5e2ad0f83","formal","theorem","Lean Repo","pfr","pfr","","entropic_PFR_conjecture_improv'","","","For two random variables taking values in a finite abelian group G, there exists a subgroup H of G such that the sum of their distances from the uniform distribution on H is at most 10 times their mutual distance, and each individual distance from the uniform distribution on H is at most 5.5 times their mutual distance."
"1","0.8793246150016785","i2f","True","2e1e2c1d-7987-4454-aa07-26c1cb8b169b","informal","theorem","Lean Community","Sphere Packing in Dimension 8","thefundamentaltheor3m/Sphere-Packing-Lean","https://thefundamentaltheor3m.github.io/Sphere-Packing-Lean/blueprint.pdf","","2.5","PeriodicSpherePacking.density_eq","The density of a periodic sphere packing is equal to the number of sphere centers per lattice unit cell, multiplied by the volume of a sphere of radius r/2, and divided by the volume of the unit cell of the lattice.","48311899-3850-4c7a-9f25-b17a6f78ebaa","formal","theorem","Lean Repo","sphere-packing-math-inc","sphere-packing-math-inc","","PeriodicSpherePacking.density_eq","","","The density of a periodic sphere packing in d-dimensional space is equal to the number of sphere centers per unit cell times the volume of a single sphere, divided by the volume of the unit cell. The unit cell is defined by the fundamental domain of the lattice, and all sphere centers are separated by at least the minimum distance given by the pac…"
"1","0.8792575597763062","i2f","True","5ce3869b-907e-4c1b-b373-085f3da4bddb","informal","theorem","Lean Community","Brownian motion project","RemyDegenne/brownian-motion","https://RemyDegenne.github.io/brownian-motion/blueprint.pdf","","1.5.70","ProbabilityTheory.finite_set_bound_of_edist_le_of_le_diam","If a stochastic process indexed by a finite set T satisfies a Kolmogorov continuity condition and T has a bounded internal covering number, then the expected maximum distance between process values at nearby points is controlled by a bound involving the diameter, covering number, and constants related to the process and the space. The bound depend…","0a0ee128-57ae-44ef-912f-d3e474df4a3a","formal","theorem","Lean Repo","brownian-motion","brownian-motion","","ProbabilityTheory.finite_set_bound_of_edist_le_of_le_diam","","","If a stochastic process satisfies a Kolmogorov-type condition and the parameter set has bounded covering numbers with exponent d, then the expected maximum distance between process values over a finite set is controlled by a constant depending on the covering number, diameter, and process parameters. The bound involves powers of the diameter and l…"
"1","0.8791689872741699","i2f","True","e4d51f09-de8f-4d16-8577-77fa7bde6b21","informal","definition","Lean Community","Brownian motion project","RemyDegenne/brownian-motion","https://RemyDegenne.github.io/brownian-motion/blueprint.pdf","","2.3.32","ProbabilityTheory.HasLocallyIntegrableSup","A process has locally integrable supremum if, over small time intervals, its maximum value has a finite expected value. This means the process does not blow up too quickly in expectation when observed over finite intervals.","07a2491a-e7ee-4d10-a0ca-bdf7fa36bfa7","formal","definition","Lean Repo","brownian-motion","brownian-motion","","ProbabilityTheory.HasLocallyIntegrableSup","","","A stochastic process has locally integrable supremum if, roughly, for each time t, the maximum size of the process up to t is finite on average, and this property holds progressively over time when restricted to a sequence of stopping times. This means that the supremum of the process up to any fixed time is a random variable whose expected value …"
"1","0.8786243200302124","i2f","True","30cfa031-04a3-4463-bfab-05bbc171e71b","informal","lemma","Lean Community","Brownian motion project","RemyDegenne/brownian-motion","https://RemyDegenne.github.io/brownian-motion/blueprint.pdf","","2.6.9","komlos_L1","There is a sequence of functions formed by taking convex combinations of a uniformly integrable sequence of Hilbert space-valued functions, and this new sequence converges in the L1 norm.","98b0f709-009a-4067-86ab-bf4cb03b002a","formal","theorem","Lean Repo","brownian-motion","brownian-motion","","komlos_L1","","","If a sequence of functions is uniformly integrable in the L1 sense, then there exists a sequence of convex combinations of the original functions and a limiting function such that the L1 norm of the difference between these combinations and the limit tends to zero as the index increases."
"1","0.8781459331512451","i2f","True","306943ed-2296-4da1-9cda-939783827813","informal","theorem","Lean Community","Fermat's Last Theorem","ImperialCollegeLondon/FLT","https://ImperialCollegeLondon.github.io/FLT/blueprint.pdf","","9.42","NumberField.InfinitePlace.Completion.piEquiv","There is a natural linear and continuous isomorphism over the completion of K at a place v, between a vector space of dimension equal to the degree of L over K and the product of the completions of L at all places lying above v.","2a532ba8-c018-4280-9b24-5bef33397405","formal","definition","Lean Repo","FLT","FLT","","NumberField.InfinitePlace.Completion.piEquiv","","","There is a natural linear homeomorphism between the vector space K_v^d, where d is the degree of the field extension L over K, and the product of all completions of L at places lying above a given infinite place v of K. This map is compatible with the topology and linear structure over the completion K_v. It expresses how the extension of completi…"
"1","0.8775789737701416","i2f","False","76ef37e1-b4c6-40b2-a51c-bb322ab2b532","informal","theorem","Lean Community","Fermat's Last Theorem","ImperialCollegeLondon/FLT","https://ImperialCollegeLondon.github.io/FLT/blueprint.pdf","","9.41","NumberField.InfinitePlace.Completion.baseChangeEquiv","There is a natural isomorphism of L-algebras between the tensor product of L with the completion of K at an infinite place v and the product of the completions of L at all places lying above v, and this isomorphism respects a certain embedding of the completion of K.","352011c6-d71c-4ef3-8139-777bc541fbe4","formal","definition","Lean Repo","FLT","FLT","","IsDedekindDomain.HeightOneSpectrum.adicCompletion.baseChangeContinuousAlgEquiv","","","There is a natural continuous isomorphism of L-algebras between the tensor product of L with the v-adic completion of K and the product of the completions of L at all primes w lying above v. This isomorphism respects the algebra structure and topology induced by the valuations. It arises when extending scalars from a Dedekind domain A with fractio…"
"1","0.8773252964019775","i2f","True","14cbb859-9ea0-46c8-bb37-986041aa9081","informal","lemma","Lean Community","The Polynomial Freiman-Ruzsa Conjecture","teorth/pfr","https://teorth.github.io/pfr/blueprint.pdf","","13.2","ProbabilityTheory.IdentDistrib.KLDiv_eq","The Kullback-Leibler divergence between two random variables stays the same when you replace them with independent copies of themselves.","61c5df52-32ca-4483-a3b0-2ac067be705f","formal","theorem","Lean Repo","pfr","pfr","","ProbabilityTheory.IdentDistrib.KLDiv_eq","","","If two random variables X' and Y' are copies of X and Y (meaning they have the same distributions), then the Kullback-Leibler divergence (KL) between X' and Y' is the same as the KL divergence between X and Y. This means KL divergence depends only on the distributions of the variables, not on the specific spaces they are defined on."
"1","0.8770900964736938","i2f","True","375c147b-e321-4eb7-9bd4-86945759b473","informal","proposition","Lean Community","Toric varieties","YaelDillies/toric","https://YaelDillies.github.io/toric/blueprint.pdf","","4.1.2","preservesLimitsOfSize_algSpec, algSpec.instFull, algSpec.instFaithful, algSpec.fullyFaithful","Spec is a contravariant functor from R-algebras to schemes over Spec R that is fully faithful and preserves all limits.","31eb9a37-39f4-49a8-ba90-c4d51e436f4b","formal","instance","Lean Repo","toric","toric","","preservesLimitsOfSize_algSpec","","","The functor algSpec R, which sends R-algebras to schemes over Spec R, preserves all limits of a given size. This means that computing limits in the category of schemes over Spec R can be done by first computing them in the category of R-algebras and then applying algSpec R. In particular, the structure of limits is maintained when moving from alge…"
"1","0.8769761323928833","i2f","True","68a4c1b8-ee7c-4d21-b7ef-04f4da521289","informal","lemma","Lean Community","The Polynomial Freiman-Ruzsa Conjecture","teorth/pfr","https://teorth.github.io/pfr/blueprint.pdf","","12.27","sub_multiDistance_le","If a tuple of points minimizes the tau function and has multidistance k, then the difference between k and the multidistance of any other tuple is at most eta times the sum of the individual distances between corresponding points in the two tuples.","a4486b51-0e07-44f8-bec4-846f8478470c","formal","theorem","Lean Repo","pfr","pfr","","sub_multiDistance_le","","","If a tuple of random variables minimizes the multiTau functional, then the difference between its multiDistance value and that of any other tuple is at most eta times the sum of the individual Ruzsa distances between corresponding components of the tuples."
"1","0.8769109845161438","i2f","True","a32bdba3-963e-437e-a2d1-240749e694ca","informal","lemma","Lean Community","Brownian motion project","RemyDegenne/brownian-motion","https://RemyDegenne.github.io/brownian-motion/blueprint.pdf","","2.3.50","MeasureTheory.ProgMeasurable.hasStronglyMeasurableSupProcess","If a filtration meets the usual conditions, then the supremum of a progressively measurable process is jointly strongly measurable.","6bcff9b5-67a7-42d8-ae3a-e017de5f8f9e","formal","theorem","Lean Repo","brownian-motion","brownian-motion","","MeasureTheory.ProgMeasurable.hasStronglyMeasurableSupProcess","","","If a stochastic process is progressively measurable and the filtration meets the usual conditions (right-continuous and complete), then the process has a strongly measurable running supremum, meaning the function that tracks the maximum size of the process up to each time is well-behaved in a measure-theoretic sense."
"1","0.8767479658126831","i2f","True","86a1a64c-fcc9-42b8-9711-a49d2e90e85a","informal","lemma","Lean Community","Gibbs Measures","YaelDillies/gibbs-measure","https://YaelDillies.github.io/gibbs-measure/blueprint.pdf","","1.17","Specification.isGibbsMeasure_iff_forall_bind_eq, Specification.isGibbsMeasure_iff_frequently_bind_eq","A probability measure nu is a Gibbs measure for a proper specification gamma if and only if nu is invariant under the action of gamma on finite subsets of S, and this invariance holds either for all finite subsets or frequently as the subsets grow to cover S.","5df74c8c-f0cd-4ede-a5dc-9a75ad2d178f","formal","theorem","Lean Repo","gibbs-measure","gibbs-measure","","Specification.isGibbsMeasure_iff_frequently_bind_eq","","","A measure μ is a Gibbs measure for a proper, Markov specification γ if and only if, for infinitely many finite sets Λ, repeatedly applying the specification's boundary condition kernels to μ leaves μ unchanged. This means μ is invariant under the local transformations defined by γ on arbitrarily large finite regions. The condition uses the ""freque…"
"1","0.8757641911506653","i2f","True","c7b99a20-d47f-43e0-958c-b046328d5c55","informal","theorem","Lean Community","Arithmetic Progressions - Almost Periodicity","YaelDillies/apap","https://YaelDillies.github.io/apap/blueprint.pdf","","7.9","int","If a set A of integers from 1 to N has no three-term arithmetic progressions except trivial ones, then the size of A is at most N divided by an exponential factor involving a constant times the twelfth root of the logarithm of N.","d11bc16a-6fb1-498e-976d-395e4f78a33a","formal","theorem","Lean Repo","apap","apap","","int","","","If a set A of natural numbers up to N contains no three distinct elements forming an arithmetic progression, then the size of A is at most N divided by a power of the logarithm of N, where the power depends on a positive constant c."
"1","0.8757606148719788","i2f","False","d61fc76d-6c3f-4840-8d34-b397e5f370f1","informal","proposition","Lean Community","Toric varieties","YaelDillies/toric","https://YaelDillies.github.io/toric/blueprint.pdf","","4.1.9","essImage_bialgSpec","The functor Spec maps bialgebras over a commutative ring R to group schemes over the spectrum of R, and its essential image consists exactly of those group schemes that are affine and have a monoid structure over Spec R.","3166a4a0-ef09-47b7-ad1c-9c9ecfa8f155","formal","theorem","Lean Repo","toric","toric","","essImage_hopfSpec","","","The functor Spec sends commutative Hopf algebras over a ring R to affine group schemes over the spectrum of R, and every affine group scheme over Spec R arises this way. A group scheme over Spec R is in the essential image of this functor if and only if it is affine."
"1","0.8756691217422485","i2f","True","d4ccdfb8-ca5c-4e5d-958d-77441fcfe088","informal","lemma","Lean Community","Brownian motion project","RemyDegenne/brownian-motion","https://RemyDegenne.github.io/brownian-motion/blueprint.pdf","","2.6.28","MeasureTheory.Submartingale.monotone_predictablePart","The predictable part of a real-valued submartingale increases over time with probability one.","2a0892af-3dac-4643-b70d-3816e0115126","formal","theorem","Lean Repo","brownian-motion","brownian-motion","","MeasureTheory.Submartingale.monotone_predictablePart","","","For a submartingale process indexed by natural numbers, the predictable part of the process is almost surely monotone increasing in time for almost every outcome. This means that, with probability one, the value of the predictable component does not decrease as time progresses. The result follows from the structure of submartingales and their deco…"
"1","0.8755906820297241","i2f","True","eaf4f7fe-1273-42c6-907e-8ecdf7bc0c9d","informal","lemma","Lean Community","Brownian motion project","RemyDegenne/brownian-motion","https://RemyDegenne.github.io/brownian-motion/blueprint.pdf","","2.2.29","MeasureTheory.isPavingAnalytic_isPavingAnalytic","The analytic paving of an analytic paving of a family of sets F is the same as the analytic paving of F.","50d03373-a132-4986-b00a-815723facce7","formal","theorem","Lean Repo","brownian-motion","brownian-motion","","MeasureTheory.isPavingAnalytic_isPavingAnalytic","","","If a set s is analytic with respect to the paving-analytic sets generated by a paving p, then s is also analytic with respect to p itself. This means that the property of being paving-analytic is preserved when iterating the analytic construction. In other words, applying the analytic set operation twice doesn't produce more sets than needed."
"1","0.8755718469619751","i2f","False","c2222810-811f-4959-9ad5-bfc8a068ef96","informal","corollary","Lean Community","Toric varieties","YaelDillies/toric","https://YaelDillies.github.io/toric/blueprint.pdf","","2.3.26","Bialgebra.isDiagonalisable_iff_span_isGroupLikeElem_eq_top","A bialgebra over a domain can be diagonalized exactly when it is made up entirely of its group-like elements.","2ac106f1-e7f7-4c18-b539-fd0f7e898e18","formal","theorem","Lean Repo","toric","toric","","Bialgebra.span_isGroupLikeElem_eq_top_of_isDiagonalisable","","","If a bialgebra over a commutative ring can be diagonalised, then every element in it can be expressed as a combination of group-like elements. This means the entire bialgebra is spanned by those elements that behave like group elements under the coalgebra operations."
"1","0.8753477334976196","i2f","False","d059f378-16ed-4058-b854-dcacd0088d2d","informal","lemma","Lean Community","Fermat's Last Theorem for regular primes","leanprover-community/flt-regular","https://github.com/leanprover-community/flt-regular","","4.5","FltRegular.CaseI.may_assume","If p is a prime number at least 5, and x, y, z are integers whose product is not divisible by p, then the equation x^p + y^p = z^p cannot hold when x, y, z are pairwise coprime and x is not congruent to y modulo p, under the conditions needed to prove Fermat's Last Theorem.","fa717c04-c9f6-48fe-b657-2d226705330a","formal","theorem","Lean Repo","flt-regular","flt-regular","","FltRegular.a_not_cong_b","","","If p is a prime number at least 5, and a, b, c are nonzero integers with no common divisor such that a^p + b^p = c^p and p does not divide the product a*b*c, then there exist nonzero integers x, y, z with no common divisor such that x^p + y^p = z^p, p does not divide x*y*z, and x is not congruent to y modulo p."
"1","0.8752179741859436","i2f","True","7276db0a-3d5d-4e88-87d8-c0b401a15b81","informal","lemma","Lean Community","Fermat's Last Theorem","ImperialCollegeLondon/FLT","https://ImperialCollegeLondon.github.io/FLT/blueprint.pdf","","10.27","Topology.IsOpenEmbedding.regular_comap","When an open embedding is used to pull back a regular Borel measure, the resulting measure is also a regular Borel measure.","37492166-f608-41a7-8a3d-b47d85ad43a3","formal","theorem","Lean Repo","FLT","FLT","","Topology.IsOpenEmbedding.regular_comap","","","If a map φ from X to Y is a topological open embedding and μ is a regular measure on Y, then the pullback measure of μ via φ is also regular on X. This means the comap measure inherits regularity properties when pulled back through open embeddings."
"1","0.8751648664474487","i2f","False","de7f8354-2f42-4e61-ba14-569e1dff6d64","informal","lemma","Lean Community","Brownian motion project","RemyDegenne/brownian-motion","https://RemyDegenne.github.io/brownian-motion/blueprint.pdf","","2.3.58","ProbabilityTheory.hasLocallyIntegrableSup_of_locally_classDL","If a stochastic process is right-continuous with left limits and locally of class DL, and if the time set has a minimum element and compact intervals, then the supremum of the process over any compact time interval is locally integrable, provided the filtration is right-continuous.","3b5e58a3-f2bd-4b1b-bace-d1008573ec50","formal","theorem","Lean Repo","brownian-motion","brownian-motion","","ProbabilityTheory.ClassDL.hasLocallyIntegrableSup","","","If a stochastic process is right-continuous with left limits (cadlag), satisfies the class DL condition with respect to a filtration that has the usual conditions, and the probability measure is finite, then the supremum of the process up to any time is locally integrable with respect to that filtration and measure. This means that the maximum val…"
"1","0.8750709891319275","i2f","True","a4948e41-7418-4188-9234-5d6063f844d9","informal","lemma","Lean Community","Brownian motion project","RemyDegenne/brownian-motion","https://RemyDegenne.github.io/brownian-motion/blueprint.pdf","","2.2.6","InfClosed.mem_countableInfClosure_iff","If a collection of sets S is closed under taking intersections of any two sets in it, then a set s belongs to the countable intersection closure of S if and only if s can be expressed as the intersection of a decreasing sequence of sets from S.","15fae1e9-b8e7-41ad-a18c-4ea218bb3b7e","formal","theorem","Lean Repo","brownian-motion","brownian-motion","","InfClosed.mem_countableInfClosure_iff","","","A set s is in the countable inf-closure of a family p if and only if there exists a sequence A of sets from p, decreasing with n, such that s is the intersection of all A n. This holds when p is closed under arbitrary intersections."
"1","0.8750293254852295","i2f","True","a924930c-f104-4386-8db1-80a62008379a","informal","definition","Lean Community","The Polynomial Freiman-Ruzsa Conjecture","teorth/pfr","https://teorth.github.io/pfr/blueprint.pdf","","10.1","Finset.addEnergy'","The additive energy of a finite subset A of a group G is the count of all quadruples of elements from A where the sum of the first two equals the sum of the last two.","0f64b39f-9a0b-4698-b0c8-e2a1da8374dd","formal","definition","Lean Repo","add-combi","add-combi","","Finset.addEnergy'","","","The additive energy E[s, t] of two finite sets s and t in a group counts how many quadruples (a1, a2, b1, b2) satisfy a1 + b1 = a2 + b2 with a1, a2 in s and b1, b2 in t, and it is returned as a non-negative rational number."
"1","0.8749366998672485","i2f","True","0e407931-5b55-41d7-a03d-4bdaa79ad042","informal","lemma","Lean Community","The Polynomial Freiman-Ruzsa Conjecture","teorth/pfr","https://teorth.github.io/pfr/blueprint.pdf","","13.27","condRho_of_sum_le","If two random variables X and Y are independent, the dependence of X on their sum X+Y is at most half the sum of their individual dependencies plus their mutual dependence.","1180af47-f2fc-43de-a5b4-4ae90a97dff6","formal","theorem","Lean Repo","pfr","pfr","","condRho_of_sum_le","","","If two random variables X and Y are independent, then the conditional rho value of X given their sum X+Y is at most half the sum of their individual rho values plus their mutual dependence term d[X;Y]."
"1","0.8747926950454712","i2f","True","4a0d0b78-817e-4f41-b8d7-c2110864f3cb","informal","corollary","Lean Community","The Polynomial Freiman-Ruzsa Conjecture","teorth/pfr","https://teorth.github.io/pfr/blueprint.pdf","","13.39","better_PFR_conjecture_aux0","If the sumset of a set A is at most K times the size of A, then A has a large intersection with a translate of a subgroup H, where the size of H is not too far from the size of A, specifically within a factor related to K to the eighth power.","f39f69f8-3a87-4dc7-8afd-ef8374e28900","formal","theorem","Lean Repo","pfr","pfr","","better_PFR_conjecture_aux0","","","If a set A in a finite abelian group has small doubling (the sumset A+A is at most K times larger than A), then A has a large intersection with a translate of some subgroup H, where the size of H is not too far from the size of A (within a factor of K^8), and the intersection is at least roughly the geometric mean of |A| and |H| scaled by K^(-4)."
"1","0.8743319511413574","i2f","True","2eec9ac5-3286-4f15-a213-97c6c4d83da3","informal","lemma","Lean Community","Brownian motion project","RemyDegenne/brownian-motion","https://RemyDegenne.github.io/brownian-motion/blueprint.pdf","","2.3.39","ProbabilityTheory.classD_iff_norm","A progressively measurable process belongs to class D if and only if its norm also belongs to class D.","45fdcd55-68e5-462d-8379-08b96290d85c","formal","theorem","Lean Repo","brownian-motion","brownian-motion","","ProbabilityTheory.classD_iff_norm","","","A stochastic process X is of class D if and only if the process formed by taking the norm of X at each time and state is also of class D, assuming X is progressively measurable with respect to the given filtration and the index set has a linear order with a minimum element."
"1","0.8742704391479492","i2f","False","e9499d03-1491-497c-8ea4-46aad57fe422","informal","lemma","Lean Community","Brownian motion project","RemyDegenne/brownian-motion","https://RemyDegenne.github.io/brownian-motion/blueprint.pdf","","2.3.53","ProbabilityTheory.locally_classD_of_locally_classDL","If a filtration is right-continuous and a stochastic process X is locally of class DL, then X is also locally of class D.","08fe14bb-87f6-445b-80a9-3078179440b7","formal","theorem","Lean Repo","brownian-motion","brownian-motion","","ProbabilityTheory.locally_classD_iff_locally_classDL","","","A stochastic process is locally of class D with respect to a right-continuous filtration if and only if it is locally of class DL, meaning the two local properties are equivalent under these conditions. Class D requires uniform integrability over all finite stopping times, while class DL requires it only up to fixed times, and the equivalence hold…"
"1","0.8741735816001892","i2f","True","925cd492-0888-4b84-8bb2-272f41db17c0","informal","lemma","Lean Community","Fermat's Last Theorem","ImperialCollegeLondon/FLT","https://ImperialCollegeLondon.github.io/FLT/blueprint.pdf","","5.13","QHat.canonicalForm","Every element in the tensor product of the rational numbers and the profinite completion of the integers can be expressed as a simple tensor of a rational number and a profinite integer. Moreover, the rational number can always be taken to be the reciprocal of a positive integer.","8033a53d-bda1-43a7-88a4-b4a557a524f5","formal","theorem","Lean Repo","FLT","FLT","","QHat.canonicalForm","","","Every element of the profinite completion of the rational numbers can be written as a fraction 1/N times a profinite integer, where N is a positive integer and the fraction acts on the profinite integer through a tensor product structure."
"1","0.8736578822135925","i2f","True","0875a1b4-1d69-46e0-97e8-0765abe1651e","informal","definition","Lean Community","Brownian motion project","RemyDegenne/brownian-motion","https://RemyDegenne.github.io/brownian-motion/blueprint.pdf","","1.1.11","ProbabilityTheory.covMatrix, ProbabilityTheory.posSemidef_covMatrix","The covariance matrix of a probability measure on a finite-dimensional space is a positive semidefinite matrix that represents the bilinear form giving the expected value of the product of deviations of vectors from the mean, weighted by the measure. It generalizes the variance to multiple dimensions by capturing pairwise covariances between compo…","3a218f0b-2d69-4998-9a73-fd2cc5929dce","formal","theorem","Lean Repo","brownian-motion","brownian-motion","","ProbabilityTheory.posSemidef_covMatrix","","","The covariance matrix of a probability measure on a finite-dimensional real inner product space is always positive semidefinite, meaning that for any vector, the quadratic form defined by the covariance matrix gives a non-negative result. This property follows from the fact that the underlying bilinear form defined by the covariance is itself posi…"
"1","0.8736271262168884","i2f","True","de432d47-a4ec-4ec1-9e8a-86968bb515c7","informal","lemma","Lean Community","Brownian motion project","RemyDegenne/brownian-motion","https://RemyDegenne.github.io/brownian-motion/blueprint.pdf","","2.3.43","MeasureTheory.Martingale.classD_iff_uniformIntegrable","A right-continuous martingale is uniformly integrable if and only if it belongs to class D.","484fd2b1-ec9e-4454-a974-c9cc96864c32","formal","theorem","Lean Repo","brownian-motion","brownian-motion","","MeasureTheory.Martingale.classD_iff_uniformIntegrable","","","A stochastic process is of class D if and only if it is a right-continuous martingale and its family of random variables is uniformly integrable. This means the process has well-behaved stopping times and does not exhibit extreme fluctuations in expectation. The result connects uniform integrability with the structural property of being class D fo…"
"1","0.8733365535736084","i2f","True","5ade2e06-c530-4447-a9ff-30b1408775a0","informal","definition","Lean Community","Brownian motion project","RemyDegenne/brownian-motion","https://RemyDegenne.github.io/brownian-motion/blueprint.pdf","","1.4.8","ProbabilityTheory.gaussianProjectiveFamily","For each finite set of non-negative times, define a Gaussian probability distribution with zero mean and covariance equal to the minimum of each pair of times; the collection of these distributions for all such finite sets is called the projective family of the Brownian motion.","3455e8c4-61c2-4cd4-a536-9da6fdeecb42","formal","definition","Lean Repo","brownian-motion","brownian-motion","","ProbabilityTheory.gaussianProjectiveFamily","","","For a finite set of non-negative real numbers I, the gaussianProjectiveFamily defines a probability measure on the space of real-valued functions indexed by I, where the measure is a multivariate Gaussian with mean zero and covariance matrix given by the minimum of the time points in I. This measure models the joint distribution of a Brownian moti…"
"1","0.8731136918067932","i2f","False","101bdbf0-6443-4772-8323-7edd1b2233bf","informal","theorem","Lean Community","Brownian motion project","RemyDegenne/brownian-motion","https://RemyDegenne.github.io/brownian-motion/blueprint.pdf","","1.5.84","ProbabilityTheory.exists_modification_holder_iSup","Let T be a metric space with a cover having bounded covering numbers and fixed exponent d. Let X be a stochastic process indexed by T that meets the Kolmogorov continuity condition for a sequence of exponent pairs (p_n, q_n) where each q_n is greater than d. Then there exists a version of X whose sample paths are almost surely locally Holder conti…","16f0912d-6901-4e8c-b060-b699b7becd2f","formal","theorem","Lean Repo","brownian-motion","brownian-motion","","ProbabilityTheory.exists_modification_holder_iSup'","","","If a stochastic process satisfies the Kolmogorov continuity condition on each set of a bounded cover of the index space, with appropriate exponents and constants, then there exists a version of the process that is measurable and, for almost every outcome, has local Hölder continuity with exponent up to the supremum of (q_n - d)/p_n on some neighbo…"
"1","0.8731034994125366","i2f","False","ca35acb3-14b7-4b1b-8b9e-8c27c0bca01e","informal","theorem","Lean Community","Sphere Packing in Dimension 8","thefundamentaltheor3m/Sphere-Packing-Lean","https://thefundamentaltheor3m.github.io/Sphere-Packing-Lean/blueprint.pdf","","6.46","serre_D_slash_equivariant","The Serre derivative of a function transformed under the slash action of a matrix in SL2(Z) equals the transformation of the Serre derivative of the function, with the weight increased by 2. This holds for all matrices in SL2(Z). The operation is consistent with the group action on modular forms.","3591fac8-d8d2-41f5-a168-f0bce10df2d4","formal","theorem","Lean Repo","sphere-packing-math-inc","sphere-packing-math-inc","","serre_D_slash_invariant","","","If a complex-valued function F on the upper half-plane is invariant under the weight k slash action of a 2x2 integer matrix gamma with determinant 1, then the Serre derivative of F is invariant under the same matrix's slash action but with weight k+2. This means the Serre derivative preserves modular invariance while increasing the weight by 2."
"1","0.8729528188705444","i2f","True","ed3ae493-91fb-44aa-9e48-317321869f0a","informal","lemma","Lean Community","The Polynomial Freiman-Ruzsa Conjecture","teorth/pfr","https://teorth.github.io/pfr/blueprint.pdf","","13.6","KLDiv_of_comp_inj","If a function f from G to H is one-to-one, then the Kullback-Leibler divergence between the outputs f(X) and f(Y) is the same as the Kullback-Leibler divergence between the inputs X and Y.","5ae62cd4-f71c-408c-93be-f2fe2241f90c","formal","theorem","Lean Repo","pfr","pfr","","KLDiv_of_comp_inj","","","If a function f is injective (one-to-one), then the Kullback-Leibler divergence between the distributions of f(X) and f(Y) is the same as the divergence between X and Y. This means applying an injective transformation to both random variables does not change their KL divergence."
"1","0.8728944063186646","i2f","False","1ae3fdb3-baae-43f3-965b-51cb3e1a92b1","informal","proposition","Lean Community","Toric varieties","YaelDillies/toric","https://YaelDillies.github.io/toric/blueprint.pdf","","4.1.7","hopfSpec.instFull, hopfSpec.instFaithful, hopfSpec.fullyFaithful","Spec is a contravariant functor that maps R-Hopf algebras to group schemes over Spec R in a way that is fully faithful, meaning it gives a one-to-one correspondence between Hopf algebra maps and group scheme morphisms.","3166a4a0-ef09-47b7-ad1c-9c9ecfa8f155","formal","theorem","Lean Repo","toric","toric","","essImage_hopfSpec","","","The functor Spec sends commutative Hopf algebras over a ring R to affine group schemes over the spectrum of R, and every affine group scheme over Spec R arises this way. A group scheme over Spec R is in the essential image of this functor if and only if it is affine."
"1","0.872846245765686","i2f","False","e16d2aad-6409-4fae-b23a-8eb7262a08ab","informal","lemma","Lean Community","The Polynomial Freiman-Ruzsa Conjecture","teorth/pfr","https://teorth.github.io/pfr/blueprint.pdf","","13.35","condRho_sum_le","For four independent random variables on a group, the sum of the conditional dependencies of two pairwise sums given each other and their total sum, minus half the sum of the individual dependencies, is at most half the sum of the pairwise dependencies between specific pairs of the original variables.","8f0a9010-efd6-4f29-89fd-ee870e17e1f7","formal","theorem","Lean Repo","pfr","pfr","","condRho_sum_le'","","","For four independent random variables Y1, Y2, Y3, Y4 taking values in a finite abelian group G, the sum of certain conditional rho values between pairwise sums T1, T2, T3 (like Y1+Y2) given both another pairwise sum and the total sum S = Y1+Y2+Y3+Y4, minus a term involving the individual rho values of the Yi, is bounded above by the sum of the pai…"
"1","0.8724706172943115","i2f","True","d458edab-3581-481b-b6ca-03118e02a778","informal","theorem","Lean Community","Fermat's Last Theorem","ImperialCollegeLondon/FLT","https://ImperialCollegeLondon.github.io/FLT/blueprint.pdf","","9.38","NumberField.InfinitePlace.Completion.baseChange_surjective","The map from the tensor product of L with the completion of K at an infinite place to the product of the completions of L over places above that infinite place is surjective. This means every element in the product space can be reached by applying the map to some element in the tensor product. Surjectivity follows because elements of L can approxi…","6e8d9b55-f7c0-4d29-aa4e-4c4397976fde","formal","theorem","Lean Repo","FLT","FLT","","NumberField.InfinitePlace.Completion.baseChange_surjective","","","For any finite extension L of a number field K and any infinite place v of K, the natural map from the tensor product of L with the completion of K at v to the product of all completions of L at places above v is surjective. This means every element in the target product space comes from some element in the tensor product. The result captures how …"
"1","0.8720285296440125","i2f","False","91afbdf6-f131-4496-8d2c-830355801dc5","informal","lemma","Lean Community","Brownian motion project","RemyDegenne/brownian-motion","https://RemyDegenne.github.io/brownian-motion/blueprint.pdf","","2.1.82","MeasureTheory.maximal_ineq","For a non-negative submartingale indexed by natural numbers, the probability that the maximum value up to time n is at least lambda is bounded above by the expected value of the process at time n divided by lambda. This also bounds the expected value of the process at time n over the event where the maximum reaches or exceeds lambda, divided by la…","13a01118-4dd0-4bd3-bf7f-f65f530eb51c","formal","theorem","Lean Repo","brownian-motion","brownian-motion","","ProbabilityTheory.maximal_ineq_countable","","","For a non-negative submartingale indexed by a countable ordered set, the probability that its maximum value exceeds a positive threshold ε is bounded above by the expected value of the submartingale at a fixed time, divided by ε. This result holds with respect to a finite measure and a given filtration. It generalizes the idea that large deviation…"
"1","0.8719414472579956","i2f","False","ed1cfd95-d7a9-4b1b-865c-43f532fce91e","informal","definition","Lean Community","Fermat's Last Theorem for regular primes","leanprover-community/flt-regular","https://github.com/leanprover-community/flt-regular","","4.6","IsRegularNumber","A prime number p is called regular if it does not divide the class number of the field formed by adding a primitive p-th root of unity to the rational numbers.","8dc50513-4eb8-42ff-b3f2-9830ac1b9bf3","formal","definition","Lean Repo","flt-regular","flt-regular","","IsRegularPrime","","","A prime number p is called regular if it is greater than 1, and p does not divide the size of a certain group called the class group that comes from a special algebraic structure involving complex roots of unity. This property is defined only for prime numbers and depends on how p interacts with this class group size. The definition uses standard …"
"1","0.8719052076339722","i2f","False","97acd510-197e-4d7d-be78-b1043e2003d8","informal","theorem","Lean Community","Brownian motion project","RemyDegenne/brownian-motion","https://RemyDegenne.github.io/brownian-motion/blueprint.pdf","","2.2.57","MeasureTheory.isStoppingTime_debut","If a set E is progressively measurable and the filtration meets the usual conditions, then the debut of E is a stopping time.","259b1242-edf7-433a-9d49-474726b06090","formal","theorem","Lean Repo","brownian-motion","brownian-motion","","MeasureTheory.ProgMeasurableSet.measurableSet_debut_lt","","","If a set E is progressively measurable with respect to a filtration that satisfies the usual conditions, then for any time s, the set of outcomes where the debut of E after time n occurs before s is a measurable event."
"1","0.8716046214103699","i2f","False","03d0a152-0624-4685-9142-6515bd8be539","informal","theorem","Lean Community","Fermat's Last Theorem","ImperialCollegeLondon/FLT","https://ImperialCollegeLondon.github.io/FLT/blueprint.pdf","","9.40","NumberField.InfinitePlace.Completion.instIsModuleTopologyValEqComapAlgebraMap_fLT","If an infinite place w of a field L lies above an infinite place v of a subfield K, then the completion of L at w has the same topology as a vector space over the completion of K at v.","57a27182-8468-473e-adf1-ab8fbcf4b5e9","formal","theorem","Lean Repo","FLT","FLT","","NumberField.InfinitePlace.Completion.finrank_eq_one_of_isUnramified","","","If an infinite place w of a number field L lies over an infinite place v of a number field K and is unramified, then the completion of w is a one-dimensional vector space over the completion of v."
"1","0.8715745806694031","i2f","False","4eed8e77-a6a5-4bd0-ad11-ea5216d753dc","informal","lemma","Lean Community","Arithmetic Progressions - Almost Periodicity","YaelDillies/apap","https://YaelDillies.github.io/apap/blueprint.pdf","","2.8","spec_hoelder","For a function f from a finite abelian group G to the complex numbers, and a subset Delta of the large spectrum of f, the 2m-th energy of Delta is at least a constant multiple of the size of Delta raised to the 2m power, scaled by the ratio of the square of the L1 norm to the L2 norm squared of f, and normalized by the group size and a parameter e…","c201fe25-9778-486f-919c-d8f431a02344","formal","theorem","Lean Repo","apap","apap","","general_hoelder","","","For a finite abelian group G, if f is a nonzero complex-valued function on G, ν is a non-negative real-valued function bounded below by 1 where f is nonzero, and Δ is a set of additive characters where the Fourier transform of f is large (at least η > 0), then the size of Δ raised to the power 2m times a term involving η and the ratio of the L1 an…"
"1","0.8715526461601257","i2f","False","0f5263bf-8a7f-49aa-b133-1ed9894bff57","informal","definition","Lean Community","Fermat's Last Theorem","ImperialCollegeLondon/FLT","https://ImperialCollegeLondon.github.io/FLT/blueprint.pdf","","2.4","FreyPackage","A Frey package consists of three nonzero integers a, b, and c that are pairwise coprime, with a congruent to 3 mod 4, b even, and a prime p at least 5, such that a to the power p plus b to the power p equals c to the power p.","10fa244f-8050-435b-90ed-f2b1563fefd3","formal","theorem","Lean Repo","FLT","FLT","","FreyPackage.of_not_FermatLastTheorem_p_ge_5","","","If there are nonzero integers a, b, c and a prime number p greater than or equal to 5 such that a^p + b^p = c^p, then there exists a Frey package associated with this solution."
"1","0.8711555600166321","i2f","True","a447a05c-48ea-4347-81dc-f0674f15c671","informal","lemma","Lean Community","Carleson operators on doubling metric measure spaces","fpvandoorn/carleson","https://florisvandoorn.com/carleson/blueprint.pdf","","6.2.3","Tile.uncertainty","If two tiles have centers whose large neighborhoods overlap and one has size at most the other, then the distance between their designated points under a certain metric is controlled by a constant multiple of the distance between the images of any two points from the tiles under a localized metric, with the constant depending only on the parameter…","4524dafe-6604-4e4d-b0ac-d43e8e5f7666","formal","theorem","Lean Repo","carleson","carleson","","Tile.uncertainty","","","If two tiles have overlapping neighborhoods and one is no larger than the other, then the scaled distance between their centers is controlled by a constant multiple of the scaled distance between any two points inside them, using a specific metric distortion function. The bound depends on the tile parameters and the ambient space structure. This g…"
"1","0.8711099624633789","i2f","True","267e53bc-c2e7-4c08-a841-93938d7a23b5","informal","definition","Lean Community","Class Field Theory","kbuzzard/ClassFieldTheory","https://kbuzzard.github.io/ClassFieldTheory/blueprint.pdf","","20","groupCohomology.tateComplex, groupCohomology.tateComplexFunctor, groupCohomology.tateCohomology","A cochain complex for a finite group G and module M is constructed by combining ordinary cochain and chain complexes using a norm map N_G, extending the indexing to all integers; the resulting complex is called the Tate cochain complex, with cohomology groups known as Tate cohomology, defined for all integers n and functorial in M.","68644eeb-3951-434f-bd0e-19101045f769","formal","definition","Lean Repo","ClassFieldTheory","ClassFieldTheory","","groupCohomology.tateComplex","","","The tateComplex defines a cochain complex over integers by linking inhomogeneous group chains and cochains through the Tate norm, using a finite group action on a module over a commutative ring. It combines homology and cohomology structures into a single graded complex indexed by integers. This construction is used in group cohomology to study Ta…"
"1","0.8710980415344238","i2f","True","971e71b3-bed1-4ade-ac47-a226577458f3","informal","lemma","Lean Community","Fermat's Last Theorem","ImperialCollegeLondon/FLT","https://ImperialCollegeLondon.github.io/FLT/blueprint.pdf","","5.32","Hurwitz.exists_near","For any standard quaternion with real number components, there is a nearby Hurwitz quaternion such that the norm of their difference is less than 1.","761ed384-26d2-4512-a7b3-c854945d8423","formal","theorem","Lean Repo","FLT","FLT","","Hurwitz.exists_near","","","For any quaternion with real number components, there exists another quaternion with integer components such that the distance between the two is less than 1."
"1","0.8710265159606934","i2f","False","a08f87fd-a663-4718-8875-04f2b9b9544f","informal","definition","Lean Community","The sphere eversion project","leanprover-community/sphere-eversion","https://leanprover-community.github.io/sphere-eversion/blueprint.pdf","","3.14","OneJetSec.IsHolonomicAt, OneJetSec.isHolonomicAt_iff","A section of the first jet bundle from M to N is called holonomic if it comes from the first-order derivative of a smooth map from M to N. This means the section is exactly the jet prolongation of some underlying function between the manifolds.","37b60499-7720-4dc1-ae4b-93642541ab9f","formal","definition","Lean Repo","sphere-eversion","sphere-eversion","","OneJetSec.IsHolonomic","","","A map from a manifold M to the 1-jet bundle J¹(M, M') is holonomic if, at every point, the linear part of the map equals the derivative of the underlying map from M to M'."
"1","0.8707612752914429","i2f","True","677feaec-f2ce-4a00-866d-c4f83299bc33","informal","proposition","Lean Community","Toric varieties","YaelDillies/toric","https://YaelDillies.github.io/toric/blueprint.pdf","","2.3.29","commHopfAlgCatEquivCogrpCommAlgCat","The category of R-Hopf algebras is the same as the category of cogroup objects in R-algebras. This means Hopf algebras can be understood as algebraic structures with extra operations that behave like comultiplication and coinversion. These operations satisfy axioms making them dual to group objects in algebras.","700aba5a-83bf-4d83-b4b4-a1f234760ccd","formal","definition","Lean Repo","toric","toric","","commHopfAlgCatEquivCogrpCommAlgCat","","","Commutative Hopf algebras over a commutative ring R are equivalent to cogroup objects in the opposite category of commutative R-algebras. This means the algebraic structure of a commutative Hopf algebra corresponds precisely to a group-like structure defined within the category of commutative R-algebras. The equivalence captures how Hopf algebra o…"
"1","0.8707495927810669","i2f","True","e729016e-1dd2-422d-a8da-3077b2aabca6","informal","lemma","Lean Community","The sphere eversion project","leanprover-community/sphere-eversion","https://leanprover-community.github.io/sphere-eversion/blueprint.pdf","","2.15","RelLoc.FormalSol.improve","There exists a continuous deformation of a formal solution to a differential relation such that the solution remains unchanged near a closed set and outside a compact region, stays close to the original solution, and becomes holonomic in a specified interior compact region, provided the relation is open and ample.","eb42a424-aa22-45c5-9cda-10d5b9ec3c9f","formal","theorem","Lean Repo","sphere-eversion","sphere-eversion","","RelLoc.FormalSol.improve","","","Given a formal solution to a differential relation that is already holonomic near a certain region, and under openness and ampleness conditions, there exists a homotopy of formal solutions that gradually modifies the original solution by small corrugations so that the result becomes holonomic near a larger region, while staying close to the origin…"
"1","0.8707427382469177","i2f","False","0228e0c6-0bce-48d2-b31d-1d9547598882","informal","lemma","Lean Community","Brownian motion project","RemyDegenne/brownian-motion","https://RemyDegenne.github.io/brownian-motion/blueprint.pdf","","1.6.3","ProbabilityTheory.hasLaw_preBrownian_sub","For any non-negative real numbers s and t, the difference X_t minus X_s in the pre-Brownian process is a normally distributed random variable with average 0 and spread equal to the absolute value of t minus s.","2e39eb89-5ea6-41be-89d2-0e2f1e04005a","formal","theorem","Lean Repo","brownian-motion","brownian-motion","","ProbabilityTheory.IsPreBrownian.hasLaw_sub","","","For a pre-Brownian motion process X, the difference X(s) - X(t) at any two times s and t has a normal distribution with mean 0 and variance equal to the absolute difference |s - t|. This means the distribution of the increment depends only on the time difference and is Gaussian centered at zero. The result holds under the given probability measure…"
"1","0.8706378936767578","i2f","True","a0e771a5-5369-42bb-941f-42315ec82296","informal","lemma","Lean Community","The Polynomial Freiman-Ruzsa Conjecture","teorth/pfr","https://teorth.github.io/pfr/blueprint.pdf","","12.1","ProbabilityTheory.entropy_comp_le","The amount of uncertainty in a transformed random variable is always less than or equal to the uncertainty in the original variable. This means applying a function to a random variable cannot increase its entropy.","eb39cc0d-e3f4-41a7-a500-289af7ebf337","formal","theorem","Lean Repo","pfr","pfr","","ProbabilityTheory.entropy_comp_le","","","The entropy of a random variable X is always greater than or equal to the entropy of the result after applying a measurable function f to X, as long as X has finite range and all singleton sets are measurable. This means that processing a random variable through a function cannot increase its uncertainty. The underlying measure is assumed to be ei…"
"1","0.8702799081802368","i2f","False","be147009-d785-40a5-88b8-c8e1b34912a7","informal","theorem","Lean Community","The Polynomial Freiman-Ruzsa Conjecture","teorth/pfr","https://teorth.github.io/pfr/blueprint.pdf","","8.11","PFR_conjecture_improv","If a non-empty set A in the vector space F_2^n has a small sumset, meaning the size of A+A is at most K times the size of A, then A can be covered by at most 2 times K to the 11th power translates of a subspace H, where H has size at most that of A.","330432e0-a881-4578-ab9f-303d1599874a","formal","theorem","Lean Repo","pfr","pfr","","better_PFR_conjecture","","","If a non-empty finite set A in a vector space over the field with two elements has a small sumset (the set of all pairwise sums of elements in A is at most K times larger than A), then A can be covered by at most 2K^9 translates of some subgroup H whose size is no larger than that of A."
"1","0.8702133297920227","i2f","False","2b840550-e185-4357-8fad-0aa985cf3115","informal","lemma","Lean Community","Brownian motion project","RemyDegenne/brownian-motion","https://RemyDegenne.github.io/brownian-motion/blueprint.pdf","","1.5.76","ProbabilityTheory.finite_kolmogorov_chentsov","If a stochastic process satisfies a certain smoothness condition (Kolmogorov condition) on a finite subset of a metric space, and the space has bounded covering numbers, then the expected value of the maximum difference of the process over pairs of points, scaled by their distance raised to a power, is bounded by a constant depending on the parame…","0a0ee128-57ae-44ef-912f-d3e474df4a3a","formal","theorem","Lean Repo","brownian-motion","brownian-motion","","ProbabilityTheory.finite_set_bound_of_edist_le_of_le_diam","","","If a stochastic process satisfies a Kolmogorov-type condition and the parameter set has bounded covering numbers with exponent d, then the expected maximum distance between process values over a finite set is controlled by a constant depending on the covering number, diameter, and process parameters. The bound involves powers of the diameter and l…"
"1","0.8700002431869507","i2f","True","cf627537-4876-404c-bc07-be0790b3e9ab","informal","definition","Lean Community","Toric varieties","YaelDillies/toric","https://YaelDillies.github.io/toric/blueprint.pdf","","4.1.1","algSpec","Spec is a contravariant functor that takes R-algebras to schemes over the spectrum of R.","8f57c0b4-1634-436f-a953-7b9819845e92","formal","definition","Lean Repo","toric","toric","","algSpec","","","algSpec is a functor that takes an R-algebra and produces a scheme over the spectrum of R, in a way that reverses the direction of algebra maps; it assigns to each R-algebra a geometric object (a scheme) lying over Spec R, compatible with the structure of commutative rings and their homomorphisms."
"1","0.869997501373291","i2f","False","62d72ed7-9824-4519-8eae-a28e884a2b63","informal","lemma","Lean Community","Carleson operators on doubling metric measure spaces","fpvandoorn/carleson","https://florisvandoorn.com/carleson/blueprint.pdf","","11.1.8","dirichletKernel_eq, partialFourierSum_eq_conv_dirichletKernel","The sum of a periodic function multiplied by a special trigonometric kernel, called the Dirichlet kernel, gives the N-th partial sum of its Fourier series at a point. The Dirichlet kernel is defined as the sum of complex exponentials from -N to N and can be simplified using geometric series when the angle is not zero. This kernel helps express how…","6ab74994-be69-4a29-a286-ff70ee3c40a9","formal","theorem","Lean Repo","carleson","carleson","","partialFourierSum_eq_conv_dirichletKernel'","","","The partial Fourier sum of a function f at a point x, using the first N terms, equals the average of the function f multiplied by the Dirichlet kernel of order N, integrated over one full period from 0 to 2*pi. This expresses the Fourier partial sum as a convolution of the function with the Dirichlet kernel. The function f must be integrable over …"
"1","0.8699867129325867","i2f","True","29e1b219-255c-4d21-93e5-32b56ea7452e","informal","lemma","Lean Community","The Polynomial Freiman-Ruzsa Conjecture","teorth/pfr","https://teorth.github.io/pfr/blueprint.pdf","","4.5","exists_isUniform_of_rdist_self_eq_zero","If a random variable X taking values in a group G has zero self-distance in a certain metric, then X is uniformly distributed on some subgroup H of G.","9c29b5c9-db87-4e79-958a-4198b7e4d76a","formal","theorem","Lean Repo","pfr","pfr","","exists_isUniform_of_rdist_self_eq_zero","","","If a random variable X has zero Ruzsa distance from itself, then there exists a subgroup H of G and a uniformly distributed random variable U over H such that X and U have zero Ruzsa distance. This means X is essentially uniformly distributed over some subgroup of G when its self-distance is zero. The result holds under standard measurability and …"
"1","0.8699711561203003","i2f","True","c16ce8ad-d3f9-4f86-8f72-5c89d34427f2","informal","lemma","Lean Community","Brownian motion project","RemyDegenne/brownian-motion","https://RemyDegenne.github.io/brownian-motion/blueprint.pdf","","2.3.37","ProbabilityTheory.classDL_iff_norm","A progressively measurable process has the class DL property if and only if its norm also has the class DL property.","b07fafa4-64fd-4d3d-adbb-ce7044ec8a49","formal","theorem","Lean Repo","brownian-motion","brownian-motion","","ProbabilityTheory.classDL_iff_norm","","","A stochastic process X satisfies the class DL condition if and only if the process formed by taking the norm of X at each time and outcome also satisfies the class DL condition, assuming X is progressively measurable with respect to the given filtration."
"1","0.8698824644088745","i2f","True","f6cc4b26-42e2-4a17-8ea4-e886c77768e0","informal","theorem","Lean Community","Sphere Packing in Dimension 8","thefundamentaltheor3m/Sphere-Packing-Lean","https://thefundamentaltheor3m.github.io/Sphere-Packing-Lean/blueprint.pdf","","6.49","ramanujan_E₂, ramanujan_E₄, ramanujan_E₆, ramanujan_E₂', ramanujan_E₄', ramanujan_E₆'","The derivatives of the Eisenstein series E2, E4, and E6 are expressed in terms of the series themselves, with E2 prime equal to (E2 squared minus E4) divided by 12, E4 prime equal to (E2 times E4 minus E6) divided by 3, and E6 prime equal to (E2 times E6 minus E4 squared) divided by 2.","66bc8c23-5aae-421b-b9e1-43c200f89aab","formal","theorem","Lean Repo","sphere-packing-math-inc","sphere-packing-math-inc","","ramanujan_E₂","","","The derivative of the Eisenstein series E2 is equal to one twelfth of the difference between the square of E2 and the Eisenstein series E4. This identity relates the rate of change of E2 to a combination of E2 and E4 in the context of modular forms. The functions involved are defined on the upper half-plane and take complex values."
"1","0.8697601556777954","i2f","True","46263ca5-a80a-49ca-8a12-b8d836599b45","informal","lemma","Lean Community","The Polynomial Freiman-Ruzsa Conjecture","teorth/pfr","https://teorth.github.io/pfr/blueprint.pdf","","10.5","card_of_dual","For any finite abelian group where every element has order a power of 2, the number of homomorphisms from the group to the cyclic group of order 2 is equal to the size of the original group.","3d020273-0c51-44d1-adb9-eaa75da0d418","formal","theorem","Lean Repo","pfr","pfr","","card_of_dual","","","The number of group homomorphisms from a finite abelian group G to the integers modulo 2 equals the number of elements in G, provided G is a module over the integers modulo 2."
"1","0.8697306513786316","i2f","True","bd421c9c-6a27-475b-81cd-11bb840baa44","informal","lemma","Lean Community","The Polynomial Freiman-Ruzsa Conjecture","teorth/pfr","https://teorth.github.io/pfr/blueprint.pdf","","2.8","ProbabilityTheory.prob_ge_exp_neg_entropy","If a random variable has bounded entropy, then there is at least one value it can take that has a probability at least equal to the exponential of the negative entropy. This means low entropy implies the variable is relatively likely to take some specific value.","f180cbc9-f497-45ea-8847-8bfac5128ccc","formal","theorem","Lean Repo","pfr","pfr","","ProbabilityTheory.prob_ge_exp_neg_entropy","","","For any random variable X taking values in a finite set, there is at least one possible value s such that the probability of X being equal to s is at least the exponential of the negative entropy of X. This means some outcome must occur with probability not smaller than e^(-H[X]). The result holds under standard probability assumptions."
"1","0.8696991205215454","i2f","False","63802918-11c4-45c2-8065-8db161872947","informal","lemma","Lean Community","Brownian motion project","RemyDegenne/brownian-motion","https://RemyDegenne.github.io/brownian-motion/blueprint.pdf","","1.6.7","ProbabilityTheory.memHolder_brownian","The paths of Brownian motion are locally Hölder continuous for any exponent between 0 and 1/2.","4635c4a0-b665-47a4-9e16-5ee3b7076e48","formal","theorem","Lean Repo","brownian-motion","brownian-motion","","ProbabilityTheory.IsPreBrownian.memHolder_mk","","","For almost every outcome, the sample paths of a pre-Brownian motion are locally Hölder continuous with any exponent less than 1/2, meaning there is a neighborhood around each time point where the path's increments are bounded by a constant times the time difference raised to that exponent."
"1","0.8696869015693665","i2f","True","1d5b614b-86ff-484f-b7aa-9a8ee1ad1056","informal","lemma","Lean Community","Brownian motion project","RemyDegenne/brownian-motion","https://RemyDegenne.github.io/brownian-motion/blueprint.pdf","","1.5.63","ProbabilityTheory.lintegral_sup_rpow_edist_le_sum_of_le_one","For a stochastic process satisfying the Kolmogorov condition with exponents p and q and constant M, the expected value of the p-th power of the maximum distance between process values at points in a sequence of covers is bounded above by a sum involving the sizes of the covers and the epsilon values raised to the power q. This bound holds when p i…","f9f21214-66ad-407f-845b-8ab001fa3dc7","formal","theorem","Lean Repo","brownian-motion","brownian-motion","","ProbabilityTheory.lintegral_sup_rpow_edist_le_sum_of_le_one","","","For a stochastic process satisfying a Kolmogorov-type condition with exponent q and constant M, the expected value of the supremum of the p-th power of distances between process values at points and their approximations through a chaining sequence is bounded above by a sum involving the sizes of finite covers and the radii of those covers raised t…"
"1","0.8695472478866577","i2f","True","e67af919-96a7-4df5-98fc-ea9dea8eddad","informal","lemma","Lean Community","The Polynomial Freiman-Ruzsa Conjecture","teorth/pfr","https://teorth.github.io/pfr/blueprint.pdf","","3.23","ent_bsg","The sum over all possible values z of the probability that Z equals z times the statistical distance between the conditional distributions of A and B given Z equals z is at most 3 times the mutual information between A and B plus 2 times the entropy of Z minus the entropies of A and B. This inequality relates the dependence between two random vari…","52358efd-8779-4c68-b01b-6b4c02450f4f","formal","theorem","Lean Repo","pfr","pfr","","ent_bsg","","","For two random variables A and B taking values in a finite abelian group G, the average statistical distance between their conditional distributions given the sum A+B is bounded above by an expression involving the mutual information of A and B and the entropies of A, B, and their sum. Specifically, the expected divergence between A and B when con…"
"1","0.8694651126861572","i2f","False","4387b43b-ac2e-4a41-b4d9-ca32e97cd632","informal","lemma","Lean Community","The Polynomial Freiman-Ruzsa Conjecture","teorth/pfr","https://teorth.github.io/pfr/blueprint.pdf","","2.5","ProbabilityTheory.exists_isUniform, ProbabilityTheory.exists_isUniform_measureSpace","There is a random variable that takes values in a given finite non-empty subset H of a set S, such that each element of H has an equal chance of being selected. This random variable is said to be uniformly distributed on H.","9592f3d6-c4cf-44ca-9f49-0b06cd2d5a45","formal","theorem","Lean Repo","pfr","pfr","","ProbabilityTheory.IsUniform.measureReal_preimage","","","If a random variable X is uniformly distributed over a finite set H, then the probability that X takes a value in some subset H' is equal to the ratio of the number of elements in both H and H' to the total number of elements in H. This probability is computed as the measure of the set of outcomes where X lands in H', and it matches the intuitive …"
"1","0.8694584965705872","i2f","True","da271e15-35b0-4382-9f9f-33aec5446085","informal","definition","Lean Community","Brownian motion project","RemyDegenne/brownian-motion","https://RemyDegenne.github.io/brownian-motion/blueprint.pdf","","2.3.31","ProbabilityTheory.HasIntegrableSup","A stochastic process is called integrable if it is measurable in time and outcome and each random variable in the process has a finite expected value. It has an integrable supremum if the supremum of the norms of the process up to any time t also has a finite expected value.","2c6e3c39-bd73-4181-85c1-d0df7db616ff","formal","definition","Lean Repo","brownian-motion","brownian-motion","","ProbabilityTheory.HasIntegrableSup","","","A stochastic process X has integrable supremum if, for each time t, the random variable that records the largest size of X up to time t is integrable, and the function mapping time and outcome to that largest size is measurable."
"1","0.8693662881851196","i2f","False","cb73ddee-23c4-4d0c-84d7-3ecd1cbff519","informal","definition","Lean Community","Class Field Theory","kbuzzard/ClassFieldTheory","https://kbuzzard.github.io/ClassFieldTheory/blueprint.pdf","","54","localInv","The local invariant of a finite cyclic group G of order n is a function that takes a 2-cocycle σ and returns the sum of its values over pairs (gen^i, gen) for i from 0 to n−1, reduced modulo n. This sum defines a map from the second cohomology group of G with integer coefficients to the integers modulo n.","8c822a71-5e5c-4b5b-90c8-f3161ef48b39","formal","theorem","Lean Repo","ClassFieldTheory","ClassFieldTheory","","localInv_H2π_hom","","","The local invariant map for the second cohomology of the trivial action of the cyclic group Z/nZ on the integers sends a 2-cocycle f to the sum over i of f applied to (i, 1), where the group elements are written multiplicatively via conversion from additive notation. This sum computes the image of the cohomology class under the isomorphism to Z/nZ…"
"1","0.8693637847900391","i2f","True","21f26f0b-00be-4a17-bd04-db78398a90b8","informal","lemma","Lean Community","Brownian motion project","RemyDegenne/brownian-motion","https://RemyDegenne.github.io/brownian-motion/blueprint.pdf","","1.5.14","le_volume_of_isSeparated","If a set S is epsilon-separated and contained in A, then the number of points in S times the volume of a ball of radius epsilon over 2 is less than or equal to the volume of the set formed by adding a ball of radius epsilon over 2 to A.","283b702a-52a7-4e57-85d4-c734f16f5dd7","formal","theorem","Lean Repo","brownian-motion","brownian-motion","","le_volume_of_isSeparated","","","If a set C is ε-separated (meaning every pair of distinct points in C is at least ε apart) and C is contained in a larger set A, then the number of points in C multiplied by the volume of a closed ball of radius ε/2 is less than or equal to the volume of the set formed by adding that same ball to A. This gives a lower bound on the volume of the ex…"
"1","0.8691746592521667","i2f","False","8569209b-7c3b-4384-94d8-c9bec82d3cf7","informal","lemma","Lean Community","Brownian motion project","RemyDegenne/brownian-motion","https://RemyDegenne.github.io/brownian-motion/blueprint.pdf","","2.3.52","ProbabilityTheory.ClassDL.locally_classD","If a stochastic process X satisfies the class DL property, then it also satisfies the local class D property. This means that under certain stopping times, the process behaves like a class D process. The result connects two technical conditions used in the theory of stochastic processes.","61a20010-4bf5-4e0c-bcca-39b8b872d2cd","formal","theorem","Lean Repo","brownian-motion","brownian-motion","","ProbabilityTheory.ClassD.classDL","","","If a stochastic process is of class D, meaning it is adapted and its values at all finite stopping times form a uniformly integrable set, then it is also of class DL, meaning that for each fixed time, the values at stopping times up to that time are uniformly integrable."
"1","0.8691518902778625","i2f","False","beff80a3-96aa-41ed-b524-ddc4ee27ebe4","informal","definition","Lean Community","Brownian motion project","RemyDegenne/brownian-motion","https://RemyDegenne.github.io/brownian-motion/blueprint.pdf","","2.1.44","MeasureTheory.Filtration.predictable","The predictable sigma-algebra on the product space of time and outcomes is formed by all sets of the form (t, infinity] times an event known at time t, along with initial information at the start time if it exists. It captures all events that can be predicted just before they happen based on the information available up to that time. This construc…","37628d49-7a43-4e22-a3d2-e0e48a630511","formal","theorem","Lean Repo","brownian-motion","brownian-motion","","MeasureTheory.Filtration.predictable_le_prod","","","The predictable sigma-algebra of a filtration is contained within the product sigma-algebra on the time-space domain. This means that any predictable set is measurable with respect to the product of the time and sample space sigma-algebras. The result holds for filtrations indexed by a linearly ordered topological space with a least element."
"1","0.8678654432296753","i2f","True","3af3aa28-5910-426c-8a20-9213adb1e17b","informal","lemma","Lean Community","Brownian motion project","RemyDegenne/brownian-motion","https://RemyDegenne.github.io/brownian-motion/blueprint.pdf","","2.4.15","ProbabilityTheory.SimpleProcess.integral_const_right","If X_c is a constant process and V is a simple process, then the stochastic integral of V with respect to X_c is zero. This means integrating against a constant process yields no change.","cb1641c9-cbc8-4c20-8481-38b0bec7a35e","formal","theorem","Lean Repo","brownian-motion","brownian-motion","","ProbabilityTheory.SimpleProcess.integral_const_right","","","The integral of a constant process with respect to a simple process is zero. This means that when the integrand is constant over time, the stochastic integral vanishes. The result holds in the context of bilinear maps between normed vector spaces in a filtered probability space."
"1","0.867743730545044","i2f","True","1d731bbc-404d-4517-a064-3cd7facdd9e0","informal","definition","Lean Community","Gibbs Measures","YaelDillies/gibbs-measure","https://YaelDillies.github.io/gibbs-measure/blueprint.pdf","","1.14","Specification.IsMarkov","A Markov specification is a collection of probability kernels, one for each finite subset of a set S, that assign probabilities in a consistent way. Each kernel in the collection must satisfy the properties of a probability measure. This structure is used to define and study Markov random fields. The specification ensures local probabilistic behav…","5e2ad4d1-0a55-4a92-8fb1-a458d9a6fcc8","formal","class","Lean Repo","gibbs-measure","gibbs-measure","","Specification.IsMarkov","","","A Markov specification is a system of probability kernels where each kernel, which assigns a probability measure based on external conditions, satisfies the property that every output measure is a probability measure. In simpler terms, it means that the way the system responds to boundary conditions always produces valid probability distributions.…"
"1","0.8677321076393127","i2f","True","4ed2fb55-015c-4f64-8651-8d10791e49a0","informal","lemma","Lean Community","Sphere Packing in Dimension 8","thefundamentaltheor3m/Sphere-Packing-Lean","https://thefundamentaltheor3m.github.io/Sphere-Packing-Lean/blueprint.pdf","","2.1","SpherePacking.finiteDensity_le, SpherePacking.finiteDensity_ge","For any radius R greater than 0, the packing density in a d-dimensional ball of radius R is bounded below and above by expressions involving the number of points of X inside slightly smaller and larger balls, scaled by the volume of a ball of radius r/2 relative to the volume of the ball of radius R.","5437eeda-e70f-4b65-8f6c-310a2b990cd9","formal","theorem","Lean Repo","sphere-packing-math-inc","sphere-packing-math-inc","","SpherePacking.finiteDensity_ge","","","The finite density of a sphere packing in d-dimensional space is at least the number of sphere centers within a ball of radius R minus half the minimum separation, multiplied by the volume of a ball with radius equal to half the separation, then divided by the volume of a ball of radius R. This gives a lower bound on the proportion of space occupi…"
"1","0.8675172328948975","i2f","True","3abfb09e-2531-42af-8767-92d9310b248d","informal","definition","Lean Community","Brownian motion project","RemyDegenne/brownian-motion","https://RemyDegenne.github.io/brownian-motion/blueprint.pdf","","2.2.55","MeasureTheory.ProgMeasurableSet","A set in the product space of time and outcomes is called progressively measurable if the function that indicates membership in the set is a progressively measurable process. This means that for each fixed time, the set's indicator behaves well with respect to the information available up to that time.","d5c93b03-bfd0-4174-8133-a70932a2b2ff","formal","definition","Lean Repo","brownian-motion","brownian-motion","","MeasureTheory.ProgMeasurableSet","","","A set E of pairs (i, ω) is progressively measurable if, for each time i, the set of outcomes ω up to that time is measurable with respect to the information available at time i, meaning the indicator function of E is measurable when restricted to times up to i and the corresponding sigma-algebra."
"1","0.8672220706939697","i2f","True","b5741304-7386-46f9-97ed-9ed327b99872","informal","lemma","Lean Community","Brownian motion project","RemyDegenne/brownian-motion","https://RemyDegenne.github.io/brownian-motion/blueprint.pdf","","2.3.35","ProbabilityTheory.ClassD.classDL","A stochastic process that belongs to class D also belongs to class DL.","61a20010-4bf5-4e0c-bcca-39b8b872d2cd","formal","theorem","Lean Repo","brownian-motion","brownian-motion","","ProbabilityTheory.ClassD.classDL","","","If a stochastic process is of class D, meaning it is adapted and its values at all finite stopping times form a uniformly integrable set, then it is also of class DL, meaning that for each fixed time, the values at stopping times up to that time are uniformly integrable."
"1","0.8671807646751404","i2f","True","0442b7e5-3c2e-4add-8abb-484a80b6e34b","informal","corollary","Lean Community","Sphere Packing in Dimension 8","thefundamentaltheor3m/Sphere-Packing-Lean","https://thefundamentaltheor3m.github.io/Sphere-Packing-Lean/blueprint.pdf","","6.26","Δ_ne_zero","The function Δ(z) is never zero for any z in the upper half-plane. This follows from its product formula, which shows it is always positive when evaluated on the positive imaginary axis. The nonvanishing of Δ(z) is an important property used in the theory of modular forms.","9e22cccd-0a17-4e73-a5e6-3ca92bd50da2","formal","theorem","Lean Repo","sphere-packing-math-inc","sphere-packing-math-inc","","Δ_ne_zero","","","The function Δ(z), defined for complex numbers z in the upper half-plane, is never equal to zero. It is constructed as the 24th power of the Dedekind eta function, which itself does not vanish in the upper half-plane. Since the eta function is nonzero there, raising it to the 24th power also results in a nonzero value."
"1","0.8671540021896362","i2f","True","9f6db375-96cb-4ba5-ac03-ac505cbc90a5","informal","theorem","Lean Community","Brownian motion project","RemyDegenne/brownian-motion","https://RemyDegenne.github.io/brownian-motion/blueprint.pdf","","2.2.54","MeasureTheory.MonotoneClass.generateFrom_eq","Let G be a collection of subsets of a set X that is closed under finite unions and complements. The smallest monotone class containing G is the same as the smallest sigma-algebra containing G. This means that the monotone class generated by G equals the sigma-algebra generated by G.","c4a394ec-4bc4-4c20-957b-7f775b161386","formal","theorem","Lean Repo","brownian-motion","brownian-motion","","MeasureTheory.MonotoneClass.generateFrom_eq","","","If a collection of sets is a set algebra, then the smallest monotone class containing it is the same as the sigma-algebra it generates. This means that closing the collection under increasing and decreasing limits gives the same result as closing it under countable unions, intersections, and complements. The two ways of completing the set system l…"
"1","0.8670758008956909","i2f","True","f63a3da9-d00f-4fa0-b595-aea75e0951a1","informal","lemma","Lean Community","Class Field Theory","kbuzzard/ClassFieldTheory","https://kbuzzard.github.io/ClassFieldTheory/blueprint.pdf","","21","groupCohomology.TateCohomology.isoGroupCohomology, groupCohomology.TateCohomology.isoGroupHomology, groupCohomology.TateCohomology.zeroIso, groupCohomology.TateCohomology.zeroIsoOfIsTrivial, groupCohomology.TateCohomology.negOneIso, groupCohomology.TateCohomology.negOneIsoOfIsTrivial","For a finite group G and a G-representation M, the zeroth Tate cohomology is the quotient of the G-invariant elements of M by the image of the norm map, and if M is trivial, this becomes M modulo |G| times M. The positive degree Tate cohomology groups match the usual group cohomology, while the negative degree Tate cohomology relates to group homo…","0cb4eeb9-fcc7-46ec-b71c-e6f4ec1071bd","formal","definition","Lean Repo","ClassFieldTheory","ClassFieldTheory","","groupCohomology.TateCohomology.zeroIsoOfIsTrivial","","","The 0th Tate cohomology of a trivial representation M over a finite group G is isomorphic to the quotient of M by the submodule generated by multiplying elements of M by the order of G. This means cohomology in degree 0 captures the structure of M modulo the action of the group's size. The result is expressed as an R-module isomorphism."
"1","0.8670240044593811","i2f","False","1228e149-7047-423a-b8da-ff1d2b512a29","informal","definition","Lean Community","Brownian motion project","RemyDegenne/brownian-motion","https://RemyDegenne.github.io/brownian-motion/blueprint.pdf","","2.2.48","MeasureTheory.Measure.capacity","A finite measure can be used to define a capacity by assigning to each set the measure of its outer value, which in this context is simply how the measure of a set is defined.","1c61dc88-3f76-4c08-aaff-15313d2f53d5","formal","theorem","Lean Repo","brownian-motion","brownian-motion","","MeasureTheory.Measure.capacity_apply","","","For a finite measure μ, the capacity assigned to any set s is equal to the measure of s, meaning the capacity of s is just μ(s). This holds because every finite measure naturally defines a capacity that agrees with the measure on all sets."
"1","0.8669918775558472","i2f","False","d292150b-f434-4c2c-b6ed-8b13ca9ac7f6","informal","definition","Lean Community","Class Field Theory","kbuzzard/ClassFieldTheory","https://kbuzzard.github.io/ClassFieldTheory/blueprint.pdf","","37","Representation.ind₁', Rep.ind₁'","There is a way to define an action of a group G on functions from G to an R-module M that have finite support, where each group element shifts the function's input and acts on its output, and this construction varies naturally with the module M.","e0ca9e39-203d-4884-afb5-6dfdd54dec82","formal","definition","Lean Repo","ClassFieldTheory","ClassFieldTheory","","Representation.ind₁AsFinsupp","","","Representation.ind1AsFinsupp defines a group action on finitely supported functions from a group G to a module V, where the action is given by shifting the function's input via right multiplication by group elements, and this action respects the module structure over a commutative ring R."
"1","0.8669896721839905","i2f","False","080d0f8c-8c98-44a3-8fb7-4fcb4e150c98","informal","definition","Lean Community","The Polynomial Freiman-Ruzsa Conjecture","teorth/pfr","https://teorth.github.io/pfr/blueprint.pdf","","2.28","ProbabilityTheory.CondIndepFun","Two random variables X and Y are conditionally independent given a third random variable Z if knowing the value of Z makes the probability of X and Y occurring together equal to the product of their individual probabilities given Z. This means that once Z is known, X and Y provide no additional information about each other. The condition must hold…","488c5548-5e13-4284-a175-4bbe9273c8cf","formal","theorem","Lean Repo","pfr","pfr","","ProbabilityTheory.condMutualInfo_eq_zero","","","The conditional mutual information between two random variables X and Y given a third variable Z is zero if and only if X and Y are conditionally independent given Z. This means that knowing Z, the value of X provides no additional information about Y and vice versa. The result holds under standard measurability and finiteness conditions on the va…"
"1","0.8664388656616211","i2f","True","330eaa90-7837-42a5-8a83-f1e7f1d96ac1","informal","lemma","Lean Community","Brownian motion project","RemyDegenne/brownian-motion","https://RemyDegenne.github.io/brownian-motion/blueprint.pdf","","1.5.52","ProbabilityTheory.lintegral_sup_rpow_edist_le_card_mul_rpow_of_dist_le","For a stochastic process satisfying a Kolmogorov continuity condition with exponents p and q and constant M, the expected value of the supremum of the p-th power of distances between process values at points in a finite index set J is bounded above by a constant multiple of the size of J, the constant M, and a term involving the distance bound c a…","f4558e48-60e6-48c1-8e00-04eabbffda05","formal","theorem","Lean Repo","brownian-motion","brownian-motion","","ProbabilityTheory.lintegral_sup_rpow_edist_le_card_mul_rpow_of_dist_le","","","For a stochastic process that satisfies a Kolmogorov continuity condition, the expected value of the supremum of distances between process values raised to a power p is bounded by a constant multiple of the size of the index set, a scaling factor involving n, and parameters controlling the distance and measure."
"1","0.8663496375083923","i2f","True","c8451d00-1d66-4d52-8c53-dc827f2af98b","informal","lemma","Lean Community","Sphere Packing in Dimension 8","thefundamentaltheor3m/Sphere-Packing-Lean","https://thefundamentaltheor3m.github.io/Sphere-Packing-Lean/blueprint.pdf","","6.40","jacobi_identity","Three theta functions are related by the Jacobi identity, which states that the sum of the fourth powers of the first and third functions equals the fourth power of the second. This identity is equivalent to a similar equation involving related functions H2, H4, and H3. The result connects modular properties of these functions through a simple alg…","c66ab996-fdaa-443d-8f3c-6a3eaf58d67a","formal","theorem","Lean Repo","sphere-packing-math-inc","sphere-packing-math-inc","","jacobi_identity","","","The Jacobi identity states that the sum of the functions H2 and H4 equals the function H3. This equality is a key algebraic relation among certain modular forms. It plays an important role in the theory of theta functions and sphere packing."
"1","0.8660047054290771","i2f","True","ec968cde-243f-4f2c-b9eb-2ef3dc43eaa2","informal","lemma","Lean Community","Sphere Packing in Dimension 8","thefundamentaltheor3m/Sphere-Packing-Lean","https://thefundamentaltheor3m.github.io/Sphere-Packing-Lean/blueprint.pdf","","3.10","E8Basis_volume","The volume of the E8 lattice in 8-dimensional space is equal to the covering volume of the space divided by this lattice, and both values are exactly 1.","78e99061-e8c0-4b26-9a66-56a77c379767","formal","theorem","Lean Repo","sphere-packing-math-inc","sphere-packing-math-inc","","E8Basis_volume","","","The volume of the fundamental domain of the E8 lattice, formed by taking all real linear combinations of the E8 basis vectors with coefficients in [0, 1), is exactly 1. This means that the unit cell of the E8 lattice packing in 8-dimensional space has a volume of one unit. The result follows from the fact that the determinant of the E8 matrix is 1…"
"1","0.8659855127334595","i2f","False","673c87c7-f1b7-42d8-9730-aa5558b19cde","informal","lemma","Lean Community","Sphere Packing in Dimension 8","thefundamentaltheor3m/Sphere-Packing-Lean","https://thefundamentaltheor3m.github.io/Sphere-Packing-Lean/blueprint.pdf","","6.24","Delta_E4_eqn","The discriminant function Δ(z) is equal to the difference between the cube of E4 and the square of E6, divided by 1728. This expression shows that Δ(z) is a modular form of weight 12, specifically a cusp form, as confirmed by analyzing the q-expansions of E4 and E6 and verifying the leading term vanishes. The transformation property of Δ(z) under …","ff6caf15-1ecd-4c2d-814c-a139e925968f","formal","theorem","Lean Repo","Sphere-Packing-Lean","Sphere-Packing-Lean","","Δ_fun_eq_Δ","","","The function Δ_fun, defined as 1/1728 times the difference of the cube of E4 and the square of E6, is equal to the standard discriminant modular form Δ. This means the two expressions for the discriminant, one built from Eisenstein series and the other canonical, are identical."
"1","0.865760326385498","i2f","False","f115988c-49c9-4743-9053-c2d5a6080d4c","informal","theorem","Lean Community","Sphere Packing in Dimension 8","thefundamentaltheor3m/Sphere-Packing-Lean","https://thefundamentaltheor3m.github.io/Sphere-Packing-Lean/blueprint.pdf","","3.3","span_E8Matrix","The set of all integer linear combinations of the basis vectors in B8 is the same as the E8 lattice. This means the E8 lattice can be built by taking all whole-number combinations of those basis vectors.","9810a311-0c75-4872-becd-bad7d000eaf3","formal","definition","Lean Repo","Sphere-Packing-Lean","Sphere-Packing-Lean","","E8_ℤBasis","","","E8_ℤBasis defines a basis for the E8 lattice made up of 8 vectors, where every point in the lattice can be uniquely written as a combination of these vectors using integer coefficients. The basis is indexed by the numbers 0 through 7 and spans the entire lattice under integer linear combinations. This structure confirms the E8 lattice is a free mo…"
"1","0.865697979927063","i2f","False","7db5df55-7aae-4fce-a605-d52d37aa3cfa","informal","lemma","Lean Community","The Polynomial Freiman-Ruzsa Conjecture","teorth/pfr","https://teorth.github.io/pfr/blueprint.pdf","","4.3","sub_mem_symmGroup","If a random variable X taking values in a group G has zero Ruzsa distance from itself, and two elements x and y in G both have positive probability, then their difference x minus y belongs to the symmetry group of X.","8a6ba36b-3257-45a7-ac82-3715d7022b96","formal","theorem","Lean Repo","pfr","pfr","","isUniform_sub_const_of_rdist_eq_zero","","","If the Ruzsa distance between a random variable X and itself is zero, then shifting X by any value x₀ that occurs with positive probability results in a uniform distribution over the subgroup of G that preserves the distribution of X. This subgroup consists of all elements that, when added to X, do not change its distribution. The shifted variable…"
"1","0.8652899861335754","i2f","True","d49f7772-dadb-42a9-90b8-c523cc33562b","informal","proposition","Lean Community","The Polynomial Freiman-Ruzsa Conjecture","teorth/pfr","https://teorth.github.io/pfr/blueprint.pdf","","12.26","multiTau_min_sum_le","If a set of variables (X_i) minimizes the tau function, then the total distance between each X_i and a reference variable X^0 is bounded above by a constant multiple of the distance from X^0 to itself, scaled by the number of variables and a parameter eta.","bb1989b7-8c90-4d1a-a663-a893a1e79503","formal","theorem","Lean Repo","pfr","pfr","","multiTau_min_sum_le","","","If a tuple of random variables minimizes the multiTau functional, then the sum of their distances from a reference point is at most 2 times the number of variables divided by a parameter eta, multiplied by the distance from the reference point to itself."
"1","0.8645616769790649","i2f","False","1ee95fdc-970b-4ca9-941b-c3fc99c06eaa","informal","definition","Lean Community","Gibbs Measures","YaelDillies/gibbs-measure","https://YaelDillies.github.io/gibbs-measure/blueprint.pdf","","1","MeasureTheory.lcondExp","The conditional expectation of a measurable function f is the unique measurable function that integrates to the same value as f over all sets in the sub-sigma-algebra, with respect to the given measure. It is defined almost everywhere with respect to the measure.","b9364f93-a62a-4c0c-9760-404de85c082e","formal","theorem","Lean Repo","gibbs-measure","gibbs-measure","","MeasureTheory.lcondExp_of_measurable","","","If a function f from a space to the extended nonnegative reals is measurable with respect to a sub-sigma-algebra m, and the measure is sigma-finite on m, then the conditional expectation of f with respect to m is equal to f itself. This holds when the sigma-algebra m is contained in the larger sigma-algebra m0 and the measure can be restricted app…"
"1","0.8645517826080322","i2f","True","26f7007e-bb84-4d26-91b9-ac272c68a8ce","informal","definition","Lean Community","Sphere Packing in Dimension 8","thefundamentaltheor3m/Sphere-Packing-Lean","https://thefundamentaltheor3m.github.io/Sphere-Packing-Lean/blueprint.pdf","","1.3","SpherePacking.finiteDensity","The finite density of a packing is the ratio of the volume of the packed spheres inside a ball of radius R centered at the origin to the volume of the ball itself, for any positive radius R.","0d7f3e48-7b26-45e8-8d9d-3c89fc83ec72","formal","definition","Lean Repo","sphere-packing-math-inc","sphere-packing-math-inc","","SpherePacking.finiteDensity","","","SpherePacking.finiteDensity measures how much space is occupied by a collection of non-overlapping spheres in d-dimensional Euclidean space, calculated as the ratio of the volume of spheres within a ball of radius R to the volume of the ball itself, and returns this density as a value in the extended non-negative real numbers (ENNReal)."
"1","0.8643984198570251","i2f","False","6a9f3f4b-6fa1-4699-a2fb-650c17a54bdf","informal","corollary","Lean Community","Fermat's Last Theorem","ImperialCollegeLondon/FLT","https://ImperialCollegeLondon.github.io/FLT/blueprint.pdf","","10.33","MeasureTheory.ringHaarChar_restrictedProduct","If u is a unit in the restricted product of topological rings R_i each with a compact open subring, then the Haar measure of u is the product of the Haar measures of its components u_i in each R_i. This holds because u_i is a unit in the compact open subring C_i for all but finitely many i. The result follows from earlier theorems about Haar measu…","efeb99f0-b42c-48c5-8560-eabd8f171895","formal","theorem","Lean Repo","FLT","FLT","","MeasureTheory.ringHaarChar_pi'","","","For a product of finitely many locally compact topological rings, the Haar measure scaling factor of a unit in the product ring equals the product of the scaling factors of its components in each individual ring. This result connects the multiplicative behavior of units across product rings with their additive Haar measures. It relies on the struc…"
"1","0.8643577098846436","i2f","True","83edbaeb-6b79-4e5d-bde4-1e0f100f63af","informal","definition","Lean Community","Brownian motion project","RemyDegenne/brownian-motion","https://RemyDegenne.github.io/brownian-motion/blueprint.pdf","","2.3.11","ProbabilityTheory.IsStable","A class of stochastic processes is stable if, whenever a process is in the class, the stopped version of that process after a positive stopping time is also in the class.","c7873125-4932-4174-af49-6362fd14c4a2","formal","definition","Lean Repo","brownian-motion","brownian-motion","","ProbabilityTheory.IsStable","","","A property of stochastic processes is stable if, whenever a process has that property, the process stopped at any stopping time also has the same property. This means the property is preserved when the process is frozen after a random time determined by available information. The definition assumes a filtered probability space, a linearly ordered …"
"1","0.8641147017478943","i2f","True","d3ce2835-c23e-424a-bcf2-972f3faba054","informal","lemma","Lean Community","Toric varieties","YaelDillies/toric","https://YaelDillies.github.io/toric/blueprint.pdf","","2.3.16","MonoidAlgebra.isGroupLikeElem_of","If R is a commutative semiring, A is a Hopf algebra over R, and G is a group, then each element in the image of G inside the group algebra A[G] satisfies the group-like property.","6ebb1ed7-2ec7-40f2-9f37-4dd26d88553d","formal","theorem","Lean Repo","toric","toric","","MonoidAlgebra.isGroupLikeElem_of","","","For any element g of a group G and a commutative semiring R, the image of g under the map from G into the monoid algebra of G over a bialgebra A is a group-like element; this means it is sent to 1 by the counit and is mapped to itself tensored with itself under comultiplication."
"1","0.8639591336250305","i2f","True","0d228d69-8750-47c1-847d-b94942d5769d","informal","lemma","Lean Community","Brownian motion project","RemyDegenne/brownian-motion","https://RemyDegenne.github.io/brownian-motion/blueprint.pdf","","2.3.55","ProbabilityTheory.isLocalizingSequence_leastGE","If X is a real-valued, right-continuous process with left limits that is adapted to a right-continuous filtration, and if the time set has a minimum and compact intervals, then the times when X first reaches or exceeds level n form a localizing sequence.","d3d38294-85af-4bdb-9a0d-09d6712d75af","formal","theorem","Lean Repo","brownian-motion","brownian-motion","","ProbabilityTheory.isLocalizingSequence_leastGE","","","For a stochastic process X that is adapted to a filtration and has right-continuous paths with left limits, the sequence of first times when X reaches or exceeds each level n forms a localizing sequence with respect to the filtration and probability measure. This means these hitting times are stopping times that increase to infinity almost surely.…"
"1","0.863811731338501","i2f","True","eaef369f-f94a-48c1-a6ce-5ebf581b3cb6","informal","lemma","Lean Community","Class Field Theory","kbuzzard/ClassFieldTheory","https://kbuzzard.github.io/ClassFieldTheory/blueprint.pdf","","26","Rep.trivialCohomology_coind₁","The coinduced representation of a group G with coefficients in A has no nontrivial cohomology classes. This means all its higher cohomology groups vanish. The result follows from Shapiro's lemma and the fact that the cohomology of the trivial module is well understood.","c7888359-c95a-4f29-9b16-557100427c7a","formal","instance","Lean Repo","ClassFieldTheory","ClassFieldTheory","","Rep.trivialCohomology_coind₁","","","For any commutative ring R, group G, and R-module A, the coinduced representation of G on A has trivial cohomology, meaning all its higher cohomology groups vanish for every subgroup of G."
"1","0.8637629747390747","i2f","True","fc0e6c9b-43d1-4514-9703-99fdfa7417e5","informal","definition","Lean Community","Gibbs Measures","YaelDillies/gibbs-measure","https://YaelDillies.github.io/gibbs-measure/blueprint.pdf","","1.13","Specification.IsIndep","A specification is independent if combining the results for any two finite sets gives the same result as applying the specification to their union. This must hold for all pairs of finite subsets of S. The operation used to combine results is denoted by circle-k. Independence means the order or grouping of sets does not affect the outcome.","fe4dcb18-8c78-47e3-885d-ba6fae5ff9c2","formal","definition","Lean Repo","gibbs-measure","gibbs-measure","","Specification.IsIndep","","","An independent specification is one where the combined effect of applying the specification to two separate regions is the same as applying it to their union, meaning the order or separation of regions does not affect the overall probability measure. This means the specification behaves consistently when extended over larger sets built from disjoi…"
"1","0.8633390665054321","i2f","True","cd4d279a-b9e9-44de-a657-ee29ecff86e9","informal","lemma","Lean Community","Carleson operators on doubling metric measure spaces","fpvandoorn/carleson","https://florisvandoorn.com/carleson/blueprint.pdf","","11.2.3","fourierConv_ofTwiceDifferentiable","If a function is 2π-periodic and has two continuous derivatives, then its Fourier partial sums converge uniformly to the function as the number of terms increases.","07b4ee08-8a22-4d7f-8501-4fa97539b09f","formal","theorem","Lean Repo","carleson","carleson","","fourierConv_ofTwiceDifferentiable","","","If a complex-valued function f is periodic with period 2*pi and is twice continuously differentiable, then its partial Fourier sums converge uniformly to f on the interval [0, 2*pi]: for any tolerance epsilon > 0, there exists a large enough N0 such that for all N > N0, the difference between f(x) and the Nth partial Fourier sum at any point x in …"
"1","0.8632209300994873","i2f","False","0e87556f-7a45-4504-b053-04dcffccee64","informal","lemma","Lean Community","Sphere Packing in Dimension 8","thefundamentaltheor3m/Sphere-Packing-Lean","https://thefundamentaltheor3m.github.io/Sphere-Packing-Lean/blueprint.pdf","","6.20","G₂_transform","When a modular transformation is applied to the function E2 using a matrix with integer entries and determinant 1, the transformed function equals the original E2 function minus a specific correction term involving the imaginary unit, pi, and the coefficient c from the matrix. This describes how E2 changes under such transformations.","3a01cfcf-a5d3-48c5-849a-1b13887646b8","formal","theorem","Lean Repo","Sphere-Packing-Lean","Sphere-Packing-Lean","","E₂_slash_transform","","","When the function E2 is transformed by a 2x2 integer matrix with determinant 1, the result is E2 minus a correction term that equals 1 divided by twice the Riemann zeta function at 2, multiplied by another function D2 depending on the matrix."
"1","0.8631893396377563","i2f","True","9bb9e75e-8d51-4e83-a760-2b6462e7d26c","informal","lemma","Lean Community","Brownian motion project","RemyDegenne/brownian-motion","https://RemyDegenne.github.io/brownian-motion/blueprint.pdf","","2.2.60","MeasureTheory.isStoppingTime_leastGE","If X is a progressively measurable process from a conditionally complete linearly ordered Polish space T to a preordered space R with certain topological properties, and if sets above any point in R are closed, then the first time X reaches or exceeds a given value a in R is a stopping time with respect to the given filtration.","10c89fc7-febe-457b-9774-793cff2e1bdb","formal","theorem","Lean Repo","brownian-motion","brownian-motion","","MeasureTheory.isStoppingTime_leastGE","","","If a stochastic process is progressively measurable and the filtration satisfies the usual conditions (right-continuous and complete), then the first time the process reaches or exceeds a given level is a stopping time. This means the event of having stopped by any given time is measurable with respect to the information available at that time. Th…"
"1","0.8627883195877075","i2f","False","8eed51d7-9df3-434c-a495-9c0cba3e06bb","informal","lemma","Lean Community","Brownian motion project","RemyDegenne/brownian-motion","https://RemyDegenne.github.io/brownian-motion/blueprint.pdf","","1.5.18","coveringNumber_closedBall_ge","The number of points needed to cover a unit ball with smaller balls of radius epsilon is at least 1 divided by epsilon raised to the power of the dimension.","73650dcc-9ef9-44cc-9224-3d3ade962a4d","formal","theorem","Lean Repo","brownian-motion","brownian-motion","","coveringNumber_closedBall_one_ge","","","For any point x in a finite-dimensional real inner product space, the number of balls of radius ε needed to cover the closed ball of radius 1 around x is at least (1/ε) raised to the dimension of the space."
"1","0.8627718687057495","i2f","False","9dbdd956-73e6-44d8-bb9c-12e2e7156829","informal","lemma","Lean Community","Class Field Theory","kbuzzard/ClassFieldTheory","https://kbuzzard.github.io/ClassFieldTheory/blueprint.pdf","","8","groupCohomology.map_cochainsFunctor_shortExact","The cochain complex functor preserves short exact sequences of representations, meaning that applying it to a short exact sequence of G-modules results in another short exact sequence of cochain complexes.","fd297c50-7127-43f1-8861-3eb0f7b182c1","formal","theorem","Lean Repo","ClassFieldTheory","ClassFieldTheory","","groupCohomology.map_cochainsFunctor_eval_shortExact","","","If you have a short exact sequence of representations of a group G over a ring R, then applying the cochain functor and evaluating at any degree n gives a short exact sequence of modules. This means the cochain construction preserves exactness at each level. The result follows from how the cochains are built using composition of functors and evalu…"
"1","0.8624271154403687","i2f","True","410b09e5-60b4-4535-be0e-a1bce921baa7","informal","lemma","Lean Community","Brownian motion project","RemyDegenne/brownian-motion","https://RemyDegenne.github.io/brownian-motion/blueprint.pdf","","2.4.4","ProbabilityTheory.SimpleProcess.isPredictable","A simple process is predictable. This means that its value at any given time can be determined based on information available just before that time. The result follows from the definitions of predictable processes and simple processes.","d336acaf-ec8a-46a8-8326-70657816c5f7","formal","theorem","Lean Repo","brownian-motion","brownian-motion","","ProbabilityTheory.SimpleProcess.isPredictable","","","Every simple process in a filtered probability space is predictable, meaning its value at any time can be determined from information available just before that time, using the structure of the filtration and the measurable nature of the process."
"1","0.8623167276382446","i2f","True","03612a57-c816-410c-b020-ee812f49b5e4","informal","theorem","Lean Community","Fermat's Last Theorem","ImperialCollegeLondon/FLT","https://ImperialCollegeLondon.github.io/FLT/blueprint.pdf","","9.39","NumberField.InfinitePlace.Completion.baseChange_injective","The map from the tensor product of L with the completion of K at an infinite place v to the product of the completions of L at places above v is injective, and in fact an isomorphism, because it is a surjective linear map between vector spaces of the same dimension over the completion of K at v.","e667aadb-efc9-4cf5-b478-a9aa689372d8","formal","theorem","Lean Repo","FLT","FLT","","NumberField.InfinitePlace.Completion.baseChange_injective","","","For a field extension L over a number field K and an infinite place v of K, the natural map from the tensor product of L with the completion of K at v into the product of completions of L at places above v is injective. This means distinct elements in the tensor product remain distinct after mapping. The result reflects how completions and field e…"
"1","0.862189531326294","i2f","True","d23a1806-fe26-4c86-8693-b19512ba3820","informal","lemma","Lean Community","The Polynomial Freiman-Ruzsa Conjecture","teorth/pfr","https://teorth.github.io/pfr/blueprint.pdf","","9.2","goursat","Every subgroup of the direct product of two groups can be described as a set of pairs where the first component comes from a subgroup of the first group, and the second component is the sum of an image under a homomorphism and an element from a subgroup of the second group; the size of this subgroup is the product of the sizes of those two subgrou…","265acc56-17cb-4617-bbe7-76dfb8c84b19","formal","theorem","Lean Repo","pfr","pfr","","goursat","","","For a subgroup H of the product of two abelian groups G and G', there are subgroups H0 in G and H1 in G', and a homomorphism phi from G to G', such that every element of H is a pair (x, phi(x) + y) where x is in H0 and y is in H1, and the size of H is the product of the sizes of H0 and H1."
"1","0.8621404767036438","i2f","True","dbf53f61-0850-4b3d-ba15-9a817b57b4df","informal","corollary","Lean Community","Brownian motion project","RemyDegenne/brownian-motion","https://RemyDegenne.github.io/brownian-motion/blueprint.pdf","","2.1.86","ProbabilityTheory.maximal_ineq_norm","The probability that the maximum norm of a right-continuous martingale in a normed space exceeds a value lambda over a time interval from 0 to T is less than or equal to the expected norm of the martingale at time T divided by lambda.","a24f177d-d91c-4f1a-a8f5-02006fb8dc0f","formal","theorem","Lean Repo","brownian-motion","brownian-motion","","ProbabilityTheory.maximal_ineq_norm","","","For a right-continuous martingale X indexed by a linearly ordered set, the probability that the maximum norm of X reaches at least a positive value ε is bounded above by the average of the norm of X at a later time, scaled by ε. This inequality relates the likelihood of large values in the process to its expected behavior at a fixed time. The resu…"
"1","0.8618820309638977","i2f","False","a1c85104-e7ab-408e-adef-3f8fa1ee49f7","informal","lemma","Lean Community","The Polynomial Freiman-Ruzsa Conjecture","teorth/pfr","https://teorth.github.io/pfr/blueprint.pdf","","3.13","diff_ent_le_rdist","If two random variables take values in a group, the absolute difference between their entropies is at most twice their statistical distance.","6363f06d-ea98-470c-bf2b-b83e47310e96","formal","theorem","Lean Repo","pfr","pfr","","diff_ent_le_rdist''","","","For two independent random variables X and Y taking values in a countable abelian group, the difference between the entropy of their difference and the entropy of Y is at most twice the Ruzsa distance between X and Y."
"1","0.8616832494735718","i2f","True","fc57192f-9665-46b6-8f8b-a9bfc22b12ba","informal","lemma","Lean Community","Brownian motion project","RemyDegenne/brownian-motion","https://RemyDegenne.github.io/brownian-motion/blueprint.pdf","","2.1.73","MeasureTheory.discreteApproxSequence_of","If tau is a stopping time bounded by t and tau_n is a discrete approximation sequence of tau, then the sequence formed by taking the minimum of tau_n and t is also a discrete approximation sequence of tau.","1bd221c7-0ee7-4666-a10f-6d7c62b30419","formal","definition","Lean Repo","brownian-motion","brownian-motion","","MeasureTheory.discreteApproxSequence_of","","","Given a random time τ bounded by a value i and a sequence τn that approximates τ from above, the discreteApproxSequence_of construction returns a new sequence that at each step takes the minimum of τn and i, ensuring the approximation stays bounded by i while still converging to τ almost surely. This new sequence remains a valid discrete approxima…"
"1","0.8616406917572021","i2f","False","0820d4cc-d5a9-4479-b1c7-8a54920da56c","informal","lemma","Lean Community","Brownian motion project","RemyDegenne/brownian-motion","https://RemyDegenne.github.io/brownian-motion/blueprint.pdf","","1.6.2","ProbabilityTheory.isGaussianProcess_preBrownian","The pre-Brownian process X is a Gaussian process. This means all its finite-dimensional distributions are multivariate normal. The result follows from the definitions of pre-Brownian and Gaussian processes.","d6e3095d-c6aa-4465-95a2-1d2ad0f2b1eb","formal","theorem","Lean Repo","brownian-motion","brownian-motion","","ProbabilityTheory.IsPreBrownian.isGaussianProcess","","","A pre-Brownian motion is a stochastic process where the values at any finite set of times follow a joint Gaussian distribution, and this result confirms that such a process is indeed a Gaussian process under the given probability measure."
"1","0.8614628911018372","i2f","False","e2c9bd26-752b-46ed-a368-b8ce36f03693","informal","definition","Lean Community","Class Field Theory","kbuzzard/ClassFieldTheory","https://kbuzzard.github.io/ClassFieldTheory/blueprint.pdf","","6","groupCohomology.rest","When S is a subgroup of G, a cohomology class in H^n(G,M) can be mapped to a cohomology class in H^n(S,M) by restricting cocycles from G to S; this mapping is called the restriction map and is natural with respect to the module M.","ffd4dd8c-b99f-4256-a620-9609fe7d4d44","formal","definition","Lean Repo","ClassFieldTheory","ClassFieldTheory","","groupCohomology.H2res","","","Given a group G with a module M over a commutative ring R, and a cohomology class σ in the second cohomology group H²(G,M), the restriction of σ to a subgroup H of G (via a group homomorphism φ : H → G) produces a corresponding cohomology class in H²(H, M restricted along φ). This operation maps extensions of G by M to extensions of H by the restr…"
"1","0.8612970113754272","i2f","True","64e8af97-bc97-442c-8a47-f63db521e6c2","informal","proposition","Lean Community","The Polynomial Freiman-Ruzsa Conjecture","teorth/pfr","https://teorth.github.io/pfr/blueprint.pdf","","13.38","rho_PFR_conjecture","For any two random variables Y1 and Y2, there is a subgroup H such that twice the rho value of the uniform distribution on H is at most the sum of the rho values of Y1 and Y2 plus eight times their distance d[Y1;Y2].","7dcd86cb-f440-463a-836f-3a199d7d4f49","formal","theorem","Lean Repo","pfr","pfr","","rho_PFR_conjecture","","","For any two measurable random variables Y1 and Y2 taking values in a finite abelian group G with a Z/2Z-module structure, there exists a subgroup H of G and a uniform random variable U over H such that twice the rho value of U is at most the sum of the rho values of Y1 and Y2 plus eight times their statistical distance. The random variable U is de…"
"1","0.8612477779388428","i2f","False","909d0894-6f5e-406b-8c6f-78a86115ef4c","informal","definition","Lean Community","Sphere Packing in Dimension 8","thefundamentaltheor3m/Sphere-Packing-Lean","https://thefundamentaltheor3m.github.io/Sphere-Packing-Lean/blueprint.pdf","","6.18","E₂_eq","E 2 of z is defined as 1 minus 24 times the sum from n equals 1 to infinity of sigma 1 of n times e to the power of 2 pi i n z, where sigma 1 of n is the sum of the positive divisors of n.","5b4ac7d2-0300-4fc3-9323-9325db7fec4d","formal","theorem","Lean Repo","sphere-packing-math-inc","sphere-packing-math-inc","","E₂_eq_qexp","","","The function E2 at a point z in the upper half-plane equals a sum over natural numbers n, where each term is 1 if n is zero and -24 times the sum of the positive divisors of n otherwise, multiplied by a complex exponential involving pi, i, n, and z."
"1","0.861139178276062","i2f","False","aa8ee4bd-ce4c-43db-be4f-763547b406a3","informal","lemma","Lean Community","The sphere eversion project","leanprover-community/sphere-eversion","https://leanprover-community.github.io/sphere-eversion/blueprint.pdf","","1.12","local_loops","If the value g at a point x0 lies within the convex hull of the connected part of a set Ω near x0 that contains the value of β at x0, then there exists a continuous set of loops near x0, starting and ending at β, staying within Ω, and enclosing the value of g.","92438428-434c-4d9a-93d3-15c8e338e3f9","formal","theorem","Lean Repo","sphere-eversion","sphere-eversion","","local_loops_open","","","If a set Omega is open near a point x0 in a finite-dimensional real normed space, and functions g and b are continuous at x0 and everywhere respectively, and g(x0) lies in the convex hull of the connected component of b(x0) in the slice of Omega at x0, then there exists an open neighborhood U around x0 and a family of loops that continuously surro…"
"1","0.8611305356025696","i2f","True","7146be3f-484d-4f03-b7eb-a8189c3ff9d7","informal","definition","Lean Community","The Polynomial Freiman-Ruzsa Conjecture","teorth/pfr","https://teorth.github.io/pfr/blueprint.pdf","","13.22","condRho","The conditional rho functional is the weighted average of the rho values of X given each possible value of Y, with weights equal to the probabilities of those Y values.","c2a67827-90ca-4226-99b4-76929bd89787","formal","definition","Lean Repo","pfr","pfr","","condRho","","","condRho defines the conditional rho value of a function X given another function Y, by summing over all possible values of Y, weighted by the probability that Y takes each value, and for each case using the rho value of X when Y is fixed to that value. It combines measure-theoretic probability with algebraic structure on the output space of X. The…"
"1","0.8606266975402832","i2f","False","ce64c70c-16e5-4a61-a8b6-fb4dd8844f15","informal","lemma","Lean Community","Sphere Packing in Dimension 8","thefundamentaltheor3m/Sphere-Packing-Lean","https://thefundamentaltheor3m.github.io/Sphere-Packing-Lean/blueprint.pdf","","2.2","PeriodicSpherePacking.aux2_ge', PeriodicSpherePacking.aux2_le'","For any radius R, the number of lattice points inside a d-dimensional ball of radius R is bounded below and above by the volume of slightly smaller and larger balls, respectively, divided by the volume of the lattice's fundamental region. The adjustment to the ball's radius accounts for the spacing of the lattice points. This gives a close estimat…","f4c12a33-8ffe-4da1-8c7b-cc4ee1654a1d","formal","theorem","Lean Repo","Sphere-Packing-Lean","Sphere-Packing-Lean","","PeriodicSpherePacking.aux2_ge","","","For a periodic arrangement of non-overlapping spheres in d-dimensional space, if a fundamental region D has finite volume and every point in space lies in exactly one translate of D, and if all points in D are within distance L of the origin, then the number of lattice points inside a ball of radius R is at least the volume of a slightly smaller b…"
"1","0.8605773448944092","i2f","False","31da1850-42c5-4c6f-a7e5-60b69fdf28d1","informal","definition","Lean Community","The sphere eversion project","leanprover-community/sphere-eversion","https://leanprover-community.github.io/sphere-eversion/blueprint.pdf","","3.5","LocalisationData","A localisation data for a continuous map f between manifolds consists of families of smooth open embeddings from normed vector spaces into the manifolds, indexed in a way that covers both manifolds with unit balls, ensures the map f sends each part of the domain into a corresponding part of the target, and satisfies a local finiteness condition on…","9cbdea63-8993-462f-98a4-1fa2caf5816c","formal","definition","Lean Repo","sphere-eversion","sphere-eversion","","LocalisationData.ψj","","","Given a localisation data structure for a map between two smooth manifolds modeled on normed vector spaces over a nontrivially normed field, this definition provides a family of open smooth embeddings into the target manifold, indexed by a finite type determined by the data. Each embedding maps into the target manifold in a way that respects the s…"
"1","0.8604304790496826","i2f","True","410a10f9-538b-41a5-ba2a-0e0c847193d5","informal","theorem","Lean Community","Fermat's Last Theorem","ImperialCollegeLondon/FLT","https://ImperialCollegeLondon.github.io/FLT/blueprint.pdf","","9.12","IsDedekindDomain.HeightOneSpectrum.adicCompletion.baseChangeContinuousAlgEquiv","When L tensor K_v is given the K_v-module topology, the algebra isomorphism between L tensor K_v and the product of the completions L_w for all w dividing v is also a homeomorphism, meaning it preserves both algebraic and topological structure.","352011c6-d71c-4ef3-8139-777bc541fbe4","formal","definition","Lean Repo","FLT","FLT","","IsDedekindDomain.HeightOneSpectrum.adicCompletion.baseChangeContinuousAlgEquiv","","","There is a natural continuous isomorphism of L-algebras between the tensor product of L with the v-adic completion of K and the product of the completions of L at all primes w lying above v. This isomorphism respects the algebra structure and topology induced by the valuations. It arises when extending scalars from a Dedekind domain A with fractio…"
"1","0.8600874543190002","i2f","False","fca776e7-b416-4c50-92b9-c582d79070e7","informal","definition","Lean Community","The sphere eversion project","leanprover-community/sphere-eversion","https://leanprover-community.github.io/sphere-eversion/blueprint.pdf","","2.14","RelLoc.IsAmple","A first order differential relation R is called ample when every one of its slices is ample. This means the property of being ample holds uniformly across all slices of the relation.","8136e5b6-b7c0-46a4-a18c-2c43352b96ec","formal","theorem","Lean Repo","sphere-eversion","sphere-eversion","","RelMfld.ample_iff","","","A differential relation R is ample if and only if, for every one-jet σ in R and every dual pair p, the slice of R at σ with respect to p has the property that the convex hull of each connected component of the slice is the entire tangent space."
"1","0.8599625825881958","i2f","False","a9fccfb0-1480-4e26-b167-5dfb8de4ca21","informal","lemma","Lean Community","Brownian motion project","RemyDegenne/brownian-motion","https://RemyDegenne.github.io/brownian-motion/blueprint.pdf","","1.5.68","ProbabilityTheory.lintegral_sup_cover_eq_of_lt_iInf_dist","For a stochastic process satisfying the Kolmogorov continuity condition, the expected value of the supremum of the p-th power of distances between process values over a fine enough epsilon-cover equals that over the entire finite index set, provided the cover is sufficiently dense relative to the minimum distance in the set.","f4558e48-60e6-48c1-8e00-04eabbffda05","formal","theorem","Lean Repo","brownian-motion","brownian-motion","","ProbabilityTheory.lintegral_sup_rpow_edist_le_card_mul_rpow_of_dist_le","","","For a stochastic process that satisfies a Kolmogorov continuity condition, the expected value of the supremum of distances between process values raised to a power p is bounded by a constant multiple of the size of the index set, a scaling factor involving n, and parameters controlling the distance and measure."
"1","0.8599458932876587","i2f","False","f43bdf60-26e2-4c95-aeb2-096587cefb7d","informal","lemma","Lean Community","Brownian motion project","RemyDegenne/brownian-motion","https://RemyDegenne.github.io/brownian-motion/blueprint.pdf","","1.5.17","coveringNumber_le_volume_div","If epsilon is a positive real number, then the internal covering number of a set A with balls of radius epsilon is at most the volume of the set A expanded by a ball of radius epsilon over two, divided by the volume of a ball of radius epsilon over two.","6b0db362-d9cb-423c-86ef-4fc9fca0ce39","formal","theorem","Lean Repo","brownian-motion","brownian-motion","","volume_le_externalCoveringNumber_mul","","","The volume of a set A in a finite-dimensional real inner product space is at most the number of balls of radius ε needed to cover it, multiplied by the volume of one such ball. This holds for any positive radius ε and relates the geometric size of the set to how many small balls are required to cover it. The covering number counts the minimum numb…"
"1","0.8598488569259644","i2f","True","d96e0f28-061e-4f36-8a10-77343984e51d","informal","theorem","Lean Community","Fermat's Last Theorem","ImperialCollegeLondon/FLT","https://ImperialCollegeLondon.github.io/FLT/blueprint.pdf","","11.17","NumberField.FiniteAdeleRing.DivisionAlgebra.finiteDoubleCoset","If U is an open subgroup of the infinite idele group of a central division algebra over a global field, then the double coset space formed by the multiplicative group of the division algebra, the infinite idele group, and U is finite.","d6ae676e-d76d-47c5-864e-e35658c8b1f0","formal","theorem","Lean Repo","FLT","FLT","","NumberField.FiniteAdeleRing.DivisionAlgebra.finiteDoubleCoset","","","For a number field K and a finite-dimensional central division algebra D over K, the quotient space of the group of finite ideles of D by a pair of subgroups—one being the image of the ideles of K and the other an open subgroup—has only finitely many double cosets. This means the space of such double cosets is finite in size. The result applies to…"
"1","0.8596938848495483","i2f","True","13b9d985-0df2-4ea1-81d0-820b0591dd45","informal","lemma","Lean Community","Brownian motion project","RemyDegenne/brownian-motion","https://RemyDegenne.github.io/brownian-motion/blueprint.pdf","","2.2.30","MeasureTheory.isPavingAnalytic_of_measurableSet_generateFrom","If a collection F of sets contains the empty set and the complement of each set in F is F-analytic, then every set in the sigma-algebra generated by F is also F-analytic.","85685c7b-d4b4-4314-8340-61c275d0c117","formal","theorem","Lean Repo","brownian-motion","brownian-motion","","MeasureTheory.isPavingAnalytic_of_measurableSet_generateFrom","","","If a collection of sets p contains the empty set and the complement of every set in p is analytic with respect to p, then any set that is measurable with respect to the sigma-algebra generated by p is also analytic with respect to p."
"1","0.8596481084823608","i2f","False","cfd6ef2a-6e78-4014-b7b3-596b10f12a07","informal","lemma","Lean Community","Brownian motion project","RemyDegenne/brownian-motion","https://RemyDegenne.github.io/brownian-motion/blueprint.pdf","","2.1.75","MeasureTheory.tendsto_eLpNorm_stoppedValue_of_discreteApproxSequence","If tau is a stopping time bounded by t and tau_n is a sequence of discrete approximations of tau, then for any right continuous martingale X, the value X at tau is integrable and the values of X at the minimum of tau_n and t converge to X at tau in the L1 norm as n goes to infinity.","68b7c0be-4a95-4edf-a5ab-f2c113c065b9","formal","theorem","Lean Repo","brownian-motion","brownian-motion","","MeasureTheory.tendsto_eLpNorm_stoppedValue_of_discreteApproxSequence_of_le","","","If a stochastic process is a martingale with right-continuous paths, and you approximate a stopping time using a sequence of discrete stopping times that converge to it from above and stay bounded by a fixed time, then the expected L1 norm of the difference between the process values at the approximate stopping times and the actual stopping time g…"
"1","0.8595132231712341","i2f","True","093eefe1-1976-47f3-9eb0-e59296b6c91f","informal","proposition","Lean Community","Toric varieties","YaelDillies/toric","https://YaelDillies.github.io/toric/blueprint.pdf","","2.3.27","HopfAlgebra.antipode_mul_antidistrib, HopfAlgebra.antipode_mul_distrib","In a Hopf algebra, the antipode map reverses the order of multiplication, so the image of a product is the product of the images in reverse order; if the algebra is commutative, the antipode preserves the order of multiplication.","0ce1f433-ab5c-47a9-b879-c509c9e653b0","formal","theorem","Lean Repo","toric","toric","","HopfAlgebra.antipode_mul_antidistrib","","","The antipode of the product of two elements in a Hopf algebra is equal to the product of their antipodes in reverse order. In other words, applying the antipode to a product a * b gives the same result as multiplying the antipode of b by the antipode of a. This property reflects the antimultiplicative nature of the antipode map."
"1","0.8592779636383057","i2f","True","44041dc4-d0af-4c36-843d-2662ae247603","informal","lemma","Lean Community","The Polynomial Freiman-Ruzsa Conjecture","teorth/pfr","https://teorth.github.io/pfr/blueprint.pdf","","13.24","condRho_of_injective","If a function f is one-to-one, then the conditional rho of X given f(Y) is the same as the conditional rho of X given Y.","5fec45f2-1c7d-40d0-8016-9571f58f0e49","formal","theorem","Lean Repo","pfr","pfr","","condRho_of_injective","","","If a function f is injective, then the conditional rho value of X given f(Y) is the same as the conditional rho value of X given Y. This means that transforming Y through an injective function f does not change the dependence of X on Y in terms of rho."
"1","0.8590863347053528","i2f","False","f40bfc83-23db-4ff2-88ff-4c8c264b79ea","informal","lemma","Lean Community","Brownian motion project","RemyDegenne/brownian-motion","https://RemyDegenne.github.io/brownian-motion/blueprint.pdf","","1.5.57","ProbabilityTheory.lintegral_sup_rpow_edist_succ","For a stochastic process satisfying the Kolmogorov continuity condition with exponents p and q and constant M, the expected value of the p-th power of the maximum distance between successive approximations over a finite cover is bounded above by the size of the next cover times M times the j-th distance parameter raised to the power q. This bound …","f9f21214-66ad-407f-845b-8ab001fa3dc7","formal","theorem","Lean Repo","brownian-motion","brownian-motion","","ProbabilityTheory.lintegral_sup_rpow_edist_le_sum_of_le_one","","","For a stochastic process satisfying a Kolmogorov-type condition with exponent q and constant M, the expected value of the supremum of the p-th power of distances between process values at points and their approximations through a chaining sequence is bounded above by a sum involving the sizes of finite covers and the radii of those covers raised t…"
"1","0.8588336706161499","i2f","False","534afbfd-2bfc-4d88-a8b4-30542256d8fd","informal","corollary","Lean Community","Sphere Packing in Dimension 8","thefundamentaltheor3m/Sphere-Packing-Lean","https://thefundamentaltheor3m.github.io/Sphere-Packing-Lean/blueprint.pdf","","8.13","FG_inequality_2","The ratio F(it)/G(it) is less than 18/pi², and this inequality holds because Q(t) approaches 18/pi² from below as t goes to zero from the positive side, combined with the positivity of related functions.","a29a8cc7-a02d-480c-9557-81e77911f64b","formal","theorem","Lean Repo","sphere-packing-math-inc","sphere-packing-math-inc","","FmodG_rightLimitAt_zero","","","As t approaches 0 from the positive side, the ratio F(it)/G(it) gets arbitrarily close to 18 divided by pi squared. This means the function FmodGReal(t) converges to 18/pi^2 when t is near zero and positive."
"1","0.8588209748268127","i2f","True","5ccade27-2e19-437a-81f0-e3db0c6aa638","informal","lemma","Lean Community","The Polynomial Freiman-Ruzsa Conjecture","teorth/pfr","https://teorth.github.io/pfr/blueprint.pdf","","3.7","ProbabilityTheory.independent_copies, ProbabilityTheory.independent_copies', ProbabilityTheory.independent_copies_two, ProbabilityTheory.independent_copies3_nondep","There exist independent random variables on a product space such that each one has the same distribution as the original random variables and they match them in law. These new variables are defined as coordinate projections and are independent by construction.","fcee581e-1582-447c-9217-f147e5a8160c","formal","theorem","Lean Repo","pfr","pfr","","ProbabilityTheory.independent_copies","","","Given two random variables X and Y defined on their respective probability spaces, there exists a new probability space with independent random variables X' and Y' such that X' has the same distribution as X and Y' has the same distribution as Y."
"1","0.8587344884872437","i2f","True","a726bce8-465c-4bbf-acf9-fc5c2202d445","informal","definition","Lean Community","The Polynomial Freiman-Ruzsa Conjecture","teorth/pfr","https://teorth.github.io/pfr/blueprint.pdf","","6.4","tau_minimizes","A tau-minimizer is a pair of G-valued random variables X1 and X2 such that the value of tau[X1;X2] is less than or equal to tau[X'1;X'2] for any other pair of G-valued random variables X'1 and X'2.","8be8b452-89fe-4b7d-b021-539b8660ec54","formal","definition","Lean Repo","pfr","pfr","","tau_minimizes","","","Two random variables X₁ and X₂ satisfy tau_minimizes if their combined distance, measured by the tau functional, is less than or equal to that of any other pair of random variables with the same distribution, meaning they achieve the minimum possible value for this measure. The condition is defined using measures on a group G and relies on a refer…"
"1","0.858418345451355","i2f","True","e4804829-dac1-4a8d-9ca0-a677be60c84a","informal","definition","Lean Community","The Polynomial Freiman-Ruzsa Conjecture","teorth/pfr","https://teorth.github.io/pfr/blueprint.pdf","","12.12","multiDist","The multidistance of a tuple of random variables is the difference between the entropy of the sum of independent copies of the variables and the average entropy of each individual copy. It measures how much the variables interact when combined, compared to their separate behaviors.","09f6796e-9934-498e-8e5a-0e77404c854e","formal","definition","Lean Repo","pfr","pfr","","multiDist","","","multiDist is a function that takes a finite list of random variables taking values in a measurable abelian group G and returns a real number. It computes the difference between the entropy of the sum of independent copies of these variables and the average of their individual entropies. This quantity measures how much the variables interact or dep…"
"1","0.8583284616470337","i2f","True","f32b12ee-2d3c-4d70-a6c3-0eb021865d49","informal","lemma","Lean Community","Brownian motion project","RemyDegenne/brownian-motion","https://RemyDegenne.github.io/brownian-motion/blueprint.pdf","","2.4.21","ProbabilityTheory.SimpleProcess.stoppedProcess_integral","The integral of a simple process with respect to a stopped stochastic process is the same as the integral of the simple process with respect to the original process, stopped after the fact. This means stopping the result of integration is equivalent to integrating with the stopped process.","fd0e9d0c-bcc4-4681-b6e0-1d0461b669f3","formal","theorem","Lean Repo","brownian-motion","brownian-motion","","ProbabilityTheory.SimpleProcess.stoppedProcess_integral","","","The integral of a simple process with respect to a bilinear map, stopped at a random time, equals the integral of the stopped process using the same bilinear map. In other words, stopping the integrated process at a random time gives the same result as integrating the process that has already been stopped. This holds for processes taking values in…"
"1","0.8579424619674683","i2f","True","07a587ec-0f20-4094-97f1-9aefc074641d","informal","lemma","Lean Community","Sphere Packing in Dimension 8","thefundamentaltheor3m/Sphere-Packing-Lean","https://thefundamentaltheor3m.github.io/Sphere-Packing-Lean/blueprint.pdf","","6.6","Γ2_generate","The group Gamma(2) is generated by the elements alpha, beta, and minus the identity matrix.","57eaff08-6726-4ad6-91fb-ad9c4ade93f4","formal","theorem","Lean Repo","sphere-packing-math-inc","sphere-packing-math-inc","","Γ2_generate","","","The subgroup generated by the elements alpha, beta, and negative identity in the congruence subgroup Gamma(2) is the entire group, meaning every element in the group can be built by combining these three elements and their inverses using the group operation."
"1","0.857651948928833","i2f","False","e4c7102f-39d6-453d-9ce7-84b3ab8e6a5f","informal","corollary","Lean Community","Fermat's Last Theorem","ImperialCollegeLondon/FLT","https://ImperialCollegeLondon.github.io/FLT/blueprint.pdf","","10.35","NumberField.AdeleRing.ModuleBaseChangeContinuousLinearEquiv","For a number field K and a K-module V, the tensor product of V with the adele ring of K is naturally isomorphic and homeomorphic to the tensor product of V with the adele ring of the rationals, when both sides are given their respective module topologies.","beec3d2b-85ab-4a8c-a587-0d72702ede3f","formal","definition","Lean Repo","FLT","FLT","","NumberField.AdeleRing.ModuleBaseChangeLinearEquiv","","","For number fields K and L with K contained in L, and a vector space V over L, the tensor product of V with the adele ring of K over K is isomorphic to the tensor product of V with the adele ring of L over L, and this isomorphism respects the L-module structure."
"1","0.8573848009109497","i2f","True","a5f41eae-b244-47ba-8f33-4c9dea87da8f","informal","lemma","Lean Community","Brownian motion project","RemyDegenne/brownian-motion","https://RemyDegenne.github.io/brownian-motion/blueprint.pdf","","2.1.11","MeasureTheory.Martingale.congr","If X is a martingale and Y is a stochastic process that is adapted and has the same distribution as X at each time point, then Y is also a martingale.","cde57f64-3a9b-4e55-92d0-42c1145136b5","formal","theorem","Lean Repo","brownian-motion","brownian-motion","","MeasureTheory.Martingale.congr","","","If two stochastic processes X and Y are equal almost everywhere at each time point, X is a martingale with respect to a given filtration and measure, and Y is adapted to the same filtration in a strong sense, then Y is also a martingale with respect to that filtration and measure."
"1","0.8573145866394043","i2f","False","92d99047-1c5e-4973-b735-cf49d3990057","informal","theorem","Lean Community","Fermat's Last Theorem","ImperialCollegeLondon/FLT","https://ImperialCollegeLondon.github.io/FLT/blueprint.pdf","","11.1","NumberField.AdeleRing.DivisionAlgebra.compact_quotient","If D is a division algebra, then the space formed by taking the quotient of the multiplicative group of D by its group of adelic points of reduced norm 1, equipped with the quotient topology, is compact.","f06ea32a-b1a1-4e23-93c4-a2c96c583807","formal","instance","Lean Repo","FLT","FLT","","NumberField.AdeleRing.DivisionAlgebra.Aux.compact_includeLeft_subgroup","","","The space formed by taking the tensor product of a number field K with a finite-dimensional division algebra D over K, using the adele ring of K's integers, and then quotienting by a specific subgroup, is compact in the induced topology. This means every open cover of this quotient space has a finite subcover. The result holds for any number field…"
"1","0.8573015928268433","i2f","True","354ac3e7-1013-4955-9bf5-bb501aa10516","informal","definition","Lean Community","Toric varieties","YaelDillies/toric","https://YaelDillies.github.io/toric/blueprint.pdf","","4.1.6","hopfSpec","Spec is a contravariant functor that maps R-Hopf algebras to group schemes over the spectrum of R.","2498e951-acab-4bb9-bfc8-09c1323c7f3d","formal","definition","Lean Repo","toric","toric","","hopfSpec","","","The hopfSpec function turns a commutative Hopf algebra over a ring R into a group scheme over the spectrum of R, by using the Spec construction to convert Hopf algebras into geometric objects with a group structure. It does this by reversing the direction of morphisms in the category of Hopf algebras and mapping them into the category of group obj…"
"1","0.857224702835083","i2f","False","23bec3aa-0c5e-4d26-9b4b-3ae124ba49cf","informal","lemma","Lean Community","The Polynomial Freiman-Ruzsa Conjecture","teorth/pfr","https://teorth.github.io/pfr/blueprint.pdf","","12.19","multidist_ruzsa_III","The multidistance of a tuple of identically distributed random variables is at most m times the Ruzsa distance between any one variable and itself.","1698f94d-36a3-488f-bc93-2c49d6e05470","formal","theorem","Lean Repo","pfr","pfr","","multidist_ruzsa_I","","","For a tuple of m random variables taking values in a countable abelian group, the sum of the Ruzsa distances between all distinct pairs is at most m(m-1) times the multidimensional Ruzsa divergence of the tuple."
"1","0.8568769693374634","i2f","False","b5c0baca-0e3e-4ae3-bfef-a39fe1329e10","informal","corollary","Lean Community","The Polynomial Freiman-Ruzsa Conjecture","teorth/pfr","https://teorth.github.io/pfr/blueprint.pdf","","10.8","approx_hom_pfr'","If a function between two finite abelian 2-groups satisfies the homomorphism property on many pairs, then it agrees with a true homomorphism on a large number of elements, with the number depending inversely on a power of the parameter K.","7c70b15a-7ee2-47a6-8715-0a9affdaa1e1","formal","theorem","Lean Repo","pfr","pfr","","approx_hom_pfr","","","If a function between two finite abelian groups of exponent 2 approximately preserves addition for at least a 1/K fraction of input pairs, then it is close to a true group homomorphism plus a constant shift, matching this homomorphism plus constant on at least a 1/(2^144 * K^122) fraction of the group."
"1","0.8564435243606567","i2f","False","174007a0-0f7d-4aa4-8bae-1829fab08409","informal","lemma","Lean Community","The sphere eversion project","leanprover-community/sphere-eversion","https://leanprover-community.github.io/sphere-eversion/blueprint.pdf","","1.18","SmoothSurroundingFamily.reparametrize_average","There is a smooth family of reparameterizations of loops such that each loop, after reparameterization, has average value equal to a specified target value, and the reparameterization fixes the basepoint. This is achieved by constructing an appropriate family of density functions on the circle and using them to define the reparameterizations via i…","c1597e92-9252-4cad-8986-f3066e8e9e00","formal","definition","Lean Repo","sphere-eversion","sphere-eversion","","SmoothSurroundingFamily.reparametrize","","","Given a smooth family of loops γ that surround the values of a function g, the reparametrize operation produces a new family of smooth reparameterizations of the loops such that when each loop γₓ is reparameterized by it, the resulting loop has average value equal to g(x). Each reparameterization is a circle diffeomorphism represented as a bijecti…"
"1","0.8563336730003357","i2f","True","b04ad893-02c1-4cb8-938b-1274222f950b","informal","lemma","Lean Community","Brownian motion project","RemyDegenne/brownian-motion","https://RemyDegenne.github.io/brownian-motion/blueprint.pdf","","2.4.14","ProbabilityTheory.SimpleProcess.integral_bot","The integral of a simple process with respect to a stochastic process at time zero is always zero. This holds for every simple process V and stochastic process X. The result follows from the definition of the elementary stochastic integral for bilinear forms.","2edc0440-30a9-4289-801a-6f1f81cac616","formal","theorem","Lean Repo","brownian-motion","brownian-motion","","ProbabilityTheory.SimpleProcess.integral_bot","","","The integral of a simple process at the bottom element of an ordered set is always zero, regardless of the process or the function being integrated. This means that when evaluating the stochastic integral at the initial time (bot), the result is the zero function. The theorem holds in the context of normed vector spaces and measurable filtrations,…"
"1","0.8560215830802917","i2f","True","6b207812-54c0-4eb3-acd9-36d1ef6f7489","informal","lemma","Lean Community","Brownian motion project","RemyDegenne/brownian-motion","https://RemyDegenne.github.io/brownian-motion/blueprint.pdf","","1.5.75","ProbabilityTheory.constL_lt_top","For a set T with finite diameter and given positive values p, q, d with q greater than d, and beta between 0 and (q minus d) divided by p, the constant L depending on these parameters is finite.","fcd731ae-d662-4872-a329-a7c55f5c8824","formal","theorem","Lean Repo","brownian-motion","brownian-motion","","ProbabilityTheory.constL_lt_top","","","If a set U in a pseudo-emetric space has finite diameter, and the constants c, d, p, q, and β satisfy 0 < d < q, 0 < p, c is finite, and β < (q - d)/p, then the value of constL(T, c, d, p, q, β, U) is finite."
"1","0.8557081818580627","i2f","True","b0554244-a1fc-4fc1-b921-364581f6eb12","informal","lemma","Lean Community","The sphere eversion project","leanprover-community/sphere-eversion","https://leanprover-community.github.io/sphere-eversion/blueprint.pdf","","3.3","OpenSmoothEmbedding.dist_update","If a family of maps f from P times M to N is updated using a map g that is sufficiently close to a composition involving f, phi, and psi, then the updated map f' remains uniformly close to the original f on compact sets, provided the closeness of g is controlled by a small enough positive number eta depending on a given positive function epsilon.","78e8540f-583c-4edb-906d-fd89d114a3d4","formal","theorem","Lean Repo","sphere-eversion","sphere-eversion","","OpenSmoothEmbedding.dist_update","","","Given compact sets K in X and KP in P, continuous maps f from P to M to N, and smooth embeddings φ and ψ, if g is close enough to the composition involving ψ and f on K, then updating φ using g and f results in a map that stays within a specified positive distance ε of the original f value on the image of K under φ. The closeness of g is measured …"
"1","0.8556135892868042","i2f","False","976b165e-52b7-4d43-8c10-cf20ac86bdba","informal","lemma","Lean Community","Brownian motion project","RemyDegenne/brownian-motion","https://RemyDegenne.github.io/brownian-motion/blueprint.pdf","","2.2.33","MeasurableSet.isPavingAnalytic_image2_prod","If X is a measurable space and s is a measurable subset of the product space X times the real numbers, then s is analytic with respect to the product of the measurable sets on X and the intervals on the real line.","b98d32cf-b2cf-41db-9bc9-ffba763980b7","formal","theorem","Lean Repo","brownian-motion","brownian-motion","","MeasurableSet.isPavingAnalytic_fst","","","If a set s in the product of a measurable space and the real numbers is measurable, then its projection onto the first component is analytic with respect to the paving of measurable sets."
"1","0.8553253412246704","i2f","True","d32fc7da-a1c5-4ff5-873f-dd57fed8f724","informal","lemma","Lean Community","Class Field Theory","kbuzzard/ClassFieldTheory","https://kbuzzard.github.io/ClassFieldTheory/blueprint.pdf","","32","Rep.coind₁'_obj_iso_coind₁","The coinduced representation coind_1'(M) is isomorphic to the representation coind_1(G,M) when considering the action of the group G. This isomorphism holds naturally, meaning it respects the structure of the underlying module when the group action is forgotten.","bb5d397b-23a5-4a7c-9a58-5b81f46834d5","formal","definition","Lean Repo","ClassFieldTheory","ClassFieldTheory","","Rep.coind₁'_obj_iso_coind₁","","","For a module M over a commutative ring R with an action of a group G, the coinduced representation built from M is isomorphic to the coinduced representation obtained by first viewing M as an R-module and then applying the coinduction functor for G. This equivalence shows that coinduction respects the structure of representations in a natural way.…"
"1","0.8553025722503662","i2f","True","be4ac5ad-a3df-442d-b00c-bdd6c65a700a","informal","lemma","Lean Community","Carleson operators on doubling metric measure spaces","fpvandoorn/carleson","https://florisvandoorn.com/carleson/blueprint.pdf","","10.1.2","estimate_x_shift","If two points x and x' are within distance r of each other, then the difference in the values of the operator T_r applied to a bounded measurable function g at these points is bounded by a constant multiple of the maximal function Mg evaluated at x, where the constant depends only on the parameter a.","27d1766d-b62d-4c1d-9d72-6a8d28297cd4","formal","theorem","Lean Repo","carleson","carleson","","estimate_x_shift","","","If two points x and x' in a doubling metric measure space are within distance r of each other, then the difference between the values of the Calderon-Zygmund operator T_r applied to a bounded, compactly supported function g at these points is controlled by a constant multiple of the global maximal function of g evaluated at x, where the constant d…"
"1","0.8552287220954895","i2f","True","324c11bd-71cd-4fb3-875b-80c8f1cda97a","informal","theorem","Lean Community","Fermat's Last Theorem","ImperialCollegeLondon/FLT","https://ImperialCollegeLondon.github.io/FLT/blueprint.pdf","","2.7","Mazur_Frey","If a mod p Galois representation comes from a Frey package, then that representation cannot be broken down into simpler parts and is therefore irreducible.","2c5feb59-c902-4035-87f3-23ec1af16d9e","formal","theorem","Lean Repo","FLT","FLT","","Mazur_Frey","","","For a Frey package P, which consists of integers a, b, c, and a prime p satisfying a^p + b^p = c^p along with certain conditions, the Galois representation associated to the Frey curve over the rationals is irreducible modulo p. This means the action of the Galois group on the p-torsion points of the curve cannot be broken down into smaller invari…"
"1","0.854716420173645","i2f","False","7b609a96-5f63-491d-bdd3-ee2c2e622f86","informal","lemma","Lean Community","Brownian motion project","RemyDegenne/brownian-motion","https://RemyDegenne.github.io/brownian-motion/blueprint.pdf","","1.5.7","Metric.coveringNumber_le_packingNumber","The number of points needed to cover a set within a given distance is less than or equal to the maximum number of disjoint balls of that radius that can fit inside the set.","942e0060-f22b-48ed-a40d-29115ec16afe","formal","theorem","Lean Repo","misc-yd","misc-yd","","Metric.epackingNum_le_ecoveringNum_div_two","","","The maximum number of points you can pick from a set so that each pair is at least ε apart is at most the smallest number of balls of radius ε/2 needed to cover the set, using centers from the set itself."
"1","0.8545433282852173","i2f","False","7cac5d5c-7734-41e8-84fc-48512722bbfc","informal","proposition","Lean Community","Gibbs Measures","YaelDillies/gibbs-measure","https://YaelDillies.github.io/gibbs-measure/blueprint.pdf","","1.29","Specification.isModifier_iff_ae_eq","A family of measurable densities rho is a modifier of a proper specification gamma if and only if, for any two nested index sets Lambda1 and Lambda2 and any configuration eta, the density rho on Lambda2 equals the product of rho on Lambda1 and the result of applying gamma on Lambda1 to rho on Lambda2, almost everywhere with respect to the measure …","a0e03136-c382-4b5b-a202-a62a9c69ab19","formal","theorem","Lean Repo","gibbs-measure","gibbs-measure","","Specification.isModifier_iff_ae_comm","","","A specification γ has a modifier ρ if and only if every function ρ Λ is measurable and for any two nested finite sets Λ₁ ⊆ Λ₂, the densities ρ Λ₁ and ρ Λ₂ commute almost everywhere under the measures induced by γ on product spaces formed by boundary conditions."
"1","0.8539415001869202","i2f","True","bb052db7-11a4-4616-9193-e0c7f9fa4fbe","informal","definition","Lean Community","Class Field Theory","kbuzzard/ClassFieldTheory","https://kbuzzard.github.io/ClassFieldTheory/blueprint.pdf","","43","Rep.aug","The augmentation map sends a formal sum of group elements weighted by ring coefficients to the sum of those coefficients, and its kernel, called the augmentation module, consists of all such sums where the total coefficient is zero; this kernel is generated by differences of the form [g] - [1] for each group element g.","d069a9a2-966d-49fb-bdab-9a5e83f6829b","formal","definition","Lean Repo","ClassFieldTheory","ClassFieldTheory","","Rep.aug","","","The augmentation module aug R G is the set of elements in the left regular representation of a group G over a ring R that map to zero under the augmentation map, which sums the coefficients of group elements. It forms a representation of G where the group acts by permuting basis elements, and the sum of coefficients is zero. This module is the ker…"
"1","0.8538328409194946","i2f","False","1971ed77-7fd0-4a95-b2b4-1b76e9586812","informal","lemma","Lean Community","Brownian motion project","RemyDegenne/brownian-motion","https://RemyDegenne.github.io/brownian-motion/blueprint.pdf","","2.3.41","MeasureTheory.Submartingale.classD_iff_uniformIntegrable","A nonnegative right-continuous submartingale is uniformly integrable if and only if it belongs to class D.","484fd2b1-ec9e-4454-a974-c9cc96864c32","formal","theorem","Lean Repo","brownian-motion","brownian-motion","","MeasureTheory.Martingale.classD_iff_uniformIntegrable","","","A stochastic process is of class D if and only if it is a right-continuous martingale and its family of random variables is uniformly integrable. This means the process has well-behaved stopping times and does not exhibit extreme fluctuations in expectation. The result connects uniform integrability with the structural property of being class D fo…"
"1","0.8536463975906372","i2f","False","1b523743-7963-4f78-b97c-8c287fa132ce","informal","corollary","Lean Community","Class Field Theory","kbuzzard/ClassFieldTheory","https://kbuzzard.github.io/ClassFieldTheory/blueprint.pdf","","62","Rep.dimensionShift.up_trivialCohomology, Rep.dimensionShift.down_trivialCohomology","If a representation M of a finite group G has trivial cohomology, then both up(M) and down(M) also have trivial cohomology.","03e8666c-0e82-4e52-9639-b1877c990054","formal","theorem","Lean Repo","ClassFieldTheory","ClassFieldTheory","","Rep.TrivialCohomology.of_iso","","","If two representations M and N of a group G over a ring R are isomorphic, and N has trivial cohomology (meaning all its higher cohomology groups for every subgroup of G are zero), then M also has trivial cohomology."
"1","0.85357666015625","i2f","True","ff09af2b-94b2-420a-bb00-f2ba766ae6a6","informal","lemma","Lean Community","Brownian motion project","RemyDegenne/brownian-motion","https://RemyDegenne.github.io/brownian-motion/blueprint.pdf","","2.4.6","ProbabilityTheory.ElementaryPredictableSet.indicator","A set A in the product space of time and outcomes is an elementary predictable set exactly when its indicator function is a simple process. This means the set can be described using finitely many time and outcome intervals, and its indicator function takes only finitely many values in a predictable way.","2952e194-0737-44c3-8ff4-aa0ad6c2cf73","formal","definition","Lean Repo","brownian-motion","brownian-motion","","ProbabilityTheory.ElementaryPredictableSet.indicator","","","The indicator function of an elementary predictable set returns the value `e` when the time is in the set `S`, and `0` otherwise, forming a simple process adapted to a filtration. It is built from finitely many disjoint time intervals and measurable sets, each associated with a constant value in a normed vector space. This construction ensures the…"
"1","0.8532307744026184","i2f","True","2c2963b8-3b27-438b-a539-9009260466b1","informal","lemma","Lean Community","Carleson operators on doubling metric measure spaces","fpvandoorn/carleson","https://florisvandoorn.com/carleson/blueprint.pdf","","10.1.5","cotlar_estimate","If a bounded measurable function g is supported on a set of finite measure and a two-sided bound condition holds, then the absolute value of the operator T_R applied to g at point x is at most 4 times the maximal function of T_r g at x plus a large constant multiple of the maximal function of g at x. The constant depends exponentially on a paramet…","fd05ab52-0678-4f61-8fec-3a111700b8bd","formal","theorem","Lean Repo","carleson","carleson","","cotlar_estimate","","","For a function g with bounded support, the absolute value of the operator applied to g at a point x with radius R is no more than 4 times the maximal average of the operator applied to g with a smaller radius r, plus a constant multiple of the maximal average of g itself, where the constant depends only on the parameter a. This estimate holds in a…"
"1","0.8529989719390869","i2f","True","0f193718-a692-4c6f-bad6-5b0051c1551e","informal","proposition","Lean Community","Carleson operators on doubling metric measure spaces","fpvandoorn/carleson","https://florisvandoorn.com/carleson/blueprint.pdf","","2.0.3","antichain_operator","The size of the integral involving a sum over an antichain of operators applied to two bounded functions is controlled by a constant depending on parameters a and q, multiplied by the first and second densities of the antichain raised to certain powers, and the L2 norms of the two functions.","337f4ac2-b20e-49ea-ab3b-727db92674bb","formal","theorem","Lean Repo","carleson","carleson","","antichain_operator","","","The antichain_operator theorem bounds the absolute value of the integral of the product of a conjugated function g and a special sum operator applied to f, over a space X, by a constant multiple of the product of the L2 norms of f and g, adjusted by density factors of an antichain collection of subsets. The bound depends on parameters a, q, and st…"
"1","0.8529782295227051","i2f","True","09d6437a-8376-41ad-b495-8e70a1bde08c","informal","lemma","Lean Community","Toric varieties","YaelDillies/toric","https://YaelDillies.github.io/toric/blueprint.pdf","","4.3.2","AlgebraicGeometry.Scheme.diagHomEquiv","The map from group homomorphisms to morphisms of group schemes over Spec R, by sending a group G to the spectrum of R[G], preserves group structure and is bijective on hom-sets. This means that homomorphisms between groups correspond exactly to compatible morphisms between their associated group schemes. The correspondence is invertible and respec…","354f2288-95b2-434a-86c3-d8e0c1fa4472","formal","definition","Lean Repo","toric","toric","","AlgebraicGeometry.Scheme.diagHomEquiv","","","There is a one-to-one correspondence between group homomorphisms from N to M and homomorphisms of group schemes over Spec R from the diagonalizable group scheme associated to M to that associated to N, where R is a commutative domain and M, N are abelian groups. This equivalence arises from the structure of diagonalizable group schemes in algebrai…"
"1","0.8526658415794373","i2f","True","d354eaf1-d7cb-455b-b627-2570a78a45fa","informal","lemma","Lean Community","The sphere eversion project","leanprover-community/sphere-eversion","https://leanprover-community.github.io/sphere-eversion/blueprint.pdf","","3.25","immersionRel_open_ample","The set of immersions from manifold M to manifold N, where M has higher dimension than N, forms an open and ample relation, meaning small perturbations of such immersions remain immersions and there is enough flexibility to extend them. This follows because the forbidden directions for derivatives lie in a subspace of codimension at least two. Lin…","411234fb-073d-48c2-81a7-e68a178be5c5","formal","theorem","Lean Repo","sphere-eversion","sphere-eversion","","immersionRel_open_ample","","","The set of smooth maps between two manifolds that are immersions is open in the space of all smooth maps, and this set is also ample, meaning it has enough flexibility in all directions, provided the dimension of the target manifold's model space is strictly greater than that of the source."
"1","0.8524763584136963","i2f","False","23b0874b-83fa-4531-8bbe-1b6c9d63d7d0","informal","lemma","Lean Community","The Polynomial Freiman-Ruzsa Conjecture","teorth/pfr","https://teorth.github.io/pfr/blueprint.pdf","","13.33","dist_le_of_sum_zero","If three G-valued random variables T1, T2, and T3 add up to zero, then the dependence measure d[X1;X2] is bounded above by a combination of the mutual information between T1 and T2, the entropies of T1, T2, and T3, and a term involving conditional correlations and a function rho, scaled by a constant eta.","a4ae5c86-16dc-4fcf-a2ec-32d780d4b449","formal","theorem","Lean Repo","pfr","pfr","","dist_le_of_sum_zero'","","","If three G-valued random variables T1, T2, T3 add up to zero, then the distance between two other random variables X1 and X2 is bounded above by the sum of the mutual informations between each pair of the T variables plus a term involving eta and the differences in their conditional rho values compared to rho values of X1 and X2. The bound combine…"
"1","0.8521777391433716","i2f","True","ea69814f-2187-44b3-b2db-57291887088c","informal","lemma","Lean Community","Brownian motion project","RemyDegenne/brownian-motion","https://RemyDegenne.github.io/brownian-motion/blueprint.pdf","","1.5.47","ProbabilityTheory.IsAEKolmogorovProcess.lintegral_sup_rpow_edist_eq_zero","If a stochastic process satisfies the Kolmogorov condition with exponents p and q and a constant M, and if T' is a countable subset of the index set where all points are distance zero apart, then the expected value of the supremum of the p-th power of distances between process values at points in T' is zero.","7ef9e596-2e21-4db9-a440-91facbe5c068","formal","theorem","Lean Repo","brownian-motion","brownian-motion","","ProbabilityTheory.IsAEKolmogorovProcess.lintegral_sup_rpow_edist_eq_zero","","","If a stochastic process satisfies the Kolmogorov condition on a countable set of time points where all pairs of points are at zero distance, then the integral of the supremum of the p-th power of the distances between the process values at those points is zero with respect to the probability measure. This means that, almost surely, the process doe…"
"1","0.851984441280365","i2f","False","694fc1fd-3aa6-4dac-a22f-a5eb8a171155","informal","lemma","Lean Community","The Polynomial Freiman-Ruzsa Conjecture","teorth/pfr","https://teorth.github.io/pfr/blueprint.pdf","","12.20","multidist_ruzsa_IV","The Ruzsa distance between the sum of m independent random variables and its negation is at most twice the multidistance of the individual variables.","1698f94d-36a3-488f-bc93-2c49d6e05470","formal","theorem","Lean Repo","pfr","pfr","","multidist_ruzsa_I","","","For a tuple of m random variables taking values in a countable abelian group, the sum of the Ruzsa distances between all distinct pairs is at most m(m-1) times the multidimensional Ruzsa divergence of the tuple."
"1","0.8518462181091309","i2f","False","50c47e62-34ad-46cd-87db-2121bd33c769","informal","corollary","Lean Community","The Polynomial Freiman-Ruzsa Conjecture","teorth/pfr","https://teorth.github.io/pfr/blueprint.pdf","","12.36","cor_multiDist_chainRule","The mutual information between the column sums and row sums of an m by m grid of independent abelian group-valued random variables, given the total sum, is bounded above by a sum of entropy differences involving partial sums of the rows. These entropy differences measure how much knowing later entries in each row reduces uncertainty about the earl…","ff67bc54-3e7e-4900-b8d4-ed99bd2a07f3","formal","theorem","Lean Repo","pfr","pfr","","mutual_information_le","","","If you have an m by m grid of independent random variables taking values in a group, where each column has the same joint distribution as some rearrangement of a fixed tuple of variables, then the mutual information between the vector of column sums and the vector of row sums, given the total sum, is at most 4 times m squared times a constant k th…"
"1","0.8518062829971313","i2f","False","83bb1c14-bc07-48d5-a55e-32e64b14694a","informal","lemma","Lean Community","The Polynomial Freiman-Ruzsa Conjecture","teorth/pfr","https://teorth.github.io/pfr/blueprint.pdf","","12.18","multidist_ruzsa_II","The sum of the self-distances of m random variables is at most twice m times their combined Ruzsa distance.","1698f94d-36a3-488f-bc93-2c49d6e05470","formal","theorem","Lean Repo","pfr","pfr","","multidist_ruzsa_I","","","For a tuple of m random variables taking values in a countable abelian group, the sum of the Ruzsa distances between all distinct pairs is at most m(m-1) times the multidimensional Ruzsa divergence of the tuple."
"1","0.8517391681671143","i2f","True","d6da503e-93ac-41db-a2a4-f45b539acfb2","informal","definition","Lean Community","The Polynomial Freiman-Ruzsa Conjecture","teorth/pfr","https://teorth.github.io/pfr/blueprint.pdf","","12.28","condMultiDist","The conditional multidistance is the weighted sum of multidistances between random variables X_i given specific values of Y_i, with weights equal to the probabilities of those Y_i values occurring. It measures the combined dependence between tuples of random variables when conditioned on another tuple.","a07fb275-9e58-4150-bd74-2cffb2797547","formal","definition","Lean Repo","pfr","pfr","","condMultiDist","","","For a list of pairs of random variables (X_i, Y_i), where each X_i takes values in a group G and each Y_i takes values in a finite set, the conditional multi-distribution distance is the weighted sum of the distances between the distributions of the X_i given specific values of Y_i, with weights equal to the probabilities of those Y_i values occur…"
"1","0.8516561985015869","i2f","False","51abc608-7697-4d20-8e9c-792e785856cb","informal","definition","Lean Community","Brownian motion project","RemyDegenne/brownian-motion","https://RemyDegenne.github.io/brownian-motion/blueprint.pdf","","1.5.1","Metric.IsCover","A set C is an epsilon-cover of a set A if every point in A is within a distance epsilon of at least one point in C.","5da1d7a4-b416-46af-8bc4-ff315aaaebe6","formal","theorem","Lean Repo","brownian-motion","brownian-motion","","EMetric.isCover_iff_subset_iUnion_closedBall","","","A set N is an ε-cover of a set s if and only if every point in s is within distance ε of some point in N, meaning s is contained in the union of closed balls of radius ε centered at points of N."
"1","0.851628303527832","i2f","True","09b71e26-ae3a-4be2-837f-7f14722ad686","informal","lemma","Lean Community","Carleson operators on doubling metric measure spaces","fpvandoorn/carleson","https://florisvandoorn.com/carleson/blueprint.pdf","","4.0.3","tile_sum_operator, integrable_tile_sum_operator","For each x not in G', the sum of tile operators T_p over all tiles p equals an integral expression involving a kernel K_s, a phase function Q, and a weight function f, summed over a range determined by x. The contribution from tiles is zero outside this range. Each x belongs to exactly one tile for each relevant scale s, ensuring the sum matches t…","a5d98a43-8c3d-4e28-83ab-3b02146d3c60","formal","theorem","Lean Repo","carleson","carleson","","tile_sum_operator","","","The sum of the values of the operator carlesonOn over all tiles p at a point x is equal to a sum over integer scales s from σ₁(x) to σ₂(x), where each term is an integral involving a kernel Ks, a function f, and a complex exponential that depends on the phase difference given by the tile structure Q. This holds when x is in the set G but not in G'…"
"1","0.8515945672988892","i2f","True","7ee1bcb1-f8f5-41d0-9b9d-b6abf7eaba2d","informal","lemma","Lean Community","Chandra-Furst-Lipton","YaelDillies/chandra-furst-lipton","https://www.cs.umd.edu/~gasarch/BLOGPAPERS/multiparty-vdw.pdf","","2.10","NOF.IsForbiddenPatternWithTip.broadcast_eq","If a group of inputs forms a forbidden pattern in a NOF protocol and all of them produce the same broadcast history at a given time, then the tip of that pattern must also produce the same broadcast history at that time.","831591dd-1c45-46bf-8f29-6e75459d4b32","formal","theorem","Lean Repo","chandra-furst-lipton","chandra-furst-lipton","","NOF.IsForbiddenPatternWithTip.broadcast_eq","","","If a protocol produces the same broadcast output for all inputs matching a forbidden pattern with a given tip, then the broadcast output at the tip must equal that same value."
"1","0.8515381217002869","i2f","False","6e25ad0e-f5e2-4a51-95e8-196d87fce1a2","informal","lemma","Lean Community","The Polynomial Freiman-Ruzsa Conjecture","teorth/pfr","https://teorth.github.io/pfr/blueprint.pdf","","13.34","dist_le_of_sum_zero'","If three G-valued random variables sum to zero, then the dependence between the first two is bounded by a sum involving their pairwise mutual informations and a weighted combination of conditional entropies, adjusted by a small constant eta. The bound is derived by averaging over all permutations and applying known inequalities.","32e4567c-ddd7-48ec-b0ff-1d65d79a2e34","formal","theorem","Lean Repo","pfr","pfr","","construct_good_prelim","","","If three G-valued random variables T1, T2, T3 sum to zero, then there exist new random variables T1' and T2' such that a certain expression involving their distances and mutual information with respect to reference variables is bounded by a combination of the mutual information between the original variables and adjusted distance terms, scaled by …"
"1","0.8515245914459229","i2f","True","58dc5046-b994-482b-ac4b-f98f07c6bb0d","informal","lemma","Lean Community","Brownian motion project","RemyDegenne/brownian-motion","https://RemyDegenne.github.io/brownian-motion/blueprint.pdf","","2.2.12","isCompactSystem_Icc","The collection of all closed and bounded intervals on the real number line forms a compact system.","0d18e0c8-e097-40d2-85a2-a03ad7fe23e6","formal","theorem","Lean Repo","brownian-motion","brownian-motion","","isCompactSystem_Icc","","","The collection of all closed intervals [a, b] on the real line forms a compact system, meaning that if a countable family of these intervals has empty intersection, then some finite subcollection already has empty intersection. This follows from the fact that closed intervals are compact sets in the standard topology on the real numbers, and in a …"
"1","0.8514509201049805","i2f","True","a87aba25-1d18-4e5c-88a4-2c2c111a034c","informal","lemma","Lean Community","Class Field Theory","kbuzzard/ClassFieldTheory","https://kbuzzard.github.io/ClassFieldTheory/blueprint.pdf","","10","groupCohomology.rest, groupCohomology.infl, groupCohomology.rest_δ_naturality, groupCohomology.infl_δ_naturality","When a subgroup S of a group G acts on representations, restricting a short exact sequence of G-representations to S gives another short exact sequence for S. The cohomology long exact sequences for the original and restricted representations are linked by restriction maps that make the diagram commute. If S is normal in G, inflation maps connect …","f803d1c8-4ffa-4879-b8ed-837048f7846f","formal","theorem","Lean Repo","ClassFieldTheory","ClassFieldTheory","","groupCohomology.rest_δ_naturality","","","For any short exact sequence of representations of a group G and any subgroup H of G, the restriction map from G to H commutes with the connecting homomorphisms in group cohomology; that is, applying the connecting homomorphism before or after restriction gives the same result. This means the cohomology restriction maps are natural with respect to…"
"1","0.8513763546943665","i2f","True","0ff28528-c5b8-4153-9387-f41e44210c40","informal","lemma","Lean Community","Arithmetic Progressions - Almost Periodicity","YaelDillies/apap","https://YaelDillies.github.io/apap/blueprint.pdf","","2.3","rudin_ineq","The norm of a complex-valued function on a group is bounded by a constant multiple of its L2 norm when the Fourier transform has dissociated support and the exponent p is an integer at least 2.","9c3474eb-3d8c-4d60-a3d8-5f04a7b87760","formal","theorem","Lean Repo","apap","apap","","rudin_ineq","","","For a function f from a finite abelian group to the complex numbers, if the support of its Fourier transform is dissociated (no two different signed sums of elements give the same result), then the Lp norm of f is bounded above by a constant multiple of the square root of p times the L2 norm of f, for any p at least 2."
"1","0.8510916233062744","i2f","True","4715ef34-eba3-4f6c-966a-f904031bebdb","informal","theorem","Lean Community","Brownian motion project","RemyDegenne/brownian-motion","https://RemyDegenne.github.io/brownian-motion/blueprint.pdf","","1.4.3","MeasureTheory.projectiveLimit, MeasureTheory.IsProjectiveLimit.unique, MeasureTheory.isProjectiveLimit_projectiveLimit, MeasureTheory.isFiniteMeasure_projectiveLimit, MeasureTheory.isProbabilityMeasure_projectiveLimit","If you have a consistent family of finite measures on a Polish space indexed by finite subsets of some set, then there exists a unique finite measure on the infinite product space that matches all the finite ones. This measure is a probability measure if each of the finite measures is a probability measure. The result ensures the existence and uni…","581ad0f3-7717-4313-b547-45bea8cdc3f6","formal","inst","Lean Repo","brownian-motion","brownian-motion","","MeasureTheory.isFiniteMeasure_projectiveLimit","","","If a family of finite measures on finite product spaces is projective, then the unique measure it defines on the infinite product space is also finite. This means that when all the finite-dimensional measures have finite total mass and are consistent under projections, the resulting limit measure assigns finite measure to the entire space."
"1","0.8509929776191711","i2f","False","80d1e728-99b4-4417-969d-5e9d5ab3bf6f","informal","lemma","Lean Community","Carleson operators on doubling metric measure spaces","fpvandoorn/carleson","https://florisvandoorn.com/carleson/blueprint.pdf","","5.1.3","forest_complement","For a function f bounded by the indicator of a set F, the integral of the absolute value of the sum of certain operators T_p applied to f over the region G minus G' is controlled by a constant multiple of mu(G) raised to the power 1 minus 1/q times mu(F) raised to the power 1/q, with the constant depending on a and q.","49fc5835-5980-4161-82e9-e255d3f2802b","formal","theorem","Lean Repo","carleson","carleson","","forest_complement_optimized","","","The integral of the magnitude of a function f, transformed by a certain operator and restricted to a set difference G \ G', is bounded above by a constant multiple of the product of the volumes of sets F and G raised to powers involving q. The function f is assumed to be measurable and pointwise bounded by the indicator function of F. The bound de…"
"1","0.8509809970855713","i2f","True","2aab96ed-1841-4ba3-bd1b-678fd06c89f0","informal","definition","Lean Community","Brownian motion project","RemyDegenne/brownian-motion","https://RemyDegenne.github.io/brownian-motion/blueprint.pdf","","2.1.71","MeasureTheory.Approximable","A time index set T is approximable if every stopping time with values in T or infinity can be approximated by a sequence of discrete stopping times.","9d625d98-59bb-403e-a645-fd071efca4ad","formal","class","Lean Repo","brownian-motion","brownian-motion","","MeasureTheory.Approximable","","","A time index type is approximable if, for any stopping time, there exists a sequence of discrete stopping times that converges to it from above almost surely, relative to a given filtration and measure. This means general stopping times can be approximated by simpler, countable-valued ones in a filtered measurable space with a topological and orde…"
"1","0.8509237766265869","i2f","True","2793d1f9-2ae2-49c4-bf00-2debb014ddcc","informal","lemma","Lean Community","Fermat's Last Theorem","ImperialCollegeLondon/FLT","https://ImperialCollegeLondon.github.io/FLT/blueprint.pdf","","2.5","FreyPackage.of_not_FermatLastTheorem_p_ge_5","If Fermat's Last Theorem does not hold for a prime number p that is 5 or larger, then a special kind of mathematical object called a Frey package can be constructed.","10fa244f-8050-435b-90ed-f2b1563fefd3","formal","theorem","Lean Repo","FLT","FLT","","FreyPackage.of_not_FermatLastTheorem_p_ge_5","","","If there are nonzero integers a, b, c and a prime number p greater than or equal to 5 such that a^p + b^p = c^p, then there exists a Frey package associated with this solution."
"1","0.8509034514427185","i2f","True","8ddb5a41-a869-4d81-9575-23bd64bc8b72","informal","lemma","Lean Community","The Polynomial Freiman-Ruzsa Conjecture","teorth/pfr","https://teorth.github.io/pfr/blueprint.pdf","","13.4","KLDiv_eq_zero_iff_identDistrib","If the Kullback-Leibler divergence from X to Y is zero, then Y has the same probability distribution as X.","96d450b1-174e-4d88-87b0-377ec5ddd00c","formal","theorem","Lean Repo","pfr","pfr","","KLDiv_eq_zero_iff_identDistrib","","","The Kullback-Leibler divergence between two probability distributions is zero if and only if the distributions are identical, meaning they assign the same probabilities to all outcomes. This holds when both distributions are over the same finite set, and the functions defining them are measurable. The result connects the idea of zero divergence wi…"
"1","0.8504518270492554","i2f","True","801973cd-0e83-4edc-b7e6-497fa57441fc","informal","lemma","Lean Community","Brownian motion project","RemyDegenne/brownian-motion","https://RemyDegenne.github.io/brownian-motion/blueprint.pdf","","1.6.12","ProbabilityTheory.hasIndepIncrements_brownian","Brownian motion has independent increments, meaning the changes in its value over non-overlapping time intervals are statistically independent.","73af810e-020a-4ed3-a9b1-b5d5e713333d","formal","theorem","Lean Repo","brownian-motion","brownian-motion","","ProbabilityTheory.hasIndepIncrements_brownian","","","The brownian motion process has independent increments under the gaussianLimit probability measure, meaning that the changes in its value over non-overlapping time intervals are statistically independent. This property holds because the process satisfies the conditions of a pre-Brownian motion, which guarantees independent increments. The result i…"
"1","0.8503013253211975","i2f","True","334a43a9-29fc-4fd6-9d25-d8f9240fbcac","informal","lemma","Lean Community","Carleson operators on doubling metric measure spaces","fpvandoorn/carleson","https://florisvandoorn.com/carleson/blueprint.pdf","","10.1.4","cotlar_set_F₁, cotlar_set_F₂","For a bounded measurable function g with finite support, the set of points near x where the operator T_r applied to g is much larger than its average size has small measure; specifically, two exceptional sets within a ball of radius R/4 each have measure no more than a quarter of the ball's total measure.","7d117f93-760b-4fc2-b4b5-e0d7886e2969","formal","theorem","Lean Repo","carleson","carleson","","cotlar_set_F₁","","","For a function g with bounded support and a Calderon-Zygmund operator T_r defined via a two-sided kernel K on a doubling metric measure space, the set of points inside a ball of radius R/4 around x where the absolute value of T_r g is larger than four times its maximal function has measure no more than a quarter of the ball's total measure."
"1","0.8501957058906555","i2f","True","9a352fd6-1afc-4e08-9844-32b4c115bec8","informal","lemma","Lean Community","The Polynomial Freiman-Ruzsa Conjecture","teorth/pfr","https://teorth.github.io/pfr/blueprint.pdf","","6.18","I₃_eq, sum_condMutual_le","The sum of the conditional mutual informations between pairs of variables U, V, and W given S is bounded above by a linear expression involving constants eta, k, and I1. This bound combines a positive term proportional to eta times k and a negative adjustment based on the difference between 2 eta k and I1. The inequality provides a limit on the to…","48485301-ef95-4e43-bfcd-13195e0149f0","formal","theorem","Lean Repo","pfr","pfr","","sum_condMutual_le","","","The sum of three conditional mutual informations involving sums of random variables X1, X2, X1', and X2' is bounded above by an expression involving the parameter η from the reference package, the mutual information I1, and the entropy term d[X1 # X2]. The bound includes a negative term that depends on how much 2 * η * k exceeds I1, scaled by a fa…"
"1","0.8501802086830139","i2f","False","3842bd15-7603-4cd7-8aab-73c2415e986a","informal","definition","Lean Community","Arithmetic Progressions - Almost Periodicity","YaelDillies/apap","https://YaelDillies.github.io/apap/blueprint.pdf","","2.4","largeSpec","The large spectrum of a complex-valued function on a finite abelian group consists of those characters for which the absolute value of the Fourier transform is at least a fixed fraction of the L1 norm of the function.","3a14722c-8c97-4575-8eda-9f5fdb07bfc3","formal","theorem","Lean Repo","apap","apap","","mem_largeSpec","","","A character ψ is in the large spectrum of a function f at threshold η if and only if the absolute value of the Fourier transform of f at ψ is at least η times the L1 norm of f. The function f is defined on a finite abelian group and takes complex values, and the large spectrum collects those additive characters where the Fourier coefficient is rel…"
"1","0.8501484394073486","i2f","False","0af09a69-4abe-430e-956d-ac83a6bae6ca","informal","definition","Lean Community","Fermat's Last Theorem","ImperialCollegeLondon/FLT","https://ImperialCollegeLondon.github.io/FLT/blueprint.pdf","","2.6","FreyPackage.freyCurve","The Frey curve is an elliptic curve over the rational numbers defined by the equation Y squared equals X times (X minus a to the power p) times (X plus b to the power p), where a, b, c, and p form a Frey package.","6858d98a-093e-4020-884b-49fdb6c571eb","formal","instance","Lean Repo","FLT","FLT","","FreyCurve.instIsEllipticRatFreyCurve","","","For any Frey Package P, the elliptic curve defined by P's parameters is an elliptic curve over the rationals. This means the curve Y^2 = X(X - a^p)(X + b^p) has a non-zero discriminant and satisfies the conditions to be an elliptic curve. The instance confirms that this curve always meets the mathematical requirements for being elliptic when P is …"
"1","0.8500940799713135","i2f","True","84270dba-b40a-4ee7-94de-eae4f09f77b1","informal","theorem","Lean Community","The Polynomial Freiman-Ruzsa Conjecture","teorth/pfr","https://teorth.github.io/pfr/blueprint.pdf","","11.10","weak_PFR_int","A large subset of a set in d-dimensional integer space, with small difference set relative to its size, contains a sizable subset that lies in a low-dimensional subspace. The size of this subset is at least a power of the reciprocal of the expansion factor, and its dimension is logarithmically bounded by the expansion factor. The bound on dimensio…","05f5d0d4-acc1-4aca-a112-5dfd85a33dfd","formal","theorem","Lean Repo","pfr","pfr","","weak_PFR_int","","","If a subset A of the integer lattice Z^d has the property that the size of its difference set A-A is at most K times the size of A, then there exists a subset A' of A with size at least K^(-17) times the size of A, and the dimension of the affine span of A' is at most (40 / log 2) * log K."
"1","0.8500624895095825","i2f","True","c30244e1-a332-49f8-88dd-4ec24523e162","informal","definition","Lean Community","Brownian motion project","RemyDegenne/brownian-motion","https://RemyDegenne.github.io/brownian-motion/blueprint.pdf","","1.5.23","nearestPt","pi(x, S) is the point in the finite set S that is closest to the point x, based on the distance function d_E. If multiple points in S are equally close to x, one of them is chosen as pi(x, S). This defines a nearest point in S to x.","20205923-05fa-4b64-a38d-63ded2550f9c","formal","definition","Lean Repo","brownian-motion","brownian-motion","","nearestPt","","","Given a finite set s and a point x, nearestPt returns the point in s that is closest to x based on the distance defined by the EDist structure."
"1","0.8499026298522949","i2f","True","123605e4-10dc-40f1-a899-15f74c4b9fe3","informal","theorem","Lean Community","Sphere Packing in Dimension 8","thefundamentaltheor3m/Sphere-Packing-Lean","https://thefundamentaltheor3m.github.io/Sphere-Packing-Lean/blueprint.pdf","","6.29","dim_gen_cong_levels","The space of weight k modular forms for a congruence subgroup has finite dimension.","af39302c-5404-468b-90fd-59e69316c02e","formal","theorem","Lean Repo","sphere-packing-math-inc","sphere-packing-math-inc","","dim_gen_cong_levels","","","For any integer weight k and any finite-index subgroup Gamma of SL(2, Z), the space of modular forms of weight k with respect to the image of Gamma in SL(2, R) is finite-dimensional over the complex numbers."
"1","0.8497635126113892","i2f","False","19327ed8-2fc7-49ac-9da9-a3bc141c7880","informal","definition","Lean Community","Sphere Packing in Dimension 8","thefundamentaltheor3m/Sphere-Packing-Lean","https://thefundamentaltheor3m.github.io/Sphere-Packing-Lean/blueprint.pdf","","1.10","IsZLattice","A lattice is a subgroup of d-dimensional real space that is discrete and spans the entire space when combined with real number multiples.","c0c84ab8-94fc-4279-a823-f85dd256c2da","formal","definition","Lean Repo","sphere-packing-math-inc","sphere-packing-math-inc","","SchwartzMap.standardLattice","","","The standard lattice in d-dimensional real space is the set of all points where each coordinate is an integer, formed by taking integer linear combinations of the standard basis vectors. It is a subgroup of the Euclidean space R^d under addition. This lattice is represented as a Z-submodule of the real coordinate space with finitely many dimension…"
"1","0.8495182394981384","i2f","False","2e9fc365-735e-4dc6-81d3-cc15170a3da7","informal","lemma","Lean Community","Brownian motion project","RemyDegenne/brownian-motion","https://RemyDegenne.github.io/brownian-motion/blueprint.pdf","","2.2.37","MeasureTheory.IsMeasurableAnalyticFor.isMeasurableAnalytic","If a set s in a space X is measurably analytic with respect to a standard Borel space K, then s is measurably analytic.","c1e5422a-ee29-4933-bb40-91effde6daf8","formal","definition","Lean Repo","brownian-motion","brownian-motion","","MeasureTheory.IsMeasurableAnalyticFor","","","A set s in a measurable space X is called measurably analytic for another measurable space K if s can be obtained as the projection onto X of some measurable set in the product space X × K. This means s is the image of a measurable set under the coordinate projection map. The definition relies on the product measurable space structure to determine…"
"1","0.8492918014526367","i2f","False","4856da6d-0883-4e4b-9e88-5417e7cdd147","informal","definition","Lean Community","Sphere Packing in Dimension 8","thefundamentaltheor3m/Sphere-Packing-Lean","https://thefundamentaltheor3m.github.io/Sphere-Packing-Lean/blueprint.pdf","","6.17","Δ","The discriminant form Delta of z is defined as e raised to the power 2 pi i z, multiplied by the infinite product over n greater than or equal to 1 of the quantity 1 minus e raised to the power 2 pi i n z, all raised to the 24th power.","904afb3c-c196-4092-b465-f7f4833937d5","formal","theorem","Lean Repo","sphere-packing-math-inc","sphere-packing-math-inc","","DiscriminantProductFormula","","","The function Δ evaluated at a complex number z in the upper half-plane equals the exponential of 2 times pi times i times z, multiplied by an infinite product over all positive integers n, where each term is (1 minus the exponential of 2 times pi times i times n times z) raised to the 24th power. This formula expresses the discriminant modular for…"
"1","0.8491734862327576","i2f","True","c503a0d1-c99f-43db-841f-d7759ab16da6","informal","lemma","Lean Community","Fermat's Last Theorem","ImperialCollegeLondon/FLT","https://ImperialCollegeLondon.github.io/FLT/blueprint.pdf","","5.16","QHat.injective_rat","The map that sends each rational number q to the tensor product of q with 1 in the ring Q tensor Z-hat is one-to-one, meaning no two different rational numbers map to the same element. This follows from the fact that the integers embed into their completion and the rationals are a flat module over the integers.","d0555d99-0f08-4cdd-ad17-50521a573644","formal","theorem","Lean Repo","FLT","FLT","","QHat.injective_rat","","","The function QHat.i₁ maps rational numbers into the profinite completion of the rationals (QHat) in such a way that no two different rational numbers are sent to the same element in QHat. This means if two rational numbers have the same image under this map, then they must be the same number. The map preserves the structure of the rationals and en…"
"1","0.8490850925445557","i2f","False","b79c2c51-2da4-4654-a7d5-bdb21cef635c","informal","theorem","Lean Community","The sphere eversion project","leanprover-community/sphere-eversion","https://leanprover-community.github.io/sphere-eversion/blueprint.pdf","","3.28","sphere_eversion","There is a continuous way to turn a sphere inside out in three-dimensional space, transforming the standard embedding into the map that sends each point to its opposite, without creating any creases or sharp edges during the process.","c1e7a04c-0dd1-4d95-af49-2f42c9d6b45a","formal","theorem","Lean Repo","sphere-eversion","sphere-eversion","","Smale","","","There exists a smooth family of maps f from the 2-dimensional plane to 3-dimensional space, parameterized by time t between 0 and 1, such that at each time the map is an immersion, at time 0 it is the identity map, and at time 1 it is the antipodal map (reversing direction). This means a sphere can be smoothly turned inside out in 3D space without…"
"1","0.8490532040596008","i2f","True","a6350101-2b0c-4ad5-a503-7e7e744b8071","informal","lemma","Lean Community","Brownian motion project","RemyDegenne/brownian-motion","https://RemyDegenne.github.io/brownian-motion/blueprint.pdf","","2.3.42","MeasureTheory.Martingale.classDL","Every right-continuous martingale with left limits is of class DL.","d0513545-5c23-469d-9770-311d86657a23","formal","theorem","Lean Repo","brownian-motion","brownian-motion","","MeasureTheory.Martingale.classDL","","","If a stochastic process is a martingale and has paths that are right-continuous, then it satisfies the class DL condition, meaning that for any fixed time, the set of its values up to that time, when stopped at random times, is uniformly integrable."
"1","0.8489892482757568","i2f","False","e07bfb14-ce92-41b6-b99b-51586b8d5ddb","informal","lemma","Lean Community","Brownian motion project","RemyDegenne/brownian-motion","https://RemyDegenne.github.io/brownian-motion/blueprint.pdf","","1.5.64","ProbabilityTheory.lintegral_sup_rpow_edist_le_of_minimal_cover_of_le_one","Let X be a stochastic process satisfying the Kolmogorov continuity condition with exponents p and q and constant M, over a parameter space T that has bounded internal covering numbers with constant c1 and dimension d. Given a sequence of optimal epsilon nets covering T, the expected maximum p-th power distance between process values at points in t…","484fb72c-23fe-4eff-ac07-0f20d761246c","formal","theorem","Lean Repo","brownian-motion","brownian-motion","","ProbabilityTheory.lintegral_sup_rpow_edist_le_of_minimal_cover_two_of_le_one","","","For a stochastic process satisfying a Kolmogorov condition and a set with bounded covering numbers, the expected maximum distance raised to power p between process values at a point and along a chaining sequence is bounded by a constant multiple of a term involving the scale parameter, the process constants, and the difference between exponents q …"
"1","0.8487794399261475","i2f","False","b483c0e4-a718-4355-bd2e-7f892211fcaa","informal","definition","Lean Community","Brownian motion project","RemyDegenne/brownian-motion","https://RemyDegenne.github.io/brownian-motion/blueprint.pdf","","1.4.2","MeasureTheory.IsProjectiveLimit","A measure on the space of all functions from T to E is the projective limit of a family of measures if, for each finite subset I of T, pushing forward the measure onto the space of functions from I to E gives the corresponding measure in the family. This means the measure is consistent with all finite-dimensional projections specified by the famil…","1cd933c3-afd5-4fa6-add4-79788f1d9ed4","formal","theorem","Lean Repo","brownian-motion","brownian-motion","","MeasureTheory.IsProjectiveLimit.hasLaw_restrict","","","If a measure μ is a projective limit of a family of measures P indexed by finite subsets of ι, then for any finite subset I, the projection of μ onto the coordinates in I gives exactly the measure P I. In other words, restricting the infinite-dimensional measure μ to a finite set of indices I results in the measure assigned by P to I. This ensures…"
"1","0.8486695289611816","i2f","True","d353c8fe-1e0a-4e06-a769-7dc0e1aad7b4","informal","definition","Lean Community","Class Field Theory","kbuzzard/ClassFieldTheory","https://kbuzzard.github.io/ClassFieldTheory/blueprint.pdf","","66","Rep.split.FiniteClassFormation","A finite class formation is a representation M of a finite group G over a torsion-free commutative ring R, such that the first cohomology of every subgroup S of G with coefficients in M vanishes, and the second cohomology is isomorphic to R modulo |S| times R; a fundamental class is a generator of the second cohomology group of G with coefficients…","4d684159-c3bb-4802-909b-bdfcb166e134","formal","class","Lean Repo","ClassFieldTheory","ClassFieldTheory","","Rep.split.FiniteClassFormation","","","A finite class formation is a property of a group action on a module M over a ring R, where for every subgroup H of G, the first cohomology group of H with coefficients in M is trivial, and the second cohomology group is isomorphic to the quotient ring R/|H|R, with the isomorphism mapping the restriction of a fixed cohomology class σ to the genera…"
"1","0.8485269546508789","i2f","False","1533852d-4e1e-462f-a6a1-80a6e0e7cc02","informal","lemma","Lean Community","The sphere eversion project","leanprover-community/sphere-eversion","https://leanprover-community.github.io/sphere-eversion/blueprint.pdf","","3.4","nice_atlas","There is a finite number N and a collection of smooth maps from the product of an index set with the normed space E into the manifold M, such that each map embeds an open region into one of the covering sets Vj, the images of these maps form a locally finite family, and the images of the open unit balls under these maps cover the entire manifold.","09cf1f73-3427-47d6-8f7e-11ffd31ecc47","formal","theorem","Lean Repo","sphere-eversion","sphere-eversion","","nice_atlas_target","","","There exists a natural number n and a family of maps psi indexed by n such that the images of the unit balls under these maps cover the entire manifold M', each map is well-behaved with respect to the manifold structure, and the collection of these images forms a locally finite cover. The manifold M' is finite-dimensional, boundaryless, and has a …"
"1","0.8485122919082642","i2f","True","f8cfdc61-16dc-4643-b599-a38374646d4c","informal","lemma","Lean Community","Brownian motion project","RemyDegenne/brownian-motion","https://RemyDegenne.github.io/brownian-motion/blueprint.pdf","","2.2.50","MeasureTheory.IsPavingAnalytic.nullMeasurableSet","An analytic set in a measurable space is universally measurable, meaning it can be measured with zero error under any finite measure on that space.","9b234aaa-9802-445b-befc-8ebce2c84a17","formal","theorem","Lean Repo","brownian-motion","brownian-motion","","MeasureTheory.IsPavingAnalytic.nullMeasurableSet","","","Any analytic set can be measured in a consistent way with respect to every finite measure, meaning it behaves well enough to assign a meaningful size or probability even when the measure is completed."
"1","0.8485047221183777","i2f","False","8bdec393-9290-4704-b3e8-3aa7aa5e3a10","informal","theorem","Lean Community","Fermat's Last Theorem for regular primes","leanprover-community/flt-regular","https://github.com/leanprover-community/flt-regular","","3.4","IsCyclotomicExtension.Rat.isIntegralClosure_adjoin_singleton_of_prime_pow","The ring of integers of the field generated by a primitive p-th root of unity, for an odd prime p, is equal to the set of polynomials in that root with integer coefficients, and also equal to the set of polynomials in 1 minus that root with integer coefficients.","ce3f3863-be23-437f-a09d-62694b497422","formal","definition","Lean Repo","flt-regular","flt-regular","","CyclotomicIntegers.equiv","","","For a prime number p, the ring formed by adding a primitive p-th root of unity to the integers is algebraically equivalent to the ring of integers in the p-th cyclotomic field over the rationals. This means the elements in both rings behave the same way under addition and multiplication. The equivalence shows that adjoining a root of unity directl…"
"1","0.8483822345733643","i2f","False","49e8a3ff-ff41-4021-986a-c0db199af38e","informal","lemma","Lean Community","Brownian motion project","RemyDegenne/brownian-motion","https://RemyDegenne.github.io/brownian-motion/blueprint.pdf","","2.1.58","MeasureTheory.UniformIntegrable.comp","If a family of random variables is uniformly integrable and you reindex it using any function, the new family remains uniformly integrable.","a27ae785-6fe9-467b-b1e7-7d584cf2b188","formal","theorem","Lean Repo","brownian-motion","brownian-motion","","MeasureTheory.UnifIntegrable.comp","","","If a family of functions is uniformly integrable, then composing each function in the family with another function preserves uniform integrability."
"1","0.848301351070404","i2f","True","35dcf25e-9651-4cd3-b1cd-03db65f7293e","informal","lemma","Lean Community","The Polynomial Freiman-Ruzsa Conjecture","teorth/pfr","https://teorth.github.io/pfr/blueprint.pdf","","11.6","single_fibres","There exist elements x and y in the group H such that the preimages of x and y under the homomorphism phi intersect the sets A and B nontrivially, and a weighted combination of the divergence between uniform distributions on these preimages and a logarithmic term involving their sizes is bounded by the sum of the entropies of the images of A and B…","139cbd4e-e3ad-4043-806f-052d26f361ed","formal","theorem","Lean Repo","pfr","pfr","","single_fibres","","","For a group homomorphism phi from G to H and finite subsets A, B of G, there exist elements x, y in H such that the fibers A_x = A intersect phi^-1(x) and B_y = B intersect phi^-1(y) are non-empty, and a certain inequality holds relating the sizes of A, B, A_x, B_y, the entropy of the images of uniform random variables on A and B under phi, and th…"
"1","0.8482005596160889","i2f","False","2ce8ab6a-2140-48e5-945a-9180d2a02eda","informal","definition","Lean Community","Brownian motion project","RemyDegenne/brownian-motion","https://RemyDegenne.github.io/brownian-motion/blueprint.pdf","","1.6.16","ProbabilityTheory.wienerMeasure","The Wiener measure is a probability measure on the space of continuous real-valued functions defined on the non-negative real numbers, constructed by transforming an auxiliary Wiener measure through a measurable mapping that preserves the structure of continuous paths.","4d08693f-5997-4129-a8e2-0fde079b5f86","formal","definition","Lean Repo","brownian-motion","brownian-motion","","ProbabilityTheory.wienerMeasureAux","","","wienerMeasureAux is a measure defined on the space of continuous functions from non-negative real numbers to real numbers, constructed by restricting the gaussianLimit measure to only those paths that are continuous. It uses the fact that almost all paths of Brownian motion are continuous, and thus the measure is supported on this subset. This giv…"
"1","0.8481563925743103","i2f","True","71d7a451-8501-470e-ae27-ceb328405afc","informal","lemma","Lean Community","Fermat's Last Theorem for regular primes","leanprover-community/flt-regular","https://github.com/leanprover-community/flt-regular","","4.2","exists_int_sub_pow_prime_dvd","If p is a prime number and alpha is an element in the ring of integers extended by a p-th root of unity, then raising alpha to the p-th power gives a result that is congruent to some integer modulo p.","0c2bb886-3a04-40ca-9ffb-ebd183dddcbe","formal","theorem","Lean Repo","flt-regular","flt-regular","","exists_int_sub_pow_prime_dvd","","","For any element a in a ring extension A of the integers that includes a primitive p-th root of unity, where p is a prime number, there exists an integer m such that a raised to the p-th power minus m is divisible by p in the ring A."
"1","0.8481293320655823","i2f","False","987c6f41-425f-435e-b3a8-5c6e41b848e3","informal","definition","Lean Community","The sphere eversion project","leanprover-community/sphere-eversion","https://leanprover-community.github.io/sphere-eversion/blueprint.pdf","","3.23","RelMfld.Ample","A relation R is ample if, for every element sigma = (x, y, phi) in R and every pair (lambda, v), the slice of R defined by sigma, lambda, and v is ample in the tangent space at y.","8136e5b6-b7c0-46a4-a18c-2c43352b96ec","formal","theorem","Lean Repo","sphere-eversion","sphere-eversion","","RelMfld.ample_iff","","","A differential relation R is ample if and only if, for every one-jet σ in R and every dual pair p, the slice of R at σ with respect to p has the property that the convex hull of each connected component of the slice is the entire tangent space."
"1","0.8478580713272095","i2f","False","906e0c4e-08a3-4829-b81c-e034cb8dfbf4","informal","lemma","Lean Community","Carleson operators on doubling metric measure spaces","fpvandoorn/carleson","https://florisvandoorn.com/carleson/blueprint.pdf","","11.7.12","real_van_der_Corput","For a complex-valued function defined on a ball of radius R centered at a real number x, if the function has bounded Lipschitz norm on that ball, then the integral of the function multiplied by an oscillatory exponential term is bounded by a constant multiple of the measure of the ball and the Lipschitz norm, divided by one plus the distance betwe…","a7446743-0567-4aa9-bffd-21a18f210870","formal","theorem","Lean Repo","carleson","carleson","","enorm_integral_exp_le","","","The integral of a complex exponential function multiplied by a compactly supported function φ over a ball in a space with a doubling measure is bounded by a constant multiple of the volume of the ball, the inhomogeneous Lipschitz norm of φ, and a term involving the distance between two functions raised to a negative power. The bound depends on the…"
"1","0.847827672958374","i2f","True","a15c18b2-b385-4778-a385-0c409810ea19","informal","definition","Lean Community","The sphere eversion project","leanprover-community/sphere-eversion","https://leanprover-community.github.io/sphere-eversion/blueprint.pdf","","3.12","oneJetExt","The 1-jet of a smooth map between two manifolds records the point in the domain, the image of that point, and the tangent map at that point. It captures the first-order behavior of the function locally. This data is packaged as a single object in the 1-jet space.","4a5ebb65-553e-46e4-bba7-2dba3841ba15","formal","definition","Lean Repo","sphere-eversion","sphere-eversion","","oneJetExt","","","The oneJetExt function takes a map between two smooth manifolds and produces a new function that assigns to each point the corresponding one-jet of the map, which captures the value of the function and its derivative at that point, packaged in the one-jet bundle."
"1","0.8475162982940674","i2f","False","6019034c-46f7-424d-b4f2-4d2b5fbbdfd8","informal","theorem","Lean Community","Fermat's Last Theorem","ImperialCollegeLondon/FLT","https://ImperialCollegeLondon.github.io/FLT/blueprint.pdf","","9.48","NumberField.AdeleRing.instIsModuleTopology","If there is a ring homomorphism between two number fields K and L, then the topology on the adele ring of L is the same as the topology induced by its structure as a module over the adele ring of K, coming from the natural inclusion of the adeles of K into the adeles of L.","37dbb436-0650-4d20-a202-49aa8e81dc2e","formal","definition","Lean Repo","FLT","FLT","","NumberField.AdeleRing.baseChange","","","There is a natural map from the adele ring of a number field K to the adele ring of another number field L, when L is an extension of K; this map respects the algebra structure given by the inclusion of K into L and is continuous with respect to the adele topologies."
"1","0.8474407196044922","i2f","True","f9dd0b89-b1e6-420a-9e59-522539ed49f6","informal","proposition","Lean Community","The Polynomial Freiman-Ruzsa Conjecture","teorth/pfr","https://teorth.github.io/pfr/blueprint.pdf","","12.21","multidist_eq_zero","If the multidistribution of a tuple of random variables is zero, then for each variable in the tuple, there exists a finite subgroup of the group G such that the distance between that variable and the uniform distribution over the subgroup is zero.","1f9522df-0205-41c6-9375-d973d1317b8b","formal","theorem","Lean Repo","pfr","pfr","","multidist_eq_zero","","","If the multidimensional Ruzsa distance D[X] is zero, then for each random variable X_i in the tuple, there exists a finite subgroup H_i of the group G such that X_i is uniformly distributed on H_i and the Ruzsa distance between X_i and the uniform distribution on H_i is zero."
"1","0.8474136590957642","i2f","True","d61d35cd-03d5-433c-8e60-d14adededdfe","informal","proposition","Lean Community","Toric varieties","YaelDillies/toric","https://YaelDillies.github.io/toric/blueprint.pdf","","4.3.6","AlgebraicGeometry.Scheme.cocharDiag","For a domain R and a commutative group G, the cocharacter lattice of the diagonalisable group scheme Spec R[G] consists of all group homomorphisms from G to the integers.","3a0609bb-5446-4257-b785-e9b7b4d9338e","formal","definition","Lean Repo","toric","toric","","AlgebraicGeometry.Scheme.cocharDiag","","","The cocharacters of a diagonal group scheme over a domain R are naturally equivalent to group homomorphisms from the given group G to the integers ℤ. This equivalence holds for the spectrum of R and is expressed as an additive isomorphism. The result reflects a duality between characters and cocharacters in the context of toric geometry."
"1","0.8472045660018921","i2f","True","fb7a2a87-c44e-4897-a546-48985ca6d9aa","informal","corollary","Lean Community","The Polynomial Freiman-Ruzsa Conjecture","teorth/pfr","https://teorth.github.io/pfr/blueprint.pdf","","4.6","exists_isUniform_of_rdist_eq_zero","If two random variables taking values in a group G have zero distance between them, then there is a subgroup H of G such that both variables are uniformly distributed on H.","82eff034-e9a7-44a6-80ef-6dff49ff2846","formal","theorem","Lean Repo","pfr","pfr","","exists_isUniform_of_rdist_eq_zero","","","If the Ruzsa distance between two random variables X and X' is zero, then there exists a subgroup H of G and a random variable U uniformly distributed over H such that both X and X' have zero Ruzsa distance from U."
"1","0.8471164703369141","i2f","False","11dd5cca-8369-4ec2-9030-8310184ad88a","informal","lemma","Lean Community","Carleson operators on doubling metric measure spaces","fpvandoorn/carleson","https://florisvandoorn.com/carleson/blueprint.pdf","","10.2.4","ball_covering","In an open set that is not the entire space, it is possible to find a countable collection of non overlapping balls such that their triples cover the open set, each septuple of a ball meets the complement of the set, and no point in the set is covered by more than a fixed number of tripled balls, where the bound depends on the doubling constant of…","404fce18-8fc5-4c68-92c5-d4341525af44","formal","theorem","Lean Repo","carleson","carleson","","ball_covering'","","","In a doubling metric measure space, every nonempty open set O (not the whole space) can be covered by a countable collection of disjoint balls such that the balls of 3 times the radius cover O, each ball of 7 times the radius meets the complement of O, and every point in O is contained in at most 2^(6a) of the 3x radius balls."
"1","0.8466190099716187","i2f","True","fae596a8-19d6-4d77-9654-5c924dc5a4c7","informal","lemma","Lean Community","Brownian motion project","RemyDegenne/brownian-motion","https://RemyDegenne.github.io/brownian-motion/blueprint.pdf","","2.3.56","ProbabilityTheory.sup_stoppedProcess_leastGE_le","For a stochastic process X stopped at the first time its norm reaches or exceeds n, the maximum value of the stopped process up to time t is at most n plus the value of X at the stopping time if the stop has occurred by time t.","c39ed2dc-81ad-4f18-8a76-6191cdb16829","formal","theorem","Lean Repo","brownian-motion","brownian-motion","","ProbabilityTheory.sup_stoppedProcess_leastGE_le","","","The supremum of the norm of a stopped process up to time t is bounded above by K plus the indicator function of the event that the stopping time is less than or equal to t, multiplied by the norm of the process value at the stopping time. The stopping time is defined as the first time the norm of the process reaches or exceeds K. This result gives…"
"1","0.8465094566345215","i2f","True","be314cc6-f4e6-4d32-9c7b-f5a2928c07d4","informal","lemma","Lean Community","Brownian motion project","RemyDegenne/brownian-motion","https://RemyDegenne.github.io/brownian-motion/blueprint.pdf","","2.2.51","MeasureTheory.IsMeasurableAnalytic.nullMeasurableSet","A measurably analytic set in a measurable space is universally measurable, meaning it is measurable with respect to every finite measure on that space.","b222d623-47e0-4896-9e31-252faca3303c","formal","theorem","Lean Repo","brownian-motion","brownian-motion","","MeasureTheory.IsMeasurableAnalytic.nullMeasurableSet","","","Any analytic set can be measured in a meaningful way with respect to every finite measure, meaning it has a well-defined size or probability when the measure is completed. This holds in any measurable space where the set arises as the projection of a measurable set from a product space involving the real numbers."
"1","0.8463883399963379","i2f","False","9457feee-e89e-4708-873f-d597c0a89722","informal","definition","Lean Community","Class Field Theory","kbuzzard/ClassFieldTheory","https://kbuzzard.github.io/ClassFieldTheory/blueprint.pdf","","25","Representation.coind₁, Rep.coind₁, Rep.ind₁","For a group G, a commutative ring R, and an R-module A, the coinduced representation consists of all functions from G to A with the group action defined by shifting the input via right multiplication, while the induced representation is defined similarly but only on finitely supported functions. These constructions give functors from the category …","47b6e539-b9c4-47e7-97c1-5b8dfe5e6c22","formal","definition","Lean Repo","ClassFieldTheory","ClassFieldTheory","","Representation.coind₁'","","","Given a group G, a ring R, and a module V over R with a group action defined by a representation ρ, the coinduced representation acts on functions from G to V by transforming a function f according to (g f)(x) = ρ(g)(f(x * g)). This defines a new representation of G on the space of functions from G to V. The construction uses the original group ac…"
"1","0.8463869094848633","i2f","False","49488d02-62b7-4eba-85f7-ca7b01b16f2b","informal","lemma","Lean Community","Brownian motion project","RemyDegenne/brownian-motion","https://RemyDegenne.github.io/brownian-motion/blueprint.pdf","","1.1.10","ProbabilityTheory.covarianceBilin_map","The covariance bilinear form of the pushforward measure L applied to mu is equal to the original covariance bilinear form evaluated on the adjoint of L applied to the vectors u and v. This holds when E and F are Hilbert spaces, F is finite dimensional, mu is a finite measure with finite second moment, and L is a continuous linear map. The adjoint …","b758a0a7-0567-413f-a1a4-a7a421e9c4fa","formal","theorem","Lean Repo","brownian-motion","brownian-motion","","ProbabilityTheory.covMatrix_map","","","The covariance matrix of a pushforward measure, obtained by applying a continuous linear map L between finite-dimensional real inner product spaces, can be computed using the adjoint of L and the original covariance matrix; specifically, each entry of the new covariance matrix is given by a bilinear expression involving the adjoint of L applied to…"
"1","0.8463436365127563","i2f","False","d8493ece-3634-4c07-a69b-e432bc8d3eec","informal","lemma","Lean Community","The sphere eversion project","leanprover-community/sphere-eversion","https://leanprover-community.github.io/sphere-eversion/blueprint.pdf","","5.6","inductive_htpy_construction","Given a topological space X and a set Y, if certain local conditions hold for functions from X to Y and for homotopies from R x X to Y, and if one can extend solutions step by step over a locally finite cover of X, then there exists a homotopy starting at a given function f0 such that all intermediate maps satisfy the initial local condition, the …","4f1af268-b19a-4d53-af86-51b6804d297b","formal","theorem","Lean Repo","sphere-eversion","sphere-eversion","","inductive_htpy_construction'","","","Given a topological space X and a type Y, along with a locally finite cover U and a covering family K of X, if we have initial conditions satisfying properties P0 and P2, and an inductive step that allows extending a function f satisfying P0 and eventual P1 on parts of the cover to a homotopy F that preserves P0 throughout and achieves P1 on large…"
"1","0.8460165858268738","i2f","False","820da3f4-c08e-4dc4-a1de-4480cdf22aca","informal","theorem","Lean Community","The Polynomial Freiman-Ruzsa Conjecture","teorth/pfr","https://teorth.github.io/pfr/blueprint.pdf","","9.3","homomorphism_pfr","If a function f between two groups has the property that the set of its errors in satisfying the homomorphism condition is small, then f is close to an actual homomorphism, in the sense that the values of f differ from those of the homomorphism on at most a power of the number of errors.","f5c87f28-67fc-42a0-a1ab-a5c9a6a2fdfb","formal","theorem","Lean Repo","pfr","pfr","","approx_hom_pfr'","","","If a function between two finite abelian groups roughly preserves addition on a large fraction of pairs, then it is very close to a true group homomorphism on a large fraction of individual elements, with the closeness depending on the size of the group and the quality of the approximation."
"1","0.845872700214386","i2f","False","5e79b126-b0ff-42cc-8791-a6dd11c7eaa6","informal","lemma","Lean Community","Brownian motion project","RemyDegenne/brownian-motion","https://RemyDegenne.github.io/brownian-motion/blueprint.pdf","","1.5.58","ProbabilityTheory.lintegral_sup_rpow_edist_le_sum_rpow","The expected value of the p-th power of the maximum distance between process values at points in a finite cover and a reference point is bounded by the p-th power of the sum of the p-th roots of expected maximum distances along a chaining sequence. This result quantifies how the variability of a stochastic process over a net can be controlled by s…","f9f21214-66ad-407f-845b-8ab001fa3dc7","formal","theorem","Lean Repo","brownian-motion","brownian-motion","","ProbabilityTheory.lintegral_sup_rpow_edist_le_sum_of_le_one","","","For a stochastic process satisfying a Kolmogorov-type condition with exponent q and constant M, the expected value of the supremum of the p-th power of distances between process values at points and their approximations through a chaining sequence is bounded above by a sum involving the sizes of finite covers and the radii of those covers raised t…"
"1","0.8456992506980896","i2f","False","86f80163-9b2b-4f99-a3b1-397d27a71f8f","informal","corollary","Lean Community","The Polynomial Freiman-Ruzsa Conjecture","teorth/pfr","https://teorth.github.io/pfr/blueprint.pdf","","13.40","better_PFR_conjecture_aux","If the sumset of a set A is at most K times the size of A, then A is contained in a union of cosets of a subgroup H, where the number of cosets is bounded in terms of K and the size of A, and the size of H relative to A is also bounded by powers of K.","883434d0-184d-4322-92f2-3759d74b7a6d","formal","theorem","Lean Repo","pfr","pfr","","PFR_conjecture","","","If a nonempty set A in a finite abelian group where every element added to itself gives zero has at most K times as many elements in its sum set (A+A) as in A, then A can be covered by fewer than 2*K^12 cosets of some subgroup, and that subgroup has size at most the size of A."
"1","0.845492959022522","i2f","True","872dbfb0-e308-45f4-9c8e-b054c43767ce","informal","corollary","Lean Community","Class Field Theory","kbuzzard/ClassFieldTheory","https://kbuzzard.github.io/ClassFieldTheory/blueprint.pdf","","36","Rep.dimensionShift.δ_up_zero_epi, Rep.dimensionShift.δ_up_isIso, Rep.dimensionShift.δUpIso, Rep.dimensionShift.epi_δ_up_zero_res, Rep.dimensionShift.isIso_δ_up_res, Rep.dimensionShift.δUpResIso, Rep.dimensionShift.δUpNatIso","For any subgroup S of G and integer n at least 1, the connecting map in cohomology from H^n(S, up(M)) to H^(n+1)(S, M) is an isomorphism, and the map from H^0(S, up(M)) to H^1(S, M) is surjective. This isomorphism is natural, meaning it respects morphisms between representations, so the cohomology transformation commutes with maps induced by repre…","5ed7c3d9-d47a-43e3-84f4-bfede2a378c7","formal","theorem","Lean Repo","ClassFieldTheory","ClassFieldTheory","","Rep.dimensionShift.isIso_δ_up_res","","","If S is a subgroup of G and M is a G-module, then the connecting homomorphism from the (n+1)th cohomology of S with coefficients in the restricted induced module to the (n+2)th cohomology of S with coefficients in the restricted module is an isomorphism, provided n is a positive natural number and the inclusion of S in G is injective."
"1","0.8454806804656982","i2f","True","2a194a3f-f701-4a0c-a8af-27b0d72b2ae4","informal","lemma","Lean Community","Brownian motion project","RemyDegenne/brownian-motion","https://RemyDegenne.github.io/brownian-motion/blueprint.pdf","","2.3.27","ProbabilityTheory.Martingale.IsLocalMartingale","Every right-continuous martingale with left limits is a local martingale.","e0eb75f9-df94-40e7-bc70-f7c755883977","formal","theorem","Lean Repo","brownian-motion","brownian-motion","","ProbabilityTheory.Martingale.IsLocalMartingale","","","If a stochastic process is a martingale and almost every sample path is right-continuous with left limits (cadlag), then the process is a local martingale. This means that by stopping the process at certain increasing random times, it behaves like a martingale up to each of those times. The result holds for processes taking values in a complete no…"
"1","0.8452435731887817","i2f","True","d272cf6f-3271-4d1b-825b-d877e1766513","informal","lemma","Lean Community","Brownian motion project","RemyDegenne/brownian-motion","https://RemyDegenne.github.io/brownian-motion/blueprint.pdf","","1.6.6","ProbabilityTheory.isGaussianProcess_brownian","Brownian motion is a type of random process where every finite collection of its values has a multivariate normal distribution.","67838fc4-48b1-425e-92c5-8783447c70cc","formal","theorem","Lean Repo","brownian-motion","brownian-motion","","ProbabilityTheory.isGaussianProcess_brownian","","","The brownian motion process, under the gaussianLimit probability measure, has the property that its values at any finite collection of time points follow a multivariate normal (Gaussian) distribution. This means the entire process is a Gaussian process because all its finite-dimensional distributions are Gaussian. The result follows from the fact …"
"1","0.845085084438324","i2f","False","da77afaf-a110-4ed2-a3d8-c7ed16de663f","informal","lemma","Lean Community","Brownian motion project","RemyDegenne/brownian-motion","https://RemyDegenne.github.io/brownian-motion/blueprint.pdf","","2.1.63","MeasureTheory.tendstoInMeasure_iff_tendsto_Lp_finite","A sequence of functions converges in the L1 norm if and only if it converges in probability and the sequence is uniformly integrable.","98b0f709-009a-4067-86ab-bf4cb03b002a","formal","theorem","Lean Repo","brownian-motion","brownian-motion","","komlos_L1","","","If a sequence of functions is uniformly integrable in the L1 sense, then there exists a sequence of convex combinations of the original functions and a limiting function such that the L1 norm of the difference between these combinations and the limit tends to zero as the index increases."
"1","0.844981849193573","i2f","False","403409bd-37ef-4226-99bd-96ccfb31e03b","informal","lemma","Lean Community","Fermat's Last Theorem","ImperialCollegeLondon/FLT","https://ImperialCollegeLondon.github.io/FLT/blueprint.pdf","","5.3","ZHat.nontrivial","In the ring of profinite integers, 0 and 1 are not equal because when evaluated modulo 2, they give different results: 0 and 1 respectively in the integers modulo 2.","8a182b2f-5bd1-474e-8a4b-70d4706c1d2f","formal","theorem","Lean Repo","FLT","FLT","","ZHat.zeroNeOne","","","In the profinite completion of the integers, 0 and 1 are not the same; this means the number zero does not equal the number one in this extended number system."
"1","0.8443341255187988","i2f","True","85ebfef2-030f-4eda-9407-829f54cb9885","informal","lemma","Lean Community","The sphere eversion project","leanprover-community/sphere-eversion","https://leanprover-community.github.io/sphere-eversion/blueprint.pdf","","3.24","RelMfld.Ample.localize","The relation induced by a smooth open embedding between manifolds preserves ampleness because each slice of the induced relation is the image of an ample slice under a linear isomorphism.","88194fa2-ccb1-4a3b-a537-0179b5d30d3f","formal","theorem","Lean Repo","sphere-eversion","sphere-eversion","","RelMfld.Ample.localize","","","If a differential relation is ample, then its restriction to open subsets via smooth embeddings remains ample."
"1","0.8442399501800537","i2f","False","d9881244-3349-4606-b2d5-e2f4fc37de52","informal","definition","Lean Community","Brownian motion project","RemyDegenne/brownian-motion","https://RemyDegenne.github.io/brownian-motion/blueprint.pdf","","1.3.31","ProbabilityTheory.IsGaussianProcess","A process is Gaussian if, for any finite collection of time points, the corresponding random values follow a multivariate normal distribution. This means all finite-dimensional distributions of the process are Gaussian.","d3e08449-1067-4c02-baa1-cdce4f37c296","formal","theorem","Lean Repo","brownian-motion","brownian-motion","","ProbabilityTheory.HasIndepIncrements.isGaussianProcess","","","If a stochastic process starts at zero, has independent increments, and each of its values at fixed times follows a Gaussian distribution, then the process is Gaussian, meaning all its finite collections of values have joint Gaussian distributions."
"1","0.8442335724830627","i2f","False","3246a8a9-6ab8-4e25-880f-fc854f75501d","informal","definition","Lean Community","Gibbs Measures","YaelDillies/gibbs-measure","https://YaelDillies.github.io/gibbs-measure/blueprint.pdf","","1.8","ProbabilityTheory.condExpKernel, ProbabilityTheory.Kernel.IsCondExp","A conditional expectation kernel for a measure mu is a function that gives the probability of an event A given a sub-sigma-algebra B, matching the conditional probability of A given B almost everywhere with respect to mu. It acts as a regular version of the conditional probability.","90113778-cf90-4a8c-aedf-7939f180dfe0","formal","theorem","Lean Repo","gibbs-measure","gibbs-measure","","ProbabilityTheory.Kernel.isCondExp_iff","","","A kernel π is the conditional expectation of a measure μ with respect to a sub-sigma-algebra 𝓑 if and only if, for every measurable set A, the conditional expectation of the indicator function of A given 𝓑 equals almost everywhere the real-valued function that maps each point a to the measure of A under the kernel π evaluated at a."
"1","0.8439115285873413","i2f","True","388f7310-4590-47b5-b0de-2c28a8558cfd","informal","lemma","Lean Community","Fermat's Last Theorem","ImperialCollegeLondon/FLT","https://ImperialCollegeLondon.github.io/FLT/blueprint.pdf","","5.21","QHat.unitsrat_join_unitszHat","Every nonzero rational number combined with a unit in the profinite completion of the integers can represent any unit in the profinite completion of the rationals. Specifically, each unit in the profinite rationals is a product of a nonzero rational number and a unit from the profinite integers.","6ffe31cd-6af0-4a2d-b48e-6ac80a237c48","formal","theorem","Lean Repo","FLT","FLT","","QHat.unitsrat_join_unitszHat","","","The subgroup of units in QHat coming from nonzero rational numbers, together with the subgroup coming from invertible profinite integers, generate the entire unit group of QHat. In other words, every unit in QHat can be expressed as a product of an element from the rational units and an element from the profinite integer units. This means the two …"
"1","0.8437495827674866","i2f","False","5c0fea7f-4402-46d6-8ec7-28d001d7d0fb","informal","corollary","Lean Community","Fermat's Last Theorem","ImperialCollegeLondon/FLT","https://ImperialCollegeLondon.github.io/FLT/blueprint.pdf","","2.10","Wiles_Taylor_Wiles","There are no positive whole numbers a, b, c and natural number n greater than or equal to 3 that satisfy the equation a to the power of n plus b to the power of n equals c to the power of n.","c96e9790-3a50-45c1-83ce-37318b71e947","formal","theorem","Lean Repo","FLT","FLT","","PNat.pow_add_pow_ne_pow_of_FermatLastTheorem","","","Fermat's Last Theorem for natural numbers implies that no three positive integers a, b, and c can satisfy the equation a^n + b^n = c^n for any integer n greater than 2."
"1","0.8436990976333618","i2f","False","127af732-9864-4a37-986d-14022097bdfa","informal","theorem","Lean Community","Brownian motion project","RemyDegenne/brownian-motion","https://RemyDegenne.github.io/brownian-motion/blueprint.pdf","","1.5.69","ProbabilityTheory.finite_set_bound_of_edist_le_of_diam_le","If T is a finite set with a bounded internal covering number and X is a stochastic process on T satisfying a Kolmogorov continuity condition with exponents p and q where q exceeds the dimension d of the space, then the expected maximum p-th power distance between values of the process at points within distance delta is bounded by a constant multip…","2e3e044b-c5e5-428f-bcde-cdca37681c3b","formal","theorem","Lean Repo","brownian-motion","brownian-motion","","ProbabilityTheory.lintegral_sup_rpow_edist_cover_rescale","","","For a stochastic process satisfying the Kolmogorov continuity condition, the expected maximum p-th power of distances between points in a discretized covering sequence is bounded by a constant multiple of the covering number at scale δ, involving powers of δ and logarithmic terms, under given bounds on the scales and finiteness of the index set."
"1","0.8434156179428101","i2f","False","8f8dd04f-fe95-4ac5-81c6-232a61451509","informal","definition","Lean Community","The Polynomial Freiman-Ruzsa Conjecture","teorth/pfr","https://teorth.github.io/pfr/blueprint.pdf","","4.1","symmGroup","The symmetry group of a G-valued random variable X consists of all elements h in G such that shifting X by h does not change its probability distribution.","65afdadd-9b48-43bf-a511-8cd86c98d28e","formal","theorem","Lean Repo","pfr","pfr","","sub_mem_symmGroup","","","If a random variable X takes values in a finite additive group G and has the same distribution as itself (i.e., its distribution is unchanged under the given measure), and if two elements x and y in G both have positive probability of occurring, then their difference x - y belongs to the symmetry group of X, meaning shifting by x - y preserves the…"
"1","0.8433544039726257","i2f","False","671041ce-7b11-4976-a704-04d1c848634a","informal","lemma","Lean Community","Carleson operators on doubling metric measure spaces","fpvandoorn/carleson","https://florisvandoorn.com/carleson/blueprint.pdf","","7.5.6","TileStructure.Forest.limited_scale_impact","If a ball associated with a point p in a tree structure overlaps with the interior of a ball linked to a scale J, then the scale of J is at most the scale of p, and the scale of p is at most 3 units larger than the scale of J.","6e73f901-83a2-464d-a367-0ebcd83d7ef0","formal","theorem","Lean Repo","carleson","carleson","","TileStructure.Forest.limited_scale_impact_second_estimate","","","If a tile p is in a certain forest structure and a grid J satisfies specific conditions, and if the balls of radius proportional to their scale around the center of p and the center of J are not disjoint, then the scale of p is at most 3 more than the scale of J."
"1","0.8433493375778198","i2f","False","b61f5992-bc09-471a-9626-b149b6fc96db","informal","definition","Lean Community","Brownian motion project","RemyDegenne/brownian-motion","https://RemyDegenne.github.io/brownian-motion/blueprint.pdf","","1.1.9","ProbabilityTheory.covarianceBilin","The covariance of a probability measure on a Hilbert space is a bilinear function that measures how much two vectors vary together, computed as the integral of the product of their inner products with deviations from the mean. It is defined for measures with finite second moments and results in a real number for each pair of vectors. The expressio…","b66d7a4b-7684-4f11-a32c-2a14fdd2e5cf","formal","theorem","Lean Repo","brownian-motion","brownian-motion","","ProbabilityTheory.IsGaussian.covarianceBilin_apply","","","The covariance between two vectors in a Gaussian measure on a real inner product space is equal to the integral of the product of their inner products with the deviation from the mean, weighted by the measure. This means the covariance bilinear form captures the average alignment of fluctuations around the mean. It is computed as the expected valu…"
"1","0.8433331251144409","i2f","True","3062398c-e2d6-4dbd-94d8-71357a35014b","informal","lemma","Lean Community","Brownian motion project","RemyDegenne/brownian-motion","https://RemyDegenne.github.io/brownian-motion/blueprint.pdf","","1.1.12","ProbabilityTheory.covMatrix_map","The covariance matrix of the transformed measure L applied to mu is calculated using the adjoint of L, where each entry is the inner product of the adjoint-transformed basis vectors with respect to the original covariance matrix of mu. This relates the spread of the new measure to the original measure through the linear transformation and its adjo…","b758a0a7-0567-413f-a1a4-a7a421e9c4fa","formal","theorem","Lean Repo","brownian-motion","brownian-motion","","ProbabilityTheory.covMatrix_map","","","The covariance matrix of a pushforward measure, obtained by applying a continuous linear map L between finite-dimensional real inner product spaces, can be computed using the adjoint of L and the original covariance matrix; specifically, each entry of the new covariance matrix is given by a bilinear expression involving the adjoint of L applied to…"
"1","0.8429556488990784","i2f","False","08c9734c-eaaa-4669-8c53-6fc91ba23e42","informal","corollary","Lean Community","The Polynomial Freiman-Ruzsa Conjecture","teorth/pfr","https://teorth.github.io/pfr/blueprint.pdf","","3.4","ProbabilityTheory.max_condEntropy_sub_condMutualInfo_le_condEntropy_mul, ProbabilityTheory.max_condEntropy_sub_condMutualInfo_le_condEntropy_div","The conditional entropy of either of two random variables given a third is at most the conditional entropy of their sum or difference given the same variable, minus their conditional mutual information. This gives a lower bound on the uncertainty of the sum or difference of two random variables when conditioned on a third. The bound depends on how…","0a36ae9b-6764-4935-a31d-8aba32949327","formal","theorem","Lean Repo","pfr","pfr","","ProbabilityTheory.max_condEntropy_sub_condMutualInfo_le_condEntropy_add","","","For two random variables X and Y that take values in a countable additive group, and a third variable Z, the larger of the conditional entropies H[X|Z] and H[Y|Z], minus the conditional mutual information I[X:Y|Z], is at most the conditional entropy of their sum given Z, H[X+Y|Z]. This holds when all variables have finite range and are measurable …"
"1","0.842496931552887","i2f","True","de1bad42-12da-434b-880c-16f943cf532a","informal","lemma","Lean Community","Fermat's Last Theorem","ImperialCollegeLondon/FLT","https://ImperialCollegeLondon.github.io/FLT/blueprint.pdf","","10.23","MeasureTheory.addEquivAddHaarChar_piCongrRight","The measure of the product of additive homeomorphisms on a finite collection of locally compact abelian groups equals the product of the measures of the individual homeomorphisms.","2b77f3d6-91b3-48e7-aa77-cbf604e0852e","formal","theorem","Lean Repo","FLT","FLT","","MeasureTheory.addEquivAddHaarChar_piCongrRight","","","The value of the additive Haar character for a product of addition-preserving homeomorphisms is equal to the product of the additive Haar characters of each individual homeomorphism. This holds for a finite index set where each space is a locally compact, second-countable topological abelian group with a Borel measurable structure. The result conn…"
"1","0.8424030542373657","i2f","True","5eeb99c3-0dec-46b9-ba99-a5ca7deedcea","informal","lemma","Lean Community","Carleson operators on doubling metric measure spaces","fpvandoorn/carleson","https://florisvandoorn.com/carleson/blueprint.pdf","","11.6.2","partialFourierSum_bound","For a bounded, periodic, complex-valued function g, the absolute value of its N-th partial Fourier sum at any point is no more than the average of two transformed values of g and its complex conjugate, plus a term proportional to the bound on g.","9c60b724-5cc4-4ea2-97b8-9d404dc57ba5","formal","theorem","Lean Repo","carleson","carleson","","partialFourierSum_bound","","","For a periodic, measurable complex function g bounded by a positive number delta, the absolute value of its partial Fourier sum at any point in the interval [0, 2*pi] is no larger than the sum of two Carleson operators applied to g and its complex conjugate, divided by 2*pi, plus pi times delta."
"1","0.8422999382019043","i2f","True","fe99aa24-1225-40dd-b5d5-80b18b5b864b","informal","lemma","Lean Community","Class Field Theory","kbuzzard/ClassFieldTheory","https://kbuzzard.github.io/ClassFieldTheory/blueprint.pdf","","19","groupCohomology.tateComplex.norm_comm, groupCohomology.tateComplex.normNatEnd","For every linear map between representations of a group G over a ring R, applying the norm map NG before or after the linear map gives the same result. This means the norm map NG commutes with all such linear maps. In other words, NG acts as a natural transformation from the identity functor to itself on the category of G-representations over R.","0d28dd39-13f3-4688-a674-1fb82eac7136","formal","theorem","Lean Repo","ClassFieldTheory","ClassFieldTheory","","groupCohomology.tateComplex.norm_comm","","","For a finite group G and commutative ring R, if A and B are representations of G over R and φ is a G-equivariant linear map from A to B, then the norm map on B composed with φ equals φ composed with the norm map on A. This means the norm operation commutes with intertwiners between representations."
"1","0.8422421813011169","i2f","False","c27ec289-a674-4700-99d3-afcbac38b70d","informal","lemma","Lean Community","Gibbs Measures","YaelDillies/gibbs-measure","https://YaelDillies.github.io/gibbs-measure/blueprint.pdf","","2","MeasureTheory.ae_eq_lcondExp_of_forall_setLIntegral_eq","The conditional expectation of a non-negative measurable function f with respect to a sigma-algebra B is the unique B-measurable function that has the same integral as f over every set in B, almost everywhere with respect to the measure mu.","5460a73e-75c4-48d4-8d1e-d40ce1a45faf","formal","theorem","Lean Repo","gibbs-measure","gibbs-measure","","MeasureTheory.setLIntegral_lcondExp","","","The integral of the conditional expectation of a function f with respect to a sub-sigma-algebra over a measurable set s is equal to the integral of f itself over the same set s, using a sigma-finite measure mu. This holds when the set s is measurable with respect to the sub-sigma-algebra and the conditional expectation is defined. Both sides of th…"
"1","0.842210590839386","i2f","True","cf5aa5ac-d0ba-4b6e-872e-2406b113a474","informal","theorem","Lean Community","Brownian motion project","RemyDegenne/brownian-motion","https://RemyDegenne.github.io/brownian-motion/blueprint.pdf","","1.6.14","ProbabilityTheory.ContinuousMap.borel_eq_iSup_comap_eval","The Borel sets of continuous real-valued functions on the nonnegative reals, using the compact-open topology, are the same as the smallest collection of sets making each evaluation at a point measurable.","d3d45b16-7ee9-4a02-b876-23ab61aa5fe3","formal","theorem","Lean Repo","brownian-motion","brownian-motion","","ProbabilityTheory.ContinuousMap.borel_eq_iSup_comap_eval","","","The Borel sigma-algebra on the space of continuous functions from X to Y is the smallest sigma-algebra that makes evaluating functions at each point of X a measurable operation with respect to the Borel sets in Y. This means a function into the continuous maps is measurable if and only if its pointwise evaluations are measurable. The result holds …"
"1","0.8412562012672424","i2f","True","98923e6d-1665-4eff-bc36-6ffadcab7210","informal","proposition","Lean Community","Toric varieties","YaelDillies/toric","https://YaelDillies.github.io/toric/blueprint.pdf","","4.3.5","AlgebraicGeometry.Scheme.charDiag","For a domain R and a commutative group G, the character lattice of the group scheme Spec R[G] is equal to G. This means the group of homomorphisms from the group scheme to the multiplicative group is naturally isomorphic to G itself.","48f1d9b4-ff52-4404-9b3c-e7b221ca4296","formal","definition","Lean Repo","toric","toric","","AlgebraicGeometry.Scheme.charDiag","","","For a commutative ring R that is a domain and an abelian group G, the group of characters of the diagonal group scheme associated to G over the spectrum of R is isomorphic to G itself. This means the homomorphisms from the diagonal group scheme to the multiplicative group correspond directly to elements of G. The isomorphism respects the group str…"
"1","0.8412543535232544","i2f","True","e86d18f4-a92e-4fa0-b156-ed48b55860ec","informal","lemma","Lean Community","Brownian motion project","RemyDegenne/brownian-motion","https://RemyDegenne.github.io/brownian-motion/blueprint.pdf","","1.5.82","isCoverWithBoundedCoveringNumber_Ico_nnreal","The set of nonnegative real numbers has a collection of subsets covering each interval [0,n) such that the number of sets needed to cover each interval grows in a controlled way, with bounds determined by the constants n and exponents 1.","1e483a11-8056-4ade-9251-d3c598a7fca0","formal","theorem","Lean Repo","brownian-motion","brownian-motion","","isCoverWithBoundedCoveringNumber_Ico_nnreal","","","The sets [0, n+1) for natural numbers n form a cover of the nonnegative real numbers, and each set has a covering number bounded by 3*(n+1) with respect to the constant scale function 1."
"1","0.8409703969955444","i2f","True","53798a48-9363-4d6e-b778-7135702ca54a","informal","lemma","Lean Community","Brownian motion project","RemyDegenne/brownian-motion","https://RemyDegenne.github.io/brownian-motion/blueprint.pdf","","2.1.53","MeasureTheory.UniformIntegrable.add","If two families of random variables are uniformly integrable, then the family formed by adding corresponding elements from each family is also uniformly integrable.","1836e25f-6797-464a-9e67-bcb9f0f9f467","formal","theorem","Lean Repo","brownian-motion","brownian-motion","","MeasureTheory.UniformIntegrable.add","","","If two families of functions are uniformly integrable with respect to a measure and the exponent p is at least 1, then their sum is also uniformly integrable with respect to the same measure and exponent."
"1","0.8407799005508423","i2f","True","69eacefc-e617-4226-89bf-357e71c14bf4","informal","definition","Lean Community","Toric varieties","YaelDillies/toric","https://YaelDillies.github.io/toric/blueprint.pdf","","4.2.2","AlgebraicGeometry.Scheme.IsDiagonalisable","An algebraic group over the spectrum of a ring R is called diagonalisable if it is isomorphic to a group scheme D_R(G) constructed from some commutative group G. This means its structure resembles that of a group of diagonal matrices. Such groups are defined by their correspondence to abstract commutative groups via a specific functorial construct…","12c0c04e-63e4-4aaa-b513-c5bdd41dad09","formal","class","Lean Repo","toric","toric","","AlgebraicGeometry.Scheme.IsDiagonalisable","","","A scheme G over a base scheme S is called diagonalisable if, when viewed as a group object in the category of schemes over S, it is isomorphic to the spectrum of a ring that is a graded algebra over the base ring in a way that reflects the structure of a diagonal group scheme. This means G behaves like a group scheme whose fibers are tori or produ…"
"1","0.8406867384910583","i2f","True","2e3b443b-2139-4bdd-b9e5-697d37866f37","informal","lemma","Lean Community","Brownian motion project","RemyDegenne/brownian-motion","https://RemyDegenne.github.io/brownian-motion/blueprint.pdf","","2.3.59","ProbabilityTheory.locally_classDL_iff_hasLocallyIntegrableSup","A càdlàg process is locally of class DL if and only if its supremum over compact time intervals is locally integrable, provided the time set has a bottom element, compact closed intervals, and the filtration is right-continuous.","c343b259-c334-4222-a5df-7e8ed83b3b0a","formal","theorem","Lean Repo","brownian-motion","brownian-motion","","ProbabilityTheory.locally_classDL_iff_hasLocallyIntegrableSup","","","A stochastic process is locally of class DL (meaning its stopped versions are uniformly integrable over bounded times) if and only if it has a locally integrable supremum (meaning the maximum value it reaches up to any time is finite on average, when restricted to a suitable sequence of stopping times), provided the process is progressively measur…"
