query_fml_sid,candidate_inf_sid,emb_cos,edit_norm,jaccard_tokens,char_3gram,char_4gram,tfidf_cosine,bm25,bucket
831ce303-cbf1-4a32-b88b-f995d96b8282,9dbdd956-73e6-44d8-bb9c-12e2e7156829,0.7111998072465786,0.2727272727272727,0.16923076923076924,0.19718309859154928,0.1368909512761021,0.2279526838771661,0.17852854020604209,neither
fe98aa08-edb8-48fd-ac6b-61dfac78bdc0,1b523743-7963-4f78-b97c-8c287fa132ce,0.8243889637265667,0.2627118644067796,0.22916666666666666,0.2230769230769231,0.17049180327868851,0.36357086742073685,0.23954934796574556,i2f_only
8ddd6bef-7bda-4374-8009-9251ecca0a0d,ce405e00-d539-4081-b616-f7ac0e5a1272,0.9254711583335106,0.6524390243902439,0.6666666666666666,0.558282208588957,0.4603174603174603,0.7140015679122985,0.1870697888398949,both_correct
0d9762c3-04e6-42e7-b9d8-41d3aeaf0e4a,e5fa9afd-3433-45cd-8297-b88b37c62758,0.8216022133264007,0.36708860759493667,0.24489795918367346,0.29856115107913667,0.22570532915360503,0.3775558652325651,0.17127013067649224,neither
559955a3-f25a-4181-bf29-724f7532edad,cf9c29fe-9403-49dd-9c43-7d8466c312e1,0.7314491019249432,0.3932584269662921,0.3090909090909091,0.33766233766233766,0.25806451612903225,0.5128192227378839,0.24353305981493648,neither
a9b7a909-6b8a-45e5-bb43-8da405459b82,580b9efc-fae0-4707-88b2-c55fc25e3dd0,0.8818076834919166,0.3648648648648649,0.3090909090909091,0.3241590214067278,0.22541966426858512,0.4852503493126935,0.2715726829626288,i2f_only
a204fccd-470d-496d-9393-64960c64ee51,9680d456-c718-47e4-8c61-34e253574642,0.9066494145392852,0.3169642857142857,0.40625,0.2736318407960199,0.23853211009174313,0.6682875962234494,0.22523020632627483,both_correct
892696c7-7cb4-4b8e-be1d-dc785dddd348,e4977394-ddc7-44d3-bbc9-c7ecef3319c1,0.7659546164742091,0.2967244701348748,0.2261904761904762,0.2903225806451613,0.19932432432432431,0.28449690500734465,0.19039658100876933,neither
65b7a124-3efa-4621-9d9d-2e15c2109f0e,4d0ead05-ef98-4b0c-a194-7596a069ea46,0.9110308114013207,0.42200000000000004,0.42857142857142855,0.5110294117647058,0.41935483870967744,0.6066539764752561,0.5478990055224274,f2i_only
9e9b4732-feb2-4160-b1d5-7d89bdbf9d93,1b523743-7963-4f78-b97c-8c287fa132ce,0.793078829508197,0.2306034482758621,0.21428571428571427,0.22955974842767296,0.17506631299734748,0.545523592639644,0.3186602479120577,f2i_only
77c73fb1-f7e4-44bf-822d-53014e71a8b1,171654d5-a887-42a5-a7fb-6e7c6e8c55db,0.8584359716793906,0.435626102292769,0.3888888888888889,0.4564102564102564,0.3616600790513834,0.6091174225639259,0.3052451786909286,neither
c0dee99f-f92c-4028-939d-522c4908a04f,4595dd4c-af71-4345-ab4c-695b6a5eb2ce,0.7485170948268783,0.271264367816092,0.18181818181818182,0.21788990825688073,0.14548802946593,0.26449932180936836,0.1755516121150918,i2f_only
47f421a6-f723-4dd9-bae1-8db37f488042,74efbdc5-f31c-4534-a238-b5c713d75703,0.6597888593707407,0.3317073170731707,0.16393442622950818,0.22580645161290322,0.13902439024390245,0.3167805765462411,0.17544833128118356,neither
a81ff775-77ea-4ca6-b510-3eaf78a5ff9a,4092e4c2-ed22-4790-b20f-0adf6d42174b,0.9004570087455221,0.5504587155963303,0.5,0.3917525773195876,0.35874439461883406,0.6616034140182764,0.30316006274637536,both_correct
2dca38dd-df8a-4e27-ae56-bb8ba9adaf70,248afe9e-9ba4-4008-9305-61b79f93fedb,0.9285463866898407,0.4115523465703971,0.27450980392156865,0.29473684210526313,0.22318840579710145,0.37828140260970317,0.20868683986461245,both_correct
5e2ad4d1-0a55-4a92-8fb1-a458d9a6fcc8,1d731bbc-404d-4517-a064-3cd7facdd9e0,0.8677429477635689,0.4045977011494253,0.3235294117647059,0.37755102040816324,0.2782258064516129,0.46470510402804827,0.3472377191959518,both_correct
2ddc7e76-d611-4441-b069-09df1167a204,f419c258-a494-49f2-a19d-861d158824fa,0.7783900681557608,0.3455723542116631,0.2289156626506024,0.3419811320754717,0.23161764705882354,0.3695565074911152,0.27647873230453135,both_correct
220d1113-5057-4e24-8476-8a2c9ee7aa49,577c5266-1e7f-4ce6-81ac-65892686a321,0.8188345209334045,0.42056074766355145,0.4666666666666667,0.4069767441860465,0.32142857142857145,0.5021235248389772,0.20287234179429064,neither
ccaf1c7e-5d4d-40a8-9812-d99280558c56,5a8947b2-b9df-4991-b291-62100d71257f,0.8025346331154423,0.34004024144869216,0.3389830508474576,0.38095238095238093,0.2800925925925926,0.6344543912027976,0.5330831250467115,neither
52358efd-8779-4c68-b01b-6b4c02450f4f,e67af919-96a7-4df5-98fc-ea9dea8eddad,0.8695471035923488,0.4163879598662207,0.4230769230769231,0.4331065759637188,0.35478260869565215,0.6611257927740684,0.597673696538644,both_correct
afa0609b-dfdb-41e4-9a49-051d7d9ac66b,0a25f135-3d86-48a6-b822-9c3f00454383,0.8005600296563541,0.29518072289156627,0.20253164556962025,0.24472573839662448,0.14839797639123103,0.1861419652675532,0.10532582085615581,neither
ec8e808b-0166-4aaf-a54a-b68eb14220a8,aa8ee4bd-ce4c-43db-be4f-763547b406a3,0.8168856519296673,0.3203592814371258,0.4583333333333333,0.36054421768707484,0.28969359331476324,0.2353858840152763,0.31936907229684447,f2i_only
c75810c2-0ca0-40ff-9a42-341a5ed012a5,a2b73959-ad92-423a-9f66-fa3e7617018c,0.8300762365400765,0.3418803418803419,0.2625,0.2990867579908676,0.21915285451197053,0.5156356510514096,0.3217655196285256,i2f_only
2f266449-84bc-4472-a3be-469953868a21,fc65486c-2f81-4226-ab69-5fea0f4f78eb,0.8118809209042542,0.446078431372549,0.44642857142857145,0.46325878594249204,0.3963730569948187,0.6303641693958918,0.2668203150011463,neither
68644eeb-3951-434f-bd0e-19101045f769,267e53bc-c2e7-4c08-a841-93938d7a23b5,0.8711095053610292,0.29715762273901813,0.27692307692307694,0.3424242424242424,0.24299065420560748,0.4610745802934938,0.3368986840848598,both_correct
230ac0c3-22a2-44dd-bb8d-04e225fbc242,8a5db73b-78f3-464b-9970-bd52cc4bda05,0.8989678247399856,0.5806451612903225,0.5111111111111111,0.504424778761062,0.4244604316546763,0.5100613967832442,0.3380743197988734,both_correct
f3b4c9d9-b67d-4ece-8263-625f6c35c9b6,1f8ebaf4-d445-4aea-939e-70191e487c32,0.6827163118528345,0.16502946954813358,0.14666666666666667,0.11055276381909548,0.060851926977687626,0.1921820797937451,0.1345617934001932,neither
18e582bd-fc24-43c3-bc2a-1f869c7aedbc,1517049e-e7a9-4537-8940-8c90b892eb9f,0.8765370618740131,0.2931034482758621,0.2413793103448276,0.2540192926045016,0.16578947368421051,0.3499697149872434,0.1787141634246483,neither
e409ceaf-9c70-440b-970b-e55abcfef257,ddb66b80-b2ed-4d89-8485-737c85c9bf4e,0.8327658382178272,0.3768656716417911,0.3333333333333333,0.3595166163141994,0.2826086956521739,0.48907485268634104,0.4591137024092655,i2f_only
6f2c598a-1f51-417f-bec1-e81028aba4c4,b9854d65-9a6b-472f-81e0-ed2854d6987c,0.7700152749997611,0.276218611521418,0.26126126126126126,0.31208053691275167,0.20151133501259447,0.34671388307088036,0.3579388046065662,f2i_only
9d7dd598-b56f-42f9-9122-3ffd14fd1b79,5223a0c8-d0f3-4536-870e-1e3997112b49,0.8280654287779041,0.4019607843137255,0.31868131868131866,0.3861607142857143,0.26865671641791045,0.5254095347911791,0.5849831600852892,both_correct
b8f5bbe0-deba-4b03-ba1b-853cb26b65ea,d8ae1865-a169-4c79-813a-eb757508be72,0.8049197676945554,0.595959595959596,0.4375,0.4293785310734463,0.39303482587064675,0.5839904129040532,0.21283916973800043,neither
23f7d6c6-6e56-4988-ba8b-07e72e8f5402,1c8ac708-bf73-4fda-aec0-5aa48a6f2a31,0.9425275652060635,0.5605381165919283,0.4864864864864865,0.4523809523809524,0.37551020408163266,0.9130373947139997,0.5264340233040051,both_correct
7683c483-0e24-4db3-87b1-7c7657624720,67f1ce75-edc2-4d9a-bb67-f4e97f6c9b1b,0.8405464366516261,0.3555555555555555,0.35185185185185186,0.3057324840764331,0.22395833333333334,0.5348485866078827,0.49180298992722393,f2i_only
93488e11-fe84-4a8a-81b3-72a98f7ceb1c,87d57be6-5a70-45e8-8369-528f323813e4,0.7328394397122253,0.3044554455445545,0.208955223880597,0.3213213213213213,0.1937799043062201,0.20776776355633572,0.15282269389361933,neither
6a93dda7-0859-4346-96d5-5c8e5c5b1526,938f87a8-a8e2-4f41-b403-532501e0881e,0.7207561855272474,0.25619834710743805,0.24324324324324326,0.182648401826484,0.14634146341463414,0.20532322286606455,0.11019581566963402,f2i_only
c9927642-f96a-4b55-93aa-2ab0a5cc6de6,8adba38f-7123-462f-877e-a7ba8e8c6a1e,0.8314859317494574,0.48156682027649766,0.5409836065573771,0.5266457680250783,0.43034825870646765,0.7250755371518722,0.6126265467087931,i2f_only
d4ffb03c-a8e6-42db-b4cf-9cf271cb8ac5,3d6d4c84-d488-44b6-b458-6b6cffa34c69,0.818022311887019,0.29933481152993346,0.328125,0.3098958333333333,0.226215644820296,0.3328932545336233,0.2553017452397708,f2i_only
4336dccb-3c00-4c00-8b55-9cea5a12c4c6,2ab2a0bd-52e5-483d-a6e1-6b8ebbe52823,0.8744684207538486,0.3197278911564626,0.42857142857142855,0.36771300448430494,0.2673992673992674,0.5123491736501611,0.3112567677447154,f2i_only
b5d2acd0-d09c-40fa-81fc-96aa524b8814,a5dc59bb-e067-41db-aaf8-38f84f160832,0.7617693834712729,0.30503978779840846,0.27941176470588236,0.29476584022038566,0.21902654867256638,0.3389130141664054,0.205125302906017,neither
ff9d58cd-d823-4f8a-86cf-2556594ebfa0,5dc66e40-0353-4eec-8402-29bfc4654e8e,0.839949893037451,0.2797427652733119,0.34,0.2996742671009772,0.1989389920424403,0.4046247013898589,0.2725298578884837,both_correct
9637f9a6-68a5-4cb5-9113-0dc607ba4560,8728ce6e-994c-4eb4-bfd1-ea60432e496f,0.8922206921708433,0.33268101761252444,0.4,0.38701298701298703,0.3025210084033613,0.5759619885451175,0.38730880389545214,neither
ad07bed5-36ac-4e30-8d16-f8416bab19a8,7d863592-b00d-45f2-9390-1894c73a4ff6,0.8677099104401393,0.3180778032036613,0.2857142857142857,0.35405405405405405,0.25210084033613445,0.47106533695963804,0.3525423453039389,neither
55c80d32-4e5b-469d-b046-5926712a5410,421dfdc4-c82b-4e8d-9538-d3068391567f,0.858045646628478,0.367816091954023,0.3466666666666667,0.4087403598971722,0.3028571428571429,0.5609592180486287,0.322343959893739,neither
14cc3af7-3639-48ee-be61-8bc2f672c1a2,ed1cfd95-d7a9-4b1b-865c-43f532fce91e,0.7789087522807968,0.36363636363636365,0.22448979591836735,0.20141342756183744,0.14641744548286603,0.27315542186506947,0.1333039024450512,f2i_only
b4adc56c-b15a-468a-82dc-ec385197d8fe,ba1ce9de-f643-4b68-a673-efcfdee09a93,0.9120682737795295,0.37623762376237624,0.36,0.38545454545454544,0.32601880877742945,0.5771516692087636,0.41657673232670883,neither
05dd0dca-57a4-41cc-a0ee-f85e653daaae,ed9edf4a-8817-42c2-acd4-f7eddb80a56b,0.9315647948850396,0.548936170212766,0.7407407407407407,0.7134146341463414,0.6702702702702703,0.86614116770882,0.34978151017113934,both_correct
218a5484-704e-4fbc-b476-daa503fd9315,5b1c8d49-db21-4a34-b56b-a7f3c941b596,0.8771396215312408,0.400709219858156,0.3611111111111111,0.36018957345971564,0.2868525896414343,0.5167582436709695,0.22008322981322992,neither
efe51d0b-a109-4f68-bb9e-8601b045ffe3,2f92e118-82fd-4fb8-a19d-58d0b378c511,0.7462315538944724,0.3172905525846702,0.2413793103448276,0.3,0.1850079744816587,0.38717930412437684,0.2341977079183952,neither
87d91743-af3c-435d-a1fc-46470e10ea65,1299aa9e-3049-4da4-b7b6-75d26c8468be,0.9009867197227575,0.3080895008605852,0.32857142857142857,0.3447368421052632,0.26899383983572894,0.6518040397470185,0.4506283262913734,neither
edbdb0f2-a1c5-4ef6-a101-815490ad9cb3,607f0e69-9e8f-4a6e-ae6e-e97f0549577c,0.8024434895809274,0.3651115618661258,0.30985915492957744,0.3392857142857143,0.22444889779559118,0.4223224806638354,0.3237150743514194,f2i_only
ddcaf9b7-878e-4c94-8a4b-9ebe49b40201,fbc5613c-f301-4fec-9120-49e098a145c8,0.8019202696272902,0.32666666666666666,0.19480519480519481,0.2785388127853881,0.19107142857142856,0.4705711020970028,0.2842099281518671,i2f_only
d0513545-5c23-469d-9770-311d86657a23,148afe52-f769-46d6-8aa4-d008c269af17,0.8561260757712457,0.4257028112449799,0.5,0.4426877470355731,0.3180327868852459,0.5829768966982171,0.23703385739317598,i2f_only
00d37451-44b9-4517-9238-9a48be13693d,7861cc2c-93e6-4c0f-abfa-ccb2620d27c6,0.7702786205387087,0.33974358974358976,0.5121951219512195,0.4008438818565401,0.3230240549828179,0.6577619270505515,0.33565863432900495,f2i_only
c9f3b1e9-6bd3-419c-abdb-b1e8da439169,20d9deb3-75c4-42ce-83d6-68c8db32d2c4,0.7944770469948046,0.4185185185185185,0.3191489361702128,0.32575757575757575,0.2361963190184049,0.21038541608349196,0.1721146577650224,both_correct
a435687c-0282-4f5e-a540-51b0ab52f824,91cac985-edea-43bd-b3a4-3784f7f00e16,0.8859617951769163,0.37905236907730677,0.3220338983050847,0.3547400611620795,0.26582278481012656,0.5905445042658138,0.3381564829463582,f2i_only
70481d9f-ed7b-4cf7-bf46-c14a9b66d175,41c1b442-4c8a-4492-89b2-3cd40e6cea2c,0.8355965667361899,0.35250463821892397,0.2835820895522388,0.2643979057591623,0.2109704641350211,0.7501694414644831,0.7577683078771509,both_correct
4f5f657d-f493-436a-8485-5b0f8402a220,7cac5d5c-7734-41e8-84fc-48512722bbfc,0.8380261790103808,0.40568475452196384,0.5208333333333334,0.41379310344827586,0.32653061224489793,0.18756608957856122,0.23971975487842498,f2i_only
f4268d69-f841-48f1-b5ce-8dc62e65e206,2590cc21-5e43-4cab-9fd4-4781fa483c68,0.8429686759169611,0.4,0.38,0.3684210526315789,0.2897727272727273,0.47589250832327423,0.387024896962265,f2i_only
6d97993d-5988-4494-9ec6-94354bfb4cb7,8541021f-9805-4664-8702-b5e8314f8367,0.8642082597160448,0.39698492462311563,0.26865671641791045,0.35185185185185186,0.23045267489711935,0.40066184198630717,0.26214824015619576,neither
eb80b882-8323-4f89-aa5a-3cbf796c6bab,3bf14c08-92d0-445e-9ada-24605733b2bf,0.9046402864871874,0.3512658227848101,0.2727272727272727,0.2767527675276753,0.19626168224299065,0.5023130510104674,0.24481211206072961,neither
14ce5d66-43d0-4c4a-99b6-c2afb92eb11e,edbc07ba-a5d8-4f46-9c77-660a58a13d9a,0.9259746257915275,0.3099730458221024,0.36585365853658536,0.33969465648854963,0.2806451612903226,0.6401340999916597,0.3954009951631482,both_correct
3c2ddc7a-6acb-4792-ab5c-3ba28f000d45,cc5f2dd4-8919-48da-9670-f53248c7ba08,0.8273415551612658,0.3173076923076923,0.24074074074074073,0.2879746835443038,0.19387755102040816,0.3422322956365652,0.19362595908272937,f2i_only
bb32ec08-344e-4862-b8d1-5c2e11fd3ad5,897ed073-073a-4988-88ec-934acba213ab,0.9012292432058798,0.36036036036036034,0.3673469387755102,0.3321554770318021,0.25862068965517243,0.4659752016949938,0.3035447105317419,both_correct
483eb1c0-f7de-49a7-8411-7f9390fbc936,eff67cee-d0c8-4c95-9b81-2dfa8ff7ccac,0.838884742544786,0.30940594059405946,0.17142857142857143,0.2328767123287671,0.14634146341463414,0.15108402876134275,0.24574811948625613,f2i_only
4d65ac7d-4f90-4129-97b1-efdbbf540bdf,4bf841b7-477c-4403-801f-a4dce539f8c1,0.7902879521393964,0.28019323671497587,0.2571428571428571,0.29975429975429974,0.19881889763779528,0.24326330644321548,0.19367793755774976,neither
2e72ae79-8614-4310-86d3-5f73936d594e,27f5a5a4-ecfb-4541-bce5-ebdc29116d6a,0.8137598328005714,0.31976744186046513,0.1694915254237288,0.16307692307692306,0.1096938775510204,0.22024114969713926,0.12890602596424605,neither
b32e117e-56b8-4245-8e58-21e1903a7c77,d3ce2835-c23e-424a-bcf2-972f3faba054,0.8119548856847525,0.2573221757322176,0.23728813559322035,0.25076452599388377,0.1728395061728395,0.49607613803488587,0.3019046890236459,neither
972d759c-742a-45ff-85b6-4df5b5728fa0,ec1985ab-6291-4bed-b132-a7bc0f263c06,0.8743760110918221,0.4244604316546763,0.45454545454545453,0.46875,0.39035087719298245,0.6510747045796167,0.2902254991982187,i2f_only
210fa3cc-da4a-49f8-8a80-84cff618fad1,e1a2adc3-71e7-4f7e-841b-76bdec441df9,0.7948157417909434,0.30043859649122806,0.35135135135135137,0.3284671532846715,0.22053231939163498,0.39855028223746203,0.3672895479345204,f2i_only
1c8204f1-9fad-40cf-94b7-798931ac294f,300de8ac-e859-4a01-80f6-a089e274fdf2,0.8911550417707966,0.33576642335766427,0.3269230769230769,0.33793103448275863,0.27808988764044945,0.5800320321257445,0.3758166871615558,both_correct
6bdda1ce-81ff-4948-a99c-17fde6d7b609,61453a96-38d9-46fb-b23c-32161531bbbc,0.6928628274761817,0.2597402597402597,0.2647058823529412,0.24736842105263157,0.17647058823529413,0.3167785534029155,0.15105601386516004,neither
a8f4fc70-36f5-4b6e-9349-851fd3ea2566,4d8e5e3d-91b1-4bd1-8bc9-9f8a4c091012,0.8024258412791244,0.41463414634146345,0.3333333333333333,0.34220532319391633,0.254601226993865,0.3542941554474078,0.26167978773548656,i2f_only
a2c7c3eb-e86a-46c8-b99e-3a7309104b52,20ab236f-eda8-4dea-be5d-982bc6d6ca69,0.9136617195590238,0.38141809290953543,0.4318181818181818,0.4230769230769231,0.3384146341463415,0.5673156341629583,0.38137945331119816,neither
25f969fb-4711-491e-8178-8204deda2aca,fd19f934-525c-48f0-9ed0-0db4e9cdde68,0.8637718618800806,0.28937728937728935,0.32075471698113206,0.3125,0.2140845070422535,0.36028915023582864,0.182770612943003,i2f_only
64de1404-d52f-426a-a428-329b2dc74196,d354eaf1-d7cb-455b-b627-2570a78a45fa,0.7269221952483484,0.2762312633832976,0.1956521739130435,0.3065217391304348,0.17341977309562398,0.3048045838853217,0.2549265206470141,neither
b523944f-af5a-49c1-88b5-fe87fc6b03df,e2d2e29f-971b-4c55-861d-8fb67603ea01,0.7547434885398674,0.33603238866396756,0.2,0.2134387351778656,0.15807560137457044,0.3481516114925086,0.17275758321738974,neither
618b58f8-9e2a-4297-9ba2-7c1cb452ca7a,fbcd0c6e-506a-4738-8745-dfe86c011d07,0.8216358846239452,0.6186440677966102,0.4722222222222222,0.44976076555023925,0.379746835443038,0.6426303788316585,0.30167497000912924,f2i_only
ecd8689e-d2e9-4ed8-9b98-a32114ea9439,2fb73eab-1577-4c1d-9183-51df65ceac01,0.8430209715233954,0.42136498516320475,0.4166666666666667,0.3664383561643836,0.298050139275766,0.7301033073510672,0.4622207137387445,neither
2a10e32b-01a2-4ccc-86a8-33058655dc02,86a1a64c-fcc9-42b8-9711-a49d2e90e85a,0.8573698108184447,0.3856041131105399,0.25862068965517243,0.28530259365994237,0.22966507177033493,0.2710924113021612,0.20266481582595386,both_correct
b472f99f-05e4-4c7f-945b-78576ce7f253,15f3e3aa-47df-4402-aa91-b62c1e3102f6,0.7708196438140602,0.2925764192139738,0.16455696202531644,0.21079691516709512,0.13524590163934427,0.1869930564405444,0.13927756357351206,i2f_only
700aba5a-83bf-4d83-b4b4-a1f234760ccd,677feaec-f2ce-4a00-866d-c4f83299bc33,0.8707609519851915,0.3421633554083885,0.3333333333333333,0.4140127388535032,0.32904884318766064,0.5542786602602847,0.5162968473818976,both_correct
b222d623-47e0-4896-9e31-252faca3303c,42cead7c-f875-49f7-a8c4-9fa90d3eb337,0.856403555307165,0.3407643312101911,0.3333333333333333,0.33840304182509506,0.255663430420712,0.3883879913870299,0.21335356010179082,i2f_only
42c08d62-81a7-4c27-bb95-313067fd7758,8491baf5-87e6-4a0b-b1d9-370f4c805e8c,0.7560373878199791,0.2978723404255319,0.24242424242424243,0.3252279635258359,0.20952380952380953,0.23956367479904886,0.17020491934905554,neither
c7888359-c95a-4f29-9b16-557100427c7a,eaef369f-f94a-48c1-a6ce-5ebf581b3cb6,0.8638114008978883,0.3011152416356877,0.37777777777777777,0.375,0.29605263157894735,0.5929362965778757,0.2446583478796058,both_correct
b432f892-ba67-4d12-ac53-71b1647baf94,b97526b9-9b7c-454f-9e88-6786a5183e1c,0.8197325446357963,0.3677758318739054,0.25882352941176473,0.36533957845433257,0.2522202486678508,0.3935144301511374,0.3520311679673233,f2i_only
c1e04d94-aae6-4dfc-8842-65af990bf01c,9d30b74d-11fd-4ba7-8dc6-982ee2785306,0.8001840071206592,0.28888888888888886,0.265625,0.24937655860349128,0.16141732283464566,0.29847438238129004,0.22617841628238924,neither
5fec45f2-1c7d-40d0-8016-9571f58f0e49,44041dc4-d0af-4c36-843d-2662ae247603,0.859277878425188,0.4444444444444444,0.46875,0.39285714285714285,0.34517766497461927,0.649402043944905,0.3748525960295601,both_correct
96b41997-4378-49d9-aa0f-9d8dfaf2e263,87c8bad1-40c9-4aac-9dde-62f1bcdb87b2,0.6829381671358922,0.2592592592592593,0.14864864864864866,0.12380952380952381,0.054901960784313725,0.14657424198328628,0.1913320739387075,neither
21137b0f-72eb-4b49-bcdf-e22701a76948,e0999d7d-4f22-4899-9d0a-28b9f85cfad0,0.8794430929715622,0.4959677419354839,0.48484848484848486,0.4714285714285714,0.40816326530612246,0.6653782567435576,0.3367066048767279,f2i_only
c55e2155-88f9-4d23-a822-c6c0dbd0c7a0,9645bef2-c6d9-4856-ab3f-d9dc3f159bec,0.7872841576584009,0.29187817258883253,0.18666666666666668,0.2619047619047619,0.15031315240083507,0.31501021687704217,0.241179572010894,neither
ffc2ee14-8377-4c2d-9168-32d410cf7ee6,0d229e83-b012-49cc-8c91-9f17c9c5ac8f,0.9389624332392096,0.3902439024390244,0.42857142857142855,0.4291044776119403,0.4012345679012346,0.7284690043872482,0.4821195974661227,f2i_only
6ab770ab-cf3a-4733-95a0-0c4b5402ccc6,602b821b-e3ca-4c6b-ab61-898cf00fb0b8,0.8203192670727494,0.46289752650176674,0.28205128205128205,0.3050847457627119,0.24,0.5886843590295635,0.22608907007580586,i2f_only
bcde11f2-72de-49a3-b2c1-897ad17323c0,aa4681c8-07db-40e9-80b8-09f3d929df94,0.7697792732176677,0.2415094339622641,0.2777777777777778,0.2028301886792453,0.1673469387755102,0.3537588424364298,0.1566664888792713,both_correct
4eb2f2a8-97f2-4688-b928-129229836ab9,fac65930-a665-4fad-8283-2a9d29647a72,0.9190443643377065,0.5493975903614459,0.6071428571428571,0.66996699669967,0.5855614973262032,0.7024055535321813,0.5723927532614871,i2f_only
6156c9ef-d306-406a-871e-e2e71c526e94,10269e03-fdf8-4118-8f29-7de5feae6251,0.7686061764284692,0.2725225225225225,0.20270270270270271,0.23214285714285715,0.1437371663244353,0.28900465038835454,0.2009310563942038,neither
39a71c06-f9a6-4d9f-9dd4-4347219b7466,4da71ae2-ecc6-48fe-a63e-a8d21f8cdcb7,0.8572700285279089,0.31441048034934493,0.38095238095238093,0.3333333333333333,0.23448275862068965,0.3152469732567166,0.2872134875596998,f2i_only
3b5e58a3-f2bd-4b1b-bace-d1008573ec50,8728ce6e-994c-4eb4-bfd1-ea60432e496f,0.8991812716731058,0.34782608695652173,0.421875,0.3984375,0.3020833333333333,0.6195317226416631,0.4099518251676391,both_correct
3a8f7b75-027c-42c3-95c0-fc55aad47c91,85618151-a97a-4b64-b69c-dea1ba9436f7,0.7569573587369239,0.3527397260273972,0.3,0.28869047619047616,0.21144278606965175,0.13551363122637863,0.20587765875068254,f2i_only
0c2bb886-3a04-40ca-9ffb-ebd183dddcbe,71d7a451-8501-470e-ae27-ceb328405afc,0.848155952708789,0.3275862068965517,0.45454545454545453,0.4375,0.3249097472924188,0.5133326409382928,0.33122876629827464,both_correct
ca138232-3798-4dc2-8b12-20ddd0f791ee,1312d881-f3ae-498f-9221-df8f89043fd6,0.7844102118189177,0.33834586466165417,0.3,0.26582278481012656,0.18579234972677597,0.2521220330588634,0.16090647222495713,i2f_only
d9b4c26d-e679-49c9-9f93-0affba4342d6,03d0a152-0624-4685-9142-6515bd8be539,0.7972939842296508,0.36949152542372876,0.24444444444444444,0.24390243902439024,0.1815068493150685,0.5911450855055099,0.29079449144293795,f2i_only
55c582ea-2566-47ed-ab95-1980b7d38fd0,7018329a-e285-4b49-8d61-1eece0d526ba,0.7826917467688201,0.2738301559792028,0.22448979591836735,0.36016096579476864,0.23958333333333334,0.26095391914705596,0.22066889730505382,neither
9e99de64-e70b-4caa-9fd4-19a89c23af32,db00967a-aee8-4d9b-9d83-e113b8df2f4a,0.8243758773830737,0.3787878787878788,0.32,0.3154121863799283,0.23867069486404835,0.46030716431860264,0.24337947430973464,neither
1732d20f-4fd5-4160-a188-fe1709fc21ab,d8ae1865-a169-4c79-813a-eb757508be72,0.8251778322748492,0.3549295774647887,0.2777777777777778,0.2682119205298013,0.2,0.48727011414943294,0.32922421705727867,i2f_only
20407a88-4eb0-4c9e-beb4-ecd42241d0aa,2d92bab8-a0d2-4e85-ac5b-1a4fd17fd72e,0.8575468138423524,0.35443037974683544,0.37142857142857144,0.3956043956043956,0.30092592592592593,0.7303657418566908,0.36845677988216086,f2i_only
e30fe1f7-a072-450f-a9d5-78d0f26b8d42,c79eef94-3cf7-4431-8ca4-828983b44d13,0.796112355529787,0.4084084084084084,0.27586206896551724,0.26973684210526316,0.20670391061452514,0.3847748073985334,0.2421107429555521,i2f_only
2b77f3d6-91b3-48e7-aa77-cbf604e0852e,de1bad42-12da-434b-880c-16f943cf532a,0.8424968185667889,0.29753914988814323,0.23529411764705882,0.3509933774834437,0.2615803814713896,0.46425387234081367,0.252356317889637,both_correct
3066d54e-9c1f-4cff-992c-52d5cef550ad,f70e8691-7502-49a8-9876-a3262f05f473,0.9176305196565231,0.36,0.2982456140350877,0.3486238532110092,0.2506265664160401,0.5197684993491809,0.299856891299219,both_correct
0d28dd39-13f3-4688-a674-1fb82eac7136,fe99aa24-1225-40dd-b5d5-80b18b5b864b,0.8422996772950888,0.35446685878962536,0.3684210526315789,0.33633633633633636,0.24271844660194175,0.45284772439018417,0.32765344426969606,both_correct
f36fc5fa-fa36-4280-b845-e72bd91e85a5,a406db22-102b-4697-a2a5-5fd4631e4bb6,0.8513663640551934,0.32692307692307687,0.2571428571428571,0.2764227642276423,0.1957894736842105,0.37548707751717175,0.27958373201698933,neither
ea9ef992-2886-44c4-92a8-8aad0404337f,bfa13dda-1bd7-49b3-ae49-e5d7dbc21f7d,0.7852890426065742,0.3170028818443804,0.23809523809523808,0.2697947214076246,0.17899761336515513,0.2857853454342431,0.18062864393393374,neither
b2b010ab-60fa-48b7-8119-14c39e60628e,6ab16316-7f22-4261-9d71-ddb52f986df5,0.7148893184019126,0.25,0.21052631578947367,0.2273838630806846,0.16403162055335968,0.26378838848202457,0.20072466232645086,f2i_only
e3b82a6c-700d-49b3-8f00-1d858922fd10,c7e780e8-26ef-4cbd-ab11-943712c0c37b,0.7513451720986379,0.28099173553719003,0.23376623376623376,0.27102803738317754,0.17335766423357665,0.2423242279204726,0.22132573987727727,neither
854c66c2-b45c-4843-9c32-db0dd556ce73,ca9a835b-d365-4afc-a201-a3f1b1f16623,0.7865194970807547,0.3295454545454546,0.3114754098360656,0.32608695652173914,0.2623762376237624,0.5659759536200264,0.31608199017572725,i2f_only
fcee581e-1582-447c-9217-f147e5a8160c,a36371fa-3d09-46f8-b433-81735f55c941,0.8682690105308571,0.4572490706319703,0.46511627906976744,0.43724696356275305,0.356401384083045,0.46225172773218964,0.3590805625332981,i2f_only
ade309cb-de9f-4efb-9ee6-a8ad69ed0cac,4374f6dc-40ad-48f3-aeec-59b7e4eff500,0.8567652154057088,0.32514177693761814,0.30985915492957744,0.3333333333333333,0.24863883847549909,0.5005374529970754,0.3644281960129323,i2f_only
5a882268-6980-462c-853e-621689d0fc45,292f6095-d4b1-4fbb-846a-9a9d6bda21c3,0.7880458863564371,0.3693379790940766,0.2708333333333333,0.3137931034482759,0.23076923076923078,0.3734969460815822,0.1971859307004714,both_correct
ad33fbf9-7504-48f8-a0b6-a6932f06c4d6,68f78aa6-d34c-4ad2-9280-af2fddf6c0ec,0.6843296916185468,0.35446685878962536,0.22033898305084745,0.22291021671826625,0.16336633663366337,0.31328660709132644,0.24284107446584957,i2f_only
4c789a52-c9dc-4348-a4cb-2653438e0dc7,88d22ccc-8bee-4eed-befc-6d36b3432a85,0.9069290508765375,0.2971698113207547,0.4375,0.3979591836734694,0.336283185840708,0.5853242612626902,0.18315179755646577,both_correct
4646435b-f291-46f1-bfe5-1bc58e6422b7,d28ea41d-664b-42f0-86db-e30707c0c781,0.7875820543969639,0.3114754098360656,0.28888888888888886,0.24680851063829787,0.16304347826086957,0.38563967038067504,0.18398275744946435,both_correct
e35859e3-536a-405d-847d-2d6134ab6226,8e6a1c88-7493-4be6-b2ad-6a81e37e0354,0.8221231845103459,0.309462915601023,0.3620689655172414,0.3286118980169972,0.2290249433106576,0.3050433337841123,0.41431958778715305,neither
c2a67827-90ca-4226-99b4-76929bd89787,7146be3f-484d-4f03-b7eb-a8189c3ff9d7,0.8611298815373042,0.2920560747663551,0.2631578947368421,0.29375,0.22025316455696203,0.4230446912383739,0.31403822918186386,both_correct
8dc91976-286e-415b-916a-ff421b2122ee,9001e046-93ad-43b2-a268-2f48463e5087,0.7734442877472878,0.27692307692307694,0.203125,0.21188630490956073,0.13125,0.11340516594407711,0.12268673887610927,neither
bf1941aa-329e-4a31-b6ce-87a01acda0b9,6f608250-70c1-4da9-b95c-e10f00dcf076,0.7503847793845515,0.2921615201900237,0.25925925925925924,0.23058252427184467,0.12734082397003746,0.3430512426737103,0.3688232039327071,neither
5a52863a-be11-459a-8ed3-a328d5c45235,5f7cbde6-29c6-4f1f-b5ff-a9acaad36374,0.7110541468947845,0.2678936605316974,0.23529411764705882,0.3055555555555556,0.19166666666666668,0.26695133452457476,0.21334568912733023,neither
97a0a68d-f879-4587-a6ce-c71f4801291e,db50cd4f-4c13-443d-a051-a8f81ddd0763,0.7940387670953301,0.2867469879518072,0.34,0.31756756756756754,0.25842696629213485,0.405311117649909,0.2908735801156563,neither
a41c3a88-8346-40e3-bd77-0480d804e86b,4a2ee928-7c7c-40df-9327-700f425f49c8,0.8375059577691318,0.27355072463768115,0.24509803921568626,0.3259668508287293,0.21458625525946703,0.2505346474848192,0.2885021545054753,both_correct
db304064-6813-49df-94ed-8e22afff94b2,94c4fa55-1f3a-482f-a6e8-3fda8e368ca3,0.8550931185770857,0.33247422680412375,0.296875,0.37681159420289856,0.2766439909297052,0.31744320934246845,0.19451322688609743,neither
d5c61742-67b4-4d60-86b6-3d7bf2c76e74,9d9dc216-e3dc-453b-a6f6-17319e7889bb,0.8485742711755456,0.41542288557213936,0.4090909090909091,0.3960674157303371,0.30957683741648107,0.6097947091063227,0.39877381540823564,neither
7710ef15-4c35-4ee8-aaee-8cdd7e851916,50c6fe24-8150-4b95-8ee8-1f42c4717a2a,0.9585597780519164,0.6598984771573604,0.53125,0.6140350877192983,0.535,0.5366238683876327,0.3027906304655707,f2i_only
1d540d42-b67d-4a8d-8cde-cb8f90176bc5,cfd6ef2a-6e78-4014-b7b3-596b10f12a07,0.857572524450243,0.30188679245283023,0.36538461538461536,0.3873239436619718,0.2824207492795389,0.3341269160773484,0.2510737949382099,f2i_only
6d2f571c-1f04-484e-8d6c-fe0e12a040d5,65eabd0a-d896-46d9-b082-d2a6c92f8672,0.755750606249117,0.30361445783132535,0.27710843373493976,0.30648769574944074,0.22419928825622776,0.15746543974886554,0.14962423693748408,neither
ee6126e7-0d4d-4d06-bb94-33af52f0eae7,6d49f138-df3a-46d6-b434-fe7a3bcb8df6,0.8144401050052431,0.34292565947242204,0.4,0.3253588516746411,0.24,0.3470085921038106,0.359005941750416,both_correct
28128b7b-0f62-4926-bc96-41300c78a96a,4da71ae2-ecc6-48fe-a63e-a8d21f8cdcb7,0.8823167220115916,0.31896551724137934,0.3333333333333333,0.30952380952380953,0.21212121212121213,0.3524635107231119,0.2680761068386306,neither
a21a2f1b-62ad-4db3-9818-3b21ada62358,23d7728a-66dd-4550-974c-e93a3875c854,0.7995290766897589,0.47246376811594204,0.23728813559322035,0.3067484662576687,0.21588089330024815,0.35537926832268946,0.23572172976318545,i2f_only
c1d8a6e2-d49c-4306-b998-19bf14706d75,a6c7e1ac-619f-4691-88e8-1133f2ade70e,0.7261818635470924,0.418546365914787,0.3,0.34048257372654156,0.24572649572649571,0.29008693048297995,0.18954554034952403,neither
d16992e0-a390-4296-ab85-8406556256ec,375c147b-e321-4eb7-9bd4-86945759b473,0.7627374034783854,0.24814814814814812,0.24324324324324326,0.2553191489361702,0.1875,0.2986795974155434,0.22878514993245813,both_correct
70ea77be-f686-4be8-a812-0a61c5bc8dd9,cfb3175f-62b3-4a67-81a8-3bcbb67da763,0.8695613291837463,0.3571428571428571,0.3333333333333333,0.3622291021671827,0.2731707317073171,0.5484433000603026,0.4274857865358789,i2f_only
3b798ff1-b198-498a-a652-f12e28a17083,f5390da8-950c-4bdb-8b09-8d9321bb0bbc,0.8393518577719864,0.33657587548638135,0.27631578947368424,0.2867647058823529,0.19172932330827067,0.38935567869513443,0.22513362043469023,neither
4f3ba755-8c65-4ac2-a374-e653c3d8412f,9d6e74d7-8f0b-4a38-bf14-28479dab1349,0.8074279847625333,0.3392857142857143,0.2857142857142857,0.31136363636363634,0.216696269982238,0.27642410454819955,0.3026909907147014,neither
06565b84-42c0-45b8-99ec-8f07afb12b56,fb5e7628-5fed-4c71-864a-245277133a78,0.9103335617143835,0.36225596529284165,0.3770491803278688,0.40189873417721517,0.3142857142857143,0.5554618523644484,0.3873243206156527,both_correct
587861c0-413f-42bd-8f7a-13507f41178a,869557a7-4b61-4216-b39e-18e6cb967699,0.8286842415144768,0.3475409836065574,0.2,0.2549019607843137,0.16621983914209115,0.10917031802708015,0.12838917284104065,both_correct
2847294e-92db-4a41-83e9-d76897d31d10,2e1166fc-da3a-4ff8-a524-5d432f06da9c,0.8106282061798725,0.35158501440922185,0.4032258064516129,0.36239782016348776,0.2953020134228188,0.511928271153274,0.2833515104887538,f2i_only
482872f0-8b07-4682-83bd-f32f0d05c632,3bf14c08-92d0-445e-9ada-24605733b2bf,0.8560361604390448,0.3146853146853147,0.3958333333333333,0.3664383561643836,0.2947976878612717,0.6599404785898516,0.44507587738001547,neither
7d117f93-760b-4fc2-b4b5-e0d7886e2969,334a43a9-29fc-4fd6-9d25-d8f9240fbcac,0.8503004615782714,0.39473684210526316,0.47692307692307695,0.42,0.3341176470588235,0.6356001935584271,0.4348588263867499,both_correct
35cf4568-9766-4949-afa2-c95bdebddf25,2535e280-a95d-423b-bffd-c56de21df6e3,0.9209200169915016,0.5964912280701755,0.5,0.4076923076923077,0.35135135135135137,0.7459353305373323,0.31287520014100895,f2i_only
f1b2a917-9db9-46be-b455-77600fb56049,e1a2adc3-71e7-4f7e-841b-76bdec441df9,0.8018330233960389,0.2594594594594595,0.323943661971831,0.27341772151898736,0.1862348178137652,0.33136478059152275,0.32037364722343076,neither
904e24dd-daed-4bb1-aff2-af41e0d6e61b,0129055b-00b9-41b7-90d3-adc5b97a3002,0.7985925142620608,0.26623376623376627,0.2909090909090909,0.26498422712933756,0.19109947643979058,0.5338334290773354,0.3083368183214302,i2f_only
f877c129-5c8d-44d8-95fc-775048f9e312,9d5e6e2a-e36e-4774-9605-ca7a2f636ce1,0.8592709898682332,0.32340425531914896,0.3448275862068966,0.3392330383480826,0.25181598062953997,0.44622703293696314,0.30993992176278595,f2i_only
faba91ea-1843-40d8-997b-021e52eaee9d,52359bc2-ffee-4aa7-98a3-cdfc0e238716,0.7349852071894485,0.24873949579831933,0.2564102564102564,0.328042328042328,0.20463320463320464,0.2787909178199577,0.28427861594617876,i2f_only
2f1fa211-6292-429d-98f7-6d8ee663eb16,a970822a-1441-4942-85cd-4889b9ffe303,0.8701149637183434,0.2934782608695652,0.37777777777777777,0.35766423357664234,0.3079268292682927,0.5404493412044632,0.31179135682055503,neither
480afac0-7e8a-41d9-876f-d66de6809678,09638709-50d1-4f32-ab88-d47857962640,0.8348015370915128,0.5020408163265306,0.4857142857142857,0.6010362694300518,0.5111111111111111,0.6527497901837883,0.3192477657310601,f2i_only
0f8c05d3-c66a-45cf-9f49-6296aff28a43,018842dc-5937-47c5-b20e-5e32be19e4c7,0.8276928085397512,0.2953271028037383,0.36486486486486486,0.3317972350230415,0.22363636363636363,0.38581276709966766,0.30031099875651684,i2f_only
bc995d7e-f050-4941-b237-95a341491d13,14f42bf5-6fa4-4ba0-add8-8cf9af1c1cf0,0.9999238926847969,1.0,1.0,1.0,1.0,0.9999999999999998,0.5511737149539131,i2f_only
d387b261-7406-4713-bb77-67dee94510f0,287b0ec9-1aaa-408a-8793-8216cc0fcfc4,0.792457431083103,0.15702479338842978,0.18604651162790697,0.18803418803418803,0.14385964912280702,0.5470400346454033,0.22693425371462858,both_correct
aff2c8cb-5b4f-4f4e-a9d8-cca21e22f3a5,0af09a69-4abe-430e-956d-ac83a6bae6ca,0.8128113884563838,0.2547332185886403,0.2692307692307692,0.23555555555555555,0.17328519855595667,0.560230305716227,0.6029314055697225,f2i_only
c7710bfa-7e43-45dc-8823-d637f444eafd,f754a74d-b3d6-4cb9-b64c-7d043e3074b5,0.8639523014009737,0.3776978417266187,0.3404255319148936,0.2857142857142857,0.19375,0.378779416103104,0.2390147662120824,neither
e36fa085-afaf-4ae4-bcb1-a8a59620aebc,68f78aa6-d34c-4ad2-9280-af2fddf6c0ec,0.774461981446617,0.3076923076923077,0.2,0.2182741116751269,0.15723270440251572,0.3760343531944868,0.2853045183033274,neither
fb9b92bb-2aba-4f39-a832-f2ded92f52f8,7b81a0b5-f32f-41f8-b4b1-5a4d7d56bbbb,0.8289848202024926,0.36,0.4166666666666667,0.41245136186770426,0.2978723404255319,0.5323017299159727,0.23737740544317382,both_correct
0a4ea659-0099-44c2-8bb7-69a8b6e07624,0ece0a1a-b6d3-41a6-95e8-a79659eb1fd8,0.9530714581393579,0.5389048991354467,0.4473684210526316,0.4523809523809524,0.4326530612244898,0.7802539909261125,0.5487760453607371,both_correct
2a0892af-3dac-4643-b70d-3816e0115126,d4ccdfb8-ca5c-4e5d-958d-77441fcfe088,0.8756687986773701,0.18858560794044665,0.20833333333333334,0.2610294117647059,0.19090909090909092,0.3917697588371051,0.20611360952685148,both_correct
d3b2ee8e-5813-4a21-b4f3-24f2134d8bdc,cf9cce52-1c43-4c9c-9868-071910eda5cd,0.757465179141121,0.33870967741935487,0.2835820895522388,0.25,0.16551724137931034,0.4888749584920611,0.3789535419407986,neither
3b4f2b7c-c571-4d0e-b07a-95d54ddd1129,2c948ed1-754c-4cef-8e58-9bb90dd5c6b3,0.9316278500909534,0.672077922077922,0.5102040816326531,0.5672727272727273,0.47865853658536583,0.6640899211906762,0.37985347493029814,i2f_only
c847c068-a244-4bd7-ba31-9f3d868d3ae1,a08f87fd-a663-4718-8875-04f2b9b9544f,0.8653050212326633,0.3505747126436781,0.3076923076923077,0.3253424657534247,0.23140495867768596,0.5938806698067719,0.3890309180323422,f2i_only
bce7df8b-b5ef-48e7-a890-5ae136e17291,6df666d7-7dfe-4160-ad5b-03109e161200,0.794481171908977,0.4173553719008265,0.2857142857142857,0.29554655870445345,0.23103448275862068,0.5574720693690237,0.20648555514978817,neither
28ab1af0-6f83-4f35-b942-274bec5603c9,97acd510-197e-4d7d-be78-b1043e2003d8,0.867004625158453,0.210727969348659,0.234375,0.26685393258426965,0.19910514541387025,0.45982206344031884,0.33775897005421385,f2i_only
f2035ad0-246f-4023-97d4-0a686defbcd6,cc8f2105-744e-4b4d-a73b-86d23f66157f,0.7626605881360992,0.25,0.13513513513513514,0.18461538461538463,0.1092436974789916,0.22679787714911562,0.14356506290700866,neither
efe290aa-ba34-4bfd-b7f7-dced6562dd6c,36b6eba7-94e3-495b-984e-864e2dbadc59,0.8608979498424248,0.34285714285714286,0.35714285714285715,0.3143939393939394,0.23322683706070288,0.5087485638807092,0.20979487797314347,f2i_only
7ca8cf33-df7c-4536-a76d-c2d46959d798,dc19a613-38af-4992-908a-65341c7d2716,0.7857370740755939,0.17647058823529416,0.15384615384615385,0.16371681415929204,0.13409961685823754,0.4125119680703997,0.1913537860614866,neither
281b2297-9809-45ae-a525-0259ae583ba8,f9dff495-f1ac-429c-b25c-35fe025709f2,0.7489876302815707,0.35769230769230764,0.34146341463414637,0.3132075471698113,0.2379421221864952,0.46625253051423354,0.19930785436901283,f2i_only
0ccd2239-07e8-404c-b57c-13c667d18d41,7dc7aa0d-d82a-46ed-9650-e5bbfcb33e5b,0.7694217820196424,0.336996336996337,0.3611111111111111,0.3621495327102804,0.2638146167557932,0.41111640769842783,0.2948458538224774,f2i_only
c835cfe6-1ed6-4190-8b12-7a287acc7b70,4613f1b3-47a9-4c5d-ad52-2b7736e8587b,0.7185979067608982,0.2947368421052632,0.203125,0.2273972602739726,0.17162471395881007,0.28980066578918035,0.32637706070293454,neither
08fe14bb-87f6-445b-80a9-3078179440b7,e9499d03-1491-497c-8ea4-46aad57fe422,0.8742702376295484,0.19144602851323833,0.24561403508771928,0.2523364485981308,0.1815856777493606,0.5910940303122617,0.4031557771908718,neither
3de501bb-c1bd-4790-b3b9-47751281f2ad,66f19100-08cf-4663-89f2-e2366bd6aa0a,0.8382107629591865,0.46451612903225803,0.44680851063829785,0.4538152610441767,0.3651315789473684,0.6360032988800735,0.2805308132281504,i2f_only
3a0609bb-5446-4257-b785-e9b7b4d9338e,d61d35cd-03d5-433c-8e60-d14adededdfe,0.8474137351937211,0.26843657817109146,0.2978723404255319,0.37318840579710144,0.26409495548961426,0.3415270114560366,0.20207985267976508,both_correct
29b7fd69-3992-4913-8e4b-7700d9513450,bc7fdec0-bccd-426e-8432-cf9b3ada48ee,0.8397906533133656,0.3584905660377359,0.3191489361702128,0.3709090909090909,0.2682926829268293,0.4491201813067815,0.19070767655234738,neither
9eeb95f6-99c9-47ea-bddc-3563c5d2803d,bbf64413-2ecd-413c-915b-17a22be3fc05,0.8187038474880288,0.3228621291448517,0.32142857142857145,0.3304904051172708,0.2354948805460751,0.35381760547741314,0.2605951529382723,f2i_only
450ac5ee-dd6e-411b-988c-a8fe6ef2cc5f,91e98e4e-59cd-4ca7-bb92-8bb25bbf5a98,0.7802086019447835,0.29902912621359223,0.2328767123287671,0.2611764705882353,0.17735849056603772,0.2300970856049521,0.28568009643250897,neither
149c7b6e-6d75-4eb0-85da-40b3b257984e,5f12f952-5d08-430d-b77f-392cbebcdc38,0.8068743285098485,0.3522727272727273,0.33962264150943394,0.420863309352518,0.29213483146067415,0.4157854566482986,0.22088510500844152,f2i_only
096ce0ec-6e06-4a4b-afc5-3c3fec6b3cfe,5f8787b0-2964-41a7-97b4-4b0c662f439b,0.7063493717438623,0.28693181818181823,0.14925373134328357,0.1989100817438692,0.09955752212389381,0.25181887380613316,0.10874731361718347,neither
b3504157-836c-4584-be7a-6769e1ee1655,09092d71-9cd6-460a-aaa9-c3e2dd87038f,0.9187770783459549,0.2818627450980392,0.3333333333333333,0.32269503546099293,0.27485380116959063,0.5852402812881398,0.33757257270806573,f2i_only
9041722b-c0fa-464d-9060-d5baeaea1716,d6e7f63b-2955-4a88-ad73-4eadd14b9c33,0.9111638323227629,0.3979591836734694,0.5476190476190477,0.526829268292683,0.4251012145748988,0.7059685179227577,0.5643852075293574,both_correct
ce71c325-c9ad-4e1a-ba96-bd8ee6787847,5cd82bfa-19c8-44de-a7c3-b12cd300302d,0.872381929222449,0.3464566929133859,0.3333333333333333,0.3669064748201439,0.26142595978062155,0.4661118421841236,0.2989425528585091,i2f_only
2407b29e-adbb-46d5-b84e-de76037c1684,e5573a17-34ea-4f96-8bc8-b55e17ec40cc,0.9496718190622864,0.3366336633663366,0.4,0.4423076923076923,0.3470873786407767,0.6644793050180633,0.5490286470364637,f2i_only
ee25eaee-ec23-4a11-b379-89c28a9b1088,b9e2d9db-2c9c-4a63-a709-32ddd87cfca0,0.7685973529127842,0.2798165137614679,0.23809523809523808,0.18980169971671387,0.13333333333333333,0.25903917787290504,0.27420445394519943,f2i_only
17d09731-1cf2-49b6-96de-f1a5938851e4,27791515-ef44-445f-88f5-8772b8fe8598,0.779444999831667,0.5016835016835017,0.35555555555555557,0.42570281124497994,0.3377926421404682,0.537933847031772,0.21843723002883064,neither
48311899-3850-4c7a-9f25-b17a6f78ebaa,a8f4bffa-0376-49dd-8dfc-bb40b0c1f6e2,0.8801512647036501,0.3770161290322581,0.25675675675675674,0.3057644110275689,0.20952380952380953,0.533595772732482,0.4711122079537561,i2f_only
181b8463-6088-4581-b877-e42b7c96c42e,a58b949d-433a-45d1-a8c2-4571f64c2c55,0.8901199295489631,0.4225352112676056,0.5172413793103449,0.48344370860927155,0.42005420054200543,0.6582434837067211,0.32485838746331525,both_correct
d6e40909-3b1b-4ae2-a3d5-a949afa232f0,336ec0af-c42a-455f-ad88-b8c473b3d669,0.8137916471759463,0.31175059952038364,0.2777777777777778,0.2397094430992736,0.168,0.18432141469208305,0.22790643727627366,neither
64cb506f-e566-4719-83c8-6816b2e129e8,0c352df7-2b04-458d-ad9f-0d55256674da,0.917742078784059,0.35128805620608894,0.46296296296296297,0.4557377049180328,0.3700787401574803,0.6343324024648006,0.4340440180371491,f2i_only
76186a0d-0178-4517-a747-817f6a2515d8,cdfb280e-07a2-4590-aab3-3c82b88ec20a,0.832761371800267,0.3943661971830986,0.4473684210526316,0.3627906976744186,0.2795275590551181,0.4817032229859026,0.2160940559876201,f2i_only
940ade0b-0eba-4a72-a993-158b39db2572,b15d1b70-b102-487d-b818-9aaa3aadfde0,0.9231459852322583,0.47101449275362317,0.5192307692307693,0.42857142857142855,0.33043478260869563,0.5456575358108525,0.36520692664292526,both_correct
386742c4-1b1d-4e49-ac98-98f49d1f0b34,8f5b10e2-da83-4d95-989e-dcc93a9e6aef,0.7343548471517827,0.2603174603174603,0.25757575757575757,0.17708333333333334,0.10300429184549356,0.15233313588532987,0.2540243423219194,neither
e1076a71-3790-44d9-aad9-c00520bd6da5,36e0cb63-4c1a-4f2b-9287-b6b3fa3a0bb0,0.85996584932397,0.3493975903614458,0.25862068965517243,0.3219814241486068,0.23821339950372208,0.48298622774501604,0.4190301551205929,neither
a75d5ac9-7fd3-4163-8a8e-42d16423a212,2e06d743-8a2e-4708-9834-4783aba354be,0.9032030946200624,0.44897959183673475,0.475,0.45893719806763283,0.33070866141732286,0.5974789940830105,0.3581752839189198,f2i_only
9c6198ca-f2d8-464c-a73e-22e0188b97c3,58989f79-fc00-4afb-a649-29d4f0ad3a90,0.761460662370623,0.26837060702875404,0.1875,0.1984732824427481,0.152317880794702,0.41400064764740907,0.234154352987798,i2f_only
0d7c33e3-8bca-467c-85a8-15f672aea555,21e7be3a-1493-433c-a20b-7f6375c3b34a,0.8504439709884603,0.3908794788273615,0.3142857142857143,0.3853658536585366,0.28125,0.6978120550343682,0.391420673193361,f2i_only
efbf73ea-a6a6-4ffb-b305-5ea01af6f8a2,91a5848c-484e-4236-80dc-bd823c033a89,0.7303780983385378,0.3294573643410853,0.30666666666666664,0.24489795918367346,0.1735241502683363,0.42383060714171905,0.3064429430991363,neither
e6c39f2e-029c-4f05-93ca-ac9b6f4de0ca,c956ee56-4343-4dbb-910c-5a3d152d77e2,0.7830528220232882,0.2997032640949555,0.203125,0.27932960893854747,0.17006802721088435,0.2894745167935385,0.1444733151824868,neither
e3860849-2260-4fc6-ad26-f12e488d341f,92d99047-1c5e-4973-b735-cf49d3990057,0.8435929510836768,0.3004926108374384,0.3157894736842105,0.29777777777777775,0.22900763358778625,0.41768071528680184,0.17851918003828218,neither
402e1bba-ba94-42dc-8e55-acf7789a0c28,c8f9bb73-7fdc-41bf-97da-41603b43f441,0.9199457700831533,0.48669201520912553,0.625,0.6037735849056604,0.49433962264150944,0.5537788517834924,0.28854688213378393,both_correct
df8a8613-296a-4555-b7d9-95ff7a8cbf71,54af8e99-b0b4-4d89-8378-13141e5d929f,0.8199427855601154,0.3421052631578947,0.28205128205128205,0.24696356275303644,0.19536423841059603,0.6406881627723239,0.3756119808721061,i2f_only
7807952e-aac9-4cd5-aa6f-148018da15c4,49488d02-62b7-4eba-85f7-ca7b01b16f2b,0.8522600316332115,0.35341365461847385,0.3,0.34299516908212563,0.23193916349809887,0.4402738037530933,0.3228067237201936,f2i_only
9d308d99-6ff2-44c6-8afb-937719447e3a,32d28fb5-68f3-4ae1-8b88-17fded620e4c,0.8959855331847553,0.41104294478527603,0.6333333333333333,0.4909090909090909,0.3958333333333333,0.5258629714659261,0.2183002417321266,both_correct
bb5d397b-23a5-4a7c-9a58-5b81f46834d5,d32fc7da-a1c5-4ff5-873f-dd57fed8f724,0.8553253679771673,0.36184210526315785,0.27586206896551724,0.3194029850746269,0.25790754257907544,0.3836777361985956,0.33401026539344286,both_correct
3591fac8-d8d2-41f5-a168-f0bce10df2d4,ca35acb3-14b7-4b1b-8b9e-8c27c0bca01e,0.8731034073360997,0.32947976878612717,0.32142857142857145,0.3202614379084967,0.23450134770889489,0.5397550884588735,0.3891376975277508,neither
f180cbc9-f497-45ea-8847-8bfac5128ccc,bd421c9c-6a27-475b-81cd-11bb840baa44,0.8697311153126628,0.4822485207100592,0.3559322033898305,0.3644859813084112,0.28756476683937826,0.461809255109619,0.26542851838045556,both_correct
13fcd3aa-c659-46ec-bbc5-172adeac1ddd,ace823d4-30ed-4df6-8e40-779ef8504334,0.8119039352859815,0.27318295739348375,0.2835820895522388,0.2734375,0.18503118503118504,0.5024940654158944,0.24131180173574582,both_correct
32e4567c-ddd7-48ec-b0ff-1d65d79a2e34,6e25ad0e-f5e2-4a51-95e8-196d87fce1a2,0.8515379602688699,0.3972602739726028,0.38095238095238093,0.39106145251396646,0.2981651376146789,0.3680570645248845,0.29157312136282365,i2f_only
33ec2ad7-417d-4ff3-8e1c-4da50d1eb1ec,2964b264-49c7-4eb6-96df-67600209d19d,0.8257534217525441,0.36245954692556637,0.2972972972972973,0.34739454094292804,0.25849056603773585,0.633498412053767,0.47796954837644157,neither
73a4c211-9564-4579-a856-685c0c06b82c,59b20933-f998-4a34-828a-33d01061348d,0.8455813193638875,0.33717579250720464,0.2708333333333333,0.2596491228070175,0.19476744186046513,0.3161787515524296,0.3201421386312767,i2f_only
aee94351-2c01-48db-b484-42df1b1d7a48,872dbfb0-e308-45f4-9c8e-b054c43767ce,0.7833948874615363,0.3223350253807107,0.27941176470588236,0.28205128205128205,0.18442622950819673,0.39529184885220986,0.365636898315544,both_correct
fd05ab52-0678-4f61-8fec-3a111700b8bd,2c2963b8-3b27-438b-a539-9009260466b1,0.8532303906692273,0.35064935064935066,0.4473684210526316,0.47306791569086654,0.38104089219330856,0.5622889000365177,0.4692290497149013,both_correct
2858db50-04df-494a-bb5d-7a8b0c397e8a,d2433a28-6d47-4677-882f-b8eb7786d867,0.8519948737689065,0.3822975517890772,0.2916666666666667,0.34441805225653205,0.2527881040892193,0.5141522318735237,0.30208758136097197,neither
c5ae9282-1dff-43e2-be3d-936dae93e085,0af09a69-4abe-430e-956d-ac83a6bae6ca,0.8174666444611923,0.2627118644067796,0.23529411764705882,0.20469798657718122,0.13005780346820808,0.3526123895197681,0.3922381039429361,neither
95bb8305-e394-4c32-8038-4228acbfbac5,06a7815f-95b4-40f0-bc80-47865032f302,0.8305515578896695,0.38138138138138133,0.2857142857142857,0.31868131868131866,0.24012158054711247,0.47659291493370104,0.2866514083432682,neither
3731a245-9fd8-4b7c-855e-6b7b0151bd2b,f47e0eb2-63f9-4a3e-8c97-8978968722de,0.8129634120485829,0.3578431372549019,0.3220338983050847,0.33225806451612905,0.24615384615384617,0.52009769070307,0.443428160914039,both_correct
05c520d1-b0ca-47db-b4b3-35d37819ead9,e5d99435-3b4b-4dca-bec3-b75176ca6444,0.9409800432729514,0.5123456790123457,0.5434782608695652,0.5724907063197026,0.4646153846153846,0.6668086718316871,0.28270050574175476,f2i_only
9d625d98-59bb-403e-a645-fd071efca4ad,2aab96ed-1841-4ba3-bd1b-678fd06c89f0,0.8509807283416918,0.2702127659574468,0.26153846153846155,0.26900584795321636,0.1952941176470588,0.5348954316937012,0.297341400813277,both_correct
8b2ac80a-693d-4768-9f0a-7530c6b5b2e3,e7a86edd-8a91-4dc6-a6b3-5ec12de32caf,0.7796790777169746,0.33333333333333337,0.23076923076923078,0.27335640138408307,0.17582417582417584,0.5690250953145507,0.4052962683282858,neither
bb575357-118a-4bba-9bd0-8959ebbcc793,5d54c00c-bb53-48a1-8cc6-b597cec67ae3,0.8918649607030142,0.4277456647398844,0.509090909090909,0.47017543859649125,0.37359550561797755,0.5329485854006879,0.38367018982446316,neither
a901a9ca-3de6-4bde-bcd5-8e6e6b9fc3e4,d61fc76d-6c3f-4840-8d34-b397e5f370f1,0.8551391955822608,0.31828442437923254,0.27586206896551724,0.31750741839762614,0.20763723150357996,0.5667742108092824,0.48735399807121854,i2f_only
68979776-1847-420f-9e4b-7dadc732cc88,bb61a4b5-ea5c-4934-8cd4-646897fdf42d,0.735785108340463,0.3557046979865772,0.30666666666666664,0.3765586034912718,0.2835249042145594,0.45132307446794506,0.34889890729475015,both_correct
d80d4c68-3587-483b-acaf-c5c82946791d,068eb875-1ce4-48a4-b6b6-1e70c372efe9,0.7864731773904681,0.3313253012048193,0.23214285714285715,0.27335640138408307,0.1977715877437326,0.2979326493301949,0.18630570654899173,f2i_only
ea9e7b47-9b3b-40b4-864d-36bf5a58487c,c776026e-db73-4111-8ca7-0acdedf20a10,0.8027690073642522,0.285132382892057,0.22580645161290322,0.23268698060941828,0.14613778705636743,0.2779105207398503,0.2544794110164141,f2i_only
84815589-5d9a-4e2b-8674-dba32615c863,ce980358-848c-48a2-8e7f-2879464afad2,0.9027201597717621,0.2782426778242678,0.31666666666666665,0.3230769230769231,0.2748091603053435,0.43259024294989756,0.3267871669039643,f2i_only
da87f815-5f95-4df6-8b6b-98eedacc8bc4,8dd313a6-5538-4869-9709-2fab411090d2,0.7654454186164851,0.2918367346938775,0.21875,0.23511904761904762,0.14893617021276595,0.2983637259463057,0.25122331219312777,neither
316e7435-ffc7-4745-b011-cd19c0cb49d3,171654d5-a887-42a5-a7fb-6e7c6e8c55db,0.8771461637881718,0.43386243386243384,0.4714285714285714,0.48984771573604063,0.40118577075098816,0.6692479181079343,0.3024808527426389,neither
b8fb2d11-8fd3-4ae1-9a0a-7a86fa94770c,55faf464-df1c-4c00-9f3e-1c0a89aa69ce,0.8665049504828864,0.4228571428571428,0.30303030303030304,0.37209302325581395,0.2780487804878049,0.48122376860566135,0.17633534373085819,neither
04dba44b-2a10-4580-9465-b8e0320dce36,e78dcd8c-f5f7-41c2-bde2-afbd0eb4fe83,0.8446636285607457,0.2946593001841621,0.3253012048192771,0.3730684326710817,0.2782462057335582,0.44082617135291446,0.40878488813104025,i2f_only
999af70d-81a2-4b4e-99ae-09b0abf45f2d,00c5052e-d193-4b56-9de4-8941dcb7640f,0.7605499988735105,0.3495145631067961,0.14285714285714285,0.21172638436482086,0.14207650273224043,0.22458109051585254,0.1474495262750691,both_correct
1bfab763-1a13-42ad-9f69-47981461cba5,77f2da4c-4ce2-404f-9441-ec7745795ade,0.8278783334250328,0.5263157894736843,0.4,0.37065637065637064,0.31333333333333335,0.5252786388166737,0.29429429311401584,neither
711fe765-fcfd-4173-bad0-9bad73feac02,98fdb239-ea92-4ffe-a0e5-7522febc87ee,0.741350342308502,0.3067226890756303,0.21428571428571427,0.2987012987012987,0.2388888888888889,0.42011302826889374,0.1599301794760986,neither
0fec805f-61f3-4dcd-bb8f-14c9eea27abb,b76bf4e9-8aa0-45f7-902f-4be373eb958e,0.8086101774417939,0.2914171656686627,0.2714285714285714,0.27383863080684595,0.16356877323420074,0.2463651770647645,0.35122973543703545,neither
e0de42df-ed6d-40c5-9a06-711036f8cf78,81f6d543-ecd1-463f-9949-9edb2aae5182,0.9882380003837885,0.7323232323232323,0.8333333333333334,0.7435897435897436,0.6944444444444444,0.8054749410360089,0.4688399996770461,both_correct
5ce381a3-1ebd-4073-81de-2e83868d209a,67cd8d98-a0db-4116-b684-7fb751025161,0.9101433414405808,0.20563380281690136,0.20930232558139536,0.2317596566523605,0.19133574007220217,0.7379553042875983,0.30374999149840753,f2i_only
2c5feb59-c902-4035-87f3-23ec1af16d9e,324c11bd-71cd-4fb3-875b-80c8f1cda97a,0.8552285120783232,0.25646551724137934,0.2153846153846154,0.23697916666666666,0.16702819956616052,0.4142167712387142,0.42397296089338754,both_correct
4dfbb8ac-3d75-40d2-8490-0fd36f52c6db,0dc539a8-c394-4530-a0bc-81a9f86b2b7f,0.8387160108737765,0.3162790697674419,0.38181818181818183,0.37142857142857144,0.2803970223325062,0.5229710098381982,0.5077358796969813,neither
9f76ae48-5b1c-4559-a71e-1fbffd78c097,c71c2879-01be-4e9f-8f6f-c426208303c0,0.8395653086087396,0.3374384236453202,0.3559322033898305,0.35988200589970504,0.2665094339622642,0.5184360107582231,0.3612492780717045,neither
764dcc04-7857-4f92-b38d-4979d8fada3b,6ba3a016-5538-4b09-8eef-13540fe591a2,0.8595584443215295,0.33119658119658124,0.3880597014925373,0.3333333333333333,0.22937625754527163,0.39439265156380915,0.36807718914729914,neither
c983cc9b-85d4-4fb5-a13c-4e582d999fb9,50c6fe24-8150-4b95-8ee8-1f42c4717a2a,0.865846086358132,0.40977443609022557,0.4,0.4050632911392405,0.30633802816901406,0.6527091393179133,0.3639820415774667,neither
f0bb89db-9753-4624-a659-65328c0db721,97be675e-e394-42b8-aa3b-70eed709d95b,0.9484307947955971,0.5272206303724929,0.5081967213114754,0.4950166112956811,0.41032608695652173,0.5859598558630341,0.434930401938949,both_correct
780b8fd3-4cf4-4c7c-a521-7cfa4563ed5b,62b3a76f-a9f0-44e9-bfc7-8a7bb4cb082d,0.8972612818119227,0.2853932584269663,0.2542372881355932,0.25,0.18990384615384615,0.4063387405113301,0.2782594932981764,i2f_only
c320b26e-a9ca-4075-a669-04b123abf69c,2027ffc1-de05-40a5-a8ed-f249a7067c3b,0.7909522317959974,0.32180851063829785,0.24719101123595505,0.3312883435582822,0.21418020679468242,0.5501768654667137,0.4580036658653071,neither
d33b6bde-6682-4355-a831-05f68e6c7a44,17aa38fa-4e6f-4c87-aa6b-0bc95fe07a16,0.7804773101929714,0.2678571428571429,0.20833333333333334,0.20745920745920746,0.13026819923371646,0.3279675626502959,0.3133803502056953,i2f_only
ce927664-3028-4e30-9a31-be2901015e58,906e0c4e-08a3-4829-b81c-e034cb8dfbf4,0.8220686940670328,0.3198924731182796,0.3114754098360656,0.2988826815642458,0.21396396396396397,0.46016461492857647,0.20904834781683748,i2f_only
2c061458-361c-4301-85e1-89109c8ac535,36e39ef1-006f-47c8-bfe5-e02d2197cf63,0.8409608493563473,0.375,0.40816326530612246,0.34035087719298246,0.2819767441860465,0.35861822176749064,0.41702407404346287,neither
fc692263-04dd-4c84-93b3-dd31571a3e29,12b1ba8c-2e0e-4bea-aa2c-e8a475c18095,0.9060377345419303,0.41436464088397795,0.5833333333333334,0.5612903225806452,0.47480106100795755,0.6978230924185664,0.375542560310862,f2i_only
8468a120-2284-45ff-8b2c-a6c38ecf6211,9d2dd950-b1b3-496b-baa3-1b96798d3857,0.8758454432672035,0.3927392739273927,0.34782608695652173,0.4048582995951417,0.32094594594594594,0.3835148130096717,0.24549071772442183,i2f_only
8c0c941f-1454-42cb-a150-6fdd8586ea0a,22f8af5c-8d7f-45f8-9f5f-851554cdd2dc,0.7448372915516682,0.31313131313131315,0.22058823529411764,0.33430232558139533,0.22588235294117648,0.33199047861993736,0.18225299766091618,neither
1c868088-7e88-4c85-8f30-41041ee2ba3c,92983f53-4d5e-4903-9bd0-c2b1033fa7cc,0.7440445490703231,0.305327868852459,0.2441860465116279,0.3215077605321508,0.2040133779264214,0.32809919973815227,0.22837909468028728,neither
00d49d0a-c806-4d8d-87ce-cab78dfe75d0,c3af3650-587e-4636-ab73-e37db26cc63e,0.8675831902804777,0.3416149068322981,0.2978723404255319,0.315018315018315,0.2445141065830721,0.5108376592059197,0.28245956923618243,neither
c4a7d296-e497-4e2d-b55a-94713bac6f9e,1d87d7eb-b944-4d30-82ef-b1b4c8fe3422,0.9026560577062541,0.2942307692307692,0.33783783783783783,0.2863636363636364,0.19854280510018216,0.2810272745279464,0.5889092313385778,both_correct
3c41a68c-3ae1-451b-8cad-fad82ef52523,4bbc0d66-160b-4244-a2c7-9052b62d7f66,0.8400957391336997,0.20491803278688525,0.3333333333333333,0.39622641509433965,0.2870662460567823,0.33055578380357836,0.21538251671068684,i2f_only
707f8a34-7e0c-4418-9f96-40c7364d4e94,a15c18b2-b385-4778-a385-0c409810ea19,0.8265508304240335,0.34980988593155893,0.3333333333333333,0.2851851851851852,0.2085889570552147,0.4932943641405286,0.24386493457695865,neither
33455008-4216-40b4-9a51-3e46481279f9,c79eef94-3cf7-4431-8ca4-828983b44d13,0.9084454387342665,0.4893617021276596,0.6333333333333333,0.4685714285714286,0.37681159420289856,0.6514304197803703,0.3117565096686248,i2f_only
4d7e2939-67b0-4188-b48a-084336cefa56,872dbfb0-e308-45f4-9c8e-b054c43767ce,0.8063776457519233,0.2949061662198391,0.28846153846153844,0.2793103448275862,0.19886363636363635,0.36946174801961545,0.19983927407165672,both_correct
48485301-ef95-4e43-bfcd-13195e0149f0,9a352fd6-1afc-4e08-9844-32b4c115bec8,0.8501956403306985,0.42886178861788615,0.3291139240506329,0.3080260303687636,0.23440134907251264,0.40563097834512024,0.3427643169926,both_correct
f39f69f8-3a87-4dc7-8afd-ef8374e28900,4a0d0b78-817e-4f41-b8d7-c2110864f3cb,0.8747923274901566,0.5373563218390804,0.54,0.4807017543859649,0.4176470588235294,0.7162274918651073,0.43947448799163935,both_correct
8033a53d-bda1-43a7-88a4-b4a557a524f5,925cd492-0888-4b84-8bb2-272f41db17c0,0.8741736497101213,0.39642857142857146,0.4473684210526316,0.48623853211009177,0.3895131086142322,0.6259492938207423,0.3281654645717522,both_correct
bb3c2959-e18a-4929-8a4d-4a1498cf42fa,becedcb3-27f6-4dd8-8613-bd6d63f46284,0.7647981471340587,0.3236245954692557,0.2692307692307692,0.29136690647482016,0.2188449848024316,0.5551257743286635,0.21528795333926143,i2f_only
f9bc8b27-580e-4be3-88aa-7dac43618541,682f9397-688e-4ac5-a7b4-3b29433950fa,0.8484516487438803,0.3211538461538461,0.24175824175824176,0.2848605577689243,0.1747269890795632,0.41594801812891863,0.40376494436009625,neither
0c1c0e82-2178-4755-a673-1b8f87a715d3,90fd510c-7f8f-43d1-86de-1c3fa23c431b,0.8293423865947087,0.28755364806866957,0.2916666666666667,0.34,0.2459546925566343,0.5379881508013411,0.20977489395561358,f2i_only
88889818-0879-4887-a91b-b76b6029dfc2,3643b1c9-3be7-4765-ad39-dab1bc7154d8,0.777517761441144,0.2857142857142857,0.2777777777777778,0.32857142857142857,0.2277526395173454,0.4087016963260519,0.29965427883331586,neither
f45e013c-311e-4dca-aea8-f46b5ed54109,705eece7-b210-4c81-90d3-077062afea2f,0.7173923052250084,0.2552816901408451,0.19090909090909092,0.2755102040816326,0.15974025974025974,0.18938682191942732,0.16711387587811066,neither
8dabb384-4cfb-4e9e-85d7-f71617487d93,e62e581e-0d87-45cd-b9ec-2e720a02a179,0.789965079941531,0.35799522673031026,0.3333333333333333,0.26096997690531176,0.17823639774859287,0.3652068573049812,0.3189526693652296,both_correct
10607a50-d4b5-4565-816a-acc5cd68c92f,32224c62-e589-423b-ba85-b038835c255d,0.879125112439048,0.6642857142857144,0.64,0.6363636363636364,0.5208333333333334,0.7814782236951548,0.2690376012922192,neither
34aacbc8-8d27-4b68-a21a-2b5d736afe04,85618151-a97a-4b64-b69c-dea1ba9436f7,0.7551837056505343,0.38013698630136983,0.27692307692307694,0.2968299711815562,0.2037914691943128,0.14996283214010817,0.1899802010316332,f2i_only
96d450b1-174e-4d88-87b0-377ec5ddd00c,09441924-5453-42b9-9a80-5617cd9cbe68,0.8805180508873104,0.3562945368171021,0.3018867924528302,0.35313531353135313,0.2861111111111111,0.5875832497670617,0.3618954179197896,i2f_only
151a8d0e-370a-4c3a-aa57-6e13873f8722,87523ef6-72ef-4d1c-bd3e-3d08cbe9c859,0.8830655230628197,0.3571428571428571,0.3055555555555556,0.3160621761658031,0.2145922746781116,0.4690922042453621,0.22760039256718903,f2i_only
ff67bc54-3e7e-4900-b8d4-ed99bd2a07f3,b4446bbb-adc0-4d31-8c61-bc7fa7d5f778,0.8964485551734834,0.2974358974358975,0.4,0.41642228739002934,0.3248259860788863,0.6223638338860255,0.4228224394224298,both_correct
324b931a-a776-4ab5-b8e4-85f60a737ce8,a6abf1ce-e107-4570-b45d-92ccadf988a9,0.7604615927585053,0.2567353407290016,0.18181818181818182,0.24242424242424243,0.15135135135135136,0.3441179431870231,0.2768463987171889,neither
96e6ed68-6955-4c18-92ec-94a116f60c7f,02dc9778-9a77-4a22-a8b1-883718cc7a23,0.8676206433627516,0.4184782608695652,0.35,0.40625,0.3132832080200501,0.5431554133852963,0.47767446458263696,neither
ae4d1f7a-5d7f-4d4d-aadc-ed2f84de1c4a,ad8e4e69-45f1-4ad6-8f5e-6ef8763216e6,0.7519012796609023,0.30810810810810807,0.15384615384615385,0.20679886685552407,0.12873563218390804,0.1969686121737062,0.16034849467404655,i2f_only
a2494cd0-8748-43fb-b3c4-8cddee17cb2b,a8007f89-37c2-4e70-a971-f24586484d7c,0.8710260979918104,0.4134275618374559,0.34782608695652173,0.3688212927756654,0.28753993610223644,0.47563375766559896,0.1929265335456678,f2i_only
b978afc6-ae02-4675-8fd1-4e86477bb1e9,e505d3a3-1fde-4732-a187-67e340b7e9bf,0.8236074280259207,0.37370242214532867,0.5833333333333334,0.45662100456621,0.3423076923076923,0.7561095713029571,0.542053515266758,i2f_only
c798f5d9-fe4d-40f9-95c7-8d6171c7a3f6,2e48108d-2d79-43bf-93ed-1cf711e5aeeb,0.9205307900232289,0.2735294117647059,0.3191489361702128,0.384297520661157,0.31125827814569534,0.5611089601164548,0.3428998288231237,f2i_only
0068f361-156b-4a75-94a8-80e796e52fe4,68adf5ae-f8ec-4de1-a395-653d28c3457e,0.7686657722295388,0.262582056892779,0.23863636363636365,0.270042194092827,0.18883415435139572,0.22101436619500303,0.2272585080488587,i2f_only
edac77ca-4f2e-4586-90f4-108b56b1a820,24b290a4-7d13-44e5-a33b-0c68d62420d6,0.7464826823935143,0.23024054982817865,0.22580645161290322,0.27575757575757576,0.1848101265822785,0.20954750148875467,0.15746548926405257,i2f_only
a48d8adb-3b0d-4a6b-b70e-39f7c242c8e7,f63a3da9-d00f-4fa0-b595-aea75e0951a1,0.7799717104433065,0.375,0.2923076923076923,0.2679425837320574,0.186219739292365,0.43922419483830333,0.26312160769671783,neither
6dcab982-0ee2-4655-bc0a-0c01f3d5b085,af612b7c-3e01-43db-8673-7ac6efd43905,0.8352451495394462,0.2920203735144312,0.29213483146067415,0.35730337078651686,0.24579124579124578,0.41462565066619894,0.2804629891614629,neither
68bfbe5e-0c1e-4fe3-ae99-41b6006213bb,ae7abef1-cdaf-40d4-9a12-f0701802636d,0.9146310840586099,0.3258928571428571,0.3137254901960784,0.33666666666666667,0.26216216216216215,0.5094175198477578,0.34250965101973346,both_correct
dd08dc82-6dcd-43bf-b7d4-56bc4f240f22,f9e48ce1-dfd3-4122-8f40-cf423502748b,0.8921923189229342,0.2860576923076923,0.30612244897959184,0.3146853146853147,0.2388888888888889,0.6418340363002165,0.40969281259835466,neither
117e5f45-fa71-4f75-a465-3e8faeb2e338,1decbb1e-2329-463d-933d-5e72abfb8035,0.8292538323295991,0.39917695473251025,0.4186046511627907,0.36065573770491804,0.28027681660899656,0.4086161985757997,0.17231903364451404,i2f_only
8cb82080-9cae-48b4-bb5d-151286997beb,454fd223-017e-48a1-8858-32e419d52f5b,0.8365271436979046,0.5569620253164558,0.5476190476190477,0.4682926829268293,0.38524590163934425,0.6624742459354163,0.4110523137580087,neither
3b44d122-da6a-43dc-b691-0c2c6ca46a91,833929fa-c631-4d62-b114-271664e926b1,0.7490856242281425,0.2738853503184714,0.2222222222222222,0.2643979057591623,0.16421052631578947,0.37425436892259634,0.24737359952306098,i2f_only
f803d1c8-4ffa-4879-b8ed-837048f7846f,a87aba25-1d18-4e5c-88a4-2c2c111a034c,0.8514509738502035,0.30577223088923555,0.34210526315789475,0.42053789731051344,0.2925531914893617,0.5438703085908203,0.46226273070169266,both_correct
1d9ef8a6-9432-4bcc-a7de-a8c7234121b5,6b54965a-ce93-4d0a-8894-0d4a6c19983d,0.7987654585771939,0.288135593220339,0.37777777777777777,0.4274193548387097,0.3253424657534247,0.41107525520869126,0.21811952605791715,neither
2b787080-1c88-4421-b8ed-2deea4af9eb6,92983f53-4d5e-4903-9bd0-c2b1033fa7cc,0.6968401366361638,0.27459016393442626,0.23076923076923078,0.30718954248366015,0.18122977346278318,0.3549922810375603,0.18246004967096383,neither
05f5d0d4-acc1-4aca-a112-5dfd85a33dfd,ca3d2d80-8dc4-41e6-bf04-a3f520ce2b20,0.8676714988256924,0.48534201954397393,0.43137254901960786,0.36917562724014336,0.2711864406779661,0.6844385180099348,0.3811829517225515,i2f_only
883434d0-184d-4322-92f2-3759d74b7a6d,5d54c00c-bb53-48a1-8cc6-b597cec67ae3,0.9022833458364542,0.3872832369942196,0.4666666666666667,0.44745762711864406,0.34308510638297873,0.44345352654478803,0.3132943325455624,neither
8da1ed26-6862-4533-9eba-ebec974f7bfa,ffbf49bf-1c14-4640-8053-8da85a0dc5da,0.9363997071416859,0.39852398523985244,0.42105263157894735,0.37280701754385964,0.25547445255474455,0.5398211969868053,0.3285354034267587,both_correct
f9f21214-66ad-407f-845b-8ab001fa3dc7,171654d5-a887-42a5-a7fb-6e7c6e8c55db,0.9328888437610253,0.5590828924162258,0.5476190476190477,0.5945945945945946,0.4848993288590604,0.7070646775802353,0.5172588774846572,i2f_only
017dbf87-3971-44f3-9968-b8b747528d8b,c845cc7e-feea-48a7-a341-7a11adcf7285,0.6718186661623529,0.3056872037914692,0.26666666666666666,0.25190839694656486,0.1349206349206349,0.2926916784792797,0.28361103956957917,neither
455edbc4-aa48-4c08-9d0a-25da37afaf50,691ba0a1-1527-436c-aafe-fb21857acbaf,0.9159306886446729,0.3982683982683982,0.5277777777777778,0.5024154589371981,0.4340425531914894,0.5653754667646784,0.23616810379734857,neither
05e2064a-7a2d-4edb-9223-cd0f186fab3d,1b1fd72c-c918-4966-ad58-d1979ce8864f,0.7060745110601903,0.3744075829383886,0.3787878787878788,0.3979328165374677,0.3146997929606625,0.4677142062285208,0.25466666575087815,neither
00ee3b8e-715e-49a8-aea6-acd059b0dffb,3969a4c6-98a3-416a-89f8-45d82844cf8f,0.8874157668188164,0.2091152815013405,0.225,0.20454545454545456,0.18272425249169436,0.6699460838294586,0.3483867461124096,both_correct
aed2fc06-cae0-46a1-bda3-a4203d128f28,26c1df25-1bb6-4768-a583-c0db51c0a3df,0.7098387861802089,0.28125,0.1744186046511628,0.2676991150442478,0.16267123287671234,0.2392779923020798,0.1270681090390169,both_correct
f6582700-29c2-4d83-b3e8-f1551f0f826f,872dbfb0-e308-45f4-9c8e-b054c43767ce,0.8196483696365514,0.2612137203166227,0.36363636363636365,0.33773087071240104,0.23255813953488372,0.42219398348592957,0.2987937242543066,both_correct
22c69e26-66eb-418b-8dcd-6d97144c213a,a9fccfb0-1480-4e26-b167-5dfb8de4ca21,0.8531486768723237,0.4143835616438356,0.3783783783783784,0.43658536585365854,0.35714285714285715,0.6365813242183026,0.4500697577229045,f2i_only
3bfde468-dea2-43c5-be8e-0b4ba11e3448,807080e2-c04f-44d8-9f90-9024043171c3,0.7518276791932624,0.29059829059829057,0.1774193548387097,0.22189349112426035,0.1466346153846154,0.21053179642392914,0.10750279687997691,f2i_only
289db95e-34ed-4487-8a90-8aa2c003a9f9,8be5b85a-f338-46fe-8383-e0db29bf097f,0.7899884193464597,0.31767955801104975,0.44642857142857145,0.3380681818181818,0.25925925925925924,0.30298982893616955,0.3664782744302126,neither
c87925c6-0741-4003-bfb9-32c13ce48984,12b1ba8c-2e0e-4bea-aa2c-e8a475c18095,0.9143048767978764,0.4527777777777777,0.5625,0.5960912052117264,0.5013333333333333,0.6773985086564173,0.35970669854967036,neither
3fda3d18-b8ca-4f3f-8438-9fe621f9ee04,dea0a18b-958f-4675-b347-d31f33d12934,0.6896513529909832,0.28060263653483997,0.16666666666666666,0.17256637168141592,0.10088495575221239,0.2296216860776498,0.2191457966729886,neither
65a2ccfa-1633-4ee3-9f60-4cb46f9d6141,50953fbe-a192-40b8-a848-67c1f86c846a,0.9174899311345692,0.2961956521739131,0.3469387755102041,0.32068965517241377,0.2703488372093023,0.40086186597465145,0.26985660779341575,both_correct
5c740d58-d2a6-4e5f-9b62-ea56b3511d08,cf28c9c6-105d-4099-939e-de981b6660b9,0.7837106021444423,0.3282208588957055,0.25396825396825395,0.2795031055900621,0.20551378446115287,0.30295712130567853,0.17612650103456617,f2i_only
38db5f26-6f78-4cee-ac2f-b3c600d18e37,fc177436-871e-4ac4-a8cd-2aa66d438b2c,0.7611500377335955,0.34558823529411764,0.4090909090909091,0.296875,0.2185430463576159,0.29695193509772627,0.20270259825145026,i2f_only
23cb4a33-ca59-447b-bc4d-e45adbd051c9,0228e0c6-0bce-48d2-b31d-1d9547598882,0.8631405882336184,0.29398663697104677,0.2857142857142857,0.3644578313253012,0.27007299270072993,0.3013141925218281,0.30352161762905655,f2i_only
9e99c027-ea0c-4ee6-9035-202f579e885c,e61c8f5b-9639-46b0-8f61-93f6b496657e,0.8562506511825309,0.316017316017316,0.2647058823529412,0.29577464788732394,0.22121896162528218,0.31544989705515314,0.24611063680214668,neither
8699380f-1120-4eff-9ea4-262f45d5634e,fa53546b-2ca1-40d1-867e-dc4f96de6fd6,0.8621336103233156,0.3201754385964912,0.2608695652173913,0.3058823529411765,0.23154362416107382,0.3567768055183439,0.17483795762332807,f2i_only
1cca04d9-3d1a-433d-8912-b371dbbe35d6,2535e280-a95d-423b-bffd-c56de21df6e3,0.819733078785255,0.2774566473988439,0.3055555555555556,0.2669902912621359,0.1814516129032258,0.4100797604508671,0.1616588195237204,i2f_only
e2a201e6-0b59-42db-ad0f-1374de2e77b1,76f1e5cb-d856-41a5-be5c-308b88b9ef77,0.9192326477182009,0.33838383838383834,0.5625,0.5364583333333334,0.4051724137931034,0.6160807355655926,0.22188453065521332,both_correct
5a184f6c-f416-4264-9882-d67cbc7822b2,2590cc21-5e43-4cab-9fd4-4781fa483c68,0.880796381803835,0.4085365853658537,0.4,0.35906040268456374,0.27977839335180055,0.5974662418561308,0.4615797477714997,f2i_only
98812e30-3ce5-4a6b-9119-d468a32402c8,31da1850-42c5-4c6f-a7e5-60b69fdf28d1,0.818383421429242,0.302970297029703,0.20481927710843373,0.27422680412371137,0.1744186046511628,0.4060094673628013,0.2999865924875318,neither
eb52471a-3f55-43d1-b148-629544fd4d87,19ee8509-8b07-4bfc-bd1c-2f2ae5f4cf10,0.8519007905751417,0.2827225130890052,0.2549019607843137,0.29213483146067415,0.22424242424242424,0.3852249595915148,0.2561196357109315,i2f_only
53d1e13a-e65b-499e-85f1-1db1e8a81ce5,af2fa499-98b4-43c8-abd3-4a5fa6116e32,0.8700681025127361,0.3142857142857143,0.2926829268292683,0.28440366972477066,0.19117647058823528,0.5333149109500374,0.2685195853253843,f2i_only
2c1e9ddc-8cd8-4686-ad21-3c097f63fbcf,68aed50c-163c-46d9-a461-379b6d4eff59,0.7672364502199273,0.3170103092783505,0.21739130434782608,0.2459016393442623,0.14675052410901468,0.3442915216899304,0.22691034648854294,neither
acb2cab8-568b-4941-ace6-3ccd6690ba51,4a94d872-f119-442a-ae3a-5ac50a8f9e3a,0.7696904424861915,0.3207547169811321,0.2125,0.313953488372093,0.20106761565836298,0.40108751362516076,0.3600580402920084,neither
757e4545-029f-4355-997f-63090135659e,94bdf4bc-71a2-4588-91ba-9194b8b4e1d0,0.7322921307063633,0.3032069970845481,0.2857142857142857,0.34349030470914127,0.21413276231263384,0.34154123918467905,0.27199005111378716,f2i_only
2800d73a-ca51-47e2-a19f-1b34dbb98c9a,84df1f63-5f2c-4ca9-8a05-e6df6a172205,0.9170076209411347,0.4853556485355649,0.2826086956521739,0.31521739130434784,0.26498422712933756,0.46085677086221727,0.22833110665688353,i2f_only
31d50126-9062-42c9-8753-a0761b5653c7,9001e046-93ad-43b2-a268-2f48463e5087,0.7840163875686065,0.26879699248120303,0.2753623188405797,0.2814814814814815,0.1875,0.3711734841929934,0.2602580027644475,neither
5c07d2f1-1d01-437c-86a3-b7324c20a58f,e1df93d1-202c-43ab-b652-b46ddaeaa054,0.7827321919284334,0.3088235294117647,0.2,0.23333333333333334,0.14314115308151093,0.34008858547254367,0.2247873421015624,neither
0749f9f9-0004-4f06-a121-ccffdc5a75da,382bad08-b265-43c5-b06d-ccb74825f5d1,0.7963371924932312,0.34468085106382984,0.3484848484848485,0.38186813186813184,0.27467811158798283,0.3520300244048263,0.3035900935686597,neither
0e45cb5f-7181-4dd3-93aa-872462b64468,19a8940c-f77a-4a4a-a847-984cb1155235,0.8964637919733729,0.3840749414519906,0.42592592592592593,0.41883116883116883,0.36486486486486486,0.6233720970798647,0.5180248819078249,both_correct
0ddc6878-30f9-4c28-9c37-40277b70dd98,3643b1c9-3be7-4765-ad39-dab1bc7154d8,0.8296741802425388,0.3366533864541833,0.2894736842105263,0.3627450980392157,0.2644320297951583,0.5295479744071602,0.32433926312389105,f2i_only
437008a0-a674-4b32-89af-c7708cb565f9,cfb2ab68-2a65-4ed9-9777-52acb8e2e67b,0.8763987421990437,0.3590909090909091,0.4117647058823529,0.3854166666666667,0.2675438596491228,0.5552728664951744,0.2665115756786501,f2i_only
55a57863-4ef7-4f19-bbe2-3d84459518c2,835c2766-366c-4203-b1cc-059ba06bc78f,0.8302880486480618,0.3505747126436781,0.23809523809523808,0.17105263157894737,0.12109375,0.2985577792027877,0.11446504390604222,both_correct
b848f8d0-ea1f-4374-b68c-0fd5393377c1,236762ed-1e76-4bd8-97fc-a96e5d3b1899,0.6868114039260421,0.049180327868852514,0.06896551724137931,0.048701298701298704,0.03021978021978022,0.2612485802878727,0.07667834454385611,neither
69c47779-9ac0-436f-99cf-65404d7fceef,45650f29-9cfd-4775-ab45-71ac097486e4,0.8242654573932785,0.2764976958525346,0.45,0.3925233644859813,0.29880478087649404,0.775505033270043,0.42839791453283826,neither
7b5fde4e-8980-48b4-9de2-df4843d2e138,c153e520-c477-43f8-b0d5-b050ea0ff4be,0.7558990898255384,0.32258064516129037,0.3333333333333333,0.3333333333333333,0.2198581560283688,0.40972706206886444,0.30067193931229125,neither
d336acaf-ec8a-46a8-8326-70657816c5f7,0c352df7-2b04-458d-ad9f-0d55256674da,0.8981575741453803,0.34765625,0.391304347826087,0.444,0.36333333333333334,0.5915100176792428,0.2560715366728018,i2f_only
c7ae0d96-e31d-4720-9f92-dabde31f2b28,a6744e04-0fca-401c-a4c0-fb6cda1aa1c2,0.8004776118905952,0.39900249376558605,0.45454545454545453,0.46503496503496505,0.372972972972973,0.6992434325532713,0.47325974249872166,f2i_only
d0555d99-0f08-4cdd-ad17-50521a573644,c503a0d1-c99f-43db-841f-d7759ab16da6,0.8491727372712593,0.4214463840399002,0.3333333333333333,0.33035714285714285,0.22769953051643194,0.4350375143299069,0.37585107169818266,both_correct
99e7072e-fb0d-40c2-b46e-71d80a6117b3,68a4c1b8-ee7c-4d21-b7ef-04f4da521289,0.8436215952019701,0.5563636363636364,0.4634146341463415,0.5384615384615384,0.4703703703703704,0.4915607692263779,0.2523803647683204,i2f_only
9397a7df-d9a0-4692-8ac1-4db3b293cfa1,15e5ff81-9b36-4bde-8072-af5590e3902f,0.9148576433757445,0.36363636363636365,0.3333333333333333,0.33707865168539325,0.2670807453416149,0.42665195598174815,0.264453986119482,both_correct
7d60c62a-4f14-420e-99a5-2e68aef83b08,e5d99435-3b4b-4dca-bec3-b75176ca6444,0.8883699072163928,0.43518518518518523,0.5,0.4896551724137931,0.38055555555555554,0.5683942908369063,0.31139417607937975,neither
b09d2045-697e-4918-b11f-ec966c6f2627,303d6d17-2615-4c99-9bad-edddda513dc8,0.8045377868446745,0.3114285714285714,0.2222222222222222,0.20385674931129477,0.1351981351981352,0.20023214258169675,0.14911131319543916,neither
382a3de0-2284-4e36-9f97-a2d492f90145,ebf42fcd-64a8-43ad-a61b-f02ab75c6fc0,0.7170958207995164,0.30112359550561796,0.1780821917808219,0.22115384615384615,0.14990138067061143,0.2917849815540448,0.21009063705155143,neither
443a7ccc-16f7-49b8-8370-e528bbc6f1d7,f63a3da9-d00f-4fa0-b595-aea75e0951a1,0.7258073473174633,0.28515625,0.25,0.2903225806451613,0.19066147859922178,0.36031995247192083,0.18072177054160452,neither
7e773b12-5f9c-4101-a77f-773049e11c49,45d918b5-51f5-4e5a-8d65-cb49b3f91062,0.7954290410667575,0.38902743142144636,0.35185185185185186,0.40484429065743943,0.32,0.44463144273712774,0.3875222249207323,i2f_only
e946e8c9-b3df-4f79-84d7-98b6b3307fda,3893a721-b8b5-4079-9aa2-184e02dbd4dc,0.7539248195145489,0.306483300589391,0.28169014084507044,0.27486910994764396,0.1882591093117409,0.3000250197062109,0.26983816372408176,neither
f2136709-4fcb-4868-a486-c743060938bb,7a934ec9-955c-4785-aecf-1583fccd6fa2,0.8704892490953564,0.35365853658536583,0.3220338983050847,0.33827893175074186,0.26044226044226043,0.47065560982362653,0.2483658465587018,f2i_only
0411e2c7-b702-472f-9ded-be7173b5510e,12181daf-bee0-4840-969a-0f1b5d5b4c47,0.8799879067439565,0.5261437908496732,0.288135593220339,0.3532934131736527,0.30670103092783507,0.4577027446416478,0.2456433070394442,i2f_only
2dae7ca8-1577-460f-afd9-fbefef040a86,dcbbdf53-340d-48d0-ae95-222a5d9fd8e8,0.8974570292639577,0.4877300613496932,0.35185185185185186,0.38205980066445183,0.2803234501347709,0.5973175988764501,0.33992048909073164,i2f_only
30dae945-ea99-4862-b9a0-0bedfde1fcd3,21abee0c-0032-464e-afa7-980518511843,0.8335290770199654,0.2964426877470355,0.3076923076923077,0.25630252100840334,0.19202898550724637,0.25174781450594313,0.1775513648819635,both_correct
e7f82358-439b-46a4-887e-b91254db9c64,171654d5-a887-42a5-a7fb-6e7c6e8c55db,0.904470340078967,0.43738977072310403,0.3924050632911392,0.4444444444444444,0.3471971066907776,0.5361421723894083,0.27710947977534045,neither
f5c87f28-67fc-42a0-a1ab-a5c9a6a2fdfb,9c3691d4-66b3-4fa3-92c9-24852c334f51,0.8750536424207911,0.36769759450171824,0.2692307692307692,0.3064516129032258,0.24250681198910082,0.27461745225360845,0.15940630936240696,neither
718a916d-f2a9-42f9-bc4f-1b30e0d29369,2d99f61a-2d9c-45cb-87c5-836ee509b733,0.9045798271049404,0.35433070866141736,0.3770491803278688,0.4230769230769231,0.3268398268398268,0.5952211558721843,0.47978227666055095,neither
7b6ec8d8-9c36-4991-8c53-8c7395757ecd,12b1ba8c-2e0e-4bea-aa2c-e8a475c18095,0.8980313633019187,0.41090146750524104,0.48333333333333334,0.5429362880886427,0.4533333333333333,0.591525630019138,0.3931755399328589,neither
f7dc0cd4-baed-486c-ae9b-d38ad4b34d8b,e26e58e3-950e-450e-a0ce-00df1ae58082,0.795864184663165,0.27728613569321536,0.3111111111111111,0.27106227106227104,0.21806853582554517,0.5399555644215521,0.23364290894626477,f2i_only
71a3c832-4589-49db-a6a3-49397ea9bd99,2c28ea27-bfdc-4646-8c65-eb8f57ba0349,0.8267024476751047,0.30000000000000004,0.2537313432835821,0.31266149870801035,0.2222222222222222,0.44151881639479185,0.29171930021108056,neither
0cb8cfc1-caac-4ef4-b028-0295df33b8ba,9e395de1-cabd-435c-87cc-9f6f6ebfb8fc,0.8176051163532303,0.34688995215311,0.1780821917808219,0.24603174603174602,0.15203426124197003,0.22784560663916487,0.2658411327320332,neither
0e284dfc-1ac1-437d-8f23-5f0b06279aac,987afa2c-d667-4e50-969a-5d71a411c71c,0.7592553261506693,0.2981651376146789,0.3333333333333333,0.3497536945812808,0.242914979757085,0.4637974759337043,0.1854209726284377,i2f_only
581ad0f3-7717-4313-b547-45bea8cdc3f6,c90776c7-e3d5-445f-9d9e-e1c491469520,0.860956028959803,0.33137829912023464,0.3333333333333333,0.313953488372093,0.19578313253012047,0.40323535929068177,0.27861695144053444,i2f_only
3455e8c4-61c2-4cd4-a536-9da6fdeecb42,5ade2e06-c530-4447-a9ff-30b1408775a0,0.8733359157664391,0.3550185873605948,0.32857142857142857,0.38441558441558443,0.27091633466135456,0.42934402363788265,0.2873958941644705,both_correct
edbd3338-a862-43ed-a385-360c08127778,d566350a-5d34-41cb-aac2-26b8f1ec3382,0.8005712160517535,0.33882352941176475,0.288135593220339,0.2674772036474164,0.19506172839506172,0.5370949917243801,0.34894508211537295,neither
fe7487f7-1022-4d91-be7c-983fe80e0356,db84da81-7435-447c-91e2-b537dd8de3d4,0.8489342640028449,0.30268199233716475,0.3333333333333333,0.29411764705882354,0.21003134796238246,0.478320119297563,0.23464628096262694,i2f_only
60e5a196-ef56-4d43-9b90-3fe420538cbd,811821d4-7492-43fe-8937-9a8a4270dcef,0.7865238297083341,0.24784482758620685,0.2676056338028169,0.2997658079625293,0.19444444444444445,0.27813560288852013,0.23058576350536245,neither
78e99061-e8c0-4b26-9a66-56a77c379767,ec968cde-243f-4f2c-b9eb-2ef3dc43eaa2,0.86600429388031,0.26184538653366585,0.2692307692307692,0.2310126582278481,0.1774193548387097,0.5957535352547407,0.3917781833674924,both_correct
85f782aa-dc52-4743-bc87-c00195b61172,94ffbd5c-1daa-4040-a7dd-aac77f7ef631,0.8112592614244902,0.4742268041237113,0.4482758620689655,0.4619883040935672,0.4021164021164021,0.7454704855385156,0.32546702878384376,both_correct
cefecfcb-5103-4367-b111-a6ada6b06dbe,56412b45-2244-4389-9980-7819101223e4,0.769461579598106,0.29695431472081213,0.2222222222222222,0.25555555555555554,0.1917808219178082,0.3408599215579316,0.16944131558811415,neither
2b577795-ed86-416f-8349-257c8a9bf352,9d30b74d-11fd-4ba7-8dc6-982ee2785306,0.9040146769402579,0.3808777429467085,0.32926829268292684,0.3874458874458874,0.2938230383973289,0.5325441450138984,0.7150036377679625,both_correct
61c5df52-32ca-4483-a3b0-2ac067be705f,14cbb859-9ea0-46c8-bb37-986041aa9081,0.8773252721820245,0.2574850299401198,0.2682926829268293,0.34177215189873417,0.2801418439716312,0.3871993676813334,0.27561932645272524,both_correct
e3a348c1-2d80-48ff-889b-bab238d56c41,51fe778a-a157-49ac-b828-e9f315adebe6,0.7675315420874401,0.345771144278607,0.3137254901960784,0.3215434083601286,0.24083769633507854,0.5170119562038195,0.3245502088905439,f2i_only
9ee4f4d7-d419-4d87-a7b6-fb3710fab684,8cf6f082-759b-4614-9c8b-428213a34b43,0.8264376062461427,0.3042553191489362,0.23076923076923078,0.2696629213483146,0.19101123595505617,0.48439189837112356,0.2877229826728618,both_correct
d3fc2ee7-2cef-48ac-a902-014474cc6042,e5164783-ee80-4900-b297-c71a2de244ab,0.8111991245020361,0.2650602409638554,0.32,0.26666666666666666,0.16964285714285715,0.6604293283196353,0.3411374961247077,neither
10c89fc7-febe-457b-9774-793cff2e1bdb,ea074c77-0ce3-43f3-9ae6-6f1efe830247,0.8982040991687149,0.34693877551020413,0.4423076923076923,0.4407894736842105,0.363395225464191,0.6588403690835853,0.39063465956299376,i2f_only
66e2c243-af63-4c95-ab07-62143dd5dcd0,d24bb483-6f72-43ed-8ef4-09931f32935d,0.7234916913243921,0.3281733746130031,0.28888888888888886,0.22950819672131148,0.1456953642384106,0.3491663064332947,0.1734833294177055,neither
384530d7-5fdd-4942-8730-a99cef49905b,8ed86a9a-548d-4afd-a007-9c88acbf2935,0.8332657286240245,0.35279187817258884,0.22033898305084745,0.24375,0.15196078431372548,0.14211613838324905,0.0898304626243078,i2f_only
ad9c695f-703c-4123-b0eb-41e64c6c6b6d,245ad251-821b-4a51-9ca3-d886dc694113,0.766429803629951,0.3060796645702306,0.2641509433962264,0.2490842490842491,0.16176470588235295,0.3473677135845301,0.2547326426002497,both_correct
17eabf4b-7c75-4d48-a5a1-802a8a1fb337,15f3e3aa-47df-4402-aa91-b62c1e3102f6,0.8314339897379601,0.388646288209607,0.4032258064516129,0.3803680981595092,0.29539951573849876,0.5067107486726733,0.30737339990393575,both_correct
cac12aac-38df-417d-b8ce-32c0690dfc8f,5cd82bfa-19c8-44de-a7c3-b12cd300302d,0.9166717080804433,0.31299212598425197,0.323943661971831,0.4281842818428184,0.3215767634854772,0.44526304377380055,0.39278603148830576,i2f_only
88bb6cc0-4d81-4621-921d-4320ec1bcd8c,e2c9bd26-752b-46ed-a368-b8ce36f03693,0.8485882484517452,0.36704119850187267,0.3269230769230769,0.34767025089605735,0.25297619047619047,0.28492718297742664,0.19875430074693168,f2i_only
6e9cc51b-b068-4bd5-a33c-a22d323ab0ac,619004cd-a4ec-4959-839c-2f8b4c10354d,0.9146108737186714,0.5273522975929978,0.45588235294117646,0.4666666666666667,0.37447698744769875,0.527891862978476,0.32851112587582093,neither
63da892d-b0ab-4717-8cde-b678e9b03f9a,f3230b52-7993-472a-b9e7-8c869da166f7,0.7828872223196635,0.2994350282485876,0.32608695652173914,0.28113879003558717,0.21385542168674698,0.6611696808693655,0.39129943557232383,i2f_only
8c77447e-3c86-4d21-a71e-a4a2260361b3,68db4a7d-6fcc-469a-b92b-6dca80011c59,0.7758825380710339,0.29323308270676696,0.16666666666666666,0.18956043956043955,0.13111111111111112,0.20095738345603398,0.14127367389189108,f2i_only
25eec1bf-dd07-4e34-8713-a84892b52f4c,05714221-49bb-4172-a7d5-b2b4f638e246,0.9561738673600677,0.6470588235294117,0.6451612903225806,0.5878787878787879,0.5675675675675675,0.6550410847119985,0.2321078347194494,both_correct
23289848-0183-450d-b614-329d4593319e,43668ce4-f6a6-4d67-bc56-153c19bb3de3,0.73266869003087,0.28037383177570097,0.2807017543859649,0.30368098159509205,0.21573604060913706,0.329671840813242,0.17905562012497536,f2i_only
d8188cd8-5a6f-47ca-8051-da8d0f874f5e,d634b515-306d-4214-bb54-7cafbd8c3b3c,0.7305334328031363,0.3023758099352052,0.2222222222222222,0.32926829268292684,0.20616113744075829,0.27742527460348204,0.18347818517218692,neither
9f543510-0f09-4891-a1f2-335dc477faaf,f6846a62-a883-4c0d-9d95-5fde34f91a57,0.9039466313940914,0.3415730337078652,0.40384615384615385,0.4551971326164875,0.35327635327635326,0.6846253091364197,0.4840637449555573,both_correct
9e22cccd-0a17-4e73-a5e6-3ca92bd50da2,0442b7e5-3c2e-4add-8abb-484a80b6e34b,0.8671802900491394,0.35624999999999996,0.23333333333333334,0.25,0.1654501216545012,0.2993201801687405,0.2648092726592878,both_correct
716f6057-b1a5-4302-9e62-c2f15c377457,f6f67eed-5def-491b-9dc7-0d738bea6b63,0.9300409567348953,0.5546448087431695,0.3684210526315789,0.40384615384615385,0.34584450402144773,0.6705970599096063,0.3826360488693346,i2f_only
73af810e-020a-4ed3-a9b1-b5d5e713333d,801973cd-0e83-4edc-b7e6-497fa57441fc,0.8504519542201321,0.31707317073170727,0.4,0.3972602739726027,0.35260115606936415,0.7351108622788389,0.5457387013333765,both_correct
fb6567f2-d0aa-43ce-ac4e-06fa9b0bf4c2,ddb66b80-b2ed-4d89-8485-737c85c9bf4e,0.8548564078962132,0.2997658079625293,0.425531914893617,0.3927392739273927,0.329700272479564,0.3019637347821508,0.38593312819510717,neither
e19ede73-33f0-4112-bec9-67b09a387d7c,fe950d74-1065-4de8-bffe-a49a7f84aad5,0.8556631678717213,0.26344086021505375,0.17647058823529413,0.23465703971119134,0.15522388059701492,0.3012664002923735,0.19314134204236877,neither
c8d5f7d3-3e6f-4eb9-81de-5df32b7f46df,b316032f-f7bc-445f-adc3-40313e88617e,0.8220852365822142,0.2612312811980033,0.23404255319148937,0.32688588007736946,0.22173274596182085,0.3853774655545003,0.35010115938293,i2f_only
a52aa893-e87d-4502-8ddb-47620800b26a,6b34b534-b7fe-4643-a95b-61ba8452b198,0.8890690803528085,0.341296928327645,0.43902439024390244,0.4585365853658537,0.3531746031746032,0.45620785573732414,0.28896709085675804,both_correct
9069213c-eb4f-419f-8780-d999cda9d48b,8dae7da5-3c9d-4a41-a8b1-a2bf42951d68,0.9360612367529808,0.5605381165919283,0.55,0.509009009009009,0.41245136186770426,0.6291714843334242,0.28359085349275315,both_correct
0d006215-3bdc-4dfb-b92a-a24feb6c2aa9,658fbbe6-7c77-456c-a404-f8ada8409dc7,0.8221682178245081,0.5398936170212766,0.5166666666666667,0.4757834757834758,0.3916083916083916,0.5214085838283182,0.35553048650892194,neither
6591a7be-550a-468c-ae00-e21dad159d7e,9a6ef9f1-844b-40c2-975d-5d772fa5f801,0.7163776613800381,0.30410447761194026,0.24358974358974358,0.23956043956043957,0.1582608695652174,0.33357727280216865,0.23006010688881257,neither
e9034727-9d5a-4fe0-9963-1fd2d4a3da05,9bbbed5b-2bb7-46a8-bc95-a1c279814f1b,0.7058372095241208,0.2573839662447257,0.22857142857142856,0.14146341463414633,0.11210762331838565,0.1946672922641996,0.08682637752312554,f2i_only
31eb9a37-39f4-49a8-ba90-c4d51e436f4b,375c147b-e321-4eb7-9bd4-86945759b473,0.8770900217101718,0.20854271356783916,0.3125,0.2604166666666667,0.19705882352941176,0.48290302721544837,0.456019310159947,both_correct
352011c6-d71c-4ef3-8139-777bc541fbe4,76ef37e1-b4c6-40b2-a51c-bb322ab2b532,0.8775788362703093,0.48309178743961356,0.43636363636363634,0.4577922077922078,0.3850267379679144,0.5353645060509695,0.4624218739333303,i2f_only
bac77e34-cca7-429c-afbc-6084d891bad7,6b0a77d3-0e16-4b43-947c-803352b86351,0.8729260925266342,0.33941605839416056,0.37142857142857144,0.3701923076923077,0.3246753246753247,0.5170836228412442,0.2855391052217405,f2i_only
dce34cd3-b166-4e58-b315-7c6c333bb84b,d292467e-9b93-42db-a348-f7f0839c87b9,0.7349697438683309,0.2734864300626305,0.18947368421052632,0.27755102040816326,0.15968992248062017,0.24875187338111582,0.15809238583578494,i2f_only
1f91d426-9e02-4757-a130-97a80fbc7d12,ea074c77-0ce3-43f3-9ae6-6f1efe830247,0.9219634213980162,0.6233183856502242,0.6,0.5487179487179488,0.49122807017543857,0.6944573579558023,0.27955319769234965,neither
15f473e5-3d10-4043-a741-b6fa306287d7,070b8557-7705-4429-aaf7-1fd0be9a619d,0.8854223541874457,0.3918575063613231,0.36538461538461536,0.3867069486404834,0.2922705314009662,0.6733036638595739,0.5424625837252381,i2f_only
1e483a11-8056-4ade-9251-d3c598a7fca0,e86d18f4-a92e-4fa0-b156-ed48b55860ec,0.8412544916564892,0.3628691983122363,0.46511627906976744,0.39914163090128757,0.2857142857142857,0.4584797307373707,0.25971635545010396,both_correct
3f8331a5-af75-480f-a378-1c9eb2868187,bcd44783-d96f-4022-8329-f0eaf21f56ab,0.811290469023985,0.4139072847682119,0.4634146341463415,0.47346938775510206,0.3687707641196013,0.6147059070542403,0.3281324733942125,i2f_only
df6a9fab-6e79-4a38-9937-67a0350168f9,4ecc4dc7-2530-4077-9c51-5712e2c2d5c7,0.6998812029732201,0.33884297520661155,0.28703703703703703,0.3921232876712329,0.2648171500630517,0.41144092454358827,0.2740231031740885,neither
dd45894c-11f7-433c-a4cf-e4a6c0e3e89e,71bc4982-0213-4385-b977-3993c73948df,0.8388253435761123,0.2837528604118993,0.25,0.2529411764705882,0.18052256532066507,0.330723941625087,0.23121011473229217,neither
efb2366f-3fb4-424b-987f-530ab181b0f5,671041ce-7b11-4976-a704-04d1c848634a,0.7698176960478686,0.31119544592030357,0.3382352941176471,0.3216374269005848,0.2234513274336283,0.5864064922722548,0.48547822983976224,f2i_only
02f36a97-61a4-4a76-89e0-ce0434eb5a33,a235f18a-d480-4ae8-ad2a-de088f381b35,0.9078883613381585,0.4094827586206896,0.4782608695652174,0.456,0.38263665594855306,0.692957801065561,0.4958541073122675,f2i_only
cbba3d8e-1526-4ac6-bfea-f85ffcec7a8a,0b89b1ea-6ff9-4ad4-b9b2-1113078f878c,0.8054657597110316,0.3221476510067114,0.17307692307692307,0.2823920265780731,0.19220055710306408,0.35403877866009686,0.21701811275191193,i2f_only
85cd7c56-58ec-4424-95d5-889e2b505d3b,9a3666ac-62bc-4419-88b9-1f76c68956bc,0.9014135770240033,0.37368421052631584,0.4186046511627907,0.40310077519379844,0.33116883116883117,0.732808493601955,0.47216404802434336,neither
b8045a42-3da0-442e-a71c-c334fbd3a3cd,78acbeff-70cb-4331-ba13-15421f17cda5,0.7740927690141735,0.32580037664783423,0.23076923076923078,0.29025844930417494,0.1686746987951807,0.20376266331010998,0.16943135389412972,neither
abf7fa79-52c5-421d-930d-6e77d3bb843c,9457feee-e89e-4708-873f-d597c0a89722,0.8283724344700347,0.2607655502392344,0.2835820895522388,0.38328530259365995,0.289237668161435,0.36477518561706507,0.36116737022665096,f2i_only
60eed055-a566-4486-9a5b-92b63948f174,bef4ed69-efdc-43e8-bdb8-2badd8c2f139,0.7525408558502837,0.3718309859154929,0.2711864406779661,0.2732919254658385,0.22506393861892582,0.4679250657140968,0.25574886017406373,neither
973773e3-0b46-4666-ae32-759d63c8ec06,98f3300f-0b04-4043-9e25-3f2662df7605,0.9424699460814907,0.7658730158730158,0.7714285714285715,0.711340206185567,0.668141592920354,0.8949526126093077,0.41925224612075745,i2f_only
a285df5c-3333-492f-be04-81611498c658,f2e6db77-3241-46f5-8cc9-2e928bac6feb,0.9017278602594857,0.5083612040133779,0.5652173913043478,0.5333333333333333,0.4307228915662651,0.5004364405951173,0.30388653029225865,both_correct
47b6e539-b9c4-47e7-97c1-5b8dfe5e6c22,fd04f7da-9a17-4e66-a258-7ba926efda5b,0.8977014283083316,0.2713004484304933,0.4032258064516129,0.33773087071240104,0.27010309278350514,0.6734006269934103,0.5320056341092674,both_correct
8ede27fb-6c9e-424e-aedf-5ee04581bca7,cf28c9c6-105d-4099-939e-de981b6660b9,0.8174003164768053,0.33333333333333337,0.22727272727272727,0.2514124293785311,0.168141592920354,0.2740176393870021,0.22073977013130275,f2i_only
1de68a94-b3c1-4788-91fe-90d84918dbf4,b3ee8fbe-c90d-4902-aa60-6b1f0e6dd245,0.8780739358190696,0.31092436974789917,0.25,0.2774869109947644,0.1908548707753479,0.4744764611411908,0.4299108713910522,neither
7c2c5798-910e-400f-a8cb-56ff894b2d09,15097444-bc66-49d2-a103-cf69dac012ab,0.710489034798936,0.291743119266055,0.21739130434782608,0.2800982800982801,0.1883495145631068,0.2903732043791331,0.17925830509287213,neither
4818acbc-d4c2-4350-ad85-6f0c0ce18d47,c39f3b91-10eb-41f2-af78-01a6fd2def1f,0.8615544685307561,0.42599277978339345,0.3448275862068966,0.3180327868852459,0.23013698630136986,0.26601940675044533,0.2045894595969023,f2i_only
55e9df92-973e-4ba9-86db-e05ad637d3eb,686b8632-eff0-49ed-9feb-87209d5c8888,0.7719683490981231,0.32457786116322707,0.2631578947368421,0.3422982885085575,0.24427480916030533,0.40487559957592806,0.3694305228100525,neither
bb72fe88-8f2d-4ccd-aa3e-4dfc93260102,2b8ede02-a2eb-4fcd-8160-3d33473dbcea,0.9080518151239823,0.5234899328859061,0.4090909090909091,0.3790322580645161,0.32653061224489793,0.6137928126455102,0.348708518251758,both_correct
92af09fb-f0b0-4198-86d5-14e517c81438,e14905c2-620c-4885-9372-10f8a0abf61d,0.7271514746447719,0.2120418848167539,0.20754716981132076,0.15337423312883436,0.09921671018276762,0.3759111728327324,0.25860093874044343,neither
d4b64fb8-4f54-4866-8615-dea3896063a7,790498c1-9614-4a9e-a595-bffbc9c3e172,0.8131165254532694,0.38690476190476186,0.35294117647058826,0.3795180722891566,0.29591836734693877,0.5252826196078786,0.1674943106271023,neither
dcb8144b-f1e1-497e-99c2-86373d291e1a,d4d0cb05-4836-415d-8913-5680d6076971,0.8939582468924561,0.43920595533498763,0.5185185185185185,0.44516129032258067,0.34438775510204084,0.5961992376505448,0.6623870032333772,both_correct
c157e453-49a3-4022-a165-09e2e7d385b2,a9d458a0-1227-483a-8e41-b2c612d8e2ef,0.769819134387103,0.261455525606469,0.1935483870967742,0.30294906166219837,0.21861471861471862,0.14345472634494907,0.1150515746057783,neither
d1d3a18a-6c7e-4e1e-a45b-99520a4f6697,40665667-b796-4bf2-a423-0a749bc517da,0.8792928568390314,0.27639751552795033,0.3076923076923077,0.30656934306569344,0.22291021671826625,0.4092209739531041,0.2751020823885451,neither
0a6bc2f9-cef1-487d-bee9-1ad651c194ab,4eed8e77-a6a5-4bd0-ad11-ea5216d753dc,0.8692798080433991,0.41761363636363635,0.39344262295081966,0.3485714285714286,0.231651376146789,0.5019902715160192,0.26884566461139936,f2i_only
ae15b38a-850a-4394-86eb-a413ed4f7520,0f193718-a692-4c6f-bad6-5b0051c1551e,0.7631527619202598,0.3387755102040816,0.3492063492063492,0.3972602739726027,0.3019271948608137,0.5817049619509201,0.3300929864233595,neither
97ed7b0e-5cf3-4239-bb39-ddc73a3e5857,5c558702-e450-4403-b873-3ff49cfff098,0.9133314949635591,0.42692307692307696,0.34146341463414637,0.36929460580912865,0.2876712328767123,0.6893182907611828,0.3477515335932934,both_correct
41bc85f0-fd83-4f88-82fb-8791a2b3ef77,6019034c-46f7-424d-b4f2-4d2b5fbbdfd8,0.8218099492132867,0.3125,0.2463768115942029,0.30446927374301674,0.19616204690831557,0.43467178204982065,0.5146139485516601,neither
cb1641c9-cbc8-4c20-8481-38b0bec7a35e,3af3aa28-5910-426c-8a20-9213adb1e17b,0.8678649742339197,0.3799283154121864,0.3409090909090909,0.3925619834710744,0.3146853146853147,0.3863175758690123,0.19779710333682066,both_correct
a513ccfd-0b78-4089-8c33-85aa352ea230,5594487a-61e1-4870-adf1-0f4ebdfd5f55,0.8285156998592089,0.2796052631578947,0.20408163265306123,0.21201413427561838,0.15479876160990713,0.3885790661969342,0.3290097536237804,f2i_only
87ceb9c6-f111-4d08-9ada-de3a4da79a9d,68017160-d0c2-488f-9071-1fed9c581a76,0.7180549792230257,0.36544850498338866,0.22641509433962265,0.30303030303030304,0.1880108991825613,0.24845851265305569,0.1203332904577431,neither
cb015382-8384-4875-84af-a72d19274607,6426342a-8d67-40f6-894a-2680355757ca,0.8215965659039716,0.28634361233480177,0.24,0.304,0.22972972972972974,0.4457818212868568,0.16324058719577994,neither
43dc9fd7-2fcc-4ff0-b167-2e9dfaf5e152,71bc4982-0213-4385-b977-3993c73948df,0.8818981204371572,0.306553911205074,0.3114754098360656,0.3130434782608696,0.24413145539906103,0.47449313234389345,0.39613976214260693,i2f_only
c685d1fa-ada6-4563-8e04-3ed3c138680d,39f30a47-9121-4485-bea5-fb933b7233fc,0.9415793498765969,0.5950413223140496,0.6857142857142857,0.5235849056603774,0.47808764940239046,0.6681242047965806,0.40532640734595315,both_correct
479fe270-44a3-41bb-a94c-b94e371c3352,318a04ee-f13c-4362-a97c-b00e0ddd2c85,0.7562871722834477,0.34090909090909094,0.4909090909090909,0.3992932862190813,0.2776203966005666,0.43795113117315376,0.3420814278385652,both_correct
e6817588-748a-4c6c-88ac-54c3f1ca9765,2b821c61-9631-44f4-8415-36d17efcb82e,0.7999340070205471,0.2928176795580111,0.3387096774193548,0.38372093023255816,0.28368794326241137,0.5960664065987391,0.29092104735036517,f2i_only
24f02205-553c-44f8-b3a7-1cf0251ae309,223c9ea4-602e-4f50-a854-ffd4a6900b61,0.6926374957758311,0.3184357541899442,0.14473684210526316,0.2301980198019802,0.13359528487229863,0.13776154368985846,0.07906791433832894,neither
c693d000-0e28-45e5-9017-3e30024d6e18,eaac235b-c46a-441d-8764-c537ee994d49,0.6987603332738782,0.2898936170212766,0.18333333333333332,0.21726190476190477,0.141439205955335,0.20825984990794827,0.15886911022649047,neither
99a5f3c1-7a8b-4359-8d6a-1f33d5dcba48,369fa225-5c98-41cb-ae3e-d3ec16275520,0.8274035228873851,0.3542600896860987,0.3188405797101449,0.3656509695290859,0.2665198237885463,0.49949932539825737,0.3483558751195006,neither
7fb1420d-fa5b-41f1-99ad-b5be93c55713,94f2131c-5196-48f0-a966-cbd232574ff6,0.7835890296637142,0.40909090909090906,0.38181818181818183,0.3677811550151976,0.279126213592233,0.45718963577201793,0.3389151022253659,neither
7942241e-4f0c-4e5b-abda-555ebd08aaa3,063e3f00-23ce-49ea-8080-ae8f5183bdad,0.7740943448538466,0.2534562211981567,0.24096385542168675,0.24883720930232558,0.1657754010695187,0.363454049106208,0.178153311838359,neither
b4274ad7-a3d6-4bf6-9922-06afa6c6d124,69eacefc-e617-4226-89bf-357e71c14bf4,0.81135971094559,0.2517482517482518,0.25,0.20994475138121546,0.1146067415730337,0.3059908097525053,0.15937866721561475,i2f_only
c4a394ec-4bc4-4c20-957b-7f775b161386,3f5a3240-6c07-4967-8d5e-eb37b802c359,0.9039678747233714,0.2668393782383419,0.29545454545454547,0.30677290836653387,0.24916943521594684,0.46144793090414066,0.2945893632649475,i2f_only
b50aa214-e0b5-47e1-80ec-fab52db3ef0f,82cf29b7-f754-4479-b400-9fdee50147f2,0.9365705123181409,0.3892215568862275,0.49056603773584906,0.4418604651162791,0.3994413407821229,0.6524382026597065,0.6997546034470924,both_correct
a26e7c1d-c646-4159-96c4-661e9c02189c,1965966d-c476-4c09-a328-3c59666d8fb9,0.7711353828990546,0.36950146627565983,0.22033898305084745,0.2839506172839506,0.1836734693877551,0.21149306524370676,0.11833410791377745,neither
2fca23f9-8c24-4d03-9813-faf917133634,6c1bff83-6c7b-414a-bea1-2347cbb9529a,0.8545083116003515,0.3296703296703297,0.3409090909090909,0.3333333333333333,0.27564102564102566,0.6500094221625351,0.3399289184200814,i2f_only
89e6b65f-14e9-4cdc-b296-60ab080dacdd,555637dc-5852-4f43-b3b7-5ab691d0b4ed,0.8835853481072353,0.3001988071570576,0.3157894736842105,0.2924281984334204,0.18637274549098196,0.3043054630223625,0.36801541051684317,both_correct
d069a9a2-966d-49fb-bdab-9a5e83f6829b,bb052db7-11a4-4616-9193-e0c7f9fa4fbe,0.853941195199808,0.37677725118483407,0.3620689655172414,0.3343558282208589,0.2433734939759036,0.5826198404894745,0.42204048532119737,both_correct
f8fde8da-00e2-4762-b0b2-3b1b01e673f4,3dc44c96-30dd-47fc-bc81-5677ecd83399,0.8347267181877202,0.25142857142857145,0.18333333333333332,0.23823529411764705,0.16864608076009502,0.5749376967453004,0.3341786656705357,neither
a4b3296b-62d1-4f27-8ee4-b05e697b7d6c,e5d99435-3b4b-4dca-bec3-b75176ca6444,0.9106548339182093,0.3583959899749374,0.2857142857142857,0.3168831168831169,0.23991507430997877,0.4392174229281854,0.2428264925906335,neither
6c3cbe1d-68fa-4911-a5b5-f4746cf9aa43,111c5144-bb97-4d68-b593-72c50cf4d61a,0.9422760158225408,0.5517241379310345,0.5869565217391305,0.5021097046413502,0.4109090909090909,0.7198185867356646,0.39927142996715115,both_correct
a5325eaa-d68b-4443-935f-a551819f668e,4a732d64-835c-450b-a5f7-85ec34591be5,0.7736816249846985,0.30740740740740746,0.3076923076923077,0.3251833740831296,0.21072088724584104,0.4008680754199061,0.3506524298708258,both_correct
a58818af-2fb5-4fd3-a7f4-be9fcd982724,f29e6025-6f3f-493f-8b63-58c7e31a9a6a,0.7909220523028818,0.28116710875331563,0.265625,0.27380952380952384,0.18571428571428572,0.34734804853236956,0.2146780068512651,neither
b6ee6cc9-fb3b-4f67-9ebd-02924a0503f6,51c43e89-6c12-4d41-8577-816c7b497d69,0.8972041089537294,0.36086956521739133,0.55,0.49557522123893805,0.4346153846153846,0.6147368428595862,0.3334709143924634,both_correct
e680a872-fa64-4913-a752-dd0002e118ac,c864dd2a-f8a6-411b-b797-c9d0f40537ad,0.8084468390426146,0.3667425968109339,0.3392857142857143,0.24924012158054712,0.17574257425742573,0.5026199055016289,0.4013269452222184,both_correct
042551b1-1c79-4515-b655-5e4b7d460ba3,f2eeb251-0c76-4d5b-aee3-1f3f21212b4d,0.7335446464215539,0.24815724815724816,0.18333333333333332,0.18206521739130435,0.09865470852017937,0.5789373459744969,0.8784595478787194,neither
7281cbc6-2808-4282-9160-9e70e98989cc,f3792a07-554e-4e85-8dce-7a58ce93a79f,0.8315748101563617,0.31174089068825916,0.34146341463414637,0.35135135135135137,0.22021660649819494,0.3374106784096363,0.2075190911566171,i2f_only
6b004d20-56d5-4661-b2c0-9e4c01c07433,6f566fa2-91e0-4910-b7b9-b4befd4869e2,0.8408916379808055,0.2930232558139535,0.3611111111111111,0.33189655172413796,0.24632352941176472,0.5148923407998534,0.2065257267157836,neither
6c321ac3-7287-4768-bc82-fcf323cd701a,b8e99ca7-721c-43d8-9314-413abf1ccc31,0.7358184941580197,0.30989583333333337,0.23529411764705882,0.3007915567282322,0.1970649895178197,0.4895135483418216,0.2579175886873918,neither
0cb7838f-1c40-401a-ad01-b5e3b2b534dc,b4756fcf-6ed9-487e-a47c-00a307fa8421,0.6745239035466105,0.28979591836734697,0.11956521739130435,0.16702819956616052,0.08673469387755102,0.20185596966045513,0.16899680860049507,neither
ae01551b-7fa2-40d9-98c4-2204db6e75ea,ca3394c0-81f0-4aa5-a2f4-73a9c3f7dbc8,0.9359671810034083,0.5203619909502262,0.4117647058823529,0.3901639344262295,0.32967032967032966,0.6434755059506394,0.41660675583969964,both_correct
b39885f9-946e-4eeb-903f-cb7f4c2a6d96,19ee8509-8b07-4bfc-bd1c-2f2ae5f4cf10,0.8712999472409079,0.3355932203389831,0.37209302325581395,0.33047210300429186,0.25448028673835127,0.4867576740838362,0.2874822213994932,both_correct
54236c40-ef47-49c4-80cf-8afeddb5b0ad,e0a8f63c-a813-40ec-9771-a5c560217b3d,0.8964179496784019,0.38749999999999996,0.32558139534883723,0.3153526970954357,0.23024054982817868,0.7020626379055934,0.49731942874640683,f2i_only
31f19bc2-2f1b-471c-bdab-c9215a9654f7,fb494e38-c315-49e8-aeb5-0d422248763a,0.9142428307517954,0.39495798319327735,0.4507042253521127,0.4052757793764988,0.30623818525519847,0.672241619953674,0.532009159226711,i2f_only
80ecec02-065c-42d1-8c6c-42ae9a5dfb61,937084a5-42bb-43ea-8ad0-a83bd602634a,0.7893068696948083,0.2894736842105263,0.43478260869565216,0.36401673640167365,0.2596491228070175,0.5560197563425457,0.28349403348202695,neither
6291a939-5226-4dac-9b61-313ca348fe84,a66f4055-b943-42d9-b82a-033a264f2d9b,0.8042513482121216,0.36458333333333337,0.40476190476190477,0.3524229074889868,0.26199261992619927,0.41374368064807554,0.23159485391867513,both_correct
dcaf7854-9b12-4ac3-8ec4-f0a2c6050f09,ef228f33-172f-4001-ad7e-9358af0ce71d,0.9213660407863437,0.38072289156626504,0.3191489361702128,0.33451957295373663,0.29393939393939394,0.5215797956082258,0.48090566241440447,i2f_only
15fae1e9-b8e7-41ad-a18c-4ea218bb3b7e,a4948e41-7418-4188-9234-5d6063f844d9,0.8750707451649151,0.24590163934426235,0.43478260869565216,0.43162393162393164,0.3591549295774648,0.6122366351265128,0.26503641922432114,both_correct
ed40f2ae-79f8-4288-8bae-c7094f8981ca,0c2b53f5-0aca-4dd9-98f9-c4ecee03a0a2,0.8260947571494849,0.28830645161290325,0.375,0.30357142857142855,0.24789915966386555,0.4648420175450274,0.38412923732550264,f2i_only
ab181181-6f46-4624-9592-f512e80b8839,3643b1c9-3be7-4765-ad39-dab1bc7154d8,0.79019741883621,0.3804780876494024,0.30952380952380953,0.3311965811965812,0.2442622950819672,0.41689206935561185,0.30763596716785935,i2f_only
dce5305f-38f8-41e8-93e2-7e30a0c88a7b,0c5be332-ba75-4576-94a7-32aae3e2b906,0.7272322186908301,0.36855670103092786,0.18072289156626506,0.26618705035971224,0.1571969696969697,0.22779978129827028,0.18413718549075284,i2f_only
aff9757f-1657-4b93-b5c1-53cf06eb6df8,5af83cf6-402f-428d-b29f-4a7cbef51aba,0.8134883036154159,0.3529411764705882,0.3333333333333333,0.41414141414141414,0.3080168776371308,0.49590695285147435,0.1654986369680414,i2f_only
4892417b-7d5a-4ced-91f9-658ec4f6ac05,5dc66e40-0353-4eec-8402-29bfc4654e8e,0.8248813960238811,0.3072519083969466,0.22058823529411764,0.23848238482384823,0.1419491525423729,0.3939540738740269,0.39222963495908225,neither
ceabe6b3-00c6-4716-8af7-e691099bc6d7,8e1e2fda-c66c-4a78-b4db-f538770efd63,0.8237144798600664,0.3306451612903226,0.3111111111111111,0.37945492662473795,0.2534562211981567,0.48107020446202386,0.43417685844210785,neither
d06811a4-58ed-4fbe-bc79-5fb1d487284c,21a657e2-7b3b-42d4-8172-ff7385b09cae,0.9327413382719207,0.29156626506024097,0.375,0.34831460674157305,0.2696969696969697,0.5658407158252056,0.3326978920669896,f2i_only
64a4df6f-f643-409a-bfd3-b61bb192c667,730d409b-2cad-46cc-bdda-a9b8ceb0d514,0.830059674097874,0.4541484716157205,0.32558139534883723,0.37777777777777777,0.2757352941176471,0.36393946754944806,0.22256508420486057,i2f_only
05f99c8d-bdbd-4f61-a08a-3f1748d169ec,f4f12193-9441-4ab3-ad20-a72883b7916c,0.7250845217778246,0.3203592814371258,0.2830188679245283,0.28135593220338984,0.1741424802110818,0.1316726278998474,0.19101738769406137,both_correct
b9bc6dcc-7320-46c7-b473-f4780ce9ab62,f3804dec-320f-49dd-91c9-9a2fdf5efcde,0.8220293780796236,0.3374485596707819,0.28205128205128205,0.3523809523809524,0.2509090909090909,0.5837241756613613,0.40336560892205126,f2i_only
6f376ef4-64df-44cb-8119-ae422121cfe1,f86f0b71-6d06-4cbd-b5d2-cb60441f549f,0.8196624288863165,0.36929460580912865,0.2571428571428571,0.27835051546391754,0.2149122807017544,0.2158254509839777,0.10756594292306772,neither
339a2804-d203-4158-bd51-791d454cec61,caf1f981-db3c-4697-bef8-2b69d896bebc,0.9158699684174527,0.5535714285714286,0.5789473684210527,0.5241379310344828,0.4381720430107527,0.8238151546875332,0.6231474541523275,f2i_only
300c81ae-98cb-43af-ab0d-049dbcd4145a,9c24cb47-e0b0-460b-b3ed-2dd7559a36b9,0.7809923232190921,0.3984375,0.2909090909090909,0.33226837060702874,0.2546419098143236,0.45513676662150854,0.18628286709027758,both_correct
9a8802f5-e60c-4511-81b4-dba851acb1e9,0b7ff6df-54d8-47a2-bd71-9a9e646482d3,0.7260470276287866,0.2662889518413598,0.14864864864864866,0.224,0.1125,0.09006299995009923,0.0846347960775299,neither
7d01e6ff-8033-4416-9fdd-a47ca1982032,d7d1de9f-eb7a-49a7-b5bd-2f843fa8d9b4,0.8973831454297531,0.4557377049180328,0.46808510638297873,0.4567901234567901,0.38461538461538464,0.5670340258664472,0.3988728901993686,both_correct
a82229ed-def2-4e64-a874-8e414826b725,819ec0f0-8910-462d-9c58-1e414c22b864,0.7910329567713364,0.33798882681564246,0.40816326530612246,0.4083044982698962,0.32664756446991405,0.6197903727083314,0.2786249839335021,neither
82977877-6369-4bd7-974a-462d37fe350d,eaa87d6d-ab76-440b-a3d8-34575efd2442,0.9068051148450031,0.33414043583535114,0.35,0.3746312684365782,0.3014354066985646,0.41207476377175245,0.2929302332217384,f2i_only
a691d858-5cd3-48cb-9562-f59db7ffa250,846c411e-09b3-45d9-9545-d074b6f76ebf,0.8359681167872723,0.31800766283524906,0.36363636363636365,0.25461254612546125,0.18153846153846154,0.6354291880018414,0.2940749320054202,both_correct
0c2d100a-6a0f-412a-bf55-050b0d296fcc,2dac8ebd-b1d2-4fd1-9a67-1f127f141b0e,0.782195008319916,0.32028469750889677,0.26785714285714285,0.3,0.2,0.5398771090078188,0.2995458339487102,both_correct
2057e376-5f7d-437e-8389-2a69265abc11,7d69aaed-0f3f-4b4e-aa40-0491a910d760,0.7426185981340598,0.2875816993464052,0.23636363636363636,0.23809523809523808,0.13802083333333334,0.4286765114293608,0.24422078772516345,neither
abcd94ac-265b-4089-a296-55f8c7d8be19,c5466ac2-20e3-462e-accc-dc9a01947ad8,0.8203934986448821,0.15267175572519087,0.1076923076923077,0.1523545706371191,0.10762331838565023,0.3467626235361955,0.16623179509494607,f2i_only
1b359829-face-4e3d-b4f6-17ed9bfbe621,c024eb12-47ec-4e88-aa3a-7f09e3e0b720,0.7455223576569017,0.25565610859728505,0.1978021978021978,0.278118609406953,0.16666666666666666,0.36428824974191576,0.33576120810457594,f2i_only
bc2f2795-c88d-4b06-9937-425ebd1f5a9e,d292150b-f434-4c2c-b6ed-8b13ca9ac7f6,0.794126851686241,0.32794457274826794,0.28125,0.29914529914529914,0.18526785714285715,0.220863392886594,0.2425909090945711,f2i_only
437ee6fd-ead6-40af-9941-028b489236c8,e9dc2cd2-aac9-45b4-af2d-97b01155f605,0.8243358280510458,0.326530612244898,0.2631578947368421,0.29594272076372313,0.20683111954459202,0.46314397067839047,0.38903481334617174,i2f_only
ba37e3a0-828a-4084-8885-70569270ded2,da7f0b00-9b60-4bcd-a5f1-7c38c9e8b3af,0.9173172316120819,0.35276967930029157,0.47058823529411764,0.45874587458745875,0.3770491803278688,0.5720497228102466,0.36959336372078483,f2i_only
cde57f64-3a9b-4e55-92d0-42c1145136b5,a5f41eae-b244-47ba-8f33-4c9dea87da8f,0.8573842721741367,0.33096085409252674,0.4864864864864865,0.46078431372549017,0.38235294117647056,0.5560640824665571,0.28342840446299444,both_correct
9fd48270-c904-45ad-878a-635c19ebc996,245ad251-821b-4a51-9ca3-d886dc694113,0.7190331362709366,0.3647798742138365,0.3050847457627119,0.29042904290429045,0.20418848167539266,0.4222694275178856,0.3097899793447382,neither
d8577ceb-8ef8-4630-a8f9-b92d318a1886,fb5e7628-5fed-4c71-864a-245277133a78,0.8025512353341918,0.29574468085106387,0.23943661971830985,0.29815303430079154,0.2,0.4385800950724042,0.2729087210812654,neither
4bfd1d0f-5187-404f-9239-df7eb199b2af,34621c96-751b-4e88-a3c8-8fb43a09e31c,0.7375043023001743,0.33253588516746413,0.2328767123287671,0.3076923076923077,0.21627408993576017,0.2701562570667485,0.20550127208929397,neither
07c877ac-6fef-40cf-9a42-7383d3065376,fa972881-0a2c-4c67-8ed1-647299749fd6,0.8501744346129344,0.33529411764705885,0.3125,0.2932330827067669,0.24213836477987422,0.605264245516531,0.3084806060722928,neither
d0598a52-421f-4bad-8a5f-c8595529ff06,bf7d617b-dadc-4791-af12-7642130d9a56,0.8202724046934273,0.2704918032786885,0.3137254901960784,0.25316455696202533,0.18556701030927836,0.43227819007626966,0.32367478398776506,f2i_only
38b97b38-9a66-40de-89e4-36a24f747ada,f33a3718-43cc-4535-96a8-4701eef9be9b,0.8715206820127067,0.13543599257884975,0.16393442622950818,0.1526479750778816,0.1111111111111111,0.5828566767788372,0.38277321046873997,neither
bfef0dce-bee0-4cdb-bdb9-262e1d955272,43cb9e8b-a38d-499f-b169-9de77f44310b,0.9295516190363372,0.48636363636363633,0.4634146341463415,0.3926940639269406,0.30115830115830117,0.5320337651021597,0.24519087489486338,f2i_only
