paper,theorem_label,theorem_type,mode,query,target_title,ts_paper_rank,matlas_paper_rank,ts_theorem_rank,matlas_theorem_rank,ts_top1_title,matlas_top1_title
0705.3779,formula C,lemma,precise,"On the type III domain, symmetric powers of the tangent bundle decompose into even Schur functors, and the k-fold Higgs field selects the component indexed by (2,...,2).",Polarized Variation of Hodge Structures of Calabi-Yau Type and Characteristic Subvarieties Over Bounded Symmetric Domains,1,1,1,1,Polarized Variation of Hodge Structures of Calabi-Yau Type and Characteristic Su,Polarized variation of Hodge structures of Calabi-Yau type and characteristic su
0705.3779,decomposition over polydisc,proposition,vague,decomposition of Calabi-Yau Hodge variations on polydiscs,Polarized Variation of Hodge Structures of Calabi-Yau Type and Characteristic Subvarieties Over Bounded Symmetric Domains,7,,7,,On the monodromy of the moduli space of Calabi-Yau threefolds coming from eight ,New families of Calabi-Yau threefolds without maximal unipotent monodromy
0705.3779,formula C,lemma,vague,iterated Higgs fields on type III domains,Polarized Variation of Hodge Structures of Calabi-Yau Type and Characteristic Subvarieties Over Bounded Symmetric Domains,,1,,1,Graham Theorem on Bounded Symmetric Domains,Polarized variation of Hodge structures of Calabi-Yau type and characteristic su
0705.3779,generating property,theorem,precise,"The ideal cut out by kernels of iterated Higgs maps is generated in degree two, so all higher relations come from quadratic ones.",Polarized Variation of Hodge Structures of Calabi-Yau Type and Characteristic Subvarieties Over Bounded Symmetric Domains,1,1,1,1,Polarized Variation of Hodge Structures of Calabi-Yau Type and Characteristic Su,Polarized variation of Hodge structures of Calabi-Yau type and characteristic su
0806.4598,prop:commdiff,proposition,vague,LSFT differential for Legendrian knots,Rational Symplectic Field Theory for Legendrian knots,1,1,,,Rational Symplectic Field Theory for Legendrian knots,Rational symplectic field theory for Legendrian knots
0806.4598,prop:commdiff,proposition,precise,"In the commutative LSFT algebra, the string differential kills t and sends each p or q generator to a signed sum over interlaced generators.",Rational Symplectic Field Theory for Legendrian knots,1,1,1,2,Rational Symplectic Field Theory for Legendrian knots,Rational symplectic field theory for Legendrian knots
0806.4598,,corollary,precise,"For a Legendrian knot, the cyclic and commutative LSFT complexes remain invariant up to filtered chain homotopy under restricted Legendrian isotopy.",Rational Symplectic Field Theory for Legendrian knots,1,1,1,1,Rational Symplectic Field Theory for Legendrian knots,Rational symplectic field theory for Legendrian knots
0705.3779,generating property,theorem,vague,quadratic generation of Higgs-field relations,Polarized Variation of Hodge Structures of Calabi-Yau Type and Characteristic Subvarieties Over Bounded Symmetric Domains,,,,,Equations defining symmetric varieties and affine Grassmannians,"Moments of the transmission eigenvalues, proper delay times and random matrix th"
0806.4598,prop:front,proposition,vague,front diagram moves for Legendrian isotopy,Rational Symplectic Field Theory for Legendrian knots,7,6,7,6,Weinstein presentations for high-dimensional antisurgery,Legendrian contact homology in the product of a punctured Riemann surface and th
0806.4598,,corollary,vague,Legendrian isotopy invariance of LSFT complexes,Rational Symplectic Field Theory for Legendrian knots,1,1,1,2,Rational Symplectic Field Theory for Legendrian knots,Rational symplectic field theory for Legendrian knots
0705.3779,identification,theorem,precise,"For the canonical Calabi-Yau type variation on an irreducible bounded symmetric domain, each characteristic subvariety agrees with the corresponding characteristic bundle.",Polarized Variation of Hodge Structures of Calabi-Yau Type and Characteristic Subvarieties Over Bounded Symmetric Domains,1,1,1,1,Polarized Variation of Hodge Structures of Calabi-Yau Type and Characteristic Su,Polarized variation of Hodge structures of Calabi-Yau type and characteristic su
0806.4598,lem:stokes,lemma,precise,"Whenever the region Delta(s1,...,sk) is nonempty, the sum of the heights h(sj) is necessarily positive.",Rational Symplectic Field Theory for Legendrian knots,,,,,On the diminishing process of B. Tóth,"Elliptic genera, torus orbifolds and multi-fans. II"
0705.3779,decomposition over polydisc,proposition,precise,Every irreducible component of the pulled-back Calabi-Yau type variation on a polydisc is a tensor product of pullbacks of L with exponents 0 or 1 and a unitary factor.,Polarized Variation of Hodge Structures of Calabi-Yau Type and Characteristic Subvarieties Over Bounded Symmetric Domains,1,1,1,1,Polarized Variation of Hodge Structures of Calabi-Yau Type and Characteristic Su,Polarized variation of Hodge structures of Calabi-Yau type and characteristic su
0806.4598,lem:stokes,lemma,vague,positivity condition for nonempty Delta regions,Rational Symplectic Field Theory for Legendrian knots,,,,,An Optimization Problem in Heat Conduction With Volume Constraint and Double Obs,A comparison theorem for self-adjoint differential equations of second order
0705.3779,identification,theorem,vague,characteristic subvarieties on bounded symmetric domains,Polarized Variation of Hodge Structures of Calabi-Yau Type and Characteristic Subvarieties Over Bounded Symmetric Domains,1,1,1,1,Polarized Variation of Hodge Structures of Calabi-Yau Type and Characteristic Su,Polarized variation of Hodge structures of Calabi-Yau type and characteristic su
0902.3557,lemSta,lem,precise,A simplex radius R reaches V(A) exactly when some translate has no interior lattice points but every translated facet interior still contains one.,The asymptotic distribution of Frobenius numbers,1,1,1,1,The asymptotic distribution of Frobenius numbers,The asymptotic distribution of Frobenius numbers
0902.3557,lemSta,lem,vague,lattice-point criterion for simplex covering radius,The asymptotic distribution of Frobenius numbers,1,2,10,2,The asymptotic distribution of Frobenius numbers,The covering radius and a discrete surface area for non-hollow simplices
0902.3557,,thm,vague,covering radius of a simplex and Frobenius,The asymptotic distribution of Frobenius numbers,1,10,1,10,The asymptotic distribution of Frobenius numbers,Lattice translates of a polytope and the Frobenius problem
0902.3557,lamel,lem,precise,"The normalized Frobenius number is approximated by the normalized function W_delta on the associated lattice orbit, with error bounded by a constant times T^(-1/(d-1)).",The asymptotic distribution of Frobenius numbers,2,6,2,6,Geometry-of-numbers methods over global fields I: Prehomogeneous vector spaces,Effective limit distribution of the Frobenius numbers
0904.0398,,cor,precise,Every maximal subalgebra of the finitary classical Lie algebras is either parabolic or a direct sum of simple subalgebras.,Parabolic and Levi subalgebras of finitary Lie algebras,1,1,,,Parabolic and Levi subalgebras of finitary Lie algebras,Parabolic and Levi subalgebras of finitary Lie algebras
0902.3557,WThm,thm,vague,dynamical formula for the Frobenius number,The asymptotic distribution of Frobenius numbers,,,,,Commutative Algebra of Generalised Frobenius Numbers,An Invitation to Abstract Mathematics
0806.4598,prop:front,proposition,precise,"If two Legendrian knots are isotopic, their resolved front diagrams can be connected through restricted Reidemeister moves.",Rational Symplectic Field Theory for Legendrian knots,1,1,1,1,Rational Symplectic Field Theory for Legendrian knots,Rational symplectic field theory for Legendrian knots
0904.0398,,prop,precise,"For k equal to the negative part of St_F intersect St_G, the closed k-stable subspaces of V are totally ordered by inclusion.",Parabolic and Levi subalgebras of finitary Lie algebras,7,1,7,1,Bounds on Hilbert functions with application to convexity,Parabolic and Levi subalgebras of finitary Lie algebras
0904.0398,,cor,vague,classification of maximal subalgebras in finitary Lie algebras,Parabolic and Levi subalgebras of finitary Lie algebras,1,,,,Parabolic and Levi subalgebras of finitary Lie algebras,Maximal subalgebras of simple modular Lie algebras
0904.0398,,prop,vague,when invariant subspaces form a chain,Parabolic and Levi subalgebras of finitary Lie algebras,,,,,Remarks on Derivations on Maximal Triangular Operator Algebras,Hereditarily antisymmetric operator algebras
0904.0398,locsemisimple,thm,precise,"Any locally semisimple subalgebra of gl_infinity splits as finite-dimensional simple pieces together with copies of sl_infinity, so_infinity, and sp_infinity.",Parabolic and Levi subalgebras of finitary Lie algebras,1,3,1,3,Parabolic and Levi subalgebras of finitary Lie algebras,Locally semisimple and maximal subalgebras of the finitary Lie algebras ${\rm gl
0902.3557,,thm,precise,"For the simplex Delta relative to the lattice Z^(d-1)A, the covering radius rho(A) is exactly the quantity V(A).",The asymptotic distribution of Frobenius numbers,1,1,1,1,The asymptotic distribution of Frobenius numbers,The asymptotic distribution of Frobenius numbers
0904.0398,locsemisimple,thm,vague,structure of locally semisimple subalgebras of gl infinity,Parabolic and Levi subalgebras of finitary Lie algebras,1,3,1,3,Parabolic and Levi subalgebras of finitary Lie algebras,Locally semisimple and maximal subalgebras of the finitary Lie algebras ${\rm gl
0904.0398,irreducible,thm,precise,"An irreducible subalgebra of gl(V,V*) must be one of the standard classical types: gl(V,W), sl(V,W), so(V), or sp(V).",Parabolic and Levi subalgebras of finitary Lie algebras,1,1,1,1,Parabolic and Levi subalgebras of finitary Lie algebras,Parabolic and Levi subalgebras of finitary Lie algebras
0902.3557,lamel,lem,vague,asymptotic formula for normalized Frobenius numbers,The asymptotic distribution of Frobenius numbers,,,,,Sperner's problem for G-independent families,Integer knapsacks: average behavior of the Frobenius numbers
0906.3487,thm:weak-compatible,theorem,vague,lower bounds for tightness radius in contact geometry,Tightness in contact metric 3-manifolds,1,1,1,1,Tightness in contact metric 3-manifolds,Tightness in contact metric 3-manifolds
0906.3487,thm:weak-compatible,theorem,precise,"For a contact 3-manifold weakly compatible with g, the tightness radius is at least the minimum of the curvature-convexity scale and the injectivity radius.",Tightness in contact metric 3-manifolds,1,1,1,1,Tightness in contact metric 3-manifolds,Tightness in contact metric 3-manifolds
0906.3487,prop:charac_wc,proposition,precise,"For a contact form and metric on a 3-manifold, Reeb orthogonality, the equation star d alpha equals theta-prime alpha, and an adapted contact metric are equivalent.",Tightness in contact metric 3-manifolds,2,1,2,1,Equivariant cohomology of K-contact manifolds,Tightness in contact metric 3-manifolds
0906.3487,prop:charac_wc,proposition,vague,equivalent definitions of a contact metric structure,Tightness in contact metric 3-manifolds,,,,,The Real Jacobi Group Revisited,Homogeneous contact manifolds and resolutions of Calabi-Yau cones
0902.3557,WThm,thm,precise,"Under the bound a_d at most e^((d-1)t), the Frobenius number equals e^t times W_delta on a horospherical flow, minus the coordinate sum.",The asymptotic distribution of Frobenius numbers,,8,,8,Effective non-vanishing for weighted complete intersections of low codimension,Effective limit distribution of the Frobenius numbers
0906.3487,lem:covariant-n_n-H,lemma,vague,when Reeb flow lines are geodesics,Tightness in contact metric 3-manifolds,5,,5,,Examples of integrable sub-Riemannian geodesic flows,The foliated Weinstein conjecture
0906.3487,,lemma,precise,"In the symplectization of a weakly compatible contact 3-manifold, R_+ times a metric ball has strictly pseudoconvex boundary below the curvature or injectivity threshold.",Tightness in contact metric 3-manifolds,1,1,1,1,Tightness in contact metric 3-manifolds,Tightness in contact metric 3-manifolds
0906.5057,brcov2invo,lemma,precise,A smooth branched double cover along a codimension-two submanifold carries an involution whose fixed set is the branch locus and whose quotient is the base manifold.,Conjugation spaces and 4-manifolds,1,1,1,1,Conjugation spaces and 4-manifolds,Conjugation spaces and 4-manifolds
0906.5057,brcov2invo,lemma,vague,involutions arising from branched double covers,Conjugation spaces and 4-manifolds,,,,,Exotic definite four-manifolds with non-trivial fundamental group,Coverings of Dehn fillings of surface bundles. II
0906.5057,smoothquoUNI,lemma,precise,Equivariantly diffeomorphic smooth G-manifolds with codimension-two fixed sets induce diffeomorphic smooth structures on their orbit spaces.,Conjugation spaces and 4-manifolds,1,1,1,1,Conjugation spaces and 4-manifolds,Conjugation spaces and 4-manifolds
0904.0398,irreducible,thm,vague,irreducible subalgebras of infinite matrix algebras,Parabolic and Levi subalgebras of finitary Lie algebras,,,,,On the codimension of subalgebras of the algebra of matrices over a field,On model reduction for quantum dynamics: symmetries and invariant subspaces
0906.5057,P.WuSW,proposition,vague,characteristic classes of conjugation manifolds,Conjugation spaces and 4-manifolds,9,2,9,2,Realizing doubles: a conjugation zoo,Conjugations on 6-manifolds with free integral cohomology
0906.5057,con2knot,lemma,precise,"For any connected oriented four-dimensional conjugation manifold, the quotient together with its fixed surface forms a Z2-knot pair.",Conjugation spaces and 4-manifolds,1,1,1,1,Conjugation spaces and 4-manifolds,Conjugation spaces and 4-manifolds
0906.5057,smoothquoUNI,lemma,vague,smooth structure on quotients of involutive manifolds,Conjugation spaces and 4-manifolds,,,,,Reduction of Generalized Complex Structures,Differential invariants of immersions of manifolds with metric fields
0906.3487,lem:covariant-n_n-H,lemma,precise,"In a weakly compatible contact metric, normalized Reeb acceleration is minus the contact-plane gradient of log rho, and constant rho makes Reeb orbits geodesics.",Tightness in contact metric 3-manifolds,1,2,1,2,Tightness in contact metric 3-manifolds,Quantitative Darboux theorems in contact geometry
0906.5057,con2knot,lemma,vague,quotients of conjugation 4-manifolds as knots,Conjugation spaces and 4-manifolds,1,1,5,1,Conjugation spaces and 4-manifolds,Conjugation spaces and 4-manifolds
1006.3125,variousmapsdescend,lemma,precise,"On the big de Rham-Witt complexes, derivation, restriction, and Frobenius are well defined; restriction and Frobenius are graded ring maps and dF_n equals nF_nd.",The big de Rham-Witt complex,,1,,,Generalised representations as q-connections in integral $p$-adic Hodge theory,The big de Rham-Witt complex
0906.3487,,lemma,vague,when metric balls in symplectizations are pseudoconvex,Tightness in contact metric 3-manifolds,,,,,On the definition and examples of Finsler metrics,Packing stability for symplectic 4-manifolds
1006.3125,adjunctionlemma1,lemma,vague,equivalence of categories over a ring,The big de Rham-Witt complex,,,,,"Categorical representations, KLR algebras and Koszul duality",Rings and Categories of Modules
1006.3125,adjunctionlemma1,lemma,precise,"For any ring A, the functors F and G with unit and counit give an adjoint equivalence between abelian group objects over A and the category M(A).",The big de Rham-Witt complex,,1,,1,On Deformation Theory in Higher Logarithmic Geometry,The big de Rham-Witt complex
0906.5057,P.WuSW,proposition,precise,"For a smooth conjugation manifold, the cohomology isomorphism kappa sends even Wu and Stiefel-Whitney classes of X to the corresponding classes of the fixed set.",Conjugation spaces and 4-manifolds,1,2,1,2,Conjugation spaces and 4-manifolds,Conjugations on 6-manifolds with free integral cohomology
1006.3125,wittcomplexrelations,lemma,precise,"In any Witt complex, Frobenius, Verschiebung, the differential, and the logarithmic class of minus one satisfy the standard commutation, decomposition, and nilpotence identities.",The big de Rham-Witt complex,,2,,2,On the p-typical de Rham-Witt complex over W(k),On the De Rham-Witt complex in mixed characteristic
1006.3125,wittcomplexrelations,lemma,vague,Frobenius and Verschiebung identities in Witt complexes,The big de Rham-Witt complex,,3,,3,Graded loopspaces in mixed characteristics and de Rham-Witt algebra,On the De Rham-Witt complex in mixed characteristic
1006.3125,derivationslemma,prop,vague,derivations and square-zero extensions of lambda-rings,The big de Rham-Witt complex,,1,,1,The cohomology of lambda-rings and K-theory,The big de Rham-Witt complex
1008.5007,local model,lemma,precise,"A neighborhood of the zero level of the moment map is G x K equivariantly symplectomorphic to the local cotangent model, and the prequantum line bundle matches as well.",Torus fibrations and localization of index III,1,1,1,1,Torus fibrations and localization of index III,Torus fibrations and localization of index III: equivariant version and its appl
1008.5007,local model-acyclic system,lemma,vague,acyclic compatible systems under local symplectomorphism,Torus fibrations and localization of index III,1,1,1,5,Torus fibrations and localization of index III,Torus fibrations and localization of index III: equivariant version and its appl
1008.5007,local model-acyclic system,lemma,precise,The local symplectomorphism from the zero-level model induces an isomorphism between the corresponding G x K equivariant acyclic compatible systems.,Torus fibrations and localization of index III,1,1,,1,Torus fibrations and localization of index III,Torus fibrations and localization of index III: equivariant version and its appl
1006.3125,variousmapsdescend,lemma,vague,Frobenius and differential in de Rham-Witt complexes,The big de Rham-Witt complex,,1,,,Bloch's cycle complex and coherent dualizing complexes in positive characteristi,The big de Rham-Witt complex
1008.5007,localization,lemma,precise,The equivariant local index of M with line bundle L equals the relative local index computed on a neighborhood of the zero level set of the moment map.,Torus fibrations and localization of index III,,,,,Equivariant local index,Canonical bases for the equivariant cohomology and K-theory rings of symplectic 
1008.5007,rem good open covering,proposition,vague,equivariant compatible fibrations on good open covers,Torus fibrations and localization of index III,,1,,1,Equivariant vector bundles on toric schemes over semirings,Torus fibrations and localization of index III: equivariant version and its appl
1010.1972,spherefamily,lemma,precise,"Along such a sphere-surgery family, if all transverse intersection curves with F are inessential, a genus-g component inside S_0 persists inside S_1.",On the distortion of knots on embedded surfaces,1,1,1,1,On the distortion of knots on embedded surfaces,On the distortion of knots on embedded surfaces
1008.5007,localization,lemma,vague,localization of equivariant Riemann-Roch index,Torus fibrations and localization of index III,2,7,2,,Stability property of multiplicities of group representations,Symplectic surgery and the ${\rm Spin}^c$-Dirac operator
1006.3125,derivationslemma,prop,precise,"For a lambda-ring A and lambda-module M, derivations from A to M are in bijection with lambda-ring morphisms splitting the projection from the semidirect product A semidirect M to A.",The big de Rham-Witt complex,,1,,1,The cohomology of lambda-rings and Psi-rings,The big de Rham-Witt complex
1010.1972,doublebubble,lemma,precise,"If a double bubble meets beta fewer times than the geometric intersection threshold, any genus-g component inside the whole bubble already lies inside one half.",On the distortion of knots on embedded surfaces,1,1,1,1,On the distortion of knots on embedded surfaces,On the distortion of knots on embedded surfaces
1010.1972,spherefamily,lemma,vague,genus persistence under sphere surgeries,On the distortion of knots on embedded surfaces,1,3,1,3,On the distortion of knots on embedded surfaces,Genus bounds for minimal surfaces arising from min-max constructions
1010.1972,mustbeinessential,lemma,precise,A sphere intersecting beta fewer times than the geometric intersection number can meet the surface F only in curves inessential in F.,On the distortion of knots on embedded surfaces,1,1,1,1,On the distortion of knots on embedded surfaces,On the distortion of knots on embedded surfaces
1010.1972,mustbeinessential,lemma,vague,inessential intersection curves from low sphere crossings,On the distortion of knots on embedded surfaces,1,1,1,1,On the distortion of knots on embedded surfaces,On the distortion of knots on embedded surfaces
1008.5007,local model,lemma,vague,equivariant local normal form for Hamiltonian actions,Torus fibrations and localization of index III,,,,,Classification of Hamiltonian $S^1$-actions on compact symplectic orbifolds with,Proof of Nishida's conjecture on anharmonic lattices
1010.1972,doublebubble2,lemma,vague,double bubble neighborhoods preserving genus,On the distortion of knots on embedded surfaces,1,1,1,1,On the distortion of knots on embedded surfaces,On the distortion of knots on embedded surfaces
1010.1972,doublebubble2,lemma,precise,"Under the same intersection bound, a genus-g component inside a double bubble remains inside every epsilon-neighborhood of one of its halves.",On the distortion of knots on embedded surfaces,1,1,1,1,On the distortion of knots on embedded surfaces,On the distortion of knots on embedded surfaces
1008.5007,rem good open covering,proposition,precise,The good open cover by the sets V_H admits a G x K equivariant compatible fibration structure for the localization argument.,Torus fibrations and localization of index III,,1,,1,The equivariant covering homotopy property,Torus fibrations and localization of index III: equivariant version and its appl
1101.1594,thm homotopy invariance,theorem,vague,homotopy invariance of membrane iterated integrals,Multiple Dedekind Zeta Functions,,1,,1,Non-commutative Two Dimensional Modular Symbol,Multiple Dedekind zeta functions
1101.1594,lemma f0 convergence,lemma,precise,"For a unimodular simple cone, the function f_0 converges uniformly on every compact subset of its dual cone.",Multiple Dedekind Zeta Functions,7,1,7,1,Laws of the iterated logarithm for occupation times of Markov processes,Multiple Dedekind zeta functions
1101.1594,lemma positive cone,lemma,vague,rescaling unimodular simple cones to positive ones,Multiple Dedekind Zeta Functions,9,1,,1,Chopped and sliced cones and representations of Kac-Moody algebras,Multiple Dedekind zeta functions
1101.1594,lemma positive cone,lemma,precise,Every unimodular simple cone can be rescaled by some algebraic integer so that it becomes a positive unimodular simple cone.,Multiple Dedekind Zeta Functions,,1,,1,Chopped and sliced cones and representations of Kac-Moody algebras,Multiple Dedekind zeta functions
1010.1972,doublebubble,lemma,vague,double bubbles and genus splitting on surfaces,On the distortion of knots on embedded surfaces,1,1,1,1,On the distortion of knots on embedded surfaces,On the distortion of knots on embedded surfaces
1208.2297,proposition_rigidity_of_spheres,proposition,precise,"For a compact semisimple Lie algebra, the linear Poisson structure near the unit sphere is C^p-C^1 rigid and determined up to isomorphism by its first jet.",Rigidity around Poisson Submanifolds,2,1,2,1,Formal equivalence of Poisson structures around Poisson submanifolds,Rigidity around Poisson submanifolds
1101.1594,,lemma,vague,double-sum formula for cone zeta kernels,Multiple Dedekind Zeta Functions,,,,,Weighted sum formula of multiple $L$-values and its applications,"Values of zeta functions at negative integers, Dedekind sums and toric geometry"
1208.2297,proposition_rigidity_of_spheres,proposition,vague,rigidity of linear Poisson structures near spheres,Rigidity around Poisson Submanifolds,3,2,8,2,Formal equivalence of Poisson structures around Poisson submanifolds,Déformation par quantification et rigidité des algèbres enveloppantes
1208.2297,Tame_Vanishing_Lemma,lemma,precise,"If a Hausdorff Lie groupoid has compact s-fibers with vanishing degree-p de Rham cohomology, then H^p of the Lie algebroid vanishes and tame local homotopy operators exist.",Rigidity around Poisson Submanifolds,1,1,1,1,Rigidity around Poisson Submanifolds,Rigidity around Poisson submanifolds
1101.1594,thm homotopy invariance,theorem,precise,Iterated integrals on membranes are unchanged under homotopies that keep the entire membrane boundary fixed.,Multiple Dedekind Zeta Functions,,1,,1,Non-commutative Two Dimensional Modular Symbol,Multiple Dedekind zeta functions
1208.2297,L_trivial_foliation,lemma,precise,"For compact S, integrability by a compact principal bundle with vanishing H^2, vanishing H^2 of A_S, and specific variation-map conditions are all equivalent.",Rigidity around Poisson Submanifolds,1,1,1,1,Rigidity around Poisson Submanifolds,Rigidity around Poisson submanifolds
1208.2297,Tame_Vanishing_Lemma,lemma,vague,vanishing Lie algebroid cohomology from compact groupoids,Rigidity around Poisson Submanifolds,4,,4,,Cohomology of Lie Groupoid Modules and the Generalized van Est Map,Cohomology of Lie groupoid modules and the generalized van Est map
1208.2297,,lemma,vague,adapted metrics for proper Lie groupoids,Rigidity around Poisson Submanifolds,1,1,1,1,Rigidity around Poisson Submanifolds,Rigidity around Poisson submanifolds
1208.2297,,lemma,precise,The base of any proper Lie groupoid admits an adapted Riemannian metric whose geodesics starting orthogonally to one orbit stay orthogonal to every orbit they meet.,Rigidity around Poisson Submanifolds,1,1,1,1,Rigidity around Poisson Submanifolds,Rigidity around Poisson submanifolds
1101.1594,lemma f0 convergence,lemma,vague,uniform convergence on dual cones,Multiple Dedekind Zeta Functions,,,,,On the Born-Infeld equation for electrostatic fields with a superposition of poi,Uniform convergence of convex optimization problems
1101.1594,,lemma,precise,"The function f_1,1 for a cone equals a double sum over alpha and beta in the cone with exponential weights divided by two norm factors.",Multiple Dedekind Zeta Functions,,1,,,Residue formulae for vector partitions and Euler-MacLaurin sums,Multiple Dedekind zeta functions
1208.4114,lem:affine-Hecke-rel,lem,precise,"In the formal Hecke setting, T_i commutes with multiplication by psi up to the formal Demazure difference term, so the commutator preserves the completed coefficient ring.",Formal Hecke algebras and algebraic oriented cohomology theories,,2,,2,Macdonald-Koornwinder polynomials,Hecke operator and $S$-duality of $\scr N=4$ super Yang-Mills for $ADE$ gauge gr
1208.4114,lem:affine-Hecke-rel,lem,vague,commutation relations in formal Hecke algebras,Formal Hecke algebras and algebraic oriented cohomology theories,4,2,,2,An example of higher-dimensional Heegaard Floer homology,Geometric representations of the formal affine Hecke algebra
1208.4114,prop:Hecke-alg-embedding,prop,vague,faithful action of a formal Hecke algebra,Formal Hecke algebras and algebraic oriented cohomology theories,3,9,3,,Quiver Hecke algebras and 2-Lie algebras,Lectures on affine Hecke algebras and Macdonald's conjectures
1208.4114,prop:FDA-add-mult,prop,precise,"For additive formal groups, the formal Demazure algebras recover completed nil Hecke rings, while for the multiplicative formal group with beta equal to one they recover the completed 0-Hecke algebra.",Formal Hecke algebras and algebraic oriented cohomology theories,1,1,1,1,Formal Hecke algebras and algebraic oriented cohomology theories,Formal Hecke algebras and algebraic oriented cohomology theories
1208.4114,prop:push-pull-ops,prop,vague,push-pull formula for formal characteristic classes,Formal Hecke algebras and algebraic oriented cohomology theories,2,,2,,Morava K-theory of twisted flag varieties,Chern-Schwartz-MacPherson classes for Schubert cells in flag manifolds
1304.5861,R3limits2,theorem,precise,"As the sphere radius tends to infinity, the genus-g helicoidal surfaces subconverge to properly embedded minimal surfaces in R^3 asymptotic to a helicoid, with controlled genus and sign.","Helicoidal minimal surfaces of prescribed genus, I",1,1,1,1,"Helicoidal minimal surfaces of prescribed genus, I",Helicoidal minimal surfaces of prescribed genus
1208.2297,L_trivial_foliation,lemma,vague,equivalent cohomological criteria for Poisson integrability,Rigidity around Poisson Submanifolds,,,,,Bicategories of operator algebras and Poisson manifolds,Quantization of Planck's constant
1304.5861,R3limits2,theorem,vague,helicoidal minimal surface limits in Euclidean space,"Helicoidal minimal surfaces of prescribed genus, I",4,1,4,1,Compactness of the space of genus-one helicoids,Helicoidal minimal surfaces of prescribed genus
1304.5861,stable-spheres-corollary,corollary,precise,Any connected stable properly embedded minimal surface in S^2 x R must be a horizontal sphere.,"Helicoidal minimal surfaces of prescribed genus, I",1,1,1,1,"Helicoidal minimal surfaces of prescribed genus, I",Helicoidal minimal surfaces of prescribed genus
1304.5861,stable-spheres-corollary,corollary,vague,classification of stable minimal surfaces in S2 x R,"Helicoidal minimal surfaces of prescribed genus, I",2,1,2,1,"On a conjecture of Meeks, Pérez and Ros",Helicoidal minimal surfaces of prescribed genus
1304.5861,second-compactness-theorem,theorem,precise,"A sequence of rotated helicoidal minimal surfaces with vanishing pitch and unbounded screw angle, graphical in some open cylinder, converges smoothly with multiplicity one to the horizontal plane.","Helicoidal minimal surfaces of prescribed genus, I",1,1,1,1,"Helicoidal minimal surfaces of prescribed genus, I",Helicoidal minimal surfaces of prescribed genus
1304.5861,second-compactness-theorem,theorem,vague,degeneration of helicoidal minimal surfaces,"Helicoidal minimal surfaces of prescribed genus, I",9,,9,,The Geometry of Genus-One Helicoids,Minimal translation surfaces in Euclidean space
1304.5861,parity-sign-lemma,lemma,vague,parity of intersections on Y-surfaces,"Helicoidal minimal surfaces of prescribed genus, I",1,2,1,2,Helicoidal minimal surfaces of prescribed genus,Parity criterion for unstabilized Heegaard splittings
1208.4114,prop:Hecke-alg-embedding,prop,precise,"When a_11 is invertible, the natural action of the formal Hecke algebra on the completed formal group algebra is faithful.",Formal Hecke algebras and algebraic oriented cohomology theories,1,4,1,4,Formal Hecke algebras and algebraic oriented cohomology theories,Lectures on affine Hecke algebras and Macdonald's conjectures
1208.4114,prop:FDA-add-mult,prop,vague,Demazure algebras versus nil and 0-Hecke algebras,Formal Hecke algebras and algebraic oriented cohomology theories,1,1,1,1,Formal Hecke algebras and algebraic oriented cohomology theories,Formal Hecke algebras and algebraic oriented cohomology theories
1309.1459,Lp.bound,proposition,vague,integral inequalities under mean curvature flow,A sharp bound for the inscribed radius under mean curvature flow,,,,,Sobolev stability of the PMT and RPI using IMCF,Mean curvature flow with surgeries of two-convex hypersurfaces
1309.1459,Lp.bound,proposition,precise,"Under mean curvature flow, the positive part of the auxiliary function f sigma satisfies an Lp differential inequality when p is large and sigma is sufficiently small.",A sharp bound for the inscribed radius under mean curvature flow,,4,,,Contracting convex surfaces by mean curvature flow with free boundary on convex ,A fully nonlinear flow for two-convex hypersurfaces in Riemannian manifolds
1208.4114,prop:push-pull-ops,prop,precise,Pull-push along p sends the formal characteristic class of chi to the characteristic class obtained by applying the Demazure operator C_alpha to chi.,Formal Hecke algebras and algebraic oriented cohomology theories,1,2,1,,Formal Hecke algebras and algebraic oriented cohomology theories,On torsion in the intersection cohomology of Schubert varieties
1309.1459,regularity.2,corollary,vague,regularity of inscribed radius function,A sharp bound for the inscribed radius under mean curvature flow,,,,,Bloch's Theorem in the Context of Quaternion Analysis,A fully nonlinear flow for two-convex hypersurfaces in Riemannian manifolds
1309.1459,regularity.2,corollary,precise,"Away from a measure-zero exceptional set, the inscribed-radius function mu has a second-order Taylor expansion wherever it strictly exceeds the largest principal curvature.",A sharp bound for the inscribed radius under mean curvature flow,1,1,1,1,A sharp bound for the inscribed radius under mean curvature flow,A sharp bound for the inscribed radius under mean curvature flow
1309.1459,aux.2,proposition,vague,viscosity inequality for outer radius flow,A sharp bound for the inscribed radius under mean curvature flow,,,,,Equivalence between radial solutions of different parabolic gradient-diffusion e,A proof of Einstein's effective viscosity for a dilute suspension of spheres
1309.1459,aux,proposition,vague,elliptic estimates for inscribed radius,A sharp bound for the inscribed radius under mean curvature flow,,2,,,Decay of solutions of Maxwell-Klein-Gordon equations with large Maxwell field,A fully nonlinear flow for two-convex hypersurfaces in Riemannian manifolds
1309.1803,,lemma,vague,pants decomposition of higher genus curves,Perverse Curves and Mirror Symmetry,1,1,,,Perverse Curves and Mirror Symmetry,Perverse curves and mirror symmetry
1309.1803,mainthm-2,theorem,precise,"For a perverse curve, the Hodge numbers are determined by triple points, component genera, and the vertices and edges of the dual intersection complex.",Perverse Curves and Mirror Symmetry,1,1,1,1,Perverse Curves and Mirror Symmetry,Perverse curves and mirror symmetry
1304.5861,parity-sign-lemma,lemma,precise,"For a Y-surface with boundary Gamma, the signs at O and O-star coincide exactly when the number of Y-intersection points is even.","Helicoidal minimal surfaces of prescribed genus, I",1,1,1,1,"Helicoidal minimal surfaces of prescribed genus, I",Helicoidal minimal surfaces of prescribed genus
1309.1803,mainthm-2,theorem,vague,Hodge numbers of perverse curves,Perverse Curves and Mirror Symmetry,1,1,1,,Perverse Curves and Mirror Symmetry,Perverse curves and mirror symmetry
1309.1803,,theorem,precise,The perverse curve construction does not depend on the chosen resolution of the degeneration or on the auxiliary variety X2.,Perverse Curves and Mirror Symmetry,1,1,1,1,Perverse Curves and Mirror Symmetry,Perverse curves and mirror symmetry
1309.1803,,theorem,vague,invariance of perverse curve construction,Perverse Curves and Mirror Symmetry,1,2,1,2,Perverse Curves and Mirror Symmetry,A support theorem for Hilbert schemes of planar curves
1309.1803,countZdata,lemma,precise,"For MPCP triangulations of dual reflexive polytopes, simplex counts on two-faces are triangulation-independent and give explicit formulas for edges, triple points, and vertices.",Perverse Curves and Mirror Symmetry,1,1,1,1,Perverse Curves and Mirror Symmetry,Perverse curves and mirror symmetry
1309.1459,aux.2,proposition,precise,Any smooth upper barrier touching the outer-radius quantity rho at a point satisfies the corresponding viscosity differential inequality under mean curvature flow.,A sharp bound for the inscribed radius under mean curvature flow,1,,1,,A sharp bound for the inscribed radius under mean curvature flow,A regularity theorem for curvature flows
1309.1803,countZdata,lemma,vague,combinatorics of MPCP triangulations and dual polytopes,Perverse Curves and Mirror Symmetry,,1,,1,Generalized break divisors and triangulations of Lawrence polytopes,Perverse curves and mirror symmetry
1311.4960,L:vanishing on X,lemma,vague,density of hypersurfaces containing a subscheme,Bertini irreducibility theorems over finite fields,,2,,3,Random hypersurfaces and embedding curves in surfaces over finite fields,Bertini theorems revisited
1309.1459,aux,proposition,precise,A smooth upper support for the inscribed-radius function mu satisfies an elliptic differential inequality at any point where mu exceeds the top principal curvature.,A sharp bound for the inscribed radius under mean curvature flow,5,,5,,An inscribed radius estimate for mean curvature flow in Riemannian manifolds,Maximum principle for hypersurfaces
1309.1803,,lemma,precise,Any curve of genus at least two can be cut along 3g minus 3 disjoint circles into 2g minus 2 pairs of pants.,Perverse Curves and Mirror Symmetry,1,1,,,Perverse Curves and Mirror Symmetry,Perverse curves and mirror symmetry
1311.4960,,corollary,precise,"Under the inverse-image hypotheses, the density of hypersurfaces preserving irreducible components of X is an explicit Euler product over codimension-one fibers.",Bertini irreducibility theorems over finite fields,2,1,2,1,Newton polytopes and numerical algebraic geometry,Bertini irreducibility theorems over finite fields
1311.4960,,corollary,vague,density formulas for Bertini irreducibility,Bertini irreducibility theorems over finite fields,7,2,8,2,Fibrations with few rational points,A probabilistic approach to systems of parameters and Noether normalization
1311.4960,T:inverse image bijection,theorem,precise,"If every irreducible component maps to dimension at least two in projective space, a density-one set of hypersurfaces preserves horizontal irreducible components under intersection.",Bertini irreducibility theorems over finite fields,1,1,1,1,Bertini irreducibility theorems over finite fields,Bertini irreducibility theorems over finite fields
1311.4960,L:intersects X,lemma,precise,"For a positive-dimensional subscheme of projective space over a finite field, almost all hypersurfaces meet the subscheme.",Bertini irreducibility theorems over finite fields,1,2,1,2,Bertini irreducibility theorems over finite fields,Random hypersurfaces and embedding curves in surfaces over finite fields
1402.2028,theorem:i,theorem,precise,"Large Dehornoy order on a braid forces its closure knot to have large genus, full braid index, and in the pseudo-Anosov case be hyperbolic.",A kernel of a braid group representation yields a knot with trivial knot polynomials,1,1,1,1,A kernel of a braid group representation yields a knot with trivial knot polynom,A kernel of a braid group representation yields a knot with trivial knot polynom
1402.2028,theorem:i,theorem,vague,Dehornoy ordering and knot properties,A kernel of a braid group representation yields a knot with trivial knot polynomials,3,,3,,Remark on ordered braid groups,Ordered Groups and Topology
1402.2028,cor:trivial2,corollary,vague,nonfaithful quantum representations and knot invariants,A kernel of a braid group representation yields a knot with trivial knot polynomials,1,1,1,1,A kernel of a braid group representation yields a knot with trivial knot polynom,A kernel of a braid group representation yields a knot with trivial knot polynom
1402.2028,,corollary,precise,"If the four-strand Burau representation is not faithful, then the Jones polynomial does not detect the unknot.",A kernel of a braid group representation yields a knot with trivial knot polynomials,1,1,1,1,A kernel of a braid group representation yields a knot with trivial knot polynom,A kernel of a braid group representation yields a knot with trivial knot polynom
1402.2028,proposition:D-order,proposition,precise,"Alternating decomposition of a positive braid determines its Dehornoy order, bounds it between nearby powers of Delta, and gives a special form in the low-order case.",A kernel of a braid group representation yields a knot with trivial knot polynomials,1,,1,,A kernel of a braid group representation yields a knot with trivial knot polynom,Ordering Braids
1402.2028,,corollary,vague,Burau representation and unknot detection,A kernel of a braid group representation yields a knot with trivial knot polynomials,1,1,1,1,A kernel of a braid group representation yields a knot with trivial knot polynom,A kernel of a braid group representation yields a knot with trivial knot polynom
1311.4960,L:vanishing on X,lemma,precise,"Among homogeneous polynomials, those that vanish identically on a positive-dimensional subscheme of projective space have density zero.",Bertini irreducibility theorems over finite fields,1,1,1,1,Bertini irreducibility theorems over finite fields,Bertini irreducibility theorems over finite fields
1402.2028,proposition:D-order,proposition,vague,alternating decomposition and Dehornoy order,A kernel of a braid group representation yields a knot with trivial knot polynomials,,1,,1,Gaps in scl for Amalgamated Free Products and RAAGs,A kernel of a braid group representation yields a knot with trivial knot polynom
1403.7383,equivconj,corollary,precise,"Under suitable depth conditions for determinantal modules, Ext groups between symmetric powers reduce to Ext groups from the base ring A.",On the normal sheaf of determinantal varieties,1,2,1,2,On the normal sheaf of determinantal varieties,Local cohomology with support in ideals of maximal minors and sub-maximal Pfaffi
1403.7383,res,corollary,precise,"The first Ext module of M with a symmetric power has an explicit free resolution built from standard resolutions, yielding lower bounds on its depth.",On the normal sheaf of determinantal varieties,1,1,1,1,On the normal sheaf of determinantal varieties,On the normal sheaf of determinantal varieties
1311.4960,T:inverse image bijection,theorem,vague,Bertini irreducibility for horizontal components,Bertini irreducibility theorems over finite fields,1,1,1,1,Bertini irreducibility theorems over finite fields,Bertini irreducibility theorems over finite fields
1403.7383,equivconj,corollary,vague,Ext groups for determinantal modules,On the normal sheaf of determinantal varieties,1,1,1,1,On the normal sheaf of determinantal varieties,On the normal sheaf of determinantal varieties
1311.4960,L:intersects X,lemma,vague,generic hypersurface intersections over finite fields,Bertini irreducibility theorems over finite fields,,,,,On Witt vector cohomology for singular varieties,On Witt vector cohomology for singular varieties
1403.7383,vaniss,corollary,precise,"For a determinantal ring with depth at least four along J, the first Ext group of the conormal module into Hom(M,A) vanishes.",On the normal sheaf of determinantal varieties,1,1,1,1,On the normal sheaf of determinantal varieties,On the normal sheaf of determinantal varieties
1403.7383,vaniss,corollary,vague,vanishing Ext for determinantal conormal modules,On the normal sheaf of determinantal varieties,2,2,2,2,Deformations of modules of maximal grade and the Hilbert scheme at determinantal,Deformations of modules of maximal grade and the Hilbert scheme at determinantal
1402.2028,cor:trivial2,corollary,precise,"If a family of quantum braid group representations is nonfaithful, every knot shares those quantum invariants with infinitely many distinct hyperbolic knots.",A kernel of a braid group representation yields a knot with trivial knot polynomials,1,1,1,1,A kernel of a braid group representation yields a knot with trivial knot polynom,A kernel of a braid group representation yields a knot with trivial knot polynom
1403.7383,,corollary,vague,simplicity of normal sheaves for ACM subschemes,On the normal sheaf of determinantal varieties,1,2,1,2,On the normal sheaf of determinantal varieties,Gorenstein biliaison and ACM sheaves
1403.7383,,corollary,precise,Certain codimension two ACM and codimension three arithmetically Gorenstein subschemes have simple normal sheaf under depth and degree-separation hypotheses.,On the normal sheaf of determinantal varieties,1,1,1,1,On the normal sheaf of determinantal varieties,On the normal sheaf of determinantal varieties
1407.0806,pp:iota,proposition,vague,braid twists versus spherical twists,Decorated marked surfaces: spherical twists versus braid twists,,10,,,Finite presentations for spherical/braid twist groups from decorated marked surf,Universal functors on symmetric quotient stacks of Abelian varieties
1407.0806,pp:trivial,proposition,precise,"For a decorated marked surface that is neither a polygon nor an annulus, the subgroup denoted Z0BT is trivial.",Decorated marked surfaces: spherical twists versus braid twists,1,3,1,3,Decorated marked surfaces: spherical twists versus braid twists,Tagged mapping class groups: Auslander-Reiten translation
1407.0806,lem:Hom,lemma,vague,intersection numbers and Hom dimensions,Decorated marked surfaces: spherical twists versus braid twists,3,,3,,Graded decorated marked surfaces: Calabi-Yau-$\mathbb{X}$ categories of gentle a,A geometric model for the module category of a skew-gentle algebra
1407.0806,pp:ses2,proposition,precise,Three closed arcs forming a clockwise contractible triangle on the surface yield representatives whose associated objects fit into a nontrivial distinguished triangle.,Decorated marked surfaces: spherical twists versus braid twists,1,1,1,1,Decorated marked surfaces: spherical twists versus braid twists,Decorated marked surfaces: spherical twists versus braid twists
1403.7383,res,corollary,vague,free resolutions for Ext modules,On the normal sheaf of determinantal varieties,3,2,3,2,Hyperelliptic curves and Ulrich sheaves on the complete intersection of two quad,Invariant resolutions for several Fueter operators
1407.0806,pp:ses2,proposition,vague,distinguished triangles from arcs on marked surfaces,Decorated marked surfaces: spherical twists versus braid twists,,,,,Exact WKB analysis and cluster algebras,A geometric realization of silting theory for gentle algebras
1409.3541,lem:TwistedModule,lem,precise,The two stabilization maps give equivariant homomorphisms between successive coefficient modules over the group ring of the stable abelianized automorphism group.,Homological stability for automorphism groups,,,,,Loop groups and holomorphic bundles,Loop groups and holomorphic bundles
1409.3541,lem:TwistedModule,lem,vague,equivariant stabilization maps in automorphism groups,Homological stability for automorphism groups,,,,,Homological stability: a tool for computations,On the edge of the stable range
1409.3541,,thm,precise,"For orientable surfaces, adding a torus with one boundary gives homological stability for mapping class groups, with surjectivity and isomorphism ranges determined by genus and coefficient degree.",Homological stability for automorphism groups,,,,,Tethers and homology stability for surfaces,Improved homological stability for the mapping class group with integral or twis
1407.0806,pp:iota,proposition,precise,"There is a canonical homomorphism from the braid twist group of the decorated triangulation to the spherical twist group, matching the standard generators.",Decorated marked surfaces: spherical twists versus braid twists,3,8,3,,Graded decorated marked surfaces: Calabi-Yau-$\mathbb{X}$ categories of gentle a,Cluster exchange groupoids and framed quadratic differentials
1409.3541,,thm,vague,mapping class group homological stability by genus,Homological stability for automorphism groups,,,,,Tethers and homology stability for surfaces,Mapping class groups of nonorientable surfaces
1409.3541,,lem,precise,"When one stabilizes by a torus with one boundary and the base surface is orientable, the associated simplicial complex is (n minus 3 over 2)-connected.",Homological stability for automorphism groups,1,,,,Homological stability for automorphism groups,Surface Houghton groups
1409.3541,,thm,precise,"Adding a boundary cylinder yields homological stability for surface mapping class groups, and also for configuration-space braid groups when the surface has one boundary component.",Homological stability for automorphism groups,,,,,Tethers and homology stability for surfaces,Stability properties of moduli spaces
1407.0806,pp:trivial,proposition,vague,triviality results for braid twist groups,Decorated marked surfaces: spherical twists versus braid twists,,1,,1,Finite presentations for spherical/braid twist groups from decorated marked surf,Decorated marked surfaces: spherical twists versus braid twists
1409.3541,,thm,vague,homological stability for surface braid and mapping class groups,Homological stability for automorphism groups,7,,7,,Tethers and homology stability for surfaces,Stability properties of moduli spaces
1407.0806,lem:Hom,lemma,precise,"For the complex attached to a closed arc, graded Hom dimensions from the basic objects equal the geometric intersection numbers with that arc.",Decorated marked surfaces: spherical twists versus braid twists,,,,,A geometric realization of Koszul duality for graded gentle algebras,A geometric model of tube categories
1505.03665,lem:bertini3,lemma,precise,"General choices of r hyperplanes cut an irreducible codimension-r section, keep the regular locus regular, and preserve complement codimension at least two.",Non-density of small points on divisors on abelian varieties and the Bogomolov conjecture,1,1,1,1,Non-density of small points on divisors on abelian varieties and the Bogomolov c,Non-density of small points on divisors on abelian varieties and the Bogomolov c
1505.03665,lem:bertini3,lemma,vague,Bertini theorem for regular hyperplane sections,Non-density of small points on divisors on abelian varieties and the Bogomolov conjecture,,,,,Maximal Chains of Prime Ideals of Different Lengths in Unique Factorization Doma,A symmetric homotopy and hybrid polynomial system solving method for mixed trigo
1505.03665,thm:curvecase,theorem,vague,Bogomolov conjecture for curves in abelian varieties,Non-density of small points on divisors on abelian varieties and the Bogomolov conjecture,1,1,1,1,Non-density of small points on divisors on abelian varieties and the Bogomolov c,Non-density of small points on divisors on abelian varieties and the Bogomolov c
1505.03665,thm:BCFC,theorem,precise,"For a non-isotrivial curve, every point of its Jacobian has a sufficiently small neighborhood containing only finitely many curve points.",Non-density of small points on divisors on abelian varieties and the Bogomolov conjecture,1,3,1,3,Non-density of small points on divisors on abelian varieties and the Bogomolov c,Capacity Theory with Local Rationality: The Strong Fekete-Szegö Theorem on Curve
1505.03665,lem:cl:prop:bertini2,lemma,vague,hyperplane sections through general points,Non-density of small points on divisors on abelian varieties and the Bogomolov conjecture,,,,,Newton polytopes and numerical algebraic geometry,"Non-level semi-standard graded Cohen-Macaulay domain with $h$-vector $(h_0, h_1,"
1505.04172,cor:Answer-To_BF,cor,precise,"For complete modules over a flat local map of complete noetherian local rings with the same residue field, completed Hochschild cohomology equals ordinary Hochschild cohomology.",Hochschild cohomology commutes with adic completion,1,2,1,2,Hochschild cohomology commutes with adic completion,Power series rings and projectivity
1505.04172,cor:Answer-To_BF,cor,vague,adic completion and Hochschild cohomology,Hochschild cohomology commutes with adic completion,3,3,3,,Derived Hochschild functors over commutative adic algebras,Hochschild and cyclic homology of finite type algebras
1505.04172,thm:wide-rgamma,thm,precise,"For a weakly proregular finitely generated ideal, derived completed torsion is computed by the completed ring tensored with the infinite dual Koszul complex.",Hochschild cohomology commutes with adic completion,1,,1,,Hochschild cohomology commutes with adic completion,The homotopy theory of complete modules
1409.3541,,lem,vague,connectivity of surface stabilization complexes,Homological stability for automorphism groups,,,,,Stability conditions on free abelian quotients,Secondary homological stability for unordered configuration spaces
1505.04172,cor:derived-fiber-of-formal,cor,precise,"Under flatness and completeness hypotheses, the derived fiber product of two formal schemes over k is the formal spectrum of a suitably completed tensor product.",Hochschild cohomology commutes with adic completion,1,,1,,Hochschild cohomology commutes with adic completion,Invarianten der degenerierten Fasern in lokalen Familien von Kurven
1505.04172,thm:wide-rgamma,thm,vague,derived torsion via completed Koszul complexes,Hochschild cohomology commutes with adic completion,,,,,"Weak Proregularity, Derived Completion, Adic Flatness, and Prisms",Dedualizing complexes and MGM duality
1505.04172,thm:LLambda-Of-Hochscild,thm,precise,"Under standard finiteness or proregularity assumptions, completed Hochschild cohomology functors can be computed equivalently over the ordinary or completed enveloping algebra.",Hochschild cohomology commutes with adic completion,3,2,3,2,Power series rings and projectivity,Completion and torsion over commutative DG rings
1505.04172,cor:derived-fiber-of-formal,cor,vague,derived fiber products of formal schemes,Hochschild cohomology commutes with adic completion,,,,,A flag version of Beilinson-Drinfeld Grassmannian for surfaces,Uniform local constancy of étale cohomology of rigid analytic varieties
1505.03665,thm:curvecase,theorem,precise,A one-dimensional closed subvariety of an abelian variety with dense small points must be a special subvariety.,Non-density of small points on divisors on abelian varieties and the Bogomolov conjecture,2,1,2,1,Survey on the geometric Bogomolov conjecture,Non-density of small points on divisors on abelian varieties and the Bogomolov c
1507.00383,prop:reversal,proposition,vague,orientation reversal in involutive Heegaard Floer theory,Involutive Heegaard Floer homology,,3,,3,Introduction to the basics of Heegaard Floer homology,Holomorphic disks and knot invariants
1507.00383,prop:reversal,proposition,precise,"Under orientation reversal, the lower involutive correction term of a three-manifold equals the negative of the upper correction term of the reversed manifold.",Involutive Heegaard Floer homology,1,1,1,1,Involutive Heegaard Floer homology,Involutive Heegaard Floer homology
1507.00383,propn:exact,proposition,vague,exact triangle in involutive Heegaard Floer homology,Involutive Heegaard Floer homology,3,6,3,,"Heegaard Floer correction terms, with a twist",Involutive bordered Floer homology
1507.00383,propn:exact,proposition,precise,"For a spin three-manifold, involutive Heegaard Floer homology sits in an exact triangle with ordinary Heegaard Floer homology and a shifted Q-twisted copy.",Involutive Heegaard Floer homology,1,1,1,,On the involutive Heegaard Floer homology of negative semi-definite plumbed 3-ma,Involutive Heegaard Floer homology
1505.03665,thm:BCFC,theorem,vague,small points on non-isotrivial Jacobians,Non-density of small points on divisors on abelian varieties and the Bogomolov conjecture,1,4,1,4,Non-density of small points on divisors on abelian varieties and the Bogomolov c,Geometric Bogomolov conjecture for abelian varieties and some results for those 
1505.03665,lem:cl:prop:bertini2,lemma,precise,"Through every point in a dense open subset of X, there passes an admissible r-fold hyperplane section coming from the chosen dense open family.",Non-density of small points on divisors on abelian varieties and the Bogomolov conjecture,2,1,2,1,de Rham-Witt sheaves via algebraic cycles,Non-density of small points on divisors on abelian varieties and the Bogomolov c
1507.00383,propn:thin,proposition,vague,involutions on thin knot Floer complexes,Involutive Heegaard Floer homology,1,1,1,1,Involutive Heegaard Floer homology,Involutive Heegaard Floer homology
1507.00383,propn:thin,proposition,precise,A thin knot has a unique grading-preserving automorphism of its knot Floer complex that swaps the two filtrations and squares to Sarkar's involution.,Involutive Heegaard Floer homology,1,1,1,1,Involutive Heegaard Floer homology,Involutive Heegaard Floer homology
1507.00383,lemma:identities,lemma,vague,duality pairing in involutive Floer complexes,Involutive Heegaard Floer homology,3,7,,,Duality in filtered Floer-Novikov complexes,A rank inequality for the knot Floer homology of double branched covers
1508.07112,thm:trex,theorem,precise,"If F satisfies the required growth and vanishing conditions, its trace generating series is a weakly holomorphic weight 3/2 modular form with explicit coefficients.",Heegner divisors in generalized Jacobians and traces of singular moduli,1,1,1,2,Heegner divisors in generalized Jacobians and traces of singular moduli,Heegner divisors in generalized Jacobians and traces of singular moduli
1508.07112,prop:modcrit,proposition,vague,criterion for weakly holomorphic modular forms,Heegner divisors in generalized Jacobians and traces of singular moduli,,,,,Rank 2 symmetric hyperbolic Kac-Moody algebras and Hilbert modular forms,An approach to BPS black hole microstate counting in an $N=2$ STU model
1508.07112,,corollary,precise,The generating series of traces of singular moduli is a weakly holomorphic weight 3/2 modular form in the plus space for level 4.,Heegner divisors in generalized Jacobians and traces of singular moduli,1,1,,4,Heegner divisors in generalized Jacobians and traces of singular moduli,Heegner divisors in generalized Jacobians and traces of singular moduli
1508.07112,,corollary,vague,generating series for traces of singular moduli,Heegner divisors in generalized Jacobians and traces of singular moduli,4,1,,,Traces of reciprocal singular moduli,Heegner divisors in generalized Jacobians and traces of singular moduli
1505.04172,thm:LLambda-Of-Hochscild,thm,vague,completed Hochschild cohomology functor comparison,Hochschild cohomology commutes with adic completion,6,9,,9,The Invariance and the General CCT Theorems,DG affinity of DQ-modules
1508.07112,,proposition,precise,"If the negative coefficients and constant term vanish suitably, summing F over divisor support defines a linear trace map on the generalized Jacobian.",Heegner divisors in generalized Jacobians and traces of singular moduli,1,1,1,1,Heegner divisors in generalized Jacobians and traces of singular moduli,Heegner divisors in generalized Jacobians and traces of singular moduli
1508.07112,,proposition,vague,trace maps on generalized Jacobians,Heegner divisors in generalized Jacobians and traces of singular moduli,1,,1,,Heegner divisors in generalized Jacobians and traces of singular moduli,Noether-Lefschetz locus for Beilinson-Hodge cycles. I
1510.06292,thm:KM,theorem,precise,"For any cohomology class on a closed oriented irreducible three-manifold, four pi times its Thurston norm is the least product of scalar-curvature norm and class norm over all metrics.",Norms on the cohomology of hyperbolic 3-manifolds,1,2,1,2,Norms on the cohomology of hyperbolic 3-manifolds,Scalar curvature and harmonic maps to $S^1$
1507.00383,lemma:identities,lemma,precise,"The involutive pairing is compatible with both the involutive differential and multiplication by U, allowing either operation to move between the two inputs.",Involutive Heegaard Floer homology,3,,3,,A new approach to Kazhdan-Lusztig theory of type B via quantum symmetric pairs,Symmetric invariant pairings in vertex operator super algebras and Gramians
1510.06292,lem:stable,lemma,precise,Any stable closed minimal surface in a hyperbolic three-manifold has area between pi times and two pi times the absolute value of its Euler characteristic.,Norms on the cohomology of hyperbolic 3-manifolds,1,1,1,1,Norms on the cohomology of hyperbolic 3-manifolds,Norms on the cohomology of hyperbolic 3-manifolds
1510.06292,lem:stable,lemma,vague,area bounds for minimal surfaces in hyperbolic 3-manifolds,Norms on the cohomology of hyperbolic 3-manifolds,2,2,2,2,Geometric Methods In Heegaard Theory,Minimal hypersurfaces of least area
1508.07112,thm:trex,theorem,vague,traces of singular moduli and weight 3/2 forms,Heegner divisors in generalized Jacobians and traces of singular moduli,4,1,10,,Traces of reciprocal singular moduli,Heegner divisors in generalized Jacobians and traces of singular moduli
1510.06292,lem:alggengrows,lemma,vague,cohomology growth in a hyperbolic 3-manifold tower,Norms on the cohomology of hyperbolic 3-manifolds,,5,,5,Expander Graphs in Pure and Applied Mathematics,Free subgroups of 3-manifold groups
1510.06292,lem:alggengrows,lemma,precise,"The first cohomology of M_n is infinite cyclic, generated by a combination of two basis classes whose coefficients grow exponentially at rate (3+sqrt 5)/2.",Norms on the cohomology of hyperbolic 3-manifolds,1,1,1,1,Norms on the cohomology of hyperbolic 3-manifolds,Norms on the cohomology of hyperbolic 3-manifolds
1508.07112,prop:modcrit,proposition,precise,A formal Laurent series is a weakly holomorphic modular form exactly when it satisfies the coefficient conditions and pairs trivially with every dual modular form.,Heegner divisors in generalized Jacobians and traces of singular moduli,1,1,1,1,Heegner divisors in generalized Jacobians and traces of singular moduli,Heegner divisors in generalized Jacobians and traces of singular moduli
1510.06292,lem:normsplitting,lemma,vague,Thurston norm under splitting along incompressible surfaces,Norms on the cohomology of hyperbolic 3-manifolds,1,,1,,Norms on the cohomology of hyperbolic 3-manifolds,Minimal genus in circle bundles over 3-manifolds
1510.06292,lem:normsplitting,lemma,precise,"If an incompressible surface splits a closed irreducible three-manifold into A and B, the Thurston norm of any class dominates the sum on both sides.",Norms on the cohomology of hyperbolic 3-manifolds,1,4,1,4,Norms on the cohomology of hyperbolic 3-manifolds,Minimal genus in circle bundles over 3-manifolds
1603.05928,uniprop2,lemma,vague,canonical extension of superfunctors to Pi-envelope,Monoidal supercategories,1,1,1,1,Monoidal supercategories,Monoidal supercategories
1603.05928,pi,corollary,precise,"In Pi-supercategories, the parity data satisfy coherence identities, and each superfunctor carries a canonical even isomorphism beta_F compatible with natural transformations and composition.",Monoidal supercategories,1,1,1,1,Monoidal supercategories,Monoidal supercategories
1603.05928,shot,lemma,precise,The defined horizontal and vertical compositions in the 2-supercategory obey the usual super interchange law.,Monoidal supercategories,1,1,1,1,Monoidal supercategories,Monoidal supercategories
1603.05928,shot,lemma,vague,super interchange law in 2-supercategories,Monoidal supercategories,1,2,1,2,Monoidal supercategories,DG structures on odd categorified quantum $sl(2)$
1510.06292,thm:KM,theorem,vague,scalar curvature and Thurston norm,Norms on the cohomology of hyperbolic 3-manifolds,1,2,1,2,Norms on the cohomology of hyperbolic 3-manifolds,Scalar curvature and harmonic maps to $S^1$
1603.05928,th,theorem,vague,2-equivalence of a constructed 2-functor,Monoidal supercategories,9,2,9,2,Twisted derived categories and Rouquier functors,The Witt group of non-degenerate braided fusion categories
1604.07123,prop:b-canonical,proposition,precise,"If V_sigma(tau) expands in a cohomology basis with coefficients A, B, C, then theta_sigma^0 equals the corresponding combination of second derivatives and differentials of the potential Phi.",On the Remodeling Conjecture for Toric Calabi-Yau 3-Orbifolds,1,1,1,1,On the Remodeling Conjecture for Toric Calabi-Yau 3-Orbifolds,On the remodeling conjecture for toric Calabi-Yau 3-orbifolds
1604.07123,prop:b-canonical,proposition,vague,mirror symmetry formula for theta differentials,On the Remodeling Conjecture for Toric Calabi-Yau 3-Orbifolds,,,,,On CM values of Borcherds products and harmonic weak Maass forms of weight one,"The proper Landau-Ginzburg potential, intrinsic mirror symmetry and the relative"
1604.07123,prop:untwisted-limit,proposition,precise,"For each relevant parameter index a, the differential q_a partial Phi partial q_a on the mirror curve has a limit as q goes to zero, given explicitly on each component.",On the Remodeling Conjecture for Toric Calabi-Yau 3-Orbifolds,1,1,1,1,On the Remodeling Conjecture for Toric Calabi-Yau 3-Orbifolds,On the remodeling conjecture for toric Calabi-Yau 3-orbifolds
1603.05928,uniprop2,lemma,precise,"Any graded 2-superfunctor into a Pi-2-supercategory extends canonically to the Pi-envelope, and any 2-natural transformation between such functors extends uniquely.",Monoidal supercategories,1,1,1,1,Monoidal supercategories,Monoidal supercategories
1604.07123,main,theorem,precise,"Under open and closed mirror maps, B-model n-point differentials equal sign-twisted A-model open Gromov-Witten potentials, proving the BKMP remodeling conjecture for toric Calabi-Yau 3-orbifolds.",On the Remodeling Conjecture for Toric Calabi-Yau 3-Orbifolds,1,1,1,,On the Remodeling Conjecture for Toric Calabi-Yau 3-Orbifolds,On the remodeling conjecture for toric Calabi-Yau 3-orbifolds
1604.07123,main,theorem,vague,BKMP remodeling conjecture for toric Calabi-Yau orbifolds,On the Remodeling Conjecture for Toric Calabi-Yau 3-Orbifolds,,3,,,Refined Gromov-Witten invariants,Open-closed Gromov-Witten invariants of 3-dimensional Calabi-Yau smooth toric DM
1603.05928,pi,corollary,vague,coherence of parity functors in Pi-supercategories,Monoidal supercategories,2,2,2,7,Supersymmetric monoidal categories,Quiver Hecke superalgebras
1604.07123,lemm:C,lemma,vague,theta basis expansion of a bidifferential kernel,On the Remodeling Conjecture for Toric Calabi-Yau 3-Orbifolds,,,,,Thomae formula for $2$ Abelian covers of $\mathbb{CP}^1$,Dimers and families of Cauchy-Riemann operators I
1604.07123,lemm:C,lemma,precise,"The bidifferential C(p1,p2) is one half the sum over sectors of products of the corresponding theta-zero forms at p1 and p2.",On the Remodeling Conjecture for Toric Calabi-Yau 3-Orbifolds,,,,,Topological recursion for generalised Kontsevich graphs and r-spin intersection ,Fay identities of Pfaffian type for hyperelliptic curves
1603.05928,th,theorem,precise,The constructed 2-functor E gives a genuine equivalence between the two 2-categories that it connects.,Monoidal supercategories,2,1,2,1,Twisted derived categories and Rouquier functors,Monoidal supercategories
1610.07055,cexWall,theorem,vague,many maximal subgroups in finite groups,Computation of Kazhdan-Lusztig polynomials and some applications to finite groups,,,,,On Finite groups whose power graphs are line graphs,Most primitive groups are full automorphism groups of edge-transitive hypergraph
1610.07055,cexWall,theorem,precise,There is a positive delta such that infinitely many finite groups have more than group size to the power one plus delta maximal subgroups.,Computation of Kazhdan-Lusztig polynomials and some applications to finite groups,1,,1,,Computation of Kazhdan-Lusztig polynomials and some applications to finite group,Generation and random generation: from simple groups to maximal subgroups
1610.07055,ComplClasses,lemma,precise,"For a semidirect product G equals M semidirect H, the cohomology set H^1(H,M) classifies conjugacy classes of complements to M in G.",Computation of Kazhdan-Lusztig polynomials and some applications to finite groups,1,2,1,2,Computation of Kazhdan-Lusztig polynomials and some applications to finite group,Enumeration of Finite Groups
1610.07055,GTbound,theorem,vague,bounds on first cohomology for Chevalley groups,Computation of Kazhdan-Lusztig polynomials and some applications to finite groups,1,,1,,Computation of Kazhdan-Lusztig polynomials and some applications to finite group,Generation of simple groups
1612.01625,,theorem,precise,"For each signature a,b with a+b=N, there is a meromorphic generalized function on symmetric matrices extending absolute determinant to the s power on that signature stratum, with poles exactly at half-integers at most minus one.",Crofton Formulas and Indefinite Signature,,1,,2,Free Fermion Six Vertex Model: Symmetric Functions and Random Domino Tilings,Crofton formulas and indefinite signature
1612.01625,,theorem,vague,meromorphic distributions on symmetric matrices by signature,Crofton Formulas and Indefinite Signature,1,2,1,,Crofton Formulas and Indefinite Signature,A Course in Real Algebraic Geometry
1612.01625,prop:mixed_signs,proposition,vague,explicit product formula for half-integer parameters,Crofton Formulas and Indefinite Signature,,,,,"On a conjecture of Feigin, Wang and Yoshinaga",Discrete analogues of Macdonald-Mehta integrals
1604.07123,prop:untwisted-limit,proposition,vague,degeneration of mirror-curve differentials near large complex structure,On the Remodeling Conjecture for Toric Calabi-Yau 3-Orbifolds,,,,,Teichmüller Discs with Completely Degenerate Kontsevich-Zorich Spectrum,Exponential networks and representations of quivers
1612.01625,prop:mixed_signs,proposition,precise,"For half-integer parameters e with a prescribed parity pattern, f_n(e) has an explicit product formula involving delta_n(m), reciprocal factors, and pairwise ratio terms within each parity class.",Crofton Formulas and Indefinite Signature,1,1,1,1,Crofton Formulas and Indefinite Signature,Crofton formulas and indefinite signature
1612.01625,prop:Crofton_projection,proposition,vague,pushforward compatibility for Crofton distributions,Crofton Formulas and Indefinite Signature,1,1,2,,Crofton Formulas and Indefinite Signature,Crofton formulas and indefinite signature
1612.01625,lem:odd_p_residue,lemma,vague,nonvanishing residue for a special meromorphic function,Crofton Formulas and Indefinite Signature,,,,,Analytic study of singular curves,Tenth order mock theta functions in Ramanujan's lost notebook. II
1610.07055,maxdimH,theorem,precise,"Assuming Lusztig's character formula and sufficiently large characteristic, the maximal first cohomology dimension for p-restricted modules of small-rank finite groups of Lie type is given by an explicit table.",Computation of Kazhdan-Lusztig polynomials and some applications to finite groups,1,1,1,1,Computation of Kazhdan-Lusztig polynomials and some applications to finite group,Computation of Kazhdan-Lusztig polynomials and some applications to finite group
1612.05387,thm:chord,thm,precise,"Every inclusion-maximal chord separated collection of subsets of [n] already has the largest possible size, namely the sum of binomial coefficients through size three.","Weak Separation, Pure Domains and Cluster Distance",1,2,1,2,"Weak Separation, Pure Domains and Cluster Distance",Plabic graphs and zonotopal tilings
1610.07055,maxdimH,theorem,vague,large first cohomology dimensions for finite Chevalley groups,Computation of Kazhdan-Lusztig polynomials and some applications to finite groups,1,3,3,3,Computation of Kazhdan-Lusztig polynomials and some applications to finite group,Generation of simple groups
1610.07055,ComplClasses,lemma,vague,group cohomology and complements in semidirect products,Computation of Kazhdan-Lusztig polynomials and some applications to finite groups,7,,7,,Few-cosine spherical codes and Barnes-Wall lattices,Enumeration of Finite Groups
1610.07055,GTbound,theorem,precise,"For a finite simple Chevalley group in cross characteristic, only boundedly many irreducible modules have nonzero first cohomology, and each such cohomology dimension is at most Weyl-group-size plus rank.",Computation of Kazhdan-Lusztig polynomials and some applications to finite groups,1,2,1,2,Computation of Kazhdan-Lusztig polynomials and some applications to finite group,First cohomology groups of Chevalley groups in cross characteristic
1612.05387,prop:geometricdef,prop,precise,"For a simple cyclic pattern, the associated curve is non-self-intersecting and cuts the zonogon so that the inner and outer domains are exactly the intersections with the two regions.","Weak Separation, Pure Domains and Cluster Distance",2,4,2,4,Combined tilings and separated set-systems,Combined tilings and separated set-systems
1612.05387,thm:chord,thm,vague,size of maximal chord separated collections,"Weak Separation, Pure Domains and Cluster Distance",1,2,1,2,"Weak Separation, Pure Domains and Cluster Distance",Plabic graphs and zonotopal tilings
1612.05387,lemma:geometry,lemma,precise,"If each edge of a closed polygonal chain has a supporting vector from one half-plane placing v beyond both endpoints, then v lies on the chain or outside the region.","Weak Separation, Pure Domains and Cluster Distance",1,1,1,1,"Weak Separation, Pure Domains and Cluster Distance","Weak separation, pure domains and cluster distance"
1612.05387,prop:geometricdef,prop,vague,simple cyclic patterns and zonogon subdivisions,"Weak Separation, Pure Domains and Cluster Distance",,6,,6,Coxeter tournaments,Combined tilings and separated set-systems
1612.05387,lemma:chord,lemma,vague,nested chains inside maximal chord separated collections,"Weak Separation, Pure Domains and Cluster Distance",1,2,1,2,"Weak Separation, Pure Domains and Cluster Distance",Plabic graphs and zonotopal tilings
1612.05387,lemma:chord,lemma,precise,"In a maximal chord separated collection, presence of U, V, and their boundary augmentations forces a nested chain from U to V whose intermediate sets keep the same augmentations.","Weak Separation, Pure Domains and Cluster Distance",1,3,1,3,"Weak Separation, Pure Domains and Cluster Distance",Dominating circuits in regular matroids
1612.07193,lemma:q-x,lemma,vague,Grothendieck ring class of a quadric fibration,"Grothendieck ring of varieties, D- and L-equivalence, and families of quadrics",1,1,,1,"Grothendieck ring of varieties, D- and L-equivalence, and families of quadrics","Grothendieck ring of varieties, D- and L-equivalence, and families of quadrics"
1612.01625,prop:Crofton_projection,proposition,precise,"If a dual Crofton distribution mu represents phi and has wavefront in Gamma, then the pushforward valuation equals the Crofton transform of pushforward mu.",Crofton Formulas and Indefinite Signature,1,,1,,Crofton Formulas and Indefinite Signature,"Projection functions, area measures and the Alesker-Fourier transform"
1612.07193,,lemma,precise,"In the situations covered by the two corollaries, Y is actually isomorphic to X, so their Grothendieck classes are equal.","Grothendieck ring of varieties, D- and L-equivalence, and families of quadrics",1,,1,,"Grothendieck ring of varieties, D- and L-equivalence, and families of quadrics",Logarithmic transformations of rigid analytic elliptic surfaces
1612.01625,lem:odd_p_residue,lemma,precise,"For distinct strict half-integers a and b at least minus one half, the residue of u(s,a,b) at s equals minus a minus b minus three is nonzero.",Crofton Formulas and Indefinite Signature,1,1,1,1,Crofton Formulas and Indefinite Signature,Crofton formulas and indefinite signature
1612.07193,,lemma,vague,when related quadric varieties become isomorphic,"Grothendieck ring of varieties, D- and L-equivalence, and families of quadrics",,,,,"Special birational transformations of type (2,1)",Excellent algebraic groups. I
1612.07193,lemma:smoothness-criterion,lemma,precise,"A complete intersection of quadrics is smooth iff the family is regular, and the discriminant divisor and double cover are smooth iff the family is regular and contains no corank-two members.","Grothendieck ring of varieties, D- and L-equivalence, and families of quadrics",1,1,1,1,"Grothendieck ring of varieties, D- and L-equivalence, and families of quadrics","Grothendieck ring of varieties, D- and L-equivalence, and families of quadrics"
1612.07193,lemma:smoothness-criterion,lemma,vague,smoothness criteria for families of quadrics,"Grothendieck ring of varieties, D- and L-equivalence, and families of quadrics",1,1,1,1,"Grothendieck ring of varieties, D- and L-equivalence, and families of quadrics","Grothendieck ring of varieties, D- and L-equivalence, and families of quadrics"
1612.07193,thm:reduction-dim2,theorem,precise,"For a quadric surface fibration with no corank-two fibers and the section condition, the Grothendieck class splits into base and double-cover contributions weighted by the Lefschetz motive.","Grothendieck ring of varieties, D- and L-equivalence, and families of quadrics",1,1,1,1,"Grothendieck ring of varieties, D- and L-equivalence, and families of quadrics","Grothendieck ring of varieties, D- and L-equivalence, and families of quadrics"
1703.02583,prop:higher,lemma,precise,"If the coefficient family a for the staircase partition delta_n fails the SNP property, then the corresponding family for delta_{n+1} also fails it.",Newton Polytopes in Algebraic Combinatorics,1,1,1,,Newton Polytopes in Algebraic Combinatorics,Newton polytopes in algebraic combinatorics
1703.02583,lemma:maceval,lemma,vague,Macdonald polynomials and saturated Newton polytopes,Newton Polytopes in Algebraic Combinatorics,2,1,2,1,Saturation for Non-Symmetric Macdonald Polynomials,Newton polytopes in algebraic combinatorics
1612.05387,lemma:geometry,lemma,vague,supporting vector criterion for polygon containment,"Weak Separation, Pure Domains and Cluster Distance",3,1,3,1,Containment problems for polytopes and spectrahedra,"Weak separation, pure domains and cluster distance"
1612.07193,lemma:q-x,lemma,precise,"In the Grothendieck ring, the class of Q equals the class of P^{n+1} times P^{m-1} plus the class of X times the mth Lefschetz power.","Grothendieck ring of varieties, D- and L-equivalence, and families of quadrics",1,1,1,1,"Grothendieck ring of varieties, D- and L-equivalence, and families of quadrics","Grothendieck ring of varieties, D- and L-equivalence, and families of quadrics"
1703.02583,prop:higher,lemma,vague,SNP property for staircase partitions,Newton Polytopes in Algebraic Combinatorics,,2,,,Multiplicity free expansions of Schur $P$-functions,Hecke algebras of type ${\bf A}$ with $q=-1$
1703.02583,,proposition,precise,"For partitions lambda and mu of n, dominance order between them is equivalent to dominance order between the associated permutations built from their maximal length.",Newton Polytopes in Algebraic Combinatorics,1,,1,,Newton Polytopes in Algebraic Combinatorics,A quasi-stability result for dictatorships in $S_n$
1703.02583,thm:stan84,theorem,precise,"In the Schur expansion of F_w, all coefficients are nonnegative and the partitions that appear form a dominance interval with endpoints determined by w.",Newton Polytopes in Algebraic Combinatorics,1,1,1,1,Newton Polytopes in Algebraic Combinatorics,Newton polytopes in algebraic combinatorics
1703.02583,,proposition,vague,dominance order and permutations of partitions,Newton Polytopes in Algebraic Combinatorics,,7,,,Irreducible projective representations of the alternating group which remain irr,Representations of Elementary Abelian p-Groups and Vector Bundles
1705.01663,thm:3,theorem,precise,"For the fourteen symmetric parameter multisets, each next truncated hypergeometric value is congruent to the current value times the first one modulo p cubed.",Supercongruences for rigid hypergeometric Calabi--Yau threefolds,6,6,6,,A local-global theorem for $p$-adic supercongruences,A local-global theorem for $p$-adic supercongruences
1705.01663,prop:Dwork,proposition,precise,"For dash-invariant parameter multisets, truncated hypergeometric values satisfy cross-congruences modulo powers of p, yielding a unique p-adic unit governing all successive ratios.",Supercongruences for rigid hypergeometric Calabi--Yau threefolds,,10,,,$p$-adic analogues of hypergeometric identities,"Apéry numbers, Jacobi sums, and special values of generalized $p$-adic hypergeom"
1612.07193,thm:reduction-dim2,theorem,vague,Grothendieck class of quadric surface fibrations,"Grothendieck ring of varieties, D- and L-equivalence, and families of quadrics",1,1,2,1,"Grothendieck ring of varieties, D- and L-equivalence, and families of quadrics","Grothendieck ring of varieties, D- and L-equivalence, and families of quadrics"
1703.02583,lemma:maceval,lemma,precise,A specialization of a Macdonald polynomial has saturated Newton polytope exactly when every coefficient below lambda in dominance order is nonzero.,Newton Polytopes in Algebraic Combinatorics,1,1,3,1,Newton Polytopes in Algebraic Combinatorics,Newton polytopes in algebraic combinatorics
1705.01663,Dw-lemma,lemma,precise,"A rising-factorial ratio factors into p-adic gamma terms, a smaller-digit quotient, and a correction determined by the base-p digit of k.",Supercongruences for rigid hypergeometric Calabi--Yau threefolds,2,,2,,On Some Hypergeometric Supercongruence Conjectures of Long,Modular counting of rational points over finite fields
1705.01663,prop:Dwork,proposition,vague,p-adic ratios of truncated hypergeometric series,Supercongruences for rigid hypergeometric Calabi--Yau threefolds,,,,,$p$-adic analogues of hypergeometric identities,$p$-adic hypergeometric functions and certain weight three newforms
1705.01663,gp-poch,lemma,precise,The first and second derivatives of a truncated rising factorial have explicit formulas in terms of the first two logarithmic derivatives of the p-adic gamma function.,Supercongruences for rigid hypergeometric Calabi--Yau threefolds,,,,,Supercongruences concerning truncated hypergeometric series,A $p$-adic integral representation of the $p$-adic $L$-function
1705.01663,Dw-lemma,lemma,vague,p-adic gamma formulas for Pochhammer symbols,Supercongruences for rigid hypergeometric Calabi--Yau threefolds,,,,,The Explicit Hypergeometric-Modularity Method II,The trace of Frobenius of elliptic curves and the $p$-adic gamma function
1706.06557,lem:MCG-rigid,lemma,precise,Any standard bordered Floer mapping-class module that is homotopy equivalent to a homogeneous module is uniquely equivalent via the maximal-grading homotopy class.,Involutive bordered Floer homology,1,1,1,1,Involutive bordered Floer homology,Involutive bordered Floer homology
1705.01663,gp-poch,lemma,vague,derivatives of p-adic rising factorials,Supercongruences for rigid hypergeometric Calabi--Yau threefolds,,,,,Explicit formulas for p-adic integrals: approach to p-adic distributions and som,$p$-adic multiple zeta values. I. $p$-adic multiple polylogarithms and the $p$-a
1706.06557,lem:0-HB-rigid,lemma,precise,The standard type D module of the genus-k zero-framed handlebody has only one homogeneous self-homotopy equivalence.,Involutive bordered Floer homology,1,1,1,1,Involutive bordered Floer homology,Involutive bordered Floer homology
1706.06557,thm:I-tri,theorem,vague,surgery exact triangle in involutive Heegaard Floer theory,Involutive bordered Floer homology,,1,,1,Instantons and Khovanov homology in $\mathbb{RP}^3$,Involutive bordered Floer homology
1703.02583,thm:stan84,theorem,vague,Schur expansion support in dominance order,Newton Polytopes in Algebraic Combinatorics,,,,,Maximal supports and Schur-positivity among connected skew shapes,Necessary conditions for Schur-positivity
1706.06557,lem:0-HB-rigid,lemma,vague,handlebody type D module automorphisms,Involutive bordered Floer homology,,,,,Chain coalgebras and distributivity,Automorphisms of the mapping class group of a nonorientable surface
1706.06557,thm:MCG-act-is,theorem,precise,The mapping class action on involutive Heegaard Floer homology is exactly the composition of the bordered Floer maps used to define the action.,Involutive bordered Floer homology,1,1,1,1,Involutive bordered Floer homology,Involutive bordered Floer homology
1705.01663,thm:3,theorem,vague,p-adic congruences for truncated hypergeometric values,Supercongruences for rigid hypergeometric Calabi--Yau threefolds,,5,,,$p$-adic analogues of hypergeometric identities,Some supercongruences occurring in truncated hypergeometric series
1706.06557,thm:MCG-act-is,theorem,vague,mapping class actions in involutive Heegaard Floer theory,Involutive bordered Floer homology,1,1,1,1,Involutive bordered Floer homology,Involutive bordered Floer homology
1711.08232,poinineprop,proposition,precise,"On a set Sigma satisfying a density lower bound, a function's L^p oscillation is controlled by its fractional Sobolev seminorm.",A gradient estimate for nonlocal minimal graphs,1,,1,,A gradient estimate for nonlocal minimal graphs,Self-improving Poincaré-Sobolev type functionals in product spaces
1711.08232,q>1lem,lemma,vague,weak Harnack estimate for nonlocal supersolutions,A gradient estimate for nonlocal minimal graphs,,3,,3,Poincaré inequality and quantitative De Giorgi method for hypoelliptic operators,Spectral theory for linearized $p$-Laplace equations
1711.08232,q>1lem,lemma,precise,A positive supersolution on Sigma satisfies a weak Harnack estimate: its infimum on smaller balls is bounded below by a negative-moment average on a larger ball.,A gradient estimate for nonlocal minimal graphs,,1,,1,On the regularity theory for mixed local and nonlocal quasilinear elliptic equat,A gradient estimate for nonlocal minimal graphs
1711.08232,restrictedsobinecor,corollary,precise,"Under uniform density and measure bounds on Sigma, fractional Sobolev norms control a local Sobolev-conjugate norm with an explicit boundary-scale term.",A gradient estimate for nonlocal minimal graphs,1,3,1,3,A gradient estimate for nonlocal minimal graphs,A concurrent global-local numerical method for multiscale PDEs
1711.08232,restrictedsobinecor,corollary,vague,fractional Sobolev inequality on nonlocal minimal surfaces,A gradient estimate for nonlocal minimal graphs,1,1,1,7,A gradient estimate for nonlocal minimal graphs,A gradient estimate for nonlocal minimal graphs
1706.06557,lem:MCG-rigid,lemma,vague,uniqueness of bordered Floer mapping class modules,Involutive bordered Floer homology,1,1,1,1,Involutive bordered Floer homology,Involutive bordered Floer homology
1706.06557,thm:I-tri,theorem,precise,"Involutive Heegaard Floer homology fits into a surgery exact triangle relating Y, minus-one surgery on a framed knot K, and zero surgery on K.",Involutive bordered Floer homology,2,1,2,1,Surgery exact triangles in involutive Heegaard Floer homology,Involutive bordered Floer homology
1711.08232,isopinecor,corollary,vague,fractional isoperimetric inequality on minimal boundaries,A gradient estimate for nonlocal minimal graphs,,1,,1,Asymptotic of the Discrete Volume-Preserving Fractional Mean Curvature Flow via ,A gradient estimate for nonlocal minimal graphs
1801.06308,lem:cofib,lem,precise,"A cofibration sequence of Burnside functors realizes to a cofibration sequence of spaces, and any natural transformation induces a map between realizations.",An odd Khovanov homotopy type,1,1,1,1,An odd Khovanov homotopy type,An odd Khovanov homotopy type
1801.06308,prop:reduced-unified,prop,precise,"The reduced unified Khovanov spectrum is a well-defined pointed-link invariant, its cellular cochains recover the reduced unified Khovanov complex, and it sits in a cofibration sequence.",An odd Khovanov homotopy type,1,1,1,1,An odd Khovanov homotopy type,An odd Khovanov homotopy type
1801.06308,lem:cofib,lem,vague,realizing Burnside functors as spaces,An odd Khovanov homotopy type,3,10,4,10,Localization in Khovanov homology,Homological algebra for the representation Green functor for abelian groups
1801.06308,thm:odd-functor-invariant,thm,precise,"The shifted odd Khovanov Burnside functor has an equivariant equivalence class independent of all construction choices, so it defines a link invariant.",An odd Khovanov homotopy type,1,1,1,1,An odd Khovanov homotopy type,An odd Khovanov homotopy type
1801.06308,thm:cobordism-maps,thm,vague,Steenrod operations on Khovanov cobordism maps,An odd Khovanov homotopy type,1,1,1,1,An odd Khovanov homotopy type,An odd Khovanov homotopy type
1802.05066,goodtestfunctions,prop,precise,"For weight w, positivity of certain test-function quadratic forms on archimedean representation rings is equivalent to the bound r less than r(w), and fails beyond it.",An automorphic generalization of the Hermite-Minkowski theorem,,1,,1,Weighted inequalities of bilinear rough singular integrals,An automorphic generalization of the Hermite-Minkowski theorem
1801.06308,thm:odd-functor-invariant,thm,vague,odd Khovanov Burnside functor invariance,An odd Khovanov homotopy type,1,1,4,5,An odd Khovanov homotopy type,An odd Khovanov homotopy type
1711.08232,poinineprop,proposition,vague,fractional Poincare inequality on rough hypersurfaces,A gradient estimate for nonlocal minimal graphs,,,,,A high-order nodal discontinuous Galerkin method for nonlinear fractional Schröd,Existence results for Cahn-Hilliard-type systems driven by nonlocal integrodiffe
1802.05066,goodtestfunctions,prop,vague,archimedean quadratic forms and automorphic finiteness,An automorphic generalization of the Hermite-Minkowski theorem,3,,,,Spectral Multiplicity for Maaß Newforms of Non-Squarefree Level,Self-equivalences of $(n-1)$-connected $2n$-manifolds
1802.05066,propmainthm,prop,precise,"When the archimedean parameter r_E is below r(w), positive definite local quadratic forms control algebraic cuspidal automorphic representations by the logarithm of their Rankin-Selberg conductor.",An automorphic generalization of the Hermite-Minkowski theorem,1,1,1,1,An automorphic generalization of the Hermite-Minkowski theorem,An automorphic generalization of the Hermite-Minkowski theorem
1711.08232,isopinecor,corollary,precise,"Any finite-measure subset of Sigma satisfies a fractional isoperimetric inequality bounding its measure by its nonlocal perimeter, including reduced boundaries of alpha-perimeter minimizers.",A gradient estimate for nonlocal minimal graphs,1,1,1,1,A gradient estimate for nonlocal minimal graphs,A gradient estimate for nonlocal minimal graphs
1802.05066,corthsansgrh,cor,precise,"For the specific test function e^{-t/2}/cosh(t/2), the relevant quadratic form is positive definite exactly in dimensions n up to 23.",An automorphic generalization of the Hermite-Minkowski theorem,1,1,1,1,An automorphic generalization of the Hermite-Minkowski theorem,An automorphic generalization of the Hermite-Minkowski theorem
1802.05066,propmainthm,prop,vague,bounding automorphic representations by archimedean quadratic forms,An automorphic generalization of the Hermite-Minkowski theorem,,2,,2,"Sup-norms of eigenfunctions in the level aspect for compact arithmetic surfaces,",Generalized Ramanujan conjecture over general imaginary quadratic fields
1802.05066,calctnSANSGRH,cor,precise,"For this special test function, the associated extremal constant and vector have strong rationality properties, with even n allowing only rational and log 2 terms.",An automorphic generalization of the Hermite-Minkowski theorem,,,,,"An Extension of the Bianchi-Egnell Stability Estimate to Bakry, Gentil, and Ledo",Die Winkelderivierte und das Poisson-Stieltjes-Integral
1802.05066,calctnSANSGRH,cor,vague,rationality properties of automorphic extremal vectors,An automorphic generalization of the Hermite-Minkowski theorem,,,,,Height zeta functions of equivariant compactifications of the Heisenberg group,Level 0 monomial crystals
1801.06308,prop:reduced-unified,prop,vague,reduced unified Khovanov spectrum invariant,An odd Khovanov homotopy type,1,1,1,1,An odd Khovanov homotopy type,An odd Khovanov homotopy type
1801.06308,thm:cobordism-maps,thm,precise,Khovanov cobordism maps over mod 2 are compatible with the free-product Steenrod action coming from the even and odd Khovanov homotopy types.,An odd Khovanov homotopy type,1,1,1,1,An odd Khovanov homotopy type,An odd Khovanov homotopy type
1802.07049,bns convex,lem,precise,"For any subset S of cohomology, the completed invariant attached to S depends only on the convex hull of S.",The Bieri-Neumann-Strebel invariants via Newton polytopes,,,,,Integrality of Subgradients and Biconjugates of Integrally Convex Functions,Measure-theoretic foundations of statistical mechanics
1802.07049,funke,prop,vague,detecting single Newton polytopes by one-dimensional projections,The Bieri-Neumann-Strebel invariants via Newton polytopes,,,,,Higher order polars of quasi-ordinary singularities,Computing tropical points and tropical links
1802.07049,bns convex,lem,vague,convex hull dependence in BNS-type invariants,The Bieri-Neumann-Strebel invariants via Newton polytopes,,,,,A basis of $\R ^n$ with good isometric properties and some applications to dense,Geometric structures related to the braided Thompson groups
1802.07049,l2 acyclic via D,prop,precise,"For a torsion-free group satisfying the Atiyah conjecture, the nth L2-homology dimension over the group von Neumann algebra equals the dimension over the division closure.",The Bieri-Neumann-Strebel invariants via Newton polytopes,1,2,1,2,The Bieri-Neumann-Strebel invariants via Newton polytopes,Residually finite rationally solvable groups and virtual fibring
1802.07049,P is hom,lem,vague,Newton polytope multiplicativity in group rings,The Bieri-Neumann-Strebel invariants via Newton polytopes,,1,,3,Two-generator one-relator groups and marked polytopes,The Bieri-Neumann-Strebel invariants via Newton polytopes
1802.07049,l2 acyclic via D,prop,vague,Atiyah conjecture L2 homology dimension equality,The Bieri-Neumann-Strebel invariants via Newton polytopes,1,2,1,2,The Bieri-Neumann-Strebel invariants via Newton polytopes,The Atiyah conjecture and $L^2$-cohomology computations
1802.05066,corthsansgrh,cor,vague,positivity range of a special automorphic quadratic form,An automorphic generalization of the Hermite-Minkowski theorem,,1,,1,Integral presentations of the shifted convolution problem and subconvexity estim,An automorphic generalization of the Hermite-Minkowski theorem
1805.00030,pp:ass,proposition,precise,"Under the triviality condition, the cluster braid group at any cluster equals the fundamental group of the cluster exchange groupoid based there.",Cluster exchange groupoids and framed quadratic differentials,,1,,5,The kernel of the Goldberg homomorphism is not finitely generated,Cluster exchange groupoids and framed quadratic differentials
1805.00030,thm:45,theorem,vague,exchange graphs of decorated triangulations fundamental group,Cluster exchange groupoids and framed quadratic differentials,1,1,1,1,Cluster exchange groupoids and framed quadratic differentials,Cluster exchange groupoids and framed quadratic differentials
1802.07049,funke,prop,precise,"When H has rank at least two, an element P is a single polytope exactly when every nonzero one-dimensional specialization is a single polytope.",The Bieri-Neumann-Strebel invariants via Newton polytopes,1,2,1,,The Bieri-Neumann-Strebel invariants via Newton polytopes,Regular polytopes of nearly full rank
1805.00030,pp:ass,proposition,vague,cluster braid group versus exchange groupoid,Cluster exchange groupoids and framed quadratic differentials,2,1,,,"Ideal webs, moduli spaces of local systems, and 3d Calabi-Yau categories",Cluster exchange groupoids and framed quadratic differentials
1805.00030,cor:s.c.,corollary,precise,"The moduli space of framed quadratic differentials splits into connected components indexed by SBr modulo BT, each isomorphic to a fixed framed stratum and simply connected.",Cluster exchange groupoids and framed quadratic differentials,1,1,1,1,Cluster exchange groupoids and framed quadratic differentials,Cluster exchange groupoids and framed quadratic differentials
1805.00030,lem:Krammer,lemma,vague,coverings of cluster exchange graphs,Cluster exchange groupoids and framed quadratic differentials,,,,,Lagrangian fillings for Legendrian links of affine type,Cluster algebras. IV. Coefficients
1805.00030,lem:Krammer,lemma,precise,The forgetful map from decorated to undecorated exchange graphs induces a Galois covering of exchange groupoids whose deck group is the kernel of the framing map.,Cluster exchange groupoids and framed quadratic differentials,2,1,2,1,Moduli spaces of quadratic differentials: Abel-Jacobi map and deformation,Cluster exchange groupoids and framed quadratic differentials
1802.07049,P is hom,lem,precise,"For nonzero p and q in K H, the Newton polytope of pq equals the Minkowski sum of the polytopes of p and q.",The Bieri-Neumann-Strebel invariants via Newton polytopes,,4,,4,Alexander and Thurston norms of graph links,Signs of the leading coefficients of the resultant
1805.09709,Punique,prop,vague,uniqueness of shortest N-paths between rational numbers,Explicit resolution of weak wild quotient singularities on arithmetic surfaces,1,,1,,Explicit resolution of weak wild quotient singularities on arithmetic surfaces,Convergence groups are Fuchsian groups
1805.09709,Pdiskoidequivalence,prop,precise,"Diskoids over K inside the closed unit disk are in bijection with inductive valuations on K[x], via the map sending each diskoid to its valuation.",Explicit resolution of weak wild quotient singularities on arithmetic surfaces,1,1,1,1,Explicit resolution of weak wild quotient singularities on arithmetic surfaces,Explicit resolution of weak wild quotient singularities on arithmetic surfaces
1805.00030,thm:45,theorem,precise,"The fundamental group of the exchange graph of decorated triangulations is generated by square, pentagon, and hexagon loops, making the cluster exchange groupoid simply connected.",Cluster exchange groupoids and framed quadratic differentials,1,1,1,1,Cluster exchange groupoids and framed quadratic differentials,Cluster exchange groupoids and framed quadratic differentials
1805.09709,Pdiskoidequivalence,prop,vague,inductive valuations and diskoids over K,Explicit resolution of weak wild quotient singularities on arithmetic surfaces,1,1,1,1,Explicit resolution of weak wild quotient singularities on arithmetic surfaces,Explicit resolution of weak wild quotient singularities on arithmetic surfaces
1805.09709,LinB0,lem,precise,"After a suitable change of the coordinate T, the given representation can be assumed to have image inside B0.",Explicit resolution of weak wild quotient singularities on arithmetic surfaces,,1,,1,Holomorphic endomorphisms of P^3(C) related to a Lie algebra of type A_3 and cat,Explicit resolution of weak wild quotient singularities on arithmetic surfaces
1805.09709,Lcrossingsingularity,lem,vague,singularity criterion for intersecting components of models,Explicit resolution of weak wild quotient singularities on arithmetic surfaces,,1,,1,Geometric Shifts and Positroid Varieties,Explicit resolution of weak wild quotient singularities on arithmetic surfaces
1805.09709,Lcrossingsingularity,lem,precise,"The intersection point of the two special-fiber components is singular exactly when the final valuation gap lambda_n' minus lambda_n exceeds N divided by lcm(N,c)lcm(N,c').",Explicit resolution of weak wild quotient singularities on arithmetic surfaces,1,1,1,1,Explicit resolution of weak wild quotient singularities on arithmetic surfaces,Explicit resolution of weak wild quotient singularities on arithmetic surfaces
1805.00030,cor:s.c.,corollary,vague,framed quadratic differentials connected components,Cluster exchange groupoids and framed quadratic differentials,1,1,1,2,Cluster exchange groupoids and framed quadratic differentials,Cluster exchange groupoids and framed quadratic differentials
1807.00276,lemma: balayage,lemma,precise,"A theta-plurisubharmonic function can be modified on a small ample ball to dominate the original, agree outside the ball, keep controlled supremum, and have zero Monge-Ampere mass there.",Log-concavity of volume and complex Monge-Ampère equations with prescribed singularity,3,1,3,1,Supports of Weighted Equilibrium Measures and Examples,Log-concavity of volume and complex Monge-Ampère equations with prescribed singu
1807.00276,prop: capi formula compact,prop,vague,capacity and equilibrium potentials in pluripotential theory,Log-concavity of volume and complex Monge-Ampère equations with prescribed singularity,2,,2,,On algebraic integers all conjugates of which belong to a given compact subset o,A Primer on the Dirichlet Space
1805.09709,Punique,prop,precise,"For rational numbers 0 <= a < a' and an integer N, the shortest N-path joining a to a' is unique.",Explicit resolution of weak wild quotient singularities on arithmetic surfaces,1,,1,,Explicit resolution of weak wild quotient singularities on arithmetic surfaces,"Contributions to the Theory of Nonlinear Oscillations, Volume IV"
1807.00276,thm: Schauder,theorem,precise,Every continuous self-map of a nonempty compact convex subset of a Banach space has a fixed point.,Log-concavity of volume and complex Monge-Ampère equations with prescribed singularity,,,,,Existence of fixed points for condensing operators under an integral condition,Non-generic blow-up solutions for the critical focusing NLS in 1-D
1807.00276,lemma: balayage,lemma,vague,local modification of theta-psh functions,Log-concavity of volume and complex Monge-Ampère equations with prescribed singularity,,2,,2,Comparison principles for viscosity solutions of elliptic branches of fully nonl,A variational approach to complex Monge-Ampère equations
1807.00276,lem: relative extremal contact set,lemma,precise,"For a Borel set E, the Monge-Ampere measure of the extremal envelope h star vanishes where the envelope is negative outside the closure of E.",Log-concavity of volume and complex Monge-Ampère equations with prescribed singularity,2,9,2,9,Generalized Monge-Ampère capacities,Generalized Monge-Ampère capacities
1807.00276,lem: relative extremal contact set,lemma,vague,extremal envelopes and Monge-Ampere vanishing,Log-concavity of volume and complex Monge-Ampère equations with prescribed singularity,,,,,Generalized Monge-Ampère capacities,Regularity of weak solutions to the Monge-Ampère equation
1807.04373,lemma:core-angles,lemma,precise,Any Voronoi core on a spherical surface contains conical points whose total angle exceeds four pi over three.,Spherical surfaces with conical points: systole inequality and moduli spaces with many connected components,,1,,,Complex surfaces with CAT(0) metrics,Spherical surfaces with conical points: systole inequality and moduli spaces wit
1807.04373,lemma:core-angles,lemma,vague,Voronoi cores on spherical cone surfaces,Spherical surfaces with conical points: systole inequality and moduli spaces with many connected components,,1,,,Moduli of spherical tori with one conical point,Spherical surfaces with conical points: systole inequality and moduli spaces wit
1805.09709,LinB0,lem,vague,normalizing representation image by coordinate change,Explicit resolution of weak wild quotient singularities on arithmetic surfaces,,,,,Technical details on Kuranishi structure and virtual fundamental chain,Geometry of quasilinear hyperbolic systems with characteristic fields of constan
1807.04373,lemma:subcore,lemma,vague,existence of Voronoi cores on spherical surfaces,Spherical surfaces with conical points: systole inequality and moduli spaces with many connected components,,1,,1,Moduli of spherical tori with one conical point,Spherical surfaces with conical points: systole inequality and moduli spaces wit
1807.04373,prop:luo,proposition,precise,"If the angle data has positive non-bubbling parameter and no angle is integral, the moduli space of spherical surfaces is a real-analytic orbifold of dimension 6g-6+2n.",Spherical surfaces with conical points: systole inequality and moduli spaces with many connected components,1,1,,1,Spherical surfaces with conical points: systole inequality and moduli spaces wit,Spherical surfaces with conical points: systole inequality and moduli spaces wit
1807.00276,prop: capi formula compact,prop,precise,"For compact K, the theta-capacity equals the Monge-Ampere mass of the equilibrium potential on K and the integral of phi minus h against that measure.",Log-concavity of volume and complex Monge-Ampère equations with prescribed singularity,5,,6,,Monotonicity of non-pluripolar products and complex Monge-Ampère equations with ,A variational approach to complex Monge-Ampère equations
1807.04373,graphconvex,lemma,precise,Each completed Voronoi domain around a conical point is a convex polygonal disk with piecewise geodesic boundary and all interior angles strictly less than pi.,Spherical surfaces with conical points: systole inequality and moduli spaces with many connected components,,3,,3,Moduli of spherical tori with one conical point,Classifying Voronoi graphs of hex spheres
1807.04373,prop:luo,proposition,vague,moduli of spherical surfaces with conical points,Spherical surfaces with conical points: systole inequality and moduli spaces with many connected components,1,1,,,Spherical surfaces with conical points: systole inequality and moduli spaces wit,Spherical surfaces with conical points: systole inequality and moduli spaces wit
1807.11931,,prop,precise,"For each 1 <= n <= 7, the lattice D_n fills n-surgery on several specified torus knots and connected sums.",On definite lattices bounded by integer surgeries along knots with slice genus at most 2,1,1,1,8,On definite lattices bounded by integer surgeries along knots with slice genus a,On definite lattices bounded by integer surgeries along knots with slice genus a
1807.11931,,prop,vague,definite lattices filling positive surgeries on torus knots,On definite lattices bounded by integer surgeries along knots with slice genus at most 2,1,1,,,On definite lattices bounded by integer surgeries along knots with slice genus a,On definite lattices bounded by integer surgeries along knots with slice genus a
1807.00276,thm: Schauder,theorem,vague,fixed point theorem for compact convex sets,Log-concavity of volume and complex Monge-Ampère equations with prescribed singularity,,,,,Robust Model Predictive Control for Nonlinear Systems Using Convex Restriction,A generalization of Tychonoff's fixed point theorem
1807.11931,lemma:clattices,lemma,vague,classification of orthogonal complements in definite lattices,On definite lattices bounded by integer surgeries along knots with slice genus at most 2,2,,,,Elliptic fibrations on toric $K3$ hypersurfaces and mirror symmetry derived from,A practical algorithm for completing half-Hadamard matrices using LLL
1807.11931,,corollary,precise,"For 1 <= n <= 8, the lattice T_n fills n-surgery on the torus knots T_{2,3}, T_{2,5}, and T_{3,4}.",On definite lattices bounded by integer surgeries along knots with slice genus at most 2,1,1,1,2,On definite lattices bounded by integer surgeries along knots with slice genus a,On definite lattices bounded by integer surgeries along knots with slice genus a
1807.11931,lemma:T354,lemma,precise,"There exist genus-zero cobordisms from the torus knots T_{3,5} and T_{2,9} to the link T_{4,4}.",On definite lattices bounded by integer surgeries along knots with slice genus at most 2,1,,1,,On definite lattices bounded by integer surgeries along knots with slice genus a,Genus one cobordisms between torus knots
1807.04373,lemma:subcore,lemma,precise,"For a regular value r below pi over two, a unique Voronoi r-core exists exactly when r exceeds the systole and every component of the level set is nonessential.",Spherical surfaces with conical points: systole inequality and moduli spaces with many connected components,,1,,1,Monotonicity of the $p$-Green functions,Spherical surfaces with conical points: systole inequality and moduli spaces wit
1807.11931,,corollary,vague,lattice fillings of surgeries on torus knots,On definite lattices bounded by integer surgeries along knots with slice genus at most 2,2,1,,8,Fillable contact structures from positive surgery,On definite lattices bounded by integer surgeries along knots with slice genus a
1808.00199,prop:pi_chi-holom,prop,precise,"There exists Phi_1 < Phi such that Pi_{C,chi} is uniformly bounded from local weighted L2 spaces into local holomorphic functions with weight Phi_1.",Analytic Bergman operators in the semiclassical limit,1,1,1,1,Analytic Bergman operators in the semiclassical limit,Analytic Bergman operators in the semiclassical limit
1808.00199,prop:pi_chi-holom,prop,vague,semiclassical Bergman projector weighted L2 estimates,Analytic Bergman operators in the semiclassical limit,,,,,Bounded and invertible Toeplitz products on vector weighted Bergman spaces of th,A quantitative analysis of Oka's lemma
1807.04373,graphconvex,lemma,vague,Voronoi cells on spherical cone surfaces,Spherical surfaces with conical points: systole inequality and moduli spaces with many connected components,,,,,Moduli of spherical tori with one conical point,Classifying Voronoi graphs of hex spheres
1808.00199,prop:pi_x0,prop,vague,local semiclassical Bergman projection near a point,Analytic Bergman operators in the semiclassical limit,,,,,Asymptotics of spectral function of lower energy forms and Bergman kernel of sem,Toeplitz operators with analytic symbols
1808.00199,prop:pi_x0,prop,precise,"Near x_0 there is a local Bergman operator that is almost self-adjoint, projects onto holomorphic functions, and approximates the identity with lower-weight L2 control.",Analytic Bergman operators in the semiclassical limit,1,2,1,2,Analytic Bergman operators in the semiclassical limit,Projections of Bergman spaces over plane domains
1807.11931,lemma:clattices,lemma,precise,"For 1 <= n <= 11 and n != 3, orthogonal complements in C_n with the given norm and determinant are C_{n+1}; for n=3, only C_4 or D_9 occur.",On definite lattices bounded by integer surgeries along knots with slice genus at most 2,1,1,1,5,On definite lattices bounded by integer surgeries along knots with slice genus a,On definite lattices bounded by integer surgeries along knots with slice genus a
1808.00199,prop_lien_op_brg_op_weyl,prop,vague,Berezin and Weyl quantization correspondence,Analytic Bergman operators in the semiclassical limit,1,1,8,,Analytic Bergman operators in the semiclassical limit,Analytic Bergman operators in the semiclassical limit
1808.00199,prop_transfor_Bargmann_et_quantif_weyl,prop,precise,Conjugating a semiclassical Weyl operator by the Bargmann transform produces an analytic Weyl operator whose symbol is the original symbol pulled back by the canonical map.,Analytic Bergman operators in the semiclassical limit,4,1,4,,"Polyanalytic Toeplitz operators: isomorphisms, symbolic calculus and approximati",Analytic Bergman operators in the semiclassical limit
1808.00199,prop_transfor_Bargmann_et_quantif_weyl,prop,vague,Bargmann transform of Weyl operators,Analytic Bergman operators in the semiclassical limit,,,,,Towards a dictionary for the Bargmann transform,Mathematical aspects of the Weyl correspondence
1810.08168,thm: WZW BLVO,theorem,vague,Bounded localized operators in WZW models,Representation theory in chiral conformal field theory: from fields to observables,,1,,1,Localization operators associated with the windowed Opdam-Cherednik transform on,Representation theory in chiral conformal field theory: from fields to observabl
1810.08168,thm: WZW BLVO,theorem,precise,Every positive-level WZW vertex operator algebra attached to a compact simple Lie algebra has bounded localized vertex operators.,Representation theory in chiral conformal field theory: from fields to observables,1,1,1,1,Representation theory in chiral conformal field theory: from fields to observabl,Representation theory in chiral conformal field theory: from fields to observabl
1807.11931,lemma:T354,lemma,vague,genus-zero cobordisms between torus links,On definite lattices bounded by integer surgeries along knots with slice genus at most 2,1,,1,,On definite lattices bounded by integer surgeries along knots with slice genus a,Genus one cobordisms between torus knots
1810.08168,lem: easy fermionic and bosonic simple currents,lemma,vague,Parity of self-dual simple currents,Representation theory in chiral conformal field theory: from fields to observables,,1,,1,Simple current extensions beyond semi-simplicity,Representation theory in chiral conformal field theory: from fields to observabl
1810.08168,lem: easy fermionic and bosonic simple currents,lemma,precise,A self-dual simple current W-submodule of a simple unitary vertex operator superalgebra is bosonic in the even sector and fermionic in the odd sector.,Representation theory in chiral conformal field theory: from fields to observables,1,1,1,1,Representation theory in chiral conformal field theory: from fields to observabl,Representation theory in chiral conformal field theory: from fields to observabl
1808.00199,prop_lien_op_brg_op_weyl,prop,precise,"A Berezin operator with analytic symbol is microlocally equivalent to a Weyl quantization with an explicitly transformed analytic symbol, and asymptotic negligibility is preserved.",Analytic Bergman operators in the semiclassical limit,1,1,3,2,Analytic Bergman operators in the semiclassical limit,Analytic Bergman operators in the semiclassical limit
1810.08168,prop: interior open,proposition,precise,"For chiral intertwining operators with in and out annihilation operators, the natural insertion domains are open and the resulting operator-valued fields are multivalued holomorphic functions.",Representation theory in chiral conformal field theory: from fields to observables,,2,,2,Conformal-field-theoretic analogues of codes and lattices,Uniqueness of VOA structure of $3C$-algebra and $5A$-algebra
1810.11873,corollary:R''F'',corollary,vague,Fourier-Mukai kernels on Hilbert squares,Hilbert squares: derived categories and deformations,10,,10,,Three approaches to a categorical Torelli theorem for cubic threefolds of non-Ec,The generalized Franchetta conjecture for some hyperkähler fourfolds
1810.11873,corollary:short-exact,corollary,precise,"For every i, a degree d minus 1 E2 term sits in a short exact sequence linking Hochschild cohomology of the tangent bundle exterior power and the anticanonical bundle.",Hilbert squares: derived categories and deformations,1,6,1,,Hilbert squares: derived categories and deformations,Polyvector fields for Fano 3-folds
1810.08168,prop: interior open,proposition,vague,Holomorphicity of chiral intertwining fields,Representation theory in chiral conformal field theory: from fields to observables,,,,,Multiplicity freeness of unitary representations in sections of holomorphic Hilb,Non-Siegel Eisenstein series for symplectic groups
1810.11873,proposition:iso-2,proposition,precise,"Convolving the universal ideal kernel with the shifted canonical bundle kernel gives zero, so the Fourier-Mukai composition R' composed with F vanishes.",Hilbert squares: derived categories and deformations,1,1,1,1,Hilbert squares: derived categories and deformations,Hilbert squares: derived categories and deformations
1810.08168,prop: tensor splitting modules,proposition,precise,Any simple unitary module over a tensor product of two unitary vertex operator superalgebras is unitarily equivalent to a tensor product of simple modules over the two factors.,Representation theory in chiral conformal field theory: from fields to observables,1,1,1,1,Representation theory in chiral conformal field theory: from fields to observabl,Representation theory in chiral conformal field theory: from fields to observabl
1810.11873,proposition:iso-2,proposition,vague,Vanishing of a Fourier-Mukai composition,Hilbert squares: derived categories and deformations,1,,1,,Hilbert squares: derived categories and deformations,${\Bbb C}^2/{\Bbb Z}_n$ fractional branes and monodromy
1810.11873,theorem:main-comparison,theorem,precise,"For a smooth projective variety of dimension at least three with exceptional structure sheaf, the tangent-direction Hochschild cohomology is unchanged when passing to the Hilbert square.",Hilbert squares: derived categories and deformations,1,1,1,2,Hilbert squares: derived categories and deformations,Hilbert squares: derived categories and deformations
1810.08168,prop: tensor splitting modules,proposition,vague,Tensor product decomposition of VOA modules,Representation theory in chiral conformal field theory: from fields to observables,,,,,Vertex operator algebra with two Miyamoto involutions generating $S_3$,Inertia groups and uniqueness of holomorphic vertex operator algebras
1905.04741,Hitchin fibers,theorem,vague,Hitchin fibers via spectral sheaves,On the Hitchin morphism for higher dimensional varieties,2,2,2,2,Hodge-to-singular correspondence for reduced curves,Tamely ramified geometric Langlands correspondence in positive characteristic
1905.04741,Hitchin fibers,theorem,precise,"Each Hitchin fiber over a point b is the stack of generic rank-one Cohen-Macaulay sheaves on the spectral surface, containing the Picard stack and therefore nonempty.",On the Hitchin morphism for higher dimensional varieties,1,1,1,1,On the Hitchin morphism for higher dimensional varieties,On the Hitchin morphism for higher-dimensional varieties
1905.04741,,lemma,vague,Picard stack components of spectral covers,On the Hitchin morphism for higher dimensional varieties,,,,,Spectral Networks and Non-abelianization,Geometry of Kottwitz-Viehmann varieties
1810.11873,corollary:R''F'',corollary,precise,The Fourier-Mukai kernel of the composition R'' after F'' is the direct sum of the diagonal structure sheaf and the structure sheaf of X times X.,Hilbert squares: derived categories and deformations,1,1,1,1,Hilbert squares: derived categories and deformations,Hilbert squares: derived categories and deformations
1905.04741,,lemma,precise,"For such spectral data b, the identity component of the Picard stack is a quotient of an abelian variety by a trivially acting multiplicative group.",On the Hitchin morphism for higher dimensional varieties,,1,,,On the Hitchin fibration for algebraic surfaces,On the Hitchin morphism for higher-dimensional varieties
1905.04741,,proposition,precise,Every fiber of the Hitchin morphism is the stack of maximal Cohen-Macaulay sheaves of generic rank one on the spectral cover.,On the Hitchin morphism for higher dimensional varieties,1,1,1,1,On the Hitchin morphism for higher dimensional varieties,On the Hitchin morphism for higher-dimensional varieties
1905.04741,Cayley,proposition,vague,Cayley covers over Chow varieties,On the Hitchin morphism for higher dimensional varieties,1,,,,On the Hitchin morphism for higher dimensional varieties,Fibres non réduites d'un schéma arithmétique
1810.11873,corollary:short-exact,corollary,vague,Hochschild exact sequences on Hilbert squares,Hilbert squares: derived categories and deformations,,2,,,Models for knot spaces and Atiyah duality,Cyclic Homology
1905.04741,,proposition,vague,Spectral cover description of Hitchin fibers,On the Hitchin morphism for higher dimensional varieties,3,3,3,3,"Higgs bundles, abelian gerbes and cameral data",Stability conditions and cluster varieties from quivers of type $A$
1907.06985,phig,proposition,precise,"A union of extended Schur-positive generators with summable parameters gives a G-positive specialization of symmetric Grothendieck polynomials, with explicit one-row generating formulas.",Positive specializations of symmetric Grothendieck polynomials,1,1,1,1,Positive specializations of symmetric Grothendieck polynomials,Positive specializations of symmetric Grothendieck polynomials
1907.06985,gine,lemma,vague,Monotonicity for positive Grothendieck specializations,Positive specializations of symmetric Grothendieck polynomials,,2,,,Invariants of open books of links of surface singularities,Decomposition matrices are generically trivial
1810.11873,theorem:main-comparison,theorem,vague,Deformations of varieties and their Hilbert squares,Hilbert squares: derived categories and deformations,4,1,,,Modular sheaves on hyperkähler varieties,Hilbert squares: derived categories and deformations
1907.06985,gine,lemma,precise,"For any G-bar-positive homomorphism, the one-row Grothendieck values form a nonincreasing sequence lying between one and zero.",Positive specializations of symmetric Grothendieck polynomials,2,1,2,1,Sample Complexity of Dictionary Learning and other Matrix Factorizations,Positive specializations of symmetric Grothendieck polynomials
1907.06985,fdet,lemma,precise,The number of elegant tableaux of a skew shape is given by a determinant whose entries are specific binomial coefficients determined by the two partitions.,Positive specializations of symmetric Grothendieck polynomials,1,1,1,1,Positive specializations of symmetric Grothendieck polynomials,Positive specializations of symmetric Grothendieck polynomials
1907.06985,fdet,lemma,vague,Determinant formula for elegant tableaux counts,Positive specializations of symmetric Grothendieck polynomials,1,1,1,1,Positive specializations of symmetric Grothendieck polynomials,Positive specializations of symmetric Grothendieck polynomials
1905.04741,Cayley,proposition,precise,"The Cayley morphism to the Chow variety is finite and generically etale; its fibers are local thickened points encoding spectral support, so in higher dimension the cover is not flat.",On the Hitchin morphism for higher dimensional varieties,1,,1,,On the Hitchin morphism for higher dimensional varieties,Stable sheaves on elliptic fibrations
1909.01418,BaseNesting,lemma,precise,"If the covering set of z has no free covering inversions, deleting a removable element b bijects covering sets where b is removable with those where b is addable.",A categorification of the Malvenuto--Reutenauer algebra via a tower of groups,1,1,1,1,A categorification of the Malvenuto--Reutenauer algebra via a tower of groups,A categorification of the Malvenuto-Reutenauer algebra via a tower of groups
1907.06985,,lemma,vague,Extending unions of symmetric function specializations,Positive specializations of symmetric Grothendieck polynomials,,1,,1,Schubert puzzles and integrability I: invariant trilinear forms,Positive specializations of symmetric Grothendieck polynomials
1909.01418,GoingDownCombinatorics,theorem,precise,"Restricting the character indexed by w to the chosen block subgroup gives a tensor product of left and right pieces exactly in the admissible subset case, and otherwise vanishes.",A categorification of the Malvenuto--Reutenauer algebra via a tower of groups,,,,,Antipode and Primitive elements in the Hopf Monoid of Super Characters,The tensor product of exceptional representations on the general linear group
1909.01418,GoingDownCombinatorics,theorem,vague,Restriction formulas in Malvenuto-Reutenauer categorification,A categorification of the Malvenuto--Reutenauer algebra via a tower of groups,,,,,Modules of the 0-Hecke algebra and quasisymmetric Schur functions,Pattern groups and a poset based Hopf monoid
1907.06985,phig,proposition,vague,Positive specializations of Grothendieck polynomials,Positive specializations of symmetric Grothendieck polynomials,,1,,1,Top-degree components of Grothendieck and Lascoux polynomials,Positive specializations of symmetric Grothendieck polynomials
1909.01418,,proposition,precise,The superinduction map and the corresponding Deligne restriction map are adjoint with respect to the natural pairing on superclass functions.,A categorification of the Malvenuto--Reutenauer algebra via a tower of groups,3,,,,Shell Tableaux: A set partition analogue of vacillating tableaux,Towers of graded superalgebras categorify the twisted Heisenberg double
1909.01418,,proposition,vague,Adjunction between induction and restriction of superclass functions,A categorification of the Malvenuto--Reutenauer algebra via a tower of groups,,,,,Shell Tableaux: A set partition analogue of vacillating tableaux,Superinduction for pattern groups
1909.01418,CoveringLemma,lemma,vague,Removing minimal covering inversions in permutations,A categorification of the Malvenuto--Reutenauer algebra via a tower of groups,3,2,8,2,Rook theory of the finite general linear group,The Bruhat order on the involutions of the hyperoctahedral group
2002.04848,prop:F4p2,proposition,precise,"For nonzero p-restricted weights, the tensor product L(lambda) tensor L(mu) is completely reducible over G_1 exactly in one specific ordered pair case, where it is simple.",On complete reducibility of tensor products of simple modules over simple algebraic groups,1,1,1,1,On complete reducibility of tensor products of simple modules over simple algebr,On complete reducibility of tensor products of simple modules over simple algebr
1907.06985,,lemma,precise,"If two specializations of the symmetric function ring each extend to Gamma, then their union also extends to Gamma by taking the union of the extensions.",Positive specializations of symmetric Grothendieck polynomials,,1,,1,Combinatorial Dimensions: Indecomposability on Certain Local Finite Dimensional ,Positive specializations of symmetric Grothendieck polynomials
2002.04848,prop:F4p2,proposition,vague,Complete reducibility of tensor products over Frobenius kernels,On complete reducibility of tensor products of simple modules over simple algebraic groups,1,2,1,2,On complete reducibility of tensor products of simple modules over simple algebr,On the irreducibility of symmetrizations of cross-characteristic representations
2002.04848,lem:C3p2,lemma,vague,Tensor product reducibility in type C3 characteristic two,On complete reducibility of tensor products of simple modules over simple algebraic groups,1,1,1,1,On complete reducibility of tensor products of simple modules over simple algebr,On complete reducibility of tensor products of simple modules over simple algebr
2002.04848,thm:completelyreducibleprestrictedG2,theorem,vague,p-restricted factors in G2 tensor products,On complete reducibility of tensor products of simple modules over simple algebraic groups,1,1,1,1,On complete reducibility of tensor products of simple modules over simple algebr,On complete reducibility of tensor products of simple modules over simple algebr
2002.04848,thm:completelyreducibleprestrictedG2,theorem,precise,"In type G2 outside characteristic three, complete reducibility of L(lambda) tensor L(mu) forces every composition factor to be p-restricted.",On complete reducibility of tensor products of simple modules over simple algebraic groups,1,1,1,1,On complete reducibility of tensor products of simple modules over simple algebr,On complete reducibility of tensor products of simple modules over simple algebr
1909.01418,BaseNesting,lemma,vague,Bijections between removable and addable coverings,A categorification of the Malvenuto--Reutenauer algebra via a tower of groups,,1,,1,Fuss--Catalan algebras on generalized Dyck paths via non-crossing partitions,A categorification of the Malvenuto-Reutenauer algebra via a tower of groups
2002.04848,lem:Anp2highestroot,lemma,vague,Nonsemisimple tensor products with omega1 plus omegan,On complete reducibility of tensor products of simple modules over simple algebraic groups,2,3,2,3,Quantum groups and ribbon G-categories,Semiassociative algebras over a field
1909.01418,CoveringLemma,lemma,precise,"If one removes a selected covering pair with minimal second entry from a set I, the remaining pairs still form coverings of the modified permutation.",A categorification of the Malvenuto--Reutenauer algebra via a tower of groups,1,1,1,1,A categorification of the Malvenuto--Reutenauer algebra via a tower of groups,A categorification of the Malvenuto-Reutenauer algebra via a tower of groups
2002.04848,lem:C3p2,lemma,precise,"In type C3 over characteristic two, a tensor product of nontrivial p-restricted simple modules is completely reducible over G_1 only in the same exceptional pair, when it is simple.",On complete reducibility of tensor products of simple modules over simple algebraic groups,1,1,1,1,On complete reducibility of tensor products of simple modules over simple algebr,On complete reducibility of tensor products of simple modules over simple algebr
2002.04848,lem:Anp2highestroot,lemma,precise,"For any nonzero p-restricted weight mu, the tensor product of L(omega_1 plus omega_n) with L(mu) is not completely reducible.",On complete reducibility of tensor products of simple modules over simple algebraic groups,1,1,1,1,On complete reducibility of tensor products of simple modules over simple algebr,On complete reducibility of tensor products of simple modules over simple algebr
